1786493922882 0.7773712873458862 2000
1786493925456 0.6898287534713745 2001
1786493928031 0.8262312412261963 2002
1786493930608 0.9909473061561584 2003
1786493933187 0.8806922435760498 2004
1786493935766 0.8112959265708923 2005
1786493938345 0.9092671275138855 2006
1786493940924 0.7617123126983643 2007
1786493943528 0.8336809277534485 2008
1786493946105 0.7881386876106262 2009
1786493948682 0.8442661166191101 2010
1786493951259 0.8218539953231812 2011
1786493953837 0.7610704302787781 2012
1786493956414 0.830430805683136 2013
1786493958992 0.7620251774787903 2014
1786493961570 0.7945021986961365 2015
1786493964147 0.8236165046691895 2016
1786493966725 0.7898415327072144 2017
1786493969304 0.7136517763137817 2018
1786493971882 0.8007221221923828 2019
1786493974461 0.7186933755874634 2020
1786493977041 0.727267324924469 2021
1786493979619 0.7238626480102539 2022
1786493982199 0.7076241374015808 2023
1786493984780 0.731582760810852 2024
1786493987360 0.8098320364952087 2025
1786493989939 0.9028257727622986 2026
1786493992519 0.8612545728683472 2027
1786493995099 0.813694417476654 2028
1786493997679 0.8694559335708618 2029
1786494000258 0.795699954032898 2030
1786494002839 0.7810171842575073 2031
1786494005422 0.8385595679283142 2032
1786494008004 0.765160083770752 2033
1786494010585 0.7735737562179565 2034
1786494013167 0.8306544423103333 2035
1786494015749 0.7729014754295349 2036
1786494018331 0.7107728123664856 2037
1786494020914 0.7428569793701172 2038
1786494023495 0.7965176701545715 2039
1786494026077 0.8308647274971008 2040
1786494028661 0.741668701171875 2041
1786494031242 0.7635101675987244 2042
1786494033824 0.7358525991439819 2043
1786494036406 0.7537147998809814 2044
1786494038988 0.6984094381332397 2045
1786494041571 0.7054430842399597 2046
1786494044153 0.700347363948822 2047
1786494046731 0.8171767592430115 2048
1786494049309 0.7495018839836121 2049
1786494051893 0.7141003608703613 2050
1786494054477 0.812425971031189 2051
1786494057065 0.7340417504310608 2052
1786494059647 0.7040984630584717 2053
1786494062228 0.7241230010986328 2054
1786494064809 0.7016649842262268 2055
1786494067392 0.695056676864624 2056
1786494069974 0.6901370882987976 2057
1786494072556 0.7304486632347107 2058
1786494075140 0.8255327939987183 2059
1786494077719 0.7972267866134644 2060
1786494080297 0.7760119438171387 2061
1786494082874 0.7972764372825623 2062
1786494085452 0.8296241760253906 2063
1786494088029 0.7960115671157837 2064
1786494090608 0.7424459457397461 2065
1786494093185 0.7536253929138184 2066
1786494095762 0.7317101955413818 2067
1786494098339 0.7195032835006714 2068
1786494100917 0.7164711952209473 2069
1786494103494 0.7359821200370789 2070
1786494106072 0.6846359372138977 2071
1786494108650 0.7299261689186096 2072
1786494111232 0.7863773107528687 2073
1786494113813 0.8199102878570557 2074
1786494116395 0.7251768708229065 2075
1786494118977 0.7544811367988586 2076
1786494121558 0.7198646068572998 2077
1786494124140 0.6649529337882996 2078
1786494126722 0.6942018866539001 2079
1786494129305 0.716458797454834 2080
1786494131887 0.7779886722564697 2081
1786494134469 0.7101157903671265 2082
1786494137051 0.6934061646461487 2083
1786494139633 0.7019311785697937 2084
1786494142214 0.715011477470398 2085
1786494144796 0.772263765335083 2086
1786494147377 0.7156877517700195 2087
1786494149958 0.7394421696662903 2088
1786494152540 0.7191135883331299 2089
1786494155122 0.7375108003616333 2090
1786494157705 0.7404541969299316 2091
1786494160288 0.719908595085144 2092
1786494162870 0.730841875076294 2093
1786494165452 0.7557928562164307 2094
1786494168035 0.7734858989715576 2095
1786494170616 0.785327672958374 2096
1786494173204 0.7209835052490234 2097
1786494175781 0.7437814474105835 2098
1786494178362 0.7262666821479797 2099
1786494180945 0.765292763710022 2100
1786494183528 0.7001618146896362 2101
1786494186110 0.7667055726051331 2102
1786494188688 0.7198754549026489 2103
1786494191267 0.7244099378585815 2104
1786494193846 0.7742812633514404 2105
1786494196424 0.7950014472007751 2106
1786494199002 0.7616022825241089 2107
1786494201581 0.685112476348877 2108
1786494204166 0.6853569149971008 2109
1786494206752 0.7121515274047852 2110
1786494209334 0.7936971187591553 2111
1786494211916 0.8384853005409241 2112
1786494214500 0.8345269560813904 2113
1786494217082 0.7456588745117188 2114
1786494219666 0.7169034481048584 2115
1786494222249 0.7028778195381165 2116
1786494224831 0.6850984692573547 2117
1786494227412 0.6923875212669373 2118
1786494229999 0.659935712814331 2119
1786494232586 0.6746916770935059 2120
1786494235174 0.6721685528755188 2121
1786494237757 0.6501680016517639 2122
1786494240340 0.6841787099838257 2123
1786494242923 0.6594625115394592 2124
1786494245505 0.6462119221687317 2125
1786494248087 0.6647387742996216 2126
1786494250669 0.6586434841156006 2127
1786494253251 0.7084328532218933 2128
1786494255834 0.7055444717407227 2129
1786494258417 0.7584688663482666 2130
1786494260999 0.7504521608352661 2131
1786494263581 0.7296006679534912 2132
1786494266163 0.7487765550613403 2133
1786494268746 0.7151227593421936 2134
1786494271331 0.6760183572769165 2135
1786494273914 0.6933781504631042 2136
1786494276496 0.6642723083496094 2137
1786494279078 0.680385172367096 2138
1786494281661 0.7382282018661499 2139
1786494284244 0.7459661364555359 2140
1786494286826 0.6533290147781372 2141
1786494289409 0.677365243434906 2142
1786494291991 0.6997892260551453 2143
1786494294570 0.6781905293464661 2144
1786494297154 0.6857399940490723 2145
1786494299736 0.6737858653068542 2146
1786494302314 0.7111251950263977 2147
1786494304894 0.752381443977356 2148
1786494307476 0.7060055732727051 2149
1786494310054 0.7351862788200378 2150
1786494312631 0.703795850276947 2151
1786494315209 0.7690433859825134 2152
1786494317786 0.7402172684669495 2153
1786494320365 0.7189743518829346 2154
1786494322945 0.6546504497528076 2155
1786494325524 0.673255980014801 2156
1786494328102 0.7462133765220642 2157
1786494330680 0.740799069404602 2158
1786494333259 0.693490207195282 2159
1786494335839 0.792759895324707 2160
1786494338419 0.7944954633712769 2161
1786494340998 0.7089259624481201 2162
1786494343575 0.7391184568405151 2163
1786494346155 0.7560680508613586 2164
1786494348734 0.7624511122703552 2165
1786494351312 0.6880363821983337 2166
1786494353900 0.6924804449081421 2167
1786494356485 0.7404099106788635 2168
1786494359068 0.7745377421379089 2169
1786494361651 0.7107559442520142 2170
1786494364233 0.6606482267379761 2171
1786494366816 0.7087876796722412 2172
1786494369400 0.6953836679458618 2173
1786494371982 0.6962130069732666 2174
1786494374564 0.7176564931869507 2175
1786494377147 0.7441567778587341 2176
1786494379728 0.7134972810745239 2177
1786494382312 0.8203290104866028 2178
1786494384895 0.7141760587692261 2179
1786494387481 0.6977263689041138 2180
1786494390064 0.7526354789733887 2181
1786494392649 0.6891165971755981 2182
1786494395232 0.7328395247459412 2183
1786494397817 0.8176446557044983 2184
1786494400401 0.7302982211112976 2185
1786494402984 0.70269775390625 2186
1786494405568 0.7361847758293152 2187
1786494408150 0.7934808731079102 2188
1786494410734 0.7401944398880005 2189
1786494413320 0.7215161323547363 2190
1786494415905 0.7188990116119385 2191
1786494418488 0.7367855906486511 2192
1786494421071 0.7228473424911499 2193
1786494423652 0.768042802810669 2194
1786494426234 0.7064401507377625 2195
1786494428816 0.6556779742240906 2196
1786494431398 0.7034634351730347 2197
1786494433980 0.7209181785583496 2198
1786494436562 0.688025176525116 2199
1786494439141 0.7266555428504944 2200
1786494441718 0.6838205456733704 2201
1786494444294 0.6787145137786865 2202
1786494446871 0.7123318314552307 2203
1786494449448 0.669550359249115 2204
1786494452025 0.6671335697174072 2205
1786494454602 0.7131022810935974 2206
1786494457181 0.6959564685821533 2207
1786494459758 0.7201640009880066 2208
1786494462335 0.6916858553886414 2209
1786494464912 0.8276306986808777 2210
1786494467491 0.8106759786605835 2211
1786494470068 0.6874551177024841 2212
1786494472646 0.7311688661575317 2213
1786494475223 0.6859363913536072 2214
1786494477802 0.6798955202102661 2215
1786494480379 0.7107346057891846 2216
1786494482956 0.6564206480979919 2217
1786494485533 0.656186044216156 2218
1786494488112 0.682554304599762 2219
1786494490689 0.620621383190155 2220
1786494493266 0.6957314014434814 2221
1786494495842 0.7100827097892761 2222
1786494498419 0.6977957487106323 2223
1786494500997 0.7153071165084839 2224
1786494503574 0.7561290860176086 2225
1786494506151 0.7175399661064148 2226
1786494508729 0.6989156603813171 2227
1786494511305 0.6884458661079407 2228
1786494513882 0.6783072352409363 2229
1786494516458 0.6667541265487671 2230
1786494519035 0.6815572381019592 2231
1786494521612 0.7044382095336914 2232
1786494524189 0.7850263714790344 2233
1786494526766 0.6986894607543945 2234
1786494529344 0.7054389119148254 2235
1786494531924 0.699680745601654 2236
1786494534511 0.7752870917320251 2237
1786494537093 0.7344543933868408 2238
1786494539675 0.679512619972229 2239
1786494542256 0.6930919289588928 2240
1786494544838 0.6573463082313538 2241
1786494547422 0.7422109246253967 2242
1786494550003 0.771115779876709 2243
1786494552586 0.6508551836013794 2244
1786494555168 0.6594962477684021 2245
1786494557750 0.7638575434684753 2246
1786494560332 0.7038074731826782 2247
1786494562916 0.7120399475097656 2248
1786494565504 0.8383066058158875 2249
1786494568092 0.6683804988861084 2250
1786494570680 0.6978235840797424 2251
1786494573264 0.6575246453285217 2252
1786494575847 0.6585575342178345 2253
1786494578430 0.6472640633583069 2254
1786494581013 0.738991916179657 2255
1786494583597 0.6695418357849121 2256
1786494586180 0.6405571103096008 2257
1786494588761 0.6246613264083862 2258
1786494591349 0.6756529211997986 2259
1786494593934 0.6951204538345337 2260
1786494596515 0.6797122955322266 2261
1786494599098 0.6994925141334534 2262
1786494601688 0.6666030883789062 2263
1786494604270 0.7834290266036987 2264
1786494606861 0.8070289492607117 2265
1786494609443 0.7231677770614624 2266
1786494612021 0.6631680727005005 2267
1786494614598 0.6955963373184204 2268
1786494617177 0.7016858458518982 2269
1786494619762 0.7085795998573303 2270
1786494622341 0.6899910569190979 2271
1786494624926 0.7148153781890869 2272
1786494627508 0.7040882110595703 2273
1786494630090 0.6726667284965515 2274
1786494632674 0.6571714878082275 2275
1786494635259 0.618157148361206 2276
1786494637842 0.6236650943756104 2277
1786494640424 0.6112765669822693 2278
1786494643008 0.6602672338485718 2279
1786494645591 0.6268515586853027 2280
1786494648174 0.6564176082611084 2281
1786494650759 0.6555571556091309 2282
1786494653345 0.6487295031547546 2283
1786494655937 0.731978714466095 2284
1786494658525 0.690604031085968 2285
1786494661107 0.6716386675834656 2286
1786494663690 0.6563608050346375 2287
1786494666274 0.6921771764755249 2288
1786494668855 0.6654502153396606 2289
1786494671437 0.6817206144332886 2290
1786494674019 0.645136833190918 2291
1786494676601 0.6741936802864075 2292
1786494679183 0.6117221117019653 2293
1786494681764 0.6406375169754028 2294
1786494684346 0.7375993728637695 2295
1786494686929 0.6515807509422302 2296
1786494689509 0.6479738354682922 2297
1786494692087 0.6646768450737 2298
1786494694664 0.6541364789009094 2299
1786494697246 0.7036837339401245 2300
1786494699828 0.6696997284889221 2301
1786494702409 0.6629365086555481 2302
1786494704991 0.7023794054985046 2303
1786494707574 0.7100982069969177 2304
1786494710162 0.7229340672492981 2305
1786494712750 0.6890832185745239 2306
1786494715334 0.7258514165878296 2307
1786494717918 0.6738386154174805 2308
1786494720502 0.6576372981071472 2309
1786494723084 0.6261958479881287 2310
1786494725667 0.692020833492279 2311
1786494728250 1.0870577096939087 2312
1786494730833 0.6483626365661621 2313
1786494733415 0.6205762028694153 2314
1786494735998 0.6701658368110657 2315
1786494738580 0.6886621117591858 2316
1786494741165 0.7642133235931396 2317
1786494743747 0.6623808741569519 2318
1786494746327 0.6831989884376526 2319
1786494748910 0.8294276595115662 2320
1786494751492 0.6797549724578857 2321
1786494754073 0.6707709431648254 2322
1786494756654 0.7757195830345154 2323
1786494759235 0.6942765712738037 2324
1786494761821 0.6695871949195862 2325
1786494764402 0.8132920265197754 2326
1786494766984 0.7345762252807617 2327
1786494769568 0.6845224499702454 2328
1786494772155 0.7149407863616943 2329
1786494774740 0.6449386477470398 2330
1786494777326 0.8423831462860107 2331
1786494779904 0.6592102646827698 2332
1786494782483 0.7111958861351013 2333
1786494785061 0.6841576099395752 2334
1786494787639 0.6463400721549988 2335
1786494790216 0.7260652780532837 2336
1786494792794 0.7683961987495422 2337
1786494795373 0.6797300577163696 2338
1786494797950 0.7856231927871704 2339
1786494800535 0.7072935104370117 2340
1786494803119 0.706143856048584 2341
1786494805702 0.6741458177566528 2342
1786494808284 0.723590612411499 2343
1786494810868 0.6676989197731018 2344
1786494813451 0.6582109928131104 2345
1786494816035 12.432937622070312 2346
1786494818619 0.9674158096313477 2347
1786494821203 0.7950544357299805 2348
1786494823788 0.697881817817688 2349
1786494826371 0.7714449763298035 2350
1786494828953 0.7375311851501465 2351
1786494831536 0.7141860723495483 2352
1786494834118 18.01483917236328 2353
1786494836703 1.005005121231079 2354
1786494839286 1.0480180978775024 2355
1786494841868 0.7436641454696655 2356
1786494844451 0.825359046459198 2357
1786494847038 0.7407302856445312 2358
1786494849622 0.724503219127655 2359
1786494852205 5.90852689743042 2360
1786494854787 0.9367569088935852 2361
1786494857373 0.8133776187896729 2362
1786494859960 0.7322862148284912 2363
1786494862598 0.6599941849708557 2364
1786494865181 0.6496699452400208 2365
1786494867765 0.6130277514457703 2366
1786494870348 0.6664133667945862 2367
1786494872930 0.7080075144767761 2368
1786494875513 0.6517984867095947 2369
1786494878095 0.6875668168067932 2370
1786494880677 0.6686615347862244 2371
1786494883258 0.6662312150001526 2372
1786494885840 0.6737657785415649 2373
1786494888422 0.621656060218811 2374
1786494891003 0.6889264583587646 2375
1786494893586 0.6612309217453003 2376
1786494896169 0.657697319984436 2377
1786494898750 0.7028869390487671 2378
1786494901332 0.662996232509613 2379
1786494903913 0.6957975029945374 2380
1786494906496 0.6382623314857483 2381
1786494909077 0.6208707094192505 2382
1786494911659 0.6209320425987244 2383
1786494914240 0.6773842573165894 2384
1786494916821 0.6484026312828064 2385
1786494919402 0.6961703896522522 2386
1786494921984 0.7049240469932556 2387
1786494924567 0.7347012162208557 2388
1786494927151 0.7075896859169006 2389
1786494929733 0.6433162689208984 2390
1786494932319 0.6417251825332642 2391
1786494934903 0.6162370443344116 2392
1786494937486 0.624058723449707 2393
1786494940067 0.7096795439720154 2394
1786494942648 0.6367233991622925 2395
1786494945230 0.6186519861221313 2396
1786494947814 0.625858724117279 2397
1786494950399 0.623012363910675 2398
1786494952986 0.6598195433616638 2399
1786494955568 0.598246157169342 2400
1786494958151 0.6623516082763672 2401
1786494960734 0.6353338360786438 2402
1786494963316 0.6856238842010498 2403
1786494965899 0.6482047438621521 2404
1786494968481 0.621362566947937 2405
1786494971063 0.6414076685905457 2406
1786494973645 0.6105450987815857 2407
1786494976226 0.664892315864563 2408
1786494978808 0.6535392999649048 2409
1786494981389 0.8086121678352356 2410
1786494983971 0.7143127918243408 2411
1786494986553 0.6687059998512268 2412
1786494989135 0.7706857919692993 2413
1786494991718 0.694969892501831 2414
1786494994301 0.644618570804596 2415
1786494996883 0.6908713579177856 2416
1786494999465 0.7204957008361816 2417
1786495002046 0.6566749215126038 2418
1786495004628 0.7582192420959473 2419
1786495007210 0.7267182469367981 2420
1786495009793 0.671618640422821 2421
1786495012375 0.6500638127326965 2422
1786495014957 0.7084662318229675 2423
1786495017540 0.6161496639251709 2424
1786495020121 0.6904162168502808 2425
1786495022702 0.6920555830001831 2426
1786495025284 0.670491635799408 2427
1786495027867 0.6439275741577148 2428
1786495030449 0.6379832029342651 2429
1786495033031 0.6207296252250671 2430
1786495035613 0.6634600162506104 2431
1786495038194 0.6174532771110535 2432
1786495040776 0.732756495475769 2433
1786495043357 0.6555139422416687 2434
1786495045939 0.8595648407936096 2435
1786495048520 0.6736711859703064 2436
1786495051102 0.7686240077018738 2437
1786495053684 0.6409980058670044 2438
1786495056266 0.6966989040374756 2439
1786495058848 0.6292163729667664 2440
1786495061431 0.651010274887085 2441
1786495064013 0.6070864796638489 2442
1786495066595 0.6618083119392395 2443
1786495069177 0.5954585671424866 2444
1786495071761 0.6062101721763611 2445
1786495074343 0.6191806197166443 2446
1786495076924 0.6469247937202454 2447
1786495079506 0.63603675365448 2448
1786495082089 0.6047674417495728 2449
1786495084670 0.6087833642959595 2450
1786495087256 0.6123467683792114 2451
1786495089839 0.6144348978996277 2452
1786495092422 2.891083240509033 2453
1786495095004 0.7813563346862793 2454
1786495097587 0.7870564460754395 2455
1786495100168 0.6701281070709229 2456
1786495102750 0.7023454904556274 2457
1786495105333 0.7459921836853027 2458
1786495107916 7.8357648849487305 2459
1786495110498 1.0236996412277222 2460
1786495113081 0.8410022854804993 2461
1786495115664 0.7113843560218811 2462
1786495118247 0.724136233329773 2463
1786495120829 0.7209816575050354 2464
1786495123413 0.6895222663879395 2465
1786495125995 0.6822476387023926 2466
1786495128577 0.7410553097724915 2467
1786495131161 0.6246481537818909 2468
1786495133744 0.7127042412757874 2469
1786495136326 0.6490803360939026 2470
1786495138908 0.7106395363807678 2471
1786495141491 0.6794029474258423 2472
1786495144073 0.7001916170120239 2473
1786495146656 0.7061366438865662 2474
1786495149239 0.6747700572013855 2475
1786495151822 0.6541284918785095 2476
1786495154405 0.6087308526039124 2477
1786495156989 0.6596398949623108 2478
1786495159571 0.6664095520973206 2479
1786495162153 0.676245927810669 2480
1786495164735 0.6568173766136169 2481
1786495167320 0.7625406980514526 2482
1786495169904 0.6399392485618591 2483
1786495172486 0.61830073595047 2484
1786495175069 0.6046499609947205 2485
1786495177653 0.6100016832351685 2486
1786495180237 0.6130407452583313 2487
1786495182819 0.6089929938316345 2488
1786495185400 0.6543855667114258 2489
1786495187983 0.6638317704200745 2490
1786495190567 0.6590163111686707 2491
1786495193148 0.6346065402030945 2492
1786495195735 0.6322336196899414 2493
1786495198318 0.6724655032157898 2494
1786495200901 0.7104014158248901 2495
1786495203483 0.6117697358131409 2496
1786495206066 0.6474651098251343 2497
1786495208649 0.6805353760719299 2498
1786495211233 0.6428999900817871 2499
1786495215206 0.7220302224159241 2500
1786495217788 0.6896668672561646 2501
1786495220369 0.6586769223213196 2502
1786495222952 0.6138997673988342 2503
1786495225535 0.681182861328125 2504
1786495228118 0.5956948399543762 2505
1786495230700 0.717406690120697 2506
1786495233283 0.6835089325904846 2507
1786495235866 0.6323409676551819 2508
1786495238448 0.6845741271972656 2509
1786495241030 0.6134917736053467 2510
1786495243612 0.607755720615387 2511
1786495246195 0.6498510241508484 2512
1786495248777 0.6017268300056458 2513
1786495251360 0.6761922836303711 2514
1786495253943 0.7155081629753113 2515
1786495256525 0.6193629503250122 2516
1786495259107 0.6474135518074036 2517
1786495261689 0.6507102847099304 2518
1786495264273 0.6288166046142578 2519
1786495266855 0.6150451898574829 2520
1786495269438 0.6318041682243347 2521
1786495272022 0.6940434575080872 2522
1786495274606 0.6273630857467651 2523
1786495277189 0.6333144903182983 2524
1786495279771 0.6096739768981934 2525
1786495282353 0.6228750348091125 2526
1786495284943 0.6368758678436279 2527
1786495287533 0.5885380506515503 2528
1786495290123 0.6138225793838501 2529
1786495292710 0.6175017952919006 2530
1786495295296 0.647361159324646 2531
1786495297879 0.6302120089530945 2532
1786495300461 0.5867422819137573 2533
1786495303046 0.6382235288619995 2534
1786495305630 0.6148919463157654 2535
1786495308213 0.6186245679855347 2536
1786495310796 0.6404955387115479 2537
1786495313379 0.6352393627166748 2538
1786495315971 0.5972709059715271 2539
1786495318561 0.6058627963066101 2540
1786495321144 0.6191985607147217 2541
1786495323728 0.6525106430053711 2542
1786495326313 0.6346980333328247 2543
1786495328896 0.6425318717956543 2544
1786495331478 0.6564275026321411 2545
1786495334059 0.5743024349212646 2546
1786495336641 0.6371172070503235 2547
1786495339225 0.6536901593208313 2548
1786495341807 0.5742412805557251 2549
1786495344390 0.6550876498222351 2550
1786495346975 0.5845668315887451 2551
1786495349562 0.6119188070297241 2552
1786495352144 0.6333223581314087 2553
1786495354726 0.6269800066947937 2554
1786495357310 0.6148064732551575 2555
1786495359892 0.6348613500595093 2556
1786495362475 0.6631436944007874 2557
1786495365060 0.6584469676017761 2558
1786495367641 0.6452434659004211 2559
1786495370227 0.6125341057777405 2560
1786495372817 0.5999980568885803 2561
1786495375399 0.6477372646331787 2562
1786495377980 0.6508404612541199 2563
1786495380557 0.6043418049812317 2564
1786495383133 0.5874417424201965 2565
1786495385716 0.6301080584526062 2566
1786495388298 0.6279680132865906 2567
1786495390879 0.5991708636283875 2568
1786495393460 0.6099128723144531 2569
1786495396040 0.6143720149993896 2570
1786495398621 0.6671760678291321 2571
1786495401201 0.6090642809867859 2572
1786495403782 0.6338123679161072 2573
1786495406362 0.6710206270217896 2574
1786495408942 0.6204419136047363 2575
1786495411527 0.6222977042198181 2576
1786495414108 0.6130814552307129 2577
1786495416690 0.6322053670883179 2578
1786495419273 0.5739066004753113 2579
1786495421853 0.6205825805664062 2580
1786495424434 0.6544222831726074 2581
1786495427015 0.6275814771652222 2582
1786495429597 0.6121861338615417 2583
1786495432182 0.5865207314491272 2584
1786495434764 0.6332871317863464 2585
1786495437345 0.5710309743881226 2586
1786495439927 0.6123988032341003 2587
1786495442510 0.720431923866272 2588
1786495445093 0.7538455128669739 2589
1786495447680 0.6148247718811035 2590
1786495450266 0.6623244285583496 2591
1786495452846 0.6212127804756165 2592
1786495455428 0.6146976351737976 2593
1786495458010 0.6138932108879089 2594
1786495460593 0.6352818012237549 2595
1786495463174 0.6413372159004211 2596
1786495465755 0.6803609728813171 2597
1786495468337 0.6446316242218018 2598
1786495470919 0.6653256416320801 2599
1786495473500 0.6402199268341064 2600
1786495476082 0.639308750629425 2601
1786495478663 0.6514063477516174 2602
1786495481246 0.6462882161140442 2603
1786495483829 0.6560567617416382 2604
1786495486411 0.6062836050987244 2605
1786495488993 0.6714097857475281 2606
1786495491574 0.6504181027412415 2607
1786495494156 0.6470574736595154 2608
1786495496737 0.6192270517349243 2609
1786495499318 0.7452464699745178 2610
1786495501899 0.5818673968315125 2611
1786495504482 0.6183556318283081 2612
1786495507076 0.640023410320282 2613
1786495509656 0.5991222262382507 2614
1786495512245 0.6090513467788696 2615
1786495514826 0.6391466856002808 2616
1786495517408 0.6411832571029663 2617
1786495519999 0.607628583908081 2618
1786495522590 0.6510432958602905 2619
1786495525181 0.6275703310966492 2620
1786495527758 0.6191146969795227 2621
1786495530334 0.6410086154937744 2622
1786495532910 0.6133562326431274 2623
1786495535487 0.6264284253120422 2624
1786495538065 0.6268466114997864 2625
1786495540642 0.6393479704856873 2626
1786495543220 0.5834027528762817 2627
1786495545802 0.6353774666786194 2628
1786495548385 0.6421482563018799 2629
1786495550971 0.6473624110221863 2630
1786495553554 0.6863604187965393 2631
1786495556141 0.7017885446548462 2632
1786495558728 0.6199067831039429 2633
1786495561315 0.6118054986000061 2634
1786495563904 0.6449156999588013 2635
1786495566488 0.5784610509872437 2636
1786495569068 0.5980889797210693 2637
1786495571648 0.5840820670127869 2638
1786495574229 0.6191137433052063 2639
1786495576811 0.5952258706092834 2640
1786495579392 1.4873512983322144 2641
1786495581978 0.6329259872436523 2642
1786495584560 0.599245011806488 2643
1786495587142 0.6090766787528992 2644
1786495589725 0.5995272397994995 2645
1786495592306 0.6083948612213135 2646
1786495594889 0.6879584193229675 2647
1786495597472 0.6293946504592896 2648
1786495600055 0.619289755821228 2649
1786495602638 0.6862748265266418 2650
1786495605221 0.6245481967926025 2651
1786495607804 0.712617814540863 2652
1786495610388 0.6241446733474731 2653
1786495612971 0.6160331964492798 2654
1786495615557 0.6127299070358276 2655
1786495618139 0.6293445229530334 2656
1786495620722 0.6410914659500122 2657
1786495623305 0.6251582503318787 2658
1786495625887 0.6083840727806091 2659
1786495628471 0.6529957056045532 2660
1786495631054 0.6036052703857422 2661
1786495633636 0.572912871837616 2662
1786495636217 0.6141005754470825 2663
1786495638799 0.6247813701629639 2664
1786495641380 0.5854136943817139 2665
1786495643962 0.6236703991889954 2666
1786495646544 0.6525571942329407 2667
1786495649127 0.6007541418075562 2668
1786495651710 0.6166781783103943 2669
1786495654293 0.6720108985900879 2670
1786495656876 0.6228344440460205 2671
1786495659458 0.6286591291427612 2672
1786495662039 0.6290096640586853 2673
1786495664623 0.604682207107544 2674
1786495667207 0.582333505153656 2675
1786495669788 0.6065975427627563 2676
1786495672373 0.6301714777946472 2677
1786495674955 0.5990156531333923 2678
1786495677536 0.639225959777832 2679
1786495680120 0.587455689907074 2680
1786495682702 0.5888201594352722 2681
1786495685284 0.5868250131607056 2682
1786495687865 0.5818014144897461 2683
1786495690446 0.5843119621276855 2684
1786495693028 0.5780279040336609 2685
1786495695609 0.563114583492279 2686
1786495698190 0.5614607334136963 2687
1786495700772 0.636125385761261 2688
1786495703353 0.609093964099884 2689
1786495705933 0.5866076350212097 2690
1786495708514 0.6052523255348206 2691
1786495711095 0.5726460814476013 2692
1786495713678 0.6141009330749512 2693
1786495716259 0.5747653841972351 2694
1786495718839 0.6521992087364197 2695
1786495721421 0.5985191464424133 2696
1786495724002 0.5828546285629272 2697
1786495726583 0.5790914297103882 2698
1786495729164 0.5867922902107239 2699
1786495731745 0.6054006814956665 2700
1786495734325 0.5959190726280212 2701
1786495736900 0.6422762870788574 2702
1786495739477 0.5994737148284912 2703
1786495742053 0.6557474732398987 2704
1786495744630 0.6292539834976196 2705
1786495747208 0.5709570050239563 2706
1786495749784 0.6100043654441833 2707
1786495752360 0.583940863609314 2708
1786495754936 0.5992145538330078 2709
1786495757512 0.604952871799469 2710
1786495760088 0.6275030374526978 2711
1786495762664 0.5992783904075623 2712
1786495765240 0.6065200567245483 2713
1786495767817 0.5832616090774536 2714
1786495770392 0.6066369414329529 2715
1786495772968 0.624805748462677 2716
1786495775545 0.6203121542930603 2717
1786495778121 0.6146031618118286 2718
1786495780698 0.606590986251831 2719
1786495783274 0.5905687212944031 2720
1786495785850 0.6227731704711914 2721
1786495788426 0.5992690324783325 2722
1786495791002 0.6123414635658264 2723
1786495793579 0.6314340233802795 2724
1786495796157 0.621390163898468 2725
1786495798733 0.5857130289077759 2726
1786495801313 0.5679411888122559 2727
1786495803899 0.6336641311645508 2728
1786495806482 0.6115016937255859 2729
1786495809065 0.5925780534744263 2730
1786495811650 0.5964041948318481 2731
1786495814233 0.5954901576042175 2732
1786495816814 0.5675622820854187 2733
1786495819397 0.5673748254776001 2734
1786495821979 0.5980908274650574 2735
1786495824561 0.6143120527267456 2736
1786495827142 0.5851019620895386 2737
1786495829723 0.5710646510124207 2738
1786495832305 0.5516027212142944 2739
1786495834887 0.5513813495635986 2740
1786495837468 0.5862320065498352 2741
1786495840050 0.6019595265388489 2742
1786495842632 0.6244162917137146 2743
1786495845216 0.5898407697677612 2744
1786495847798 0.5738163590431213 2745
1786495850385 0.6622093319892883 2746
1786495852962 0.6413862705230713 2747
1786495855539 0.6259985566139221 2748
1786495858117 0.6534435749053955 2749
1786495860693 0.622063934803009 2750
1786495863269 0.6234809756278992 2751
1786495865846 0.6238436102867126 2752
1786495868422 0.5880177617073059 2753
1786495870998 0.6024147272109985 2754
1786495873575 0.5931676030158997 2755
1786495876151 0.5780929327011108 2756
1786495878728 0.5955824255943298 2757
1786495881305 0.6328521966934204 2758
1786495883881 0.6367664933204651 2759
1786495886458 0.6005368828773499 2760
1786495889034 0.5976587533950806 2761
1786495891610 0.5738461017608643 2762
1786495894186 0.6003754734992981 2763
1786495896763 0.5771638751029968 2764
1786495899339 0.5713866949081421 2765
1786495901914 0.557575523853302 2766
1786495904490 0.5862850546836853 2767
1786495907066 0.7284528613090515 2768
1786495909643 0.578600287437439 2769
1786495912221 0.5584964752197266 2770
1786495914798 0.6264735460281372 2771
1786495917374 0.6100775599479675 2772
1786495919951 0.5967872142791748 2773
1786495922527 0.6065229177474976 2774
1786495925103 0.602135181427002 2775
1786495927680 0.5808753371238708 2776
1786495930257 1.6122040748596191 2777
1786495932834 0.7113578915596008 2778
1786495935410 0.6487493515014648 2779
1786495937986 0.6387764811515808 2780
1786495940562 0.6249621510505676 2781
1786495943139 0.6086562871932983 2782
1786495945715 0.6368556618690491 2783
1786495948293 0.6252553462982178 2784
1786495950870 0.6149605512619019 2785
1786495953447 0.6024565696716309 2786
1786495956024 0.634878933429718 2787
1786495958601 0.588554322719574 2788
1786495961178 0.690316915512085 2789
1786495963753 0.6375295519828796 2790
1786495966329 0.5823106169700623 2791
1786495968905 0.6404424905776978 2792
1786495971484 0.5967822074890137 2793
1786495974061 0.6421037316322327 2794
1786495976642 0.5903605818748474 2795
1786495979223 0.608264684677124 2796
1786495981805 0.6016806364059448 2797
1786495984385 0.7016340494155884 2798
1786495986966 0.6650326251983643 2799
1786495989547 0.5707305073738098 2800
1786495992128 0.6248342394828796 2801
1786495994709 0.6064889430999756 2802
1786495997290 0.6083188652992249 2803
1786495999870 0.6618996262550354 2804
1786496002452 0.5936243534088135 2805
1786496005033 0.6914321184158325 2806
1786496007614 0.5964287519454956 2807
1786496010196 0.6309887766838074 2808
1786496012777 0.6410366892814636 2809
1786496015358 0.6351571679115295 2810
1786496017939 0.609944224357605 2811
1786496020520 0.6161587238311768 2812
1786496023100 0.6190920472145081 2813
1786496025681 0.6065548062324524 2814
1786496028262 0.6357900500297546 2815
1786496030842 0.6014406085014343 2816
1786496033423 0.5834184885025024 2817
1786496036004 0.6486304402351379 2818
1786496038586 0.5679605603218079 2819
1786496041169 0.5759660601615906 2820
1786496043749 0.6290990114212036 2821
1786496046331 1.4551719427108765 2822
1786496048912 0.5973420143127441 2823
1786496051494 0.5809235572814941 2824
1786496054076 0.6295343041419983 2825
1786496056658 0.6168321967124939 2826
1786496059240 0.6090030670166016 2827
1786496061822 0.6584482192993164 2828
1786496064403 0.6123178005218506 2829
1786496066985 0.6263659596443176 2830
1786496069566 0.5916470289230347 2831
1786496072148 0.6695451736450195 2832
1786496074730 0.6217454075813293 2833
1786496077313 11.243741035461426 2834
1786496079895 0.7952075600624084 2835
1786496082476 0.6179230809211731 2836
1786496085056 0.6830184459686279 2837
1786496087637 0.690169095993042 2838
1786496090218 0.637542188167572 2839
1786496092798 0.7149192094802856 2840
1786496095378 0.6356191635131836 2841
1786496097959 0.6219240427017212 2842
1786496100539 0.6983696818351746 2843
1786496103118 0.6187062859535217 2844
1786496105699 0.6269890069961548 2845
1786496108281 0.6296937465667725 2846
1786496110862 0.6039059162139893 2847
1786496113442 0.5944430232048035 2848
1786496116023 0.606774628162384 2849
1786496118603 0.60638427734375 2850
1786496121183 0.5868681073188782 2851
1786496123763 0.5996041893959045 2852
1786496126344 5.609452724456787 2853
1786496128925 0.6953999400138855 2854
1786496131506 0.5992392897605896 2855
1786496134086 9.571918487548828 2856
1786496136666 0.81109219789505 2857
1786496139247 0.6183624863624573 2858
1786496141827 0.6741766929626465 2859
1786496144407 0.8256431818008423 2860
1786496146987 0.600240170955658 2861
1786496149568 0.6765748262405396 2862
1786496152149 0.8728273510932922 2863
1786496154729 0.7140443921089172 2864
1786496157313 0.6738791465759277 2865
1786496159898 0.6174912452697754 2866
1786496162484 0.6564229130744934 2867
1786496165067 0.6362818479537964 2868
1786496167650 0.6340775489807129 2869
1786496170226 0.6835048198699951 2870
1786496172803 0.5851113200187683 2871
1786496175379 0.6943681240081787 2872
1786496177954 0.5566741824150085 2873
1786496180530 0.6143534779548645 2874
1786496183106 0.6426578760147095 2875
1786496185682 0.6328778862953186 2876
1786496188258 0.6137677431106567 2877
1786496190834 0.6174271702766418 2878
1786496193410 0.5981264114379883 2879
1786496195987 0.6432437896728516 2880
1786496198563 0.6615427732467651 2881
1786496201140 0.5722010135650635 2882
1786496203721 0.6757290959358215 2883
1786496206303 0.5722882151603699 2884
1786496208883 0.6335676908493042 2885
1786496211466 0.62459796667099 2886
1786496214051 0.5980526208877563 2887
1786496216633 0.6159741878509521 2888
1786496219214 0.5914923548698425 2889
1786496221796 0.6762583255767822 2890
1786496224377 0.5747664570808411 2891
1786496226959 0.6451607346534729 2892
1786496229541 0.6118268966674805 2893
1786496232122 0.601608157157898 2894
1786496234703 0.6048507690429688 2895
1786496237285 0.6240347027778625 2896
1786496239866 0.5721663236618042 2897
1786496242447 0.586232602596283 2898
1786496245027 2.5448949337005615 2899
1786496247608 0.6016579270362854 2900
1786496250190 0.6114033460617065 2901
1786496252772 0.6465955376625061 2902
1786496255354 0.5706266164779663 2903
1786496257935 0.5994927287101746 2904
1786496260516 0.6248858571052551 2905
1786496263097 0.6056903600692749 2906
1786496265678 0.6673069000244141 2907
1786496268258 0.5739139914512634 2908
1786496270846 0.622560977935791 2909
1786496273434 0.6151508688926697 2910
1786496276019 0.5622597932815552 2911
1786496278602 0.5923876166343689 2912
1786496281184 0.5758954286575317 2913
1786496283767 0.6274152398109436 2914
1786496286349 0.5694162845611572 2915
1786496288931 0.5677933096885681 2916
1786496291513 0.5902567505836487 2917
1786496294095 0.6150290966033936 2918
1786496296677 0.5569748878479004 2919
1786496299260 0.5700036883354187 2920
1786496301841 0.5617822408676147 2921
1786496304424 0.6438422799110413 2922
1786496307007 0.5677251219749451 2923
1786496309591 0.5608267784118652 2924
1786496312174 0.6109530925750732 2925
1786496314758 0.5786730647087097 2926
1786496317340 0.6047409772872925 2927
1786496319921 0.560173749923706 2928
1786496322503 0.5628600120544434 2929
1786496325087 0.6796917915344238 2930
1786496327672 0.6000274419784546 2931
1786496330254 0.5868082642555237 2932
1786496332839 0.5806781053543091 2933
1786496335422 0.6083225011825562 2934
1786496338002 0.6187251806259155 2935
1786496340582 0.6270747184753418 2936
1786496343161 0.6513951420783997 2937
1786496345742 0.6892858147621155 2938
1786496348322 0.5996063947677612 2939
1786496350902 0.6630396842956543 2940
1786496353481 0.6069972515106201 2941
1786496356061 0.6206207871437073 2942
1786496358641 0.588100016117096 2943
1786496361221 0.6337993144989014 2944
1786496363801 0.6252732276916504 2945
1786496366380 0.6231318116188049 2946
1786496368963 0.6124168634414673 2947
1786496371544 0.5579927563667297 2948
1786496374124 0.7260381579399109 2949
1786496376703 0.6101701855659485 2950
1786496379284 0.6420789361000061 2951
1786496381865 0.5905712246894836 2952
1786496384445 0.6070878505706787 2953
1786496387027 0.5862639546394348 2954
1786496389610 0.5693086385726929 2955
1786496392194 0.5908687114715576 2956
1786496394775 0.6242935657501221 2957
1786496397356 0.6386140584945679 2958
1786496399937 0.5735020637512207 2959
1786496402518 0.5746161341667175 2960
1786496405111 0.5809025168418884 2961
1786496407694 0.5644887685775757 2962
1786496410278 0.6137886643409729 2963
1786496412861 0.5866712331771851 2964
1786496415442 0.589084804058075 2965
1786496418023 0.5889204740524292 2966
1786496420604 0.6214770078659058 2967
1786496423186 0.570553719997406 2968
1786496425766 0.6134158968925476 2969
1786496428348 0.5771470665931702 2970
1786496430930 0.5727786421775818 2971
1786496433517 0.5770031809806824 2972
1786496436100 0.5614611506462097 2973
1786496438681 0.6048176288604736 2974
1786496441263 0.6372444033622742 2975
1786496443845 0.5661613941192627 2976
1786496446426 0.5804410576820374 2977
1786496449009 0.6247249245643616 2978
1786496451597 0.6109737157821655 2979
1786496454183 0.5580999851226807 2980
1786496456766 1.1385842561721802 2981
1786496459345 0.6437362432479858 2982
1786496461922 0.5864670872688293 2983
1786496464499 0.6008710265159607 2984
1786496467077 0.5977445840835571 2985
1786496469654 0.6517248153686523 2986
1786496472231 0.6093679666519165 2987
1786496474809 0.5738044381141663 2988
1786496477385 0.5733637809753418 2989
1786496479963 0.5952440500259399 2990
1786496482539 0.5558786988258362 2991
1786496485117 0.5840641260147095 2992
1786496487693 0.6400117874145508 2993
1786496490270 0.5670273900032043 2994
1786496492847 0.5287935137748718 2995
1786496495424 0.5774263739585876 2996
1786496498001 0.5472862720489502 2997
1786496500579 0.5588001608848572 2998
1786496503162 0.601523220539093 2999
1786496507140 0.5654451847076416 3000
1786496509722 0.5495777726173401 3001
1786496512304 0.564321756362915 3002
1786496514887 0.5946291089057922 3003
1786496517469 0.5419189929962158 3004
1786496520052 0.5771864652633667 3005
1786496522634 0.5973278284072876 3006
1786496525215 0.5916274785995483 3007
1786496527798 0.6699901223182678 3008
1786496530380 0.5469263195991516 3009
1786496532967 0.5846589207649231 3010
1786496535546 0.5576902627944946 3011
1786496538122 0.5350633263587952 3012
1786496540698 0.5409319400787354 3013
1786496543274 0.5887801647186279 3014
1786496545856 0.6448261141777039 3015
1786496548438 0.5697723627090454 3016
1786496551019 0.5805763006210327 3017
1786496553600 0.5686916708946228 3018
1786496556182 0.5566500425338745 3019
1786496558764 0.5633832216262817 3020
1786496561345 0.5806184411048889 3021
1786496563926 0.5751655697822571 3022
1786496566510 0.5902856588363647 3023
1786496569091 0.5979421138763428 3024
1786496571674 0.6258518695831299 3025
1786496574255 0.5657962560653687 3026
1786496576837 0.5594725608825684 3027
1786496579417 0.6023148894309998 3028
1786496581998 0.5976597666740417 3029
1786496584579 0.5629305839538574 3030
1786496587162 0.5620426535606384 3031
1786496589742 0.5924419164657593 3032
1786496592330 0.5915930867195129 3033
1786496594910 0.5510900616645813 3034
1786496597487 0.6025928258895874 3035
1786496600064 0.576980471611023 3036
1786496602641 0.6228300333023071 3037
1786496605223 0.5848824977874756 3038
1786496607804 0.5567110776901245 3039
1786496610387 0.5398563146591187 3040
1786496612972 0.582425057888031 3041
1786496615554 0.5615953207015991 3042
1786496618136 0.5511330366134644 3043
1786496620719 0.6413676142692566 3044
1786496623301 0.5673540234565735 3045
1786496625887 0.5594875812530518 3046
1786496628475 0.5673696398735046 3047
1786496631058 0.5766775608062744 3048
1786496633648 0.6081018447875977 3049
1786496636236 0.5411844849586487 3050
1786496638826 0.578808605670929 3051
1786496641414 0.5694258809089661 3052
1786496644001 0.5602893233299255 3053
1786496646588 0.5601567625999451 3054
1786496649175 0.5686931610107422 3055
1786496651767 0.594075620174408 3056
1786496654350 0.5531172752380371 3057
1786496656932 0.5438143610954285 3058
1786496659515 0.5838717222213745 3059
1786496662098 0.5300193428993225 3060
1786496664681 0.5684077143669128 3061
1786496667262 0.5421304702758789 3062
1786496669844 0.6224066615104675 3063
1786496672427 0.5738642811775208 3064
1786496675009 0.584555447101593 3065
1786496677593 0.5773293375968933 3066
1786496680175 0.5821045637130737 3067
1786496682763 0.5822020173072815 3068
1786496685346 0.5707452297210693 3069
1786496687927 0.5733080506324768 3070
1786496690509 0.5604239702224731 3071
1786496693091 0.6257734298706055 3072
1786496695673 0.5750430822372437 3073
1786496698252 0.5615583658218384 3074
1786496700828 0.5533104538917542 3075
1786496703405 0.5770009160041809 3076
1786496705982 0.5460941195487976 3077
1786496708560 0.5797804594039917 3078
1786496711136 0.5532907247543335 3079
1786496713713 0.6009203195571899 3080
1786496716290 0.5456292033195496 3081
1786496718867 0.6374687552452087 3082
1786496721444 0.6049238443374634 3083
1786496724021 0.5915189981460571 3084
1786496726599 0.6032174825668335 3085
1786496729176 0.5707970857620239 3086
1786496731753 0.6489607095718384 3087
1786496734330 0.5927395224571228 3088
1786496736907 0.5926846861839294 3089
1786496739483 0.5607943534851074 3090
1786496742060 0.5815175771713257 3091
1786496744640 0.5347663164138794 3092
1786496747220 0.5747113823890686 3093
1786496749798 0.5687352418899536 3094
1786496752379 0.5804634690284729 3095
1786496754962 0.53202885389328 3096
1786496757547 0.5646809339523315 3097
1786496760131 0.5903571844100952 3098
1786496762715 0.5827233791351318 3099
1786496765297 0.5534167289733887 3100
1786496767880 0.5643813014030457 3101
1786496770463 0.5403644442558289 3102
1786496773044 0.6049185991287231 3103
1786496775627 0.5746421217918396 3104
1786496778210 0.5889978408813477 3105
1786496780798 0.5308377146720886 3106
1786496783380 0.527622401714325 3107
1786496785961 0.5537610650062561 3108
1786496788542 0.5556961894035339 3109
1786496791122 0.5489944815635681 3110
1786496793698 0.542110025882721 3111
1786496796280 0.5658518075942993 3112
1786496798861 0.5644298195838928 3113
1786496801442 0.5566942095756531 3114
1786496804024 0.577332079410553 3115
1786496806601 0.5808708071708679 3116
1786496809181 0.5317004919052124 3117
1786496811764 0.5338005423545837 3118
1786496814348 0.5715055465698242 3119
1786496816930 0.5539901256561279 3120
1786496819510 0.5703685283660889 3121
1786496822092 0.5945028066635132 3122
1786496824672 0.5727975964546204 3123
1786496827255 0.5711898803710938 3124
1786496829833 0.5597817897796631 3125
1786496832414 0.5882380604743958 3126
1786496834996 0.6681358218193054 3127
1786496837577 0.5713409781455994 3128
1786496840155 0.5546057224273682 3129
1786496842732 0.5789802670478821 3130
1786496845309 0.5860496163368225 3131
1786496847885 0.5517250299453735 3132
1786496850462 0.6064786314964294 3133
1786496853038 0.550385594367981 3134
1786496855614 0.5742841958999634 3135
1786496858190 0.6651095151901245 3136
1786496860775 0.5587387084960938 3137
1786496863358 0.5989624857902527 3138
1786496865943 0.5603135228157043 3139
1786496868524 0.5913321375846863 3140
1786496871105 0.5596135854721069 3141
1786496873689 0.5518929362297058 3142
1786496876269 0.530733585357666 3143
1786496878851 0.5515057444572449 3144
1786496881432 0.5496412515640259 3145
1786496884014 0.5348730087280273 3146
1786496886595 0.5426284670829773 3147
1786496889173 0.5481418371200562 3148
1786496891751 0.5726504325866699 3149
1786496894329 0.5435658693313599 3150
1786496896905 0.565690815448761 3151
1786496899482 0.537211537361145 3152
1786496902058 0.5831429958343506 3153
1786496904635 0.5598434209823608 3154
1786496907213 0.5630096197128296 3155
1786496909790 0.5615250468254089 3156
1786496912366 0.5579738616943359 3157
1786496914942 0.5733497738838196 3158
1786496917519 0.5705274343490601 3159
1786496920095 0.5582284331321716 3160
1786496922672 0.5608726143836975 3161
1786496925250 0.5652962923049927 3162
1786496927827 0.541662871837616 3163
1786496930403 0.5599523186683655 3164
1786496932983 0.5385348200798035 3165
1786496935564 0.5602463483810425 3166
1786496938145 0.5556808710098267 3167
1786496940725 0.5067062973976135 3168
1786496943305 0.5717474818229675 3169
1786496945886 0.5848855376243591 3170
1786496948467 0.5723202228546143 3171
1786496951048 0.5746095180511475 3172
1786496953631 0.5264388918876648 3173
1786496956209 0.5762826800346375 3174
1786496958787 0.5188405513763428 3175
1786496961364 0.5686454772949219 3176
1786496963942 0.6253882646560669 3177
1786496966519 0.5591762065887451 3178
1786496969096 0.517429530620575 3179
1786496971673 0.600276529788971 3180
1786496974254 0.5446472764015198 3181
1786496976832 0.554065465927124 3182
1786496979413 0.5337129235267639 3183
1786496981993 0.5773410201072693 3184
1786496984574 0.5544969439506531 3185
1786496987158 0.5727634429931641 3186
1786496989742 0.5263689756393433 3187
1786496992328 0.5553463697433472 3188
1786496994912 0.54933762550354 3189
1786496997496 0.5658283233642578 3190
1786497000079 0.5317594408988953 3191
1786497002660 0.5303447246551514 3192
1786497005244 0.6388683319091797 3193
1786497007829 0.5390191674232483 3194
1786497010417 0.5411094427108765 3195
1786497013001 0.5771849155426025 3196
1786497015585 0.6046461462974548 3197
1786497018169 0.5499095916748047 3198
1786497020753 0.6650582551956177 3199
1786497023337 0.5704510807991028 3200
1786497025923 0.5714110732078552 3201
1786497028507 0.6051256060600281 3202
1786497031092 0.5853978395462036 3203
1786497033669 0.6128079891204834 3204
1786497036246 0.5778337717056274 3205
1786497038822 0.5891013741493225 3206
1786497041399 0.5853821039199829 3207
1786497043976 0.5654637813568115 3208
1786497046552 0.5414401888847351 3209
1786497049129 0.5782777070999146 3210
1786497051713 0.5269410610198975 3211
1786497054298 0.5744132995605469 3212
1786497056884 0.5947434306144714 3213
1786497059468 0.5707595944404602 3214
1786497062052 0.5699020028114319 3215
1786497064636 0.5758674144744873 3216
1786497067216 0.5679339170455933 3217
1786497069792 0.5472779273986816 3218
1786497072369 0.5613512396812439 3219
1786497074946 0.5699989795684814 3220
1786497077523 0.5388184785842896 3221
1786497080108 0.5831684470176697 3222
1786497082692 0.5463042259216309 3223
1786497085276 0.5533179044723511 3224
1786497087859 0.5261263847351074 3225
1786497090445 0.5433675646781921 3226
1786497093029 0.5275018811225891 3227
1786497095613 0.5332203507423401 3228
1786497098196 0.5739670991897583 3229
1786497100781 0.5882947444915771 3230
1786497103365 0.5577767491340637 3231
1786497105945 0.5485566854476929 3232
1786497108523 0.571853756904602 3233
1786497111102 0.5753571391105652 3234
1786497113679 0.5793794989585876 3235
1786497116257 0.5224243998527527 3236
1786497118834 0.5667124390602112 3237
1786497121411 0.5548347234725952 3238
1786497123990 0.5700845718383789 3239
1786497126567 0.5322930216789246 3240
1786497129144 0.5788479447364807 3241
1786497131721 0.5186469554901123 3242
1786497134298 0.5689297914505005 3243
1786497136875 0.5814148187637329 3244
1786497139452 0.543872058391571 3245
1786497142031 0.5591941475868225 3246
1786497144611 0.576732873916626 3247
1786497147190 0.5541414022445679 3248
1786497149769 0.5600786805152893 3249
1786497152352 0.5618314743041992 3250
1786497154934 0.5516989231109619 3251
1786497157512 0.5681438446044922 3252
1786497160090 0.5465691685676575 3253
1786497162667 0.5553385615348816 3254
1786497165246 0.5502861142158508 3255
1786497167827 0.5868381857872009 3256
1786497170409 0.5876858234405518 3257
1786497172992 0.571567952632904 3258
1786497175580 0.5541608929634094 3259
1786497178161 0.5507301688194275 3260
1786497180738 0.5820339322090149 3261
1786497183315 0.5700562596321106 3262
1786497185893 0.5445563793182373 3263
1786497188470 0.5329455137252808 3264
1786497191047 0.5308427214622498 3265
1786497193624 0.5306208729743958 3266
1786497196201 0.5447606444358826 3267
1786497198778 0.5364861488342285 3268
1786497201355 0.541897177696228 3269
1786497203932 0.5224621295928955 3270
1786497206509 0.5350254774093628 3271
1786497209086 0.51593416929245 3272
1786497211663 0.5911824703216553 3273
1786497214240 0.5621617436408997 3274
1786497216818 0.6225666403770447 3275
1786497219403 0.5726079344749451 3276
1786497221987 0.507409930229187 3277
1786497224571 0.561679482460022 3278
1786497227155 0.5783095955848694 3279
1786497229737 0.5840628743171692 3280
1786497232315 0.5324776768684387 3281
1786497234901 0.5649163722991943 3282
1786497237487 0.557179868221283 3283
1786497240068 0.523872435092926 3284
1786497242650 0.5274450778961182 3285
1786497245232 0.5440431833267212 3286
1786497247813 0.5329874157905579 3287
1786497250394 0.547406792640686 3288
1786497252976 0.5158835053443909 3289
1786497255557 0.5679325461387634 3290
1786497258139 0.5328719019889832 3291
1786497260721 0.5715632438659668 3292
1786497263304 0.5641202926635742 3293
1786497265885 0.570034921169281 3294
1786497268467 0.5414368510246277 3295
1786497271049 0.5691184401512146 3296
1786497273632 0.5545362234115601 3297
1786497276214 0.5610987544059753 3298
1786497278796 0.5440022349357605 3299
1786497281380 0.560463547706604 3300
1786497283964 0.5329985022544861 3301
1786497286554 0.5179813504219055 3302
1786497289144 0.5235379934310913 3303
1786497291731 0.525952160358429 3304
1786497294317 0.5335500836372375 3305
1786497296899 0.556207001209259 3306
1786497299481 0.5432800054550171 3307
1786497302065 0.599285900592804 3308
1786497304649 0.5264413952827454 3309
1786497307242 0.5716037750244141 3310
1786497309824 0.5539811849594116 3311
1786497312407 0.5633336901664734 3312
1786497314989 0.5736595988273621 3313
1786497317571 0.5407515168190002 3314
1786497320156 0.5771332383155823 3315
1786497322745 0.5230722427368164 3316
1786497325327 0.582538366317749 3317
1786497327908 0.5370954275131226 3318
1786497330490 0.5814131498336792 3319
1786497333077 0.5785574913024902 3320
1786497335660 0.5627800822257996 3321
1786497338248 0.5976511240005493 3322
1786497340834 0.5081171989440918 3323
1786497343416 0.5430172085762024 3324
1786497345999 0.5533030033111572 3325
1786497348582 0.5130108594894409 3326
1786497351170 0.5371261239051819 3327
1786497353759 0.5431507229804993 3328
1786497356338 0.556109607219696 3329
1786497358915 0.5592550039291382 3330
1786497361491 0.545701265335083 3331
1786497364068 0.5254638195037842 3332
1786497366644 0.5154464244842529 3333
1786497369220 0.5235632061958313 3334
1786497371797 0.5304642915725708 3335
1786497374373 0.5312914848327637 3336
1786497376949 0.5852704048156738 3337
1786497379525 0.5483821630477905 3338
1786497382102 0.5279374122619629 3339
1786497384680 0.5409218072891235 3340
1786497387256 0.5229568481445312 3341
1786497389832 0.555550754070282 3342
1786497392408 0.5229703187942505 3343
1786497394984 0.5472005605697632 3344
1786497397560 0.5356519818305969 3345
1786497400136 0.5347136855125427 3346
1786497402711 0.5909608006477356 3347
1786497405287 0.55511075258255 3348
1786497407862 0.5397001504898071 3349
1786497410438 0.5399195551872253 3350
1786497413014 0.5353426337242126 3351
1786497415590 0.5301867127418518 3352
1786497418167 0.5474235415458679 3353
1786497420743 0.5389531850814819 3354
1786497423318 0.6044211387634277 3355
1786497425894 0.5337201356887817 3356
1786497428471 0.5790899395942688 3357
1786497431047 0.5812217593193054 3358
1786497433627 0.5829002261161804 3359
1786497436209 0.533927857875824 3360
1786497438792 0.5500311255455017 3361
1786497441375 0.5415676832199097 3362
1786497443958 0.5794048309326172 3363
1786497446539 0.5267106890678406 3364
1786497449121 0.5651116967201233 3365
1786497451704 0.5537620782852173 3366
1786497454287 0.5279252529144287 3367
1786497456869 0.5540015697479248 3368
1786497459453 0.5267616510391235 3369
1786497462035 0.5904048085212708 3370
1786497464620 0.5611324906349182 3371
1786497467199 0.5550106763839722 3372
1786497469779 0.5990275740623474 3373
1786497472365 0.5121853947639465 3374
1786497474947 0.634290337562561 3375
1786497477530 0.5339195132255554 3376
1786497480114 0.526109516620636 3377
1786497482696 0.5072939991950989 3378
1786497485278 0.5679184794425964 3379
1786497487861 0.4901463985443115 3380
1786497490444 0.5350667238235474 3381
1786497493029 0.5203285217285156 3382
1786497495612 0.5875996947288513 3383
1786497498194 0.5535856485366821 3384
1786497500776 0.606344997882843 3385
1786497503359 0.5907187461853027 3386
1786497505941 0.5536818504333496 3387
1786497508522 0.561055064201355 3388
1786497511104 0.5339027047157288 3389
1786497513685 0.5394143462181091 3390
1786497516267 0.5128937363624573 3391
1786497518848 0.5495886206626892 3392
1786497521429 0.5432618856430054 3393
1786497524010 0.5499083995819092 3394
1786497526591 0.5285010933876038 3395
1786497529173 0.516937792301178 3396
1786497531755 0.55474454164505 3397
1786497534338 0.5138495564460754 3398
1786497536919 0.5541139841079712 3399
1786497539501 0.5544484853744507 3400
1786497542086 0.5202116966247559 3401
1786497544664 0.6089097857475281 3402
1786497547240 0.5293872356414795 3403
1786497549817 0.5425736904144287 3404
1786497552394 0.5205464363098145 3405
1786497554972 0.5414745211601257 3406
1786497557550 0.5745195150375366 3407
1786497560127 0.5502218008041382 3408
1786497562704 0.5660094022750854 3409
1786497565281 0.5396367311477661 3410
1786497567864 0.5368327498435974 3411
1786497570446 0.5273802280426025 3412
1786497573029 0.549228847026825 3413
1786497575613 0.5342845916748047 3414
1786497578197 0.5191545486450195 3415
1786497580781 0.5232614874839783 3416
1786497583362 0.5363745093345642 3417
1786497585944 0.5308848023414612 3418
1786497588525 0.534744143486023 3419
1786497591108 0.5495869517326355 3420
1786497593696 0.553820013999939 3421
1786497596278 0.545490026473999 3422
1786497598860 0.5369563698768616 3423
1786497601442 0.5241084694862366 3424
1786497604026 0.544240415096283 3425
1786497606616 0.5554463267326355 3426
1786497609199 0.5681197643280029 3427
1786497611783 0.5836702585220337 3428
1786497614367 0.5499059557914734 3429
1786497616950 0.5419894456863403 3430
1786497619534 0.5890339016914368 3431
1786497622115 0.5190792083740234 3432
1786497624696 0.5626494288444519 3433
1786497627277 0.507490873336792 3434
1786497629859 0.5504565238952637 3435
1786497632440 0.5064243078231812 3436
1786497635021 0.5673193335533142 3437
1786497637602 0.5078460574150085 3438
1786497640184 0.5511193871498108 3439
1786497642765 0.513073742389679 3440
1786497645346 0.5246526002883911 3441
1786497647931 0.52879399061203 3442
1786497650513 0.5133834481239319 3443
1786497653095 0.5276746153831482 3444
1786497655675 0.54332035779953 3445
1786497658258 0.5213070511817932 3446
1786497660840 0.5280885696411133 3447
1786497663420 0.5751164555549622 3448
1786497666000 0.5566400289535522 3449
1786497668582 0.5289443731307983 3450
1786497671162 0.5386236310005188 3451
1786497673742 0.5449278950691223 3452
1786497676323 0.5580736994743347 3453
1786497678908 0.533111572265625 3454
1786497681489 0.5626465082168579 3455
1786497684070 0.5651679635047913 3456
1786497686651 0.5574179291725159 3457
1786497689234 0.5576451420783997 3458
1786497691823 0.5194085836410522 3459
1786497694415 0.5180531144142151 3460
1786497696999 0.5322123765945435 3461
1786497699584 0.5460777878761292 3462
1786497702174 0.4985767602920532 3463
1786497704763 0.5417658686637878 3464
1786497707346 0.510439932346344 3465
1786497709927 0.5722249746322632 3466
1786497712511 0.5286181569099426 3467
1786497715095 0.5372373461723328 3468
1786497717676 0.5603020787239075 3469
1786497720258 0.5391561388969421 3470
1786497722841 0.6068896651268005 3471
1786497725423 0.6635008454322815 3472
1786497728004 0.6190231442451477 3473
1786497730585 0.5497451424598694 3474
1786497733167 0.5581492185592651 3475
1786497735748 0.5420145988464355 3476
1786497738330 0.54782634973526 3477
1786497740912 0.5366011261940002 3478
1786497743493 0.5509939789772034 3479
1786497746076 0.5323837399482727 3480
1786497748658 0.5460643172264099 3481
1786497751238 0.5169594287872314 3482
1786497753822 0.5456126928329468 3483
1786497756403 0.5199127197265625 3484
1786497758984 0.5622254014015198 3485
1786497761566 0.5427788496017456 3486
1786497764147 0.5574256777763367 3487
1786497766728 0.5640538334846497 3488
1786497769309 0.5294874310493469 3489
1786497771893 0.5794134736061096 3490
1786497774478 0.532971203327179 3491
1786497777061 0.5357781648635864 3492
1786497779643 0.5370472073554993 3493
1786497782224 0.5166431069374084 3494
1786497784805 0.5417563319206238 3495
1786497787386 0.5279266238212585 3496
1786497789968 0.5628002882003784 3497
1786497792549 0.5349583625793457 3498
1786497795131 0.533501923084259 3499
1786497799105 0.5347176194190979 3500
1786497801685 0.529384970664978 3501
1786497804265 0.49287426471710205 3502
1786497806845 0.5411518812179565 3503
1786497809426 0.5084306597709656 3504
1786497812007 0.5726407766342163 3505
1786497814588 0.5333027839660645 3506
1786497817171 0.523288369178772 3507
1786497819753 0.5327647924423218 3508
1786497822335 0.5488531589508057 3509
1786497824918 0.5547074675559998 3510
1786497827501 0.5568987727165222 3511
1786497830083 0.545291543006897 3512
1786497832665 0.5664469599723816 3513
1786497835245 0.5371178388595581 3514
1786497837830 0.5657744407653809 3515
1786497840411 0.529504120349884 3516
1786497842993 0.5293530225753784 3517
1786497845576 0.5467151999473572 3518
1786497848157 0.5360186100006104 3519
1786497850739 0.565159797668457 3520
1786497853322 0.5424635410308838 3521
1786497855904 0.5277315974235535 3522
1786497858486 0.5478782057762146 3523
1786497861067 0.5233399271965027 3524
1786497863648 0.551916778087616 3525
1786497866228 0.5433912873268127 3526
1786497868809 0.5700042247772217 3527
1786497871389 0.5397571921348572 3528
1786497873970 0.5290645360946655 3529
1786497876552 0.537040650844574 3530
1786497879132 0.5136014223098755 3531
1786497881713 0.5409614443778992 3532
1786497884292 0.5020396113395691 3533
1786497886873 0.5401161909103394 3534
1786497889455 0.5582112669944763 3535
1786497892037 0.5067533850669861 3536
1786497894620 0.5534509420394897 3537
1786497897202 0.5544412732124329 3538
1786497899785 0.503454864025116 3539
1786497902367 0.5299603343009949 3540
1786497904948 0.5406197905540466 3541
1786497907529 0.5249037146568298 3542
1786497910111 0.5201370716094971 3543
1786497912694 0.5639071464538574 3544
1786497915276 0.5668460130691528 3545
1786497917858 0.5380474328994751 3546
1786497920441 0.5471345782279968 3547
1786497923026 0.5586329102516174 3548
1786497925608 0.5018323659896851 3549
1786497928190 0.5495700836181641 3550
1786497930776 0.5210162997245789 3551
1786497933359 0.5756818056106567 3552
1786497935936 0.549684464931488 3553
1786497938514 0.5799028873443604 3554
1786497941094 0.5287178158760071 3555
1786497943675 0.5428681969642639 3556
1786497946254 0.5113668441772461 3557
1786497948834 0.5387008786201477 3558
1786497951416 0.5083205699920654 3559
1786497954001 0.564149796962738 3560
1786497956586 0.5381057858467102 3561
1786497959168 0.5441702008247375 3562
1786497961751 0.522473931312561 3563
1786497964334 0.5146165490150452 3564
1786497966918 0.5196846723556519 3565
1786497969501 0.5843051075935364 3566
1786497972084 0.5709317922592163 3567
1786497974673 0.5081140995025635 3568
1786497977256 0.5452998876571655 3569
1786497979842 0.49587589502334595 3570
1786497982425 0.611525297164917 3571
1786497985007 0.5369229912757874 3572
1786497987588 0.5237979292869568 3573
1786497990169 0.5655137300491333 3574
1786497992751 0.5388889908790588 3575
1786497995334 0.5135602951049805 3576
1786497997915 0.5424008369445801 3577
1786498000497 0.5183145999908447 3578
1786498003078 0.5571852922439575 3579
1786498005659 0.543038547039032 3580
1786498008242 0.5627476572990417 3581
1786498010828 0.5017703175544739 3582
1786498013411 0.5626814961433411 3583
1786498015994 0.5206884741783142 3584
1786498018577 0.513109564781189 3585
1786498021161 0.504671573638916 3586
1786498023744 0.5476640462875366 3587
1786498026328 0.5383416414260864 3588
1786498028913 0.5145074129104614 3589
1786498031498 0.543157696723938 3590
1786498034082 0.5331276655197144 3591
1786498036666 0.5386295318603516 3592
1786498039251 0.5338508486747742 3593
1786498041836 0.5265496373176575 3594
1786498044421 0.5718490481376648 3595
1786498047006 0.5470814108848572 3596
1786498049589 0.5416130423545837 3597
1786498052174 0.5562708973884583 3598
1786498054760 0.5159228444099426 3599
1786498057350 0.5218530893325806 3600
1786498059938 0.5082338452339172 3601
1786498062525 0.5367347002029419 3602
1786498065109 0.5150085091590881 3603
1786498067697 0.5360437035560608 3604
1786498070279 0.5192642211914062 3605
1786498072863 0.5314594507217407 3606
1786498075446 0.5364466309547424 3607
1786498078030 0.5219366550445557 3608
1786498080612 0.5105385184288025 3609
1786498083196 0.522250235080719 3610
1786498085779 0.507553219795227 3611
1786498088363 0.5696262717247009 3612
1786498090944 0.5302490592002869 3613
1786498093529 0.5304213762283325 3614
1786498096116 0.5209709405899048 3615
1786498098697 0.5130549669265747 3616
1786498101279 0.5142396688461304 3617
1786498103861 0.5247251987457275 3618
1786498106444 0.5209853053092957 3619
1786498109026 0.5194106101989746 3620
1786498111608 0.5185492634773254 3621
1786498114190 0.5269132852554321 3622
1786498116772 0.550154983997345 3623
1786498119356 1.047593116760254 3624
1786498121939 0.5323307514190674 3625
1786498124521 0.532052755355835 3626
1786498127106 0.5605650544166565 3627
1786498129688 0.520196259021759 3628
1786498132272 0.5253450274467468 3629
1786498134855 0.5757398009300232 3630
1786498137437 0.5510438084602356 3631
1786498140019 0.5515244007110596 3632
1786498142601 0.5087534189224243 3633
1786498145182 0.5847304463386536 3634
1786498147764 0.5162226557731628 3635
1786498150347 0.5436554551124573 3636
1786498152930 0.5345445871353149 3637
1786498155513 0.5460518002510071 3638
1786498158095 0.5858922004699707 3639
1786498160676 0.5384181141853333 3640
1786498163260 0.590186595916748 3641
1786498165842 0.5175103545188904 3642
1786498168424 0.6085784435272217 3643
1786498171008 0.5083057284355164 3644
1786498173591 0.5686427354812622 3645
1786498176172 0.5601084232330322 3646
1786498178753 0.5478758811950684 3647
1786498181334 0.5569876432418823 3648
1786498183915 0.5701462030410767 3649
1786498186498 0.5643352270126343 3650
1786498189080 0.535388171672821 3651
1786498191662 0.5622158050537109 3652
1786498194246 0.536705493927002 3653
1786498196828 0.5422179102897644 3654
1786498199409 0.5229333639144897 3655
1786498201992 0.579174280166626 3656
1786498204574 0.5324108004570007 3657
1786498207160 0.5661658644676208 3658
1786498209744 0.5542107820510864 3659
1786498212325 0.5046480894088745 3660
1786498214907 0.5498443841934204 3661
1786498217487 0.5443251132965088 3662
1786498220067 0.5627255439758301 3663
1786498222649 0.5411797165870667 3664
1786498225231 0.5868352055549622 3665
1786498227817 0.5595061182975769 3666
1786498230402 0.530758261680603 3667
1786498232985 0.5385876297950745 3668
1786498235568 0.5250011086463928 3669
1786498238152 0.5382985472679138 3670
1786498240735 0.5305107235908508 3671
1786498243319 0.5093941688537598 3672
1786498245904 0.5497466325759888 3673
1786498248486 0.4999864399433136 3674
1786498251076 0.532349705696106 3675
1786498253664 0.5203350186347961 3676
1786498256247 0.527870237827301 3677
1786498258828 0.5231152772903442 3678
1786498261413 0.5028132796287537 3679
1786498263995 0.523097813129425 3680
1786498266579 0.5455383062362671 3681
1786498269175 0.5313418507575989 3682
1786498271754 0.5377833843231201 3683
1786498274332 0.5439388751983643 3684
1786498276910 0.5434059500694275 3685
1786498279489 0.5176296234130859 3686
1786498282067 0.5368736982345581 3687
1786498284644 0.5545775890350342 3688
1786498287223 0.5879805684089661 3689
1786498289800 0.5433842539787292 3690
1786498292381 0.6217240691184998 3691
1786498294963 0.5015429854393005 3692
1786498297546 0.5148259401321411 3693
1786498300129 0.5067846179008484 3694
1786498302718 0.5211696624755859 3695
1786498305300 0.5513312816619873 3696
1786498307882 0.5212818384170532 3697
1786498310464 0.5453632473945618 3698
1786498313044 0.5596616864204407 3699
1786498315624 0.5473799109458923 3700
1786498318210 0.6526767015457153 3701
1786498320791 0.5568127036094666 3702
1786498323373 0.635882556438446 3703
1786498325955 0.5457723140716553 3704
1786498328536 0.5664083957672119 3705
1786498331117 0.631219208240509 3706
1786498333698 0.5573156476020813 3707
1786498336283 0.5494515895843506 3708
1786498338865 0.5441907048225403 3709
1786498341447 0.5568037629127502 3710
1786498344028 0.525164008140564 3711
1786498346609 0.5371093153953552 3712
1786498349191 0.53547602891922 3713
1786498351772 0.5055719614028931 3714
1786498354353 0.535495400428772 3715
1786498356935 0.5414368510246277 3716
1786498359517 0.5110849738121033 3717
1786498362100 0.556144118309021 3718
1786498364681 0.5424945950508118 3719
1786498367263 0.5321674346923828 3720
1786498369847 0.5469413995742798 3721
1786498372430 1.2303394079208374 3722
1786498375013 0.5278454422950745 3723
1786498377595 0.5294966101646423 3724
1786498380177 0.545672595500946 3725
1786498382759 0.5057253837585449 3726
1786498385342 0.5303795337677002 3727
1786498387924 0.5286774635314941 3728
1786498390506 0.5436205267906189 3729
1786498393089 0.5952370762825012 3730
1786498395670 0.5394220948219299 3731
1786498398251 0.5552135705947876 3732
1786498400834 0.5170913338661194 3733
1786498403415 0.5473930239677429 3734
1786498405997 0.5112066864967346 3735
1786498408580 0.5660456418991089 3736
1786498411161 0.536597490310669 3737
1786498413742 0.6088181138038635 3738
1786498416322 0.5391563177108765 3739
1786498418903 0.531063437461853 3740
1786498421485 0.512359619140625 3741
1786498424067 0.537492573261261 3742
1786498426650 0.5030864477157593 3743
1786498429234 0.5422519445419312 3744
1786498431818 0.5074957013130188 3745
1786498434405 0.5351681709289551 3746
1786498436989 0.5019660592079163 3747
1786498439573 0.5322012305259705 3748
1786498442156 0.5172627568244934 3749
1786498444739 0.5131279826164246 3750
1786498447325 0.5067892074584961 3751
1786498449915 0.5331528186798096 3752
1786498452511 0.5322558879852295 3753
1786498455096 0.5719033479690552 3754
1786498457684 0.504805326461792 3755
1786498460271 0.5260924100875854 3756
1786498462858 0.5361053943634033 3757
1786498465443 0.5163363218307495 3758
1786498468028 0.5354150533676147 3759
1786498470618 0.5178534984588623 3760
1786498473204 0.5390743613243103 3761
1786498475789 0.5451973676681519 3762
1786498478377 0.5383324027061462 3763
1786498480964 0.5395245552062988 3764
1786498483550 0.5464246273040771 3765
1786498486137 0.5415738821029663 3766
1786498488721 0.5725412964820862 3767
1786498491306 0.5156316757202148 3768
1786498493893 0.5574392676353455 3769
1786498496477 0.5511153936386108 3770
1786498499059 0.5313830375671387 3771
1786498501642 0.5334110856056213 3772
1786498504225 0.5042077898979187 3773
1786498506808 0.5347875952720642 3774
1786498509390 0.5346060395240784 3775
1786498511974 0.5272032022476196 3776
1786498514558 0.5749856233596802 3777
1786498517140 0.499972403049469 3778
1786498519721 0.5551375150680542 3779
1786498522303 0.5062203407287598 3780
1786498524886 0.5299333333969116 3781
1786498527469 0.49716952443122864 3782
1786498530053 0.5370422601699829 3783
1786498532636 0.5120158791542053 3784
1786498535220 0.5184641480445862 3785
1786498537805 0.5795601606369019 3786
1786498540390 0.5006332993507385 3787
1786498542973 0.5555701851844788 3788
1786498545556 0.5247432589530945 3789
1786498548139 0.51872718334198 3790
1786498550723 0.5286773443222046 3791
1786498553307 0.5557536482810974 3792
1786498555895 0.5151411890983582 3793
1786498558481 0.528036892414093 3794
1786498561067 0.5302672982215881 3795
1786498563654 0.551390528678894 3796
1786498566240 0.5169385671615601 3797
1786498568826 0.509233832359314 3798
1786498571410 0.541042149066925 3799
1786498573995 0.4992900490760803 3800
1786498576580 0.5437130331993103 3801
1786498579164 0.5216590166091919 3802
1786498581748 0.5148138403892517 3803
1786498584335 0.5359443426132202 3804
1786498586923 0.5406597256660461 3805
1786498589512 0.5201395750045776 3806
1786498592097 0.5594726800918579 3807
1786498594684 0.5178813934326172 3808
1786498597270 0.5190196633338928 3809
1786498599855 0.5317623019218445 3810
1786498602442 0.6335257291793823 3811
1786498605028 0.537990152835846 3812
1786498607614 0.5087605118751526 3813
1786498610206 0.5162201523780823 3814
1786498612794 0.5360708832740784 3815
1786498615379 0.5505990982055664 3816
1786498617962 0.5374009013175964 3817
1786498620545 0.5322666168212891 3818
1786498623128 0.5334169268608093 3819
1786498625714 0.5833976864814758 3820
1786498628298 0.5314796566963196 3821
1786498630881 0.5307280421257019 3822
1786498633464 0.5352274179458618 3823
1786498636050 0.5427124500274658 3824
1786498638631 0.5131475925445557 3825
1786498641210 0.5186586976051331 3826
1786498643788 0.5215420126914978 3827
1786498646369 0.5467026233673096 3828
1786498648955 0.5403156876564026 3829
1786498651541 0.5312854051589966 3830
1786498654123 0.5340421199798584 3831
1786498656707 0.5604519248008728 3832
1786498659294 0.5256515145301819 3833
1786498661882 0.5404808521270752 3834
1786498664471 0.5370159149169922 3835
1786498667059 0.5362144112586975 3836
1786498669646 0.5519763231277466 3837
1786498672229 0.5045635104179382 3838
1786498674811 0.5387977957725525 3839
1786498677393 0.5143293738365173 3840
1786498679974 0.5459528565406799 3841
1786498682556 0.5076922178268433 3842
1786498685139 0.5713365077972412 3843
1786498687721 0.5622010231018066 3844
1786498690303 0.5250061750411987 3845
1786498692889 0.5410558581352234 3846
1786498695477 0.5253037214279175 3847
1786498698062 0.5253891348838806 3848
1786498700650 0.5052571892738342 3849
1786498703236 0.523088812828064 3850
1786498705818 0.5009849667549133 3851
1786498708396 0.5321421027183533 3852
1786498710974 0.5105037093162537 3853
1786498713552 0.4901716709136963 3854
1786498716131 0.5027357339859009 3855
1786498718713 0.51667320728302 3856
1786498721294 0.5194499492645264 3857
1786498723876 0.5358462929725647 3858
1786498726458 0.5078263878822327 3859
1786498729040 0.5195332765579224 3860
1786498731619 0.5368669629096985 3861
1786498734200 0.5010503530502319 3862
1786498736779 0.5454618334770203 3863
1786498739356 0.5030785202980042 3864
1786498741932 0.5121055841445923 3865
1786498744509 0.4967575669288635 3866
1786498747087 0.5219376087188721 3867
1786498749664 0.5187084078788757 3868
1786498752242 0.5016149282455444 3869
1786498754820 0.5255562663078308 3870
1786498757397 0.4993801414966583 3871
1786498759976 0.5143651962280273 3872
1786498762558 0.5156786441802979 3873
1786498765147 0.5143229961395264 3874
1786498767729 0.5047969222068787 3875
1786498770313 0.5305073261260986 3876
1786498772899 0.5167674422264099 3877
1786498775482 0.5153517723083496 3878
1786498778064 0.5166633129119873 3879
1786498780645 0.5033221244812012 3880
1786498783228 0.5615329742431641 3881
1786498785814 0.5633318424224854 3882
1786498788396 0.5516905784606934 3883
1786498790981 0.5496984720230103 3884
1786498793567 0.5356382727622986 3885
1786498796150 0.5107161402702332 3886
1786498798734 0.5372304320335388 3887
1786498801318 0.5538203716278076 3888
1786498803901 0.5460588932037354 3889
1786498806488 0.5459015369415283 3890
1786498809073 0.5436114072799683 3891
1786498811657 0.545547366142273 3892
1786498814240 0.5767365097999573 3893
1786498816824 0.5656552910804749 3894
1786498819408 0.5818554759025574 3895
1786498821992 0.513794481754303 3896
1786498824575 0.510964035987854 3897
1786498827160 0.5369725823402405 3898
1786498829746 0.5029622316360474 3899
1786498832331 0.5099475383758545 3900
1786498834915 0.48136308789253235 3901
1786498837498 0.4985976219177246 3902
1786498840081 0.49869176745414734 3903
1786498842663 0.4804117977619171 3904
1786498845246 0.5109869837760925 3905
1786498847830 0.49799108505249023 3906
1786498850416 0.5404437780380249 3907
1786498852999 0.4921216666698456 3908
1786498855584 0.5348689556121826 3909
1786498858167 0.5264569520950317 3910
1786498860749 0.5449050068855286 3911
1786498863333 0.5202146768569946 3912
1786498865916 0.5440340638160706 3913
1786498868499 0.5316482186317444 3914
1786498871080 0.5663679838180542 3915
1786498873659 0.515190601348877 3916
1786498876237 0.5535617470741272 3917
1786498878815 0.50836181640625 3918
1786498881394 0.5480188131332397 3919
1786498883972 0.5327804684638977 3920
1786498886550 0.48182743787765503 3921
1786498889131 0.5492368340492249 3922
1786498891713 0.48648759722709656 3923
1786498894293 0.5237845182418823 3924
1786498896875 0.5018762946128845 3925
1786498899455 0.5178471207618713 3926
1786498902035 0.48513439297676086 3927
1786498904615 0.5311640501022339 3928
1786498907196 0.48833104968070984 3929
1786498909778 0.540436863899231 3930
1786498912359 0.4794963002204895 3931
1786498914942 0.5374162197113037 3932
1786498917523 0.5057207345962524 3933
1786498920103 0.5013960599899292 3934
1786498922683 0.49936985969543457 3935
1786498925264 0.4857391119003296 3936
1786498927846 0.5066854953765869 3937
1786498930430 0.4966203272342682 3938
1786498933013 0.4976709187030792 3939
1786498935595 0.5123538970947266 3940
1786498938177 0.5172081589698792 3941
1786498940761 0.5038242340087891 3942
1786498943345 0.5049604177474976 3943
1786498945929 0.4844704866409302 3944
1786498948512 0.5013415217399597 3945
1786498951097 0.4836429953575134 3946
1786498953681 0.4919399619102478 3947
1786498956263 0.4844897985458374 3948
1786498958847 0.49619945883750916 3949
1786498961431 0.5070975422859192 3950
1786498964015 0.4757390320301056 3951
1786498966597 0.4946799576282501 3952
1786498969182 0.5118760466575623 3953
1786498971767 0.5156859755516052 3954
1786498974349 0.5256943702697754 3955
1786498976948 0.5010843873023987 3956
1786498979530 0.5275328159332275 3957
1786498982123 0.5116207599639893 3958
1786498984714 0.533623218536377 3959
1786498987301 0.5189068913459778 3960
1786498989888 0.5303148031234741 3961
1786498992473 0.5175322890281677 3962
1786498995061 0.508242666721344 3963
1786498997644 0.5318080186843872 3964
1786499000226 0.5089315176010132 3965
1786499002811 0.5369800329208374 3966
1786499005393 0.5547020435333252 3967
1786499007975 0.5445111989974976 3968
1786499010558 0.5257945656776428 3969
1786499013143 0.525952935218811 3970
1786499015728 0.5349765419960022 3971
1786499018311 0.5151650309562683 3972
1786499020895 0.5472957491874695 3973
1786499023480 0.5087189674377441 3974
1786499026063 0.5294153690338135 3975
1786499028647 0.51191246509552 3976
1786499031233 0.5312553644180298 3977
1786499033816 0.4949410557746887 3978
1786499036398 0.5286805629730225 3979
1786499038981 0.5192129015922546 3980
1786499041563 0.495693176984787 3981
1786499044145 0.48524191975593567 3982
1786499046727 0.4902305006980896 3983
1786499049310 0.520189642906189 3984
1786499051892 0.5003699064254761 3985
1786499054477 0.5305832028388977 3986
1786499057058 0.5144374370574951 3987
1786499059642 0.512921154499054 3988
1786499062232 0.5229148268699646 3989
1786499064818 0.5188053250312805 3990
1786499067397 0.551476001739502 3991
1786499069975 0.5163102149963379 3992
1786499072552 0.5425877571105957 3993
1786499075130 0.5236067175865173 3994
1786499077708 0.5486935377120972 3995
1786499080286 0.5409232974052429 3996
1786499082863 0.5756268501281738 3997
1786499085441 0.5181797742843628 3998
1786499088018 0.4993382692337036 3999
1786499092950 0.5128864645957947 4000
1786499095529 0.5218939781188965 4001
1786499098109 0.5112180113792419 4002
1786499100688 0.524703323841095 4003
1786499103267 0.5008333921432495 4004
1786499105858 0.4986424744129181 4005
1786499108439 0.5204689502716064 4006
1786499111019 0.49999916553497314 4007
1786499113599 0.5022384524345398 4008
1786499116178 0.494464248418808 4009
1786499118759 0.5167463421821594 4010
1786499121338 0.4830924868583679 4011
1786499123918 0.553683876991272 4012
1786499126501 0.49854227900505066 4013
1786499129082 0.5109200477600098 4014
1786499131662 0.5173473358154297 4015
1786499134242 0.5261880159378052 4016
1786499136822 0.5052760243415833 4017
1786499139404 0.5207146406173706 4018
1786499141983 0.47682613134384155 4019
1786499144564 0.5175337791442871 4020
1786499147144 0.555696427822113 4021
1786499149723 0.5126111507415771 4022
1786499152307 0.5195146203041077 4023
1786499154892 0.5151695013046265 4024
1786499157472 0.5163394808769226 4025
1786499160054 0.49560150504112244 4026
1786499162634 0.4948568642139435 4027
1786499165214 0.4918730556964874 4028
1786499167793 0.49988028407096863 4029
1786499170372 0.524753987789154 4030
1786499172952 0.49250996112823486 4031
1786499175532 0.555068850517273 4032
1786499178112 0.5134059190750122 4033
1786499180692 0.5116831064224243 4034
1786499183273 0.5148714780807495 4035
1786499185853 0.5328906178474426 4036
1786499188434 0.4955592453479767 4037
1786499191015 0.5385944843292236 4038
1786499193599 0.502943217754364 4039
1786499196179 0.5350024104118347 4040
1786499198759 0.49682098627090454 4041
1786499201339 0.5351998209953308 4042
1786499203919 0.48278552293777466 4043
1786499206499 0.5057392120361328 4044
1786499209082 0.48563867807388306 4045
1786499211663 0.5260934829711914 4046
1786499214243 0.5263315439224243 4047
1786499216822 0.5146828889846802 4048
1786499219404 0.5305765867233276 4049
1786499221984 0.5053882598876953 4050
1786499224566 0.4919559359550476 4051
1786499227148 0.520365834236145 4052
1786499229730 0.5255416035652161 4053
1786499232310 0.5157929062843323 4054
1786499234896 0.5743282437324524 4055
1786499237484 0.5489407777786255 4056
1786499240073 0.5646174550056458 4057
1786499242661 0.5642263889312744 4058
1786499245249 0.54655921459198 4059
1786499247836 0.5194318294525146 4060
1786499250425 0.54503333568573 4061
1786499253010 0.517221212387085 4062
1786499255595 0.5365753769874573 4063
1786499258184 0.5339351296424866 4064
1786499260772 0.4970548748970032 4065
1786499263359 0.5224334001541138 4066
1786499265946 0.5478835701942444 4067
1786499268533 0.5142403244972229 4068
1786499271121 0.528784453868866 4069
1786499273703 0.5317680835723877 4070
1786499276284 0.5129982829093933 4071
1786499278866 0.5370116829872131 4072
1786499281451 0.4998217225074768 4073
1786499284031 0.5081465244293213 4074
1786499286612 0.5218712687492371 4075
1786499289192 0.5053350329399109 4076
1786499291773 0.5768266916275024 4077
1786499294355 0.537043571472168 4078
1786499296936 0.5256902575492859 4079
1786499299517 0.5815717577934265 4080
1786499302097 0.5066937208175659 4081
1786499304678 0.5480991005897522 4082
1786499307259 0.5840599536895752 4083
1786499309840 0.5229393243789673 4084
1786499312421 0.5726404190063477 4085
1786499315005 0.526970624923706 4086
1786499317589 0.5663555860519409 4087
1786499320173 0.5031529664993286 4088
1786499322757 0.5210978388786316 4089
1786499325340 0.4970220625400543 4090
1786499327921 0.5164636373519897 4091
1786499330501 0.5181921124458313 4092
1786499333084 0.4905104637145996 4093
1786499335665 0.5342506766319275 4094
1786499338245 0.5048072338104248 4095
1786499340827 0.4962073266506195 4096
1786499343407 0.4948372542858124 4097
1786499345989 0.5256392955780029 4098
1786499348570 0.49180349707603455 4099
1786499351152 0.5233515501022339 4100
1786499353733 0.497456431388855 4101
1786499356314 0.5068004727363586 4102
1786499358895 0.513943076133728 4103
1786499361474 0.5175532102584839 4104
1786499364055 0.49766650795936584 4105
1786499366636 0.5090280175209045 4106
1786499369217 0.5279895067214966 4107
1786499371799 0.48781073093414307 4108
1786499374380 0.5108329057693481 4109
1786499376963 0.4835665822029114 4110
1786499379544 0.5046797394752502 4111
1786499382127 0.4984187185764313 4112
1786499384707 0.5227279663085938 4113
1786499387289 0.5006915926933289 4114
1786499389874 0.5636005401611328 4115
1786499392457 0.564235270023346 4116
1786499395039 0.5446366667747498 4117
1786499397621 0.5155088901519775 4118
1786499400203 0.5170485973358154 4119
1786499402784 0.516006350517273 4120
1786499405365 0.5156207084655762 4121
1786499407947 0.5300294756889343 4122
1786499410530 0.544058620929718 4123
1786499413111 0.5406680107116699 4124
1786499415693 0.5042788982391357 4125
1786499418273 0.5329843163490295 4126
1786499420854 0.4977601170539856 4127
1786499423434 0.5418927669525146 4128
1786499426014 0.5550550222396851 4129
1786499428595 0.48887258768081665 4130
1786499431176 0.5182925462722778 4131
1786499433759 0.5199816226959229 4132
1786499436340 0.5634504556655884 4133
1786499438920 0.6025499105453491 4134
1786499441500 0.5107511281967163 4135
1786499444080 0.5416067242622375 4136
1786499446660 0.5239693522453308 4137
1786499449239 0.5229238867759705 4138
1786499451821 0.5196027159690857 4139
1786499454401 0.5077617764472961 4140
1786499456983 0.5411867499351501 4141
1786499459563 0.4965064525604248 4142
1786499462142 0.5059698820114136 4143
1786499464722 0.48859208822250366 4144
1786499467302 0.508434534072876 4145
1786499469881 0.5042225122451782 4146
1786499472465 0.48911237716674805 4147
1786499475047 0.5053711533546448 4148
1786499477627 0.5279127955436707 4149
1786499480207 0.5036294460296631 4150
1786499482787 0.5628671646118164 4151
1786499485366 0.5225861072540283 4152
1786499487957 0.4981616139411926 4153
1786499490537 0.5130369067192078 4154
1786499493119 0.5088056325912476 4155
1786499495705 0.5161438584327698 4156
1786499498286 0.5087985396385193 4157
1786499500867 0.5211813449859619 4158
1786499503448 0.49228885769844055 4159
1786499506028 0.5061904191970825 4160
1786499508609 0.4845132529735565 4161
1786499511196 0.4961129426956177 4162
1786499513783 0.49739378690719604 4163
1786499516366 0.522392749786377 4164
1786499518957 0.5255484580993652 4165
1786499521538 0.5474420785903931 4166
1786499524118 0.47498127818107605 4167
1786499526699 0.5015413165092468 4168
1786499529283 0.49745896458625793 4169
1786499531866 0.5081177949905396 4170
1786499534446 0.4843696355819702 4171
1786499537027 0.5080025792121887 4172
1786499539607 0.5282261967658997 4173
1786499542187 0.5061254501342773 4174
1786499544768 0.5263711214065552 4175
1786499547348 0.5008413791656494 4176
1786499549928 0.49578410387039185 4177
1786499552510 0.516347348690033 4178
1786499555090 0.5443470478057861 4179
1786499557669 0.5110123157501221 4180
1786499560249 0.5218039751052856 4181
1786499562830 0.5205227732658386 4182
1786499565412 0.5272923111915588 4183
1786499567993 0.5132882595062256 4184
1786499570573 0.5169689059257507 4185
1786499573157 0.5268628001213074 4186
1786499575739 0.49543556571006775 4187
1786499578319 0.523758053779602 4188
1786499580900 0.5130112171173096 4189
1786499583480 0.5053375363349915 4190
1786499586064 0.5019204020500183 4191
1786499588644 0.4971630871295929 4192
1786499591224 0.5089624524116516 4193
1786499593805 0.4866338074207306 4194
1786499596386 0.538390576839447 4195
1786499598966 0.4724768102169037 4196
1786499601546 0.5072230696678162 4197
1786499604127 0.5110369920730591 4198
1786499606707 0.4850461483001709 4199
1786499609287 0.5075064897537231 4200
1786499611868 0.5093647837638855 4201
1786499614448 0.49837642908096313 4202
1786499617029 0.5265548229217529 4203
1786499619610 0.5053590536117554 4204
1786499622190 0.5080515146255493 4205
1786499624771 0.5022017955780029 4206
1786499627351 0.5198488831520081 4207
1786499629931 0.4955423176288605 4208
1786499632517 0.5209929943084717 4209
1786499635098 0.5131992101669312 4210
1786499637683 0.522709310054779 4211
1786499640263 0.9570205211639404 4212
1786499642844 0.5244146585464478 4213
1786499645425 0.5032731890678406 4214
1786499648010 0.5117935538291931 4215
1786499650596 0.5236518979072571 4216
1786499653180 0.533546507358551 4217
1786499655760 0.5453302264213562 4218
1786499658341 0.5088768005371094 4219
1786499660921 0.5417023301124573 4220
1786499663502 0.5114148259162903 4221
1786499666082 0.49173635244369507 4222
1786499668662 0.5121836066246033 4223
1786499671243 0.5049005746841431 4224
1786499673823 0.5195228457450867 4225
1786499676405 0.5018224120140076 4226
1786499678986 0.5125851035118103 4227
1786499681566 0.5104798078536987 4228
1786499684147 0.4968295395374298 4229
1786499686728 0.5042603015899658 4230
1786499689308 0.5007579922676086 4231
1786499691889 0.494964063167572 4232
1786499694471 0.5034247636795044 4233
1786499697056 0.4866412878036499 4234
1786499699640 0.4976246654987335 4235
1786499702220 0.5097773671150208 4236
1786499704801 0.5093777179718018 4237
1786499707382 0.5307201147079468 4238
1786499709963 0.47635260224342346 4239
1786499712545 0.5033544898033142 4240
1786499715126 0.5008118152618408 4241
1786499717708 0.49234068393707275 4242
1786499720288 0.4928705096244812 4243
1786499722869 0.48591408133506775 4244
1786499725449 0.47300949692726135 4245
1786499728030 0.5035635828971863 4246
1786499730610 0.5191437005996704 4247
1786499733191 0.5564188957214355 4248
1786499735772 0.47867584228515625 4249
1786499738352 0.5045780539512634 4250
1786499740932 0.5184983611106873 4251
1786499743512 0.5270427465438843 4252
1786499746092 0.500898540019989 4253
1786499748673 0.5040727853775024 4254
1786499751255 0.5536463856697083 4255
1786499753835 0.5114868879318237 4256
1786499756416 0.8008648157119751 4257
1786499758997 0.5408696532249451 4258
1786499761578 0.5183492302894592 4259
1786499764163 0.5028921961784363 4260
1786499766744 0.5088472366333008 4261
1786499769328 0.5369630455970764 4262
1786499771908 0.49467259645462036 4263
1786499774489 0.5257657766342163 4264
1786499777070 0.5035597085952759 4265
1786499779652 0.5444858074188232 4266
1786499782234 0.5178765058517456 4267
1786499784815 0.5169132947921753 4268
1786499787396 0.5044848322868347 4269
1786499789976 0.5194250345230103 4270
1786499792556 0.5069128274917603 4271
1786499795135 0.49207520484924316 4272
1786499797715 0.500365674495697 4273
1786499800295 0.5076623558998108 4274
1786499802876 0.5020155310630798 4275
1786499805456 0.5188884139060974 4276
1786499808037 0.5189034342765808 4277
1786499810621 0.5068042874336243 4278
1786499813210 0.5063247084617615 4279
1786499815804 0.5005488991737366 4280
1786499818386 0.5144599676132202 4281
1786499820967 0.4953780472278595 4282
1786499823548 0.5520680546760559 4283
1786499826129 0.5246169567108154 4284
1786499828709 0.49922415614128113 4285
1786499831290 0.5058031678199768 4286
1786499833872 0.5176449418067932 4287
1786499836453 0.5335099697113037 4288
1786499839033 0.5017789602279663 4289
1786499841613 0.5333040356636047 4290
1786499844196 0.51517254114151 4291
1786499846783 0.5199711918830872 4292
1786499849376 0.5562577843666077 4293
1786499851970 0.5498014688491821 4294
1786499854554 0.5189105868339539 4295
1786499857136 0.5414881110191345 4296
1786499859717 0.5368682146072388 4297
1786499862297 0.49663275480270386 4298
1786499864877 0.5255200862884521 4299
1786499867457 0.4817541241645813 4300
1786499870041 0.5659798979759216 4301
1786499872629 0.4984299838542938 4302
1786499875214 0.516286313533783 4303
1786499877796 0.4884994626045227 4304
1786499880377 0.49620532989501953 4305
1786499882958 0.48908478021621704 4306
1786499885540 0.49589791893959045 4307
1786499888121 0.5315502882003784 4308
1786499890702 0.513470470905304 4309
1786499893284 0.508844256401062 4310
1786499895866 0.5095751881599426 4311
1786499898448 0.5184177756309509 4312
1786499901030 0.5263484716415405 4313
1786499903613 0.5420597791671753 4314
1786499906194 0.49359455704689026 4315
1786499908776 0.5188487768173218 4316
1786499911361 0.5485575199127197 4317
1786499913944 0.5090136528015137 4318
1786499916524 0.5222678184509277 4319
1786499919105 0.489544540643692 4320
1786499921686 0.509332537651062 4321
1786499924268 0.552901566028595 4322
1786499926848 0.5103191137313843 4323
1786499929428 0.5007799863815308 4324
1786499932010 0.5658920407295227 4325
1786499934594 0.5476169586181641 4326
1786499937174 0.5380553603172302 4327
1786499939757 0.5444986820220947 4328
1786499942339 0.5229320526123047 4329
1786499944921 0.556267499923706 4330
1786499947505 0.5393110513687134 4331
1786499950086 0.5043045878410339 4332
1786499952670 0.531868577003479 4333
1786499955254 0.5323539972305298 4334
1786499957836 0.5665122270584106 4335
1786499960417 0.506567656993866 4336
1786499962998 0.5329383611679077 4337
1786499965580 0.5181804895401001 4338
1786499968161 0.54085773229599 4339
1786499970743 0.531110405921936 4340
1786499973330 0.561285138130188 4341
1786499975915 0.5360939502716064 4342
1786499978498 0.514967679977417 4343
1786499981080 0.5080972909927368 4344
1786499983662 0.5404030680656433 4345
1786499986244 0.519585907459259 4346
1786499988825 0.5085674524307251 4347
1786499991406 0.5186108946800232 4348
1786499993989 0.49557629227638245 4349
1786499996571 0.5369548797607422 4350
1786499999152 0.5034592747688293 4351
1786500001733 0.5137268304824829 4352
1786500004317 0.48685115575790405 4353
1786500006907 0.48774924874305725 4354
1786500009488 0.49656063318252563 4355
1786500012072 0.5244006514549255 4356
1786500014653 0.5385591983795166 4357
1786500017233 0.5204808115959167 4358
1786500019814 0.5056461095809937 4359
1786500022395 0.5177459120750427 4360
1786500024975 0.5303685665130615 4361
1786500027556 0.5212506055831909 4362
1786500030136 0.5390579104423523 4363
1786500032718 0.528986930847168 4364
1786500035298 0.5439150333404541 4365
1786500037878 0.5012577772140503 4366
1786500040458 0.5371761322021484 4367
1786500043039 0.5051535367965698 4368
1786500045621 0.515251874923706 4369
1786500048201 0.5210860967636108 4370
1786500050782 0.5097860097885132 4371
1786500053361 0.5461568236351013 4372
1786500055936 0.503074586391449 4373
1786500058518 0.5273452997207642 4374
1786500061100 0.5124629139900208 4375
1786500063687 0.504302442073822 4376
1786500066270 0.5368057489395142 4377
1786500068852 0.4929749369621277 4378
1786500071433 0.5153384208679199 4379
1786500074015 0.5130565762519836 4380
1786500076597 0.5205777287483215 4381
1786500079179 0.4934326410293579 4382
1786500081759 0.543485164642334 4383
1786500084340 0.5165696144104004 4384
1786500086922 0.5433413982391357 4385
1786500089502 0.5322445631027222 4386
1786500092083 0.5071362853050232 4387
1786500094665 0.5010557174682617 4388
1786500097245 0.5136978030204773 4389
1786500099827 0.48916852474212646 4390
1786500102408 0.5624886155128479 4391
1786500104989 0.5049657821655273 4392
1786500107570 0.5358900427818298 4393
1786500110154 0.5133485198020935 4394
1786500112738 0.5250666737556458 4395
1786500115318 0.5648351311683655 4396
1786500117898 0.4992556571960449 4397
1786500120478 0.5368348360061646 4398
1786500123058 0.49231499433517456 4399
1786500125637 0.5388760566711426 4400
1786500128217 0.4975501000881195 4401
1786500130798 0.5280653238296509 4402
1786500133379 0.5046931505203247 4403
1786500135963 0.499902606010437 4404
1786500138547 0.49518534541130066 4405
1786500141132 0.48062148690223694 4406
1786500143723 0.48978719115257263 4407
1786500146314 0.49036073684692383 4408
1786500148898 0.5205939412117004 4409
1786500151482 0.48961612582206726 4410
1786500154064 0.49928075075149536 4411
1786500156646 0.4993327856063843 4412
1786500159228 0.48072028160095215 4413
1786500161808 0.5161239504814148 4414
1786500164388 0.5036081075668335 4415
1786500166968 0.49191373586654663 4416
1786500169548 0.4991043210029602 4417
1786500172133 0.48333215713500977 4418
1786500174713 0.5217305421829224 4419
1786500177297 0.5021049976348877 4420
1786500179882 0.5290501117706299 4421
1786500182466 0.505466878414154 4422
1786500185047 0.5134179592132568 4423
1786500187628 0.5161911249160767 4424
1786500190208 0.5040172338485718 4425
1786500192793 0.5223272442817688 4426
1786500195376 0.489473819732666 4427
1786500197958 0.5374347567558289 4428
1786500200540 0.5165852308273315 4429
1786500203120 0.5075188875198364 4430
1786500205700 0.5110132098197937 4431
1786500208281 0.5059195160865784 4432
1786500210860 0.5153178572654724 4433
1786500213441 0.531130313873291 4434
1786500216023 0.49772849678993225 4435
1786500218605 0.5246208310127258 4436
1786500221188 0.5027288794517517 4437
1786500223770 0.5266734957695007 4438
1786500226351 0.48538029193878174 4439
1786500228933 0.5396226048469543 4440
1786500231514 0.5452238917350769 4441
1786500234097 0.5057789087295532 4442
1786500236679 0.5401408672332764 4443
1786500239262 0.5213866233825684 4444
1786500241846 0.48380565643310547 4445
1786500244428 0.5152252912521362 4446
1786500247010 0.5072576999664307 4447
1786500249592 0.49126696586608887 4448
1786500252174 0.5070568919181824 4449
1786500254756 0.4877723157405853 4450
1786500257339 0.5465265512466431 4451
1786500259920 0.5011023879051208 4452
1786500262502 0.5039603114128113 4453
1786500265084 0.5158897638320923 4454
1786500267666 0.5086421370506287 4455
1786500270247 0.5007042288780212 4456
1786500272830 0.4970240294933319 4457
1786500275411 0.5056436657905579 4458
1786500277993 0.5191270112991333 4459
1786500280573 0.4970305860042572 4460
1786500283156 0.5046718716621399 4461
1786500285739 0.5051454901695251 4462
1786500288320 0.5098062753677368 4463
1786500290900 0.5210694074630737 4464
1786500293481 0.5122987031936646 4465
1786500296062 0.5143799781799316 4466
1786500298643 0.5067704319953918 4467
1786500301233 0.5073591470718384 4468
1786500303825 0.5198540091514587 4469
1786500306418 0.5187758803367615 4470
1786500309010 0.5002994537353516 4471
1786500311602 0.5084118247032166 4472
1786500314195 0.5134575963020325 4473
1786500316787 0.49672314524650574 4474
1786500319378 0.4957564175128937 4475
1786500321970 0.49839311838150024 4476
1786500324561 0.5125478506088257 4477
1786500327153 0.5055328607559204 4478
1786500329745 0.5105268955230713 4479
1786500332327 0.4845975935459137 4480
1786500334915 0.5159105062484741 4481
1786500337500 0.5369317531585693 4482
1786500340082 0.5173828601837158 4483
1786500342671 0.5133457779884338 4484
1786500345254 0.508141815662384 4485
1786500347836 0.5249038934707642 4486
1786500350420 0.47867274284362793 4487
1786500353011 0.5221327543258667 4488
1786500355602 0.514872133731842 4489
1786500358193 0.5117835998535156 4490
1786500360784 0.5344642400741577 4491
1786500363374 0.5202081799507141 4492
1786500365961 0.5556108355522156 4493
1786500368548 0.5900539755821228 4494
1786500371141 0.5235137939453125 4495
1786500373734 0.4924944043159485 4496
1786500376325 0.5268319249153137 4497
1786500378915 0.5013450384140015 4498
1786500381496 0.5495491623878479 4499
1786500385476 0.5133975148200989 4500
1786500388058 0.5135650634765625 4501
1786500390641 0.5269302725791931 4502
1786500393224 0.5520457625389099 4503
1786500395807 0.490011602640152 4504
1786500398390 0.5264053344726562 4505
1786500400972 0.5356394648551941 4506
1786500403553 0.4860793650150299 4507
1786500406135 0.5322582721710205 4508
1786500408715 0.6105912923812866 4509
1786500411300 0.5356192588806152 4510
1786500413890 0.5023998618125916 4511
1786500416484 0.5469960570335388 4512
1786500419065 0.5326194763183594 4513
1786500421642 0.5356982350349426 4514
1786500424219 0.5097832083702087 4515
1786500426796 0.4926176071166992 4516
1786500429372 0.5434670448303223 4517
1786500431956 1.0571194887161255 4518
1786500434532 0.5364772081375122 4519
1786500437109 0.5251343846321106 4520
1786500439684 0.5084607005119324 4521
1786500442264 0.531408965587616 4522
1786500444840 0.4931231141090393 4523
1786500447417 0.5142117142677307 4524
1786500449993 0.5049900412559509 4525
1786500452570 0.531509280204773 4526
1786500455146 0.5097508430480957 4527
1786500457723 0.5286238789558411 4528
1786500460301 0.5106454491615295 4529
1786500462883 0.5492864847183228 4530
1786500465465 0.5081607103347778 4531
1786500468048 0.5762211680412292 4532
1786500470632 0.5291544795036316 4533
1786500473216 0.5200867056846619 4534
1786500475797 0.501836359500885 4535
1786500478378 0.4787095785140991 4536
1786500480959 0.5630335211753845 4537
1786500483542 0.5622778534889221 4538
1786500486125 0.5209852457046509 4539
1786500488709 0.49170446395874023 4540
1786500491294 0.5389207005500793 4541
1786500493875 0.500838041305542 4542
1786500496458 0.5364854335784912 4543
1786500499040 0.5148666501045227 4544
1786500501622 0.5085269212722778 4545
1786500504205 0.4989859461784363 4546
1786500506788 0.4916752278804779 4547
1786500509370 0.5112751722335815 4548
1786500511952 0.49939462542533875 4549
1786500514533 0.49857693910598755 4550
1786500517115 0.5189279913902283 4551
1786500519696 0.47862786054611206 4552
1786500522277 0.5140187740325928 4553
1786500524856 0.4928256869316101 4554
1786500527436 0.5152307748794556 4555
1786500530016 0.4803527295589447 4556
1786500532601 0.519120454788208 4557
1786500535182 0.528856635093689 4558
1786500537766 0.4803149402141571 4559
1786500540347 0.5140993595123291 4560
1786500542927 0.48473235964775085 4561
1786500545508 0.5101625919342041 4562
1786500548087 0.5092443823814392 4563
1786500550666 0.5093169212341309 4564
1786500553246 0.5148727297782898 4565
1786500555827 0.5064600706100464 4566
1786500558407 0.5085647106170654 4567
1786500560989 0.4955310821533203 4568
1786500563570 0.49806809425354004 4569
1786500566150 0.4852726459503174 4570
1786500568729 0.4960864782333374 4571
1786500571310 0.49731820821762085 4572
1786500573890 0.5160855650901794 4573
1786500576469 0.5491974949836731 4574
1786500579052 0.509345293045044 4575
1786500581634 0.5178712010383606 4576
1786500584214 0.5538830161094666 4577
1786500586793 0.5130705833435059 4578
1786500589372 0.5211830735206604 4579
1786500591956 0.5004988312721252 4580
1786500594544 0.49859094619750977 4581
1786500597134 0.528735339641571 4582
1786500599718 0.5028689503669739 4583
1786500602302 0.5225710868835449 4584
1786500604886 0.5085577368736267 4585
1786500607471 0.5101831555366516 4586
1786500610055 0.5235441327095032 4587
1786500612641 0.5148845911026001 4588
1786500615225 0.5236154794692993 4589
1786500617808 0.53931725025177 4590
1786500620392 0.5043824911117554 4591
1786500622974 0.5105643272399902 4592
1786500625555 0.5323962569236755 4593
1786500628137 0.4956441819667816 4594
1786500630718 0.5151544213294983 4595
1786500633299 0.5408753752708435 4596
1786500635881 0.4833866357803345 4597
1786500638463 0.5172929167747498 4598
1786500641045 0.4896368682384491 4599
1786500643627 0.5133686065673828 4600
1786500646212 0.4900374412536621 4601
1786500648795 0.5285317897796631 4602
1786500651378 0.5008254647254944 4603
1786500653959 0.5536038875579834 4604
1786500656540 0.5265992283821106 4605
1786500659122 0.5315183401107788 4606
1786500661704 0.5251849889755249 4607
1786500664287 0.5287684798240662 4608
1786500666869 0.5035333037376404 4609
1786500669451 0.5266706347465515 4610
1786500672035 0.5278052091598511 4611
1786500674617 0.5014405846595764 4612
1786500677198 0.5137507319450378 4613
1786500679779 0.5165596604347229 4614
1786500682361 0.49983900785446167 4615
1786500684943 0.48871877789497375 4616
1786500687526 0.5107969641685486 4617
1786500690108 0.5044416785240173 4618
1786500692690 0.49076515436172485 4619
1786500695272 0.5084227323532104 4620
1786500697855 0.5093483924865723 4621
1786500700437 0.5185255408287048 4622
1786500703019 0.4934464693069458 4623
1786500705600 0.510971188545227 4624
1786500708180 0.4828149080276489 4625
1786500710764 0.5197927951812744 4626
1786500713351 0.5198866128921509 4627
1786500715932 0.5399250388145447 4628
1786500718516 0.48041948676109314 4629
1786500721100 0.5303931832313538 4630
1786500723682 0.511646032333374 4631
1786500726265 0.508171021938324 4632
1786500728848 0.5611133575439453 4633
1786500731432 0.5449420809745789 4634
1786500734019 0.4916321635246277 4635
1786500736601 0.5331059098243713 4636
1786500739184 0.4918138384819031 4637
1786500741767 0.49807271361351013 4638
1786500744351 0.4716426432132721 4639
1786500746934 0.4973815381526947 4640
1786500749517 0.4871033728122711 4641
1786500752099 0.5099346041679382 4642
1786500754681 0.5022996068000793 4643
1786500757263 0.529661238193512 4644
1786500759847 0.5062912106513977 4645
1786500762434 0.5541095733642578 4646
1786500765019 0.550020158290863 4647
1786500767603 0.5449115037918091 4648
1786500770188 0.5329845547676086 4649
1786500772768 0.5381827354431152 4650
1786500775353 0.5005728602409363 4651
1786500777935 0.49561479687690735 4652
1786500780516 0.5133252143859863 4653
1786500783098 0.506598949432373 4654
1786500785681 0.5128228068351746 4655
1786500788264 0.48326799273490906 4656
1786500790849 0.5118917226791382 4657
1786500793431 0.516140341758728 4658
1786500796011 0.5045552253723145 4659
1786500798593 0.4914320409297943 4660
1786500801176 0.5072026252746582 4661
1786500803758 0.49808982014656067 4662
1786500806342 0.5092065334320068 4663
1786500808925 0.5174219012260437 4664
1786500811508 0.5051680207252502 4665
1786500814091 0.5165178179740906 4666
1786500816673 0.5130295753479004 4667
1786500819254 0.499408483505249 4668
1786500821835 0.5069321990013123 4669
1786500824418 0.5056509375572205 4670
1786500827001 0.5210269093513489 4671
1786500829583 0.5158529877662659 4672
1786500832166 0.5041808485984802 4673
1786500834750 0.5028443336486816 4674
1786500837333 0.5140356421470642 4675
1786500839916 0.5284724831581116 4676
1786500842499 0.5082399845123291 4677
1786500845081 0.5343288779258728 4678
1786500847666 0.4965329170227051 4679
1786500850249 0.5429062843322754 4680
1786500852831 0.5055948495864868 4681
1786500855414 0.49243056774139404 4682
1786500857996 0.49761465191841125 4683
1786500860580 0.5367128849029541 4684
1786500863163 0.5313149094581604 4685
1786500865747 0.5238372683525085 4686
1786500868330 0.4812334477901459 4687
1786500870913 0.5484248399734497 4688
1786500873494 0.530129075050354 4689
1786500876075 0.5297718644142151 4690
1786500878657 0.5139129161834717 4691
1786500881242 0.5189711451530457 4692
1786500883825 0.5246034860610962 4693
1786500886407 0.49928468465805054 4694
1786500888989 0.5247051119804382 4695
1786500891575 0.49511682987213135 4696
1786500894162 0.49838894605636597 4697
1786500896747 0.5017561316490173 4698
1786500899330 0.4933583736419678 4699
1786500901912 0.4865589737892151 4700
1786500904496 0.5161035060882568 4701
1786500907090 0.5282399654388428 4702
1786500909671 0.717464029788971 4703
1786500912254 0.5457853674888611 4704
1786500914836 0.5179882645606995 4705
1786500917419 0.5286104083061218 4706
1786500920002 0.5298492908477783 4707
1786500922589 0.5092228055000305 4708
1786500925172 0.5219199657440186 4709
1786500927754 0.502930760383606 4710
1786500930338 0.5011433959007263 4711
1786500932926 0.5256983041763306 4712
1786500935510 0.5425015687942505 4713
1786500938094 0.5517790913581848 4714
1786500940672 0.5405976176261902 4715
1786500943248 0.5229350924491882 4716
1786500945826 0.5513865947723389 4717
1786500948403 0.5084509253501892 4718
1786500950980 0.5081424117088318 4719
1786500953560 0.4957446753978729 4720
1786500956139 0.4866994321346283 4721
1786500958716 0.5227679014205933 4722
1786500961294 0.49140825867652893 4723
1786500963877 0.5047742128372192 4724
1786500966455 0.5140264630317688 4725
1786500969035 0.5152660608291626 4726
1786500971618 0.5309375524520874 4727
1786500974205 0.5001405477523804 4728
1786500976787 0.4810776114463806 4729
1786500979369 0.5269376039505005 4730
1786500981951 0.48719310760498047 4731
1786500984533 0.503633439540863 4732
1786500987115 0.4911034107208252 4733
1786500989696 0.5194810032844543 4734
1786500992277 0.48942187428474426 4735
1786500994859 0.5273176431655884 4736
1786500997441 0.49444761872291565 4737
1786501000022 0.49959295988082886 4738
1786501002605 0.499257355928421 4739
1786501005186 0.48869526386260986 4740
1786501007767 0.48023784160614014 4741
1786501010350 0.47893017530441284 4742
1786501012932 0.5007761716842651 4743
1786501015509 0.5150163769721985 4744
1786501018090 0.5015555620193481 4745
1786501020671 0.5410269498825073 4746
1786501023254 0.5296510457992554 4747
1786501025835 0.5688416957855225 4748
1786501028417 0.5485492944717407 4749
1786501030999 0.5377255082130432 4750
1786501033580 0.5346918702125549 4751
1786501036162 0.498634397983551 4752
1786501038743 0.5383901000022888 4753
1786501041323 0.5352299809455872 4754
1786501043905 0.535143256187439 4755
1786501046486 0.5099000930786133 4756
1786501049067 0.5622714757919312 4757
1786501051648 0.5245546698570251 4758
1786501054229 0.5200101137161255 4759
1786501056810 0.5164756774902344 4760
1786501059392 0.540195107460022 4761
1786501061975 0.5144796967506409 4762
1786501064556 0.5342166423797607 4763
1786501067139 0.5070295929908752 4764
1786501069722 0.49707144498825073 4765
1786501072306 0.5330632328987122 4766
1786501074888 0.5067304372787476 4767
1786501077472 0.5032162666320801 4768
1786501080058 0.5442667007446289 4769
1786501082643 0.5358353853225708 4770
1786501085229 0.5522990226745605 4771
1786501087814 0.5519020557403564 4772
1786501090396 0.48203331232070923 4773
1786501092980 0.5681585669517517 4774
1786501095566 0.5076148509979248 4775
1786501098147 0.5330118536949158 4776
1786501100727 0.51187664270401 4777
1786501103309 0.49510467052459717 4778
1786501105890 0.5328493118286133 4779
1786501108472 0.5060663223266602 4780
1786501111053 0.49386629462242126 4781
1786501113634 0.5131593942642212 4782
1786501116217 0.7363185286521912 4783
1786501118798 0.5091952085494995 4784
1786501121380 0.5107715129852295 4785
1786501123961 0.5487236976623535 4786
1786501126542 0.495221346616745 4787
1786501129125 0.5057857036590576 4788
1786501131706 0.5146016478538513 4789
1786501134287 0.5037897825241089 4790
1786501136868 0.5196382403373718 4791
1786501139449 0.5465869307518005 4792
1786501142030 0.49474161863327026 4793
1786501144611 0.5073843002319336 4794
1786501147192 0.5284205675125122 4795
1786501149773 0.5611726641654968 4796
1786501152355 0.5088846683502197 4797
1786501154941 0.5363113880157471 4798
1786501157524 0.6423192024230957 4799
1786501160108 0.5115692019462585 4800
1786501162690 0.5044237375259399 4801
1786501165272 0.5045281648635864 4802
1786501167854 0.4719710350036621 4803
1786501170439 0.5048186182975769 4804
1786501173023 0.5166223049163818 4805
1786501175607 0.5000802874565125 4806
1786501178190 0.5234825611114502 4807
1786501180774 0.5125645399093628 4808
1786501183357 0.5097447633743286 4809
1786501185938 0.5229517221450806 4810
1786501188520 0.5243874788284302 4811
1786501191104 0.5333414673805237 4812
1786501193689 0.5044352412223816 4813
1786501196274 0.5535425543785095 4814
1786501198856 0.5428181290626526 4815
1786501201440 0.5122778415679932 4816
1786501204023 0.5583024024963379 4817
1786501206605 0.5488018989562988 4818
1786501209189 0.5318591594696045 4819
1786501211772 0.5662904381752014 4820
1786501214355 0.5416858792304993 4821
1786501216938 0.5049247145652771 4822
1786501219523 3.27104115486145 4823
1786501222106 0.5993825793266296 4824
1786501224687 0.5341315269470215 4825
1786501227275 0.516499936580658 4826
1786501229858 0.534101128578186 4827
1786501232440 0.5357422232627869 4828
1786501235022 0.5057308673858643 4829
1786501237604 0.5369603037834167 4830
1786501240187 0.5363372564315796 4831
1786501242772 0.5191607475280762 4832
1786501245353 0.5248881578445435 4833
1786501247936 0.545905590057373 4834
1786501250517 0.5131290555000305 4835
1786501253099 0.5040794014930725 4836
1786501255680 0.5223786234855652 4837
1786501258263 0.5133126378059387 4838
1786501260844 0.6756999492645264 4839
1786501263428 0.5626668334007263 4840
1786501266011 0.5251384377479553 4841
1786501268593 0.5424050688743591 4842
1786501271174 0.5625017881393433 4843
1786501273757 0.49412772059440613 4844
1786501276339 0.5466187596321106 4845
1786501278921 0.49346688389778137 4846
1786501281502 0.5030651092529297 4847
1786501284084 0.5113346576690674 4848
1786501286669 0.48575758934020996 4849
1786501289251 0.5345543026924133 4850
1786501291829 0.4909411370754242 4851
1786501294410 1.1125963926315308 4852
1786501296995 0.4940027892589569 4853
1786501299579 0.5357100963592529 4854
1786501302160 0.5440701246261597 4855
1786501304741 0.5149051547050476 4856
1786501307324 0.5000308156013489 4857
1786501309908 0.51978600025177 4858
1786501312492 0.5297080874443054 4859
1786501315075 0.8193568587303162 4860
1786501317662 0.5371350646018982 4861
1786501320243 0.5247487425804138 4862
1786501322821 0.49017825722694397 4863
1786501325401 0.5143706798553467 4864
1786501327979 0.5400151610374451 4865
1786501330557 0.5495009422302246 4866
1786501333135 0.525525689125061 4867
1786501335712 0.5318993926048279 4868
1786501338289 0.5141053199768066 4869
1786501340868 0.5458976030349731 4870
1786501343452 0.5127859711647034 4871
1786501346039 0.4999241232872009 4872
1786501348622 0.5173364281654358 4873
1786501351204 0.5159290432929993 4874
1786501353789 0.5241583585739136 4875
1786501356372 0.5045279860496521 4876
1786501358956 0.5690886974334717 4877
1786501361538 0.4864077866077423 4878
1786501364122 0.5177104473114014 4879
1786501366705 0.5158067941665649 4880
1786501369289 0.5407673120498657 4881
1786501371870 0.5147759914398193 4882
1786501374449 0.5159062147140503 4883
1786501377026 0.49991941452026367 4884
1786501379602 0.5391596555709839 4885
1786501382178 1.3617185354232788 4886
1786501384755 0.5054393410682678 4887
1786501387335 0.47242358326911926 4888
1786501389916 0.5256880521774292 4889
1786501392496 0.5248435139656067 4890
1786501395075 0.5188865065574646 4891
1786501397656 0.537082314491272 4892
1786501400237 0.5102241039276123 4893
1786501402817 0.5914175510406494 4894
1786501405398 0.5583223104476929 4895
1786501407979 0.5545867085456848 4896
1786501410559 0.5068080425262451 4897
1786501413140 0.522436261177063 4898
1786501415721 0.5523594617843628 4899
1786501418302 0.5237830281257629 4900
1786501420885 0.5329915285110474 4901
1786501423468 0.5180501341819763 4902
1786501426051 0.527191162109375 4903
1786501428634 0.5399183630943298 4904
1786501431216 0.5355023145675659 4905
1786501433797 0.5225642323493958 4906
1786501436377 0.5168374180793762 4907
1786501438958 0.5203691720962524 4908
1786501441539 0.545326292514801 4909
1786501444119 0.5098018050193787 4910
1786501446700 0.5301424264907837 4911
1786501449282 0.5175915956497192 4912
1786501451863 0.5554021596908569 4913
1786501454444 0.4957312345504761 4914
1786501457030 0.49817484617233276 4915
1786501459612 0.49648845195770264 4916
1786501462192 0.49212026596069336 4917
1786501464773 0.5259888172149658 4918
1786501467355 0.476499080657959 4919
1786501469945 0.48950329422950745 4920
1786501472534 0.5028007626533508 4921
1786501475124 0.513227105140686 4922
1786501477710 0.5045782327651978 4923
1786501480293 0.5176502466201782 4924
1786501482876 0.5056869387626648 4925
1786501485460 0.5011691451072693 4926
1786501488043 0.5098147392272949 4927
1786501490626 0.47742146253585815 4928
1786501493209 0.4844016432762146 4929
1786501495793 0.5193424224853516 4930
1786501498377 0.5212175846099854 4931
1786501500960 0.5241402983665466 4932
1786501503543 0.5476789474487305 4933
1786501506126 0.5213161706924438 4934
1786501508712 0.5020611882209778 4935
1786501511296 0.5427423119544983 4936
1786501513881 0.526646614074707 4937
1786501516464 0.5188822150230408 4938
1786501519047 0.49629801511764526 4939
1786501521634 0.5263171195983887 4940
1786501524221 0.5028663873672485 4941
1786501526803 0.4715871214866638 4942
1786501529387 0.5735993981361389 4943
1786501531974 0.5003741383552551 4944
1786501534563 0.4918861389160156 4945
1786501537151 0.48791268467903137 4946
1786501539738 0.503635823726654 4947
1786501542329 0.5013657212257385 4948
1786501544918 0.5156382322311401 4949
1786501547507 0.48087820410728455 4950
1786501550095 0.5229200124740601 4951
1786501552686 0.492486834526062 4952
1786501555272 0.5423489212989807 4953
1786501557861 0.4916815161705017 4954
1786501560447 0.5277880430221558 4955
1786501563030 0.5528281331062317 4956
1786501565610 0.508320689201355 4957
1786501568188 0.5106155872344971 4958
1786501570767 0.49860554933547974 4959
1786501573352 0.4849167466163635 4960
1786501575934 0.5412854552268982 4961
1786501578513 0.4944589138031006 4962
1786501581095 0.541204035282135 4963
1786501583675 0.5123777985572815 4964
1786501586255 0.54961097240448 4965
1786501588837 0.5309897065162659 4966
1786501591420 0.5119894742965698 4967
1786501594003 0.5283368825912476 4968
1786501596585 0.4885929524898529 4969
1786501599169 0.5220988392829895 4970
1786501601758 0.5326286554336548 4971
1786501604344 0.5306279063224792 4972
1786501606927 0.5248913168907166 4973
1786501609511 0.5129415392875671 4974
1786501612098 0.5439308285713196 4975
1786501614689 0.5321173667907715 4976
1786501617277 0.5597060918807983 4977
1786501619867 0.5270560383796692 4978
1786501622457 0.5217550992965698 4979
1786501625046 0.524657666683197 4980
1786501627635 0.5253250002861023 4981
1786501630224 0.5699875950813293 4982
1786501632813 0.5219523310661316 4983
1786501635401 0.5146352052688599 4984
1786501637990 0.5730401277542114 4985
1786501640582 0.5217301845550537 4986
1786501643172 0.49919265508651733 4987
1786501645760 0.5094385743141174 4988
1786501648348 0.5593881011009216 4989
1786501650938 0.5072299242019653 4990
1786501653531 0.5238713026046753 4991
1786501656127 0.5130064487457275 4992
1786501658713 0.5304844975471497 4993
1786501661296 0.528514564037323 4994
1786501663879 0.55064857006073 4995
1786501666462 0.5065018534660339 4996
1786501669047 0.5263534784317017 4997
1786501671635 0.539827287197113 4998
1786501674219 0.5326439142227173 4999
1786501678183 0.49503055214881897 5000
1786501680764 0.5295599102973938 5001
1786501683344 0.5525334477424622 5002
1786501685927 0.5400183796882629 5003
1786501688506 0.5222469568252563 5004
1786501691087 0.5448814630508423 5005
1786501693671 0.49601420760154724 5006
1786501696254 0.5125624537467957 5007
1786501698836 0.5116396546363831 5008
1786501701421 0.5021713972091675 5009
1786501704006 0.5317936539649963 5010
1786501706594 0.5085115432739258 5011
1786501709187 0.5016156435012817 5012
1786501711775 0.503013014793396 5013
1786501714367 0.5093520283699036 5014
1786501716958 0.5024154186248779 5015
1786501719549 0.4712137281894684 5016
1786501722138 0.48931095004081726 5017
1786501724728 0.5158213376998901 5018
1786501727318 0.5051727294921875 5019
1786501729910 0.5011008381843567 5020
1786501732501 0.5118200182914734 5021
1786501735089 0.5059705376625061 5022
1786501737681 0.5279555320739746 5023
1786501740275 0.5213310122489929 5024
1786501742866 0.5222596526145935 5025
1786501745450 0.5180912613868713 5026
1786501748029 0.5372371077537537 5027
1786501750606 0.4891956150531769 5028
1786501753185 0.5154359340667725 5029
1786501755763 0.5392599701881409 5030
1786501758340 0.5071296691894531 5031
1786501760918 0.4976593852043152 5032
1786501763495 0.5252630114555359 5033
1786501766071 0.4968422055244446 5034
1786501768648 0.4993831515312195 5035
1786501771225 0.523286759853363 5036
1786501773802 0.47456324100494385 5037
1786501776380 0.5018424987792969 5038
1786501778961 0.5058921575546265 5039
1786501781544 0.5358238220214844 5040
1786501784131 0.4898219704627991 5041
1786501786713 0.48428040742874146 5042
1786501789294 0.5393303632736206 5043
1786501791880 0.49944448471069336 5044
1786501794464 0.505348265171051 5045
1786501797050 0.5208734273910522 5046
1786501799635 0.5014423131942749 5047
1786501802223 0.514604389667511 5048
1786501804812 0.521658718585968 5049
1786501807412 0.49774232506752014 5050
1786501810001 0.5110018849372864 5051
1786501812590 0.509111225605011 5052
1786501815179 0.4749740660190582 5053
1786501817769 0.48303353786468506 5054
1786501820359 0.4812464416027069 5055
1786501822947 0.4794336259365082 5056
1786501825535 0.5007634162902832 5057
1786501828124 0.48805496096611023 5058
1786501830712 0.495784729719162 5059
1786501833300 0.5074132680892944 5060
1786501835881 0.5143877863883972 5061
1786501838464 0.49613693356513977 5062
1786501841050 0.47937217354774475 5063
1786501843633 0.5149545073509216 5064
1786501846216 0.4997512102127075 5065
1786501848799 0.5278225541114807 5066
1786501851386 0.5166045427322388 5067
1786501853971 0.5032382607460022 5068
1786501856554 0.5252019762992859 5069
1786501859136 0.4993087351322174 5070
1786501861716 0.5123761296272278 5071
1786501864301 0.5226005911827087 5072
1786501866885 0.523654580116272 5073
1786501869466 0.517719566822052 5074
1786501872047 0.5000008344650269 5075
1786501874632 0.5303454399108887 5076
1786501877227 0.5091723203659058 5077
1786501879823 0.5295248627662659 5078
1786501882415 0.5480353832244873 5079
1786501885002 0.5069470405578613 5080
1786501887589 0.4875609874725342 5081
1786501890178 0.4918609857559204 5082
1786501892766 0.4889261722564697 5083
1786501895357 0.4859488010406494 5084
1786501897945 0.5084206461906433 5085
1786501900533 0.4919717013835907 5086
1786501903121 0.49643757939338684 5087
1786501905709 0.4918477535247803 5088
1786501908299 0.5286204814910889 5089
1786501910885 0.517547607421875 5090
1786501913473 0.5087214112281799 5091
1786501916062 0.4799959659576416 5092
1786501918649 0.4915047883987427 5093
1786501921238 0.5093950033187866 5094
1786501923826 0.4805144667625427 5095
1786501926415 0.5086599588394165 5096
1786501929005 0.5850489735603333 5097
1786501931592 0.5211977958679199 5098
1786501934174 0.5000388026237488 5099
1786501936756 0.5247172117233276 5100
1786501939342 0.4999087452888489 5101
1786501941925 0.5307533144950867 5102
1786501944516 0.4967281222343445 5103
1786501947096 0.4974330961704254 5104
1786501949684 0.47343799471855164 5105
1786501952273 0.504874587059021 5106
1786501954859 0.49658557772636414 5107
1786501957446 0.5078129172325134 5108
1786501960030 0.5049844980239868 5109
1786501962612 0.5433715581893921 5110
1786501965196 0.5093813538551331 5111
1786501967777 0.531700074672699 5112
1786501970359 0.5081577301025391 5113
1786501972944 0.5510152578353882 5114
1786501975532 0.4849812984466553 5115
1786501978113 0.6464734077453613 5116
1786501980695 0.5365161895751953 5117
1786501983282 0.5323266386985779 5118
1786501985866 0.4925607144832611 5119
1786501988449 0.49798253178596497 5120
1786501991037 0.5105466842651367 5121
1786501993626 0.5213418006896973 5122
1786501996214 0.515052080154419 5123
1786501998801 0.499488890171051 5124
1786502001389 0.49465805292129517 5125
1786502003977 0.5291443467140198 5126
1786502006565 0.476106733083725 5127
1786502009152 0.5359320044517517 5128
1786502011737 0.48209428787231445 5129
1786502014322 0.5437751412391663 5130
1786502016904 0.49400341510772705 5131
1786502019486 0.5390257835388184 5132
1786502022071 0.4875383675098419 5133
1786502024653 0.4714631736278534 5134
1786502027235 0.48631319403648376 5135
1786502029817 0.4896962642669678 5136
1786502032400 0.5198773741722107 5137
1786502034983 0.4910101890563965 5138
1786502037564 0.48980894684791565 5139
1786502040140 0.4736969470977783 5140
1786502042716 0.489938348531723 5141
1786502045293 0.5083360075950623 5142
1786502047872 0.47250300645828247 5143
1786502050447 0.4936986267566681 5144
1786502053027 0.5083726644515991 5145
1786502055603 0.4814799427986145 5146
1786502058179 0.49676865339279175 5147
1786502060760 0.5180053114891052 5148
1786502063337 0.5203243494033813 5149
1786502065914 0.47960320115089417 5150
1786502068491 0.5264266729354858 5151
1786502071068 0.4900381565093994 5152
1786502073646 0.5174807906150818 5153
1786502076223 0.4965689182281494 5154
1786502078808 0.5226762294769287 5155
1786502081391 0.491769403219223 5156
1786502083977 0.506985604763031 5157
1786502086558 0.476237952709198 5158
1786502089140 0.5036691427230835 5159
1786502091723 0.47785690426826477 5160
1786502094307 0.5345444679260254 5161
1786502096891 0.5309335589408875 5162
1786502099477 0.6277289986610413 5163
1786502102066 0.5803291201591492 5164
1786502104654 0.5207513570785522 5165
1786502107240 0.5987023115158081 5166
1786502109822 0.5184344053268433 5167
1786502112405 0.5363814830780029 5168
1786502114990 0.5704053044319153 5169
1786502117577 0.5729967951774597 5170
1786502120170 0.5853918790817261 5171
1786502122760 0.5339293479919434 5172
1786502125348 0.5286890268325806 5173
1786502127938 0.5183408260345459 5174
1786502130521 0.5191748738288879 5175
1786502133104 0.5010903477668762 5176
1786502135685 0.4743337333202362 5177
1786502138266 0.4942099153995514 5178
1786502140848 0.47523224353790283 5179
1786502143429 0.5111637711524963 5180
1786502146012 0.47500526905059814 5181
1786502148594 0.5106498003005981 5182
1786502151175 0.4893285930156708 5183
1786502153756 0.48665356636047363 5184
1786502156340 0.5117373466491699 5185
1786502158918 0.48704612255096436 5186
1786502161494 0.49535977840423584 5187
1786502164071 0.5030393600463867 5188
1786502166648 0.5026741623878479 5189
1786502169225 0.4762765169143677 5190
1786502171802 0.5127364993095398 5191
1786502174377 0.4933941066265106 5192
1786502176957 0.49635833501815796 5193
1786502179540 0.5643033385276794 5194
1786502182124 0.49357759952545166 5195
1786502184704 0.4989219009876251 5196
1786502187288 0.49963057041168213 5197
1786502189873 0.4951408803462982 5198
1786502192458 0.5038747787475586 5199
1786502195044 0.4853265583515167 5200
1786502197631 0.5011021494865417 5201
1786502200215 0.5361869931221008 5202
1786502202799 0.502851665019989 5203
1786502205380 0.5268896222114563 5204
1786502207964 0.4938863515853882 5205
1786502210553 0.5050116777420044 5206
1786502213138 0.5161723494529724 5207
1786502215722 0.5138574838638306 5208
1786502218306 0.4960196316242218 5209
1786502220891 0.5414661765098572 5210
1786502223476 0.5054196119308472 5211
1786502226062 0.5125715732574463 5212
1786502228643 0.5238363146781921 5213
1786502231224 0.5198944807052612 5214
1786502233805 0.5597643256187439 5215
1786502236386 0.5096350312232971 5216
1786502238968 0.5098938345909119 5217
1786502241548 0.5119699835777283 5218
1786502244128 0.5205955505371094 5219
1786502246709 0.5195632576942444 5220
1786502249288 0.5140873789787292 5221
1786502251868 0.5064138770103455 5222
1786502254449 0.5448242425918579 5223
1786502257030 0.5007098913192749 5224
1786502259610 0.5305982828140259 5225
1786502262192 0.4977608025074005 5226
1786502264774 0.5076568126678467 5227
1786502267357 0.534638524055481 5228
1786502269938 0.49400949478149414 5229
1786502272515 0.4815188944339752 5230
1786502275093 0.5031706094741821 5231
1786502277677 0.5029941201210022 5232
1786502280258 0.5197006464004517 5233
1786502282838 0.507093071937561 5234
1786502285420 0.5363212823867798 5235
1786502288006 0.5065410733222961 5236
1786502290593 0.5381031632423401 5237
1786502293180 0.49582675099372864 5238
1786502295769 0.5254591107368469 5239
1786502298353 0.509523332118988 5240
1786502300932 0.49351999163627625 5241
1786502303511 0.5353814959526062 5242
1786502306093 0.5015679001808167 5243
1786502308685 0.528029203414917 5244
1786502311274 0.4694949984550476 5245
1786502313868 0.47987380623817444 5246
1786502316456 0.5042129755020142 5247
1786502319045 0.46651315689086914 5248
1786502321634 0.5269578695297241 5249
1786502324223 0.5237237215042114 5250
1786502326812 0.5308344960212708 5251
1786502329400 0.5033726096153259 5252
1786502331987 0.5045596361160278 5253
1786502334574 0.4981551766395569 5254
1786502337162 0.49851420521736145 5255
1786502339752 0.48651713132858276 5256
1786502342340 0.45980706810951233 5257
1786502344934 0.48847630620002747 5258
1786502347523 0.4861558675765991 5259
1786502350116 0.48458901047706604 5260
1786502352707 0.4824467599391937 5261
1786502355295 0.5261017084121704 5262
1786502357883 0.5009203553199768 5263
1786502360472 0.5375365018844604 5264
1786502363061 0.5196325182914734 5265
1786502365648 0.5071828365325928 5266
1786502368232 0.5044640302658081 5267
1786502370826 0.5486217737197876 5268
1786502373416 0.5182521939277649 5269
1786502376001 0.5232629179954529 5270
1786502378584 0.5071446895599365 5271
1786502381165 0.5135472416877747 5272
1786502383745 0.5645784735679626 5273
1786502386326 0.5272210836410522 5274
1786502388906 0.5108870267868042 5275
1786502391485 0.509125828742981 5276
1786502394067 0.5122448205947876 5277
1786502396651 0.5369314551353455 5278
1786502399235 0.5027506947517395 5279
1786502401817 0.5802913904190063 5280
1786502404398 0.5165267586708069 5281
1786502406979 0.5760268568992615 5282
1786502409561 0.49755921959877014 5283
1786502412144 0.5446000695228577 5284
1786502414732 0.5063570141792297 5285
1786502417317 0.5085009336471558 5286
1786502419898 0.504355251789093 5287
1786502422479 0.4963151216506958 5288
1786502425060 0.4936450719833374 5289
1786502427641 0.5527856349945068 5290
1786502430228 0.46861639618873596 5291
1786502432815 0.5049578547477722 5292
1786502435402 0.48349323868751526 5293
1786502437990 0.4869473874568939 5294
1786502440577 0.48541060090065 5295
1786502443166 0.4787367284297943 5296
1786502445751 0.5034626126289368 5297
1786502448338 0.5320824980735779 5298
1786502450928 0.5068939924240112 5299
1786502453518 0.4969048798084259 5300
1786502456106 0.5400147438049316 5301
1786502458694 0.49784931540489197 5302
1786502461282 0.5521572232246399 5303
1786502463872 0.5173834562301636 5304
1786502466463 0.5322795510292053 5305
1786502469050 0.523041844367981 5306
1786502471637 0.4959908425807953 5307
1786502474225 0.5038086771965027 5308
1786502476815 0.4832036793231964 5309
1786502479404 0.5269660949707031 5310
1786502481992 0.48288020491600037 5311
1786502484574 0.4886467456817627 5312
1786502487153 0.49248188734054565 5313
1786502489733 0.4890154004096985 5314
1786502492322 0.48831412196159363 5315
1786502494911 0.48907145857810974 5316
1786502497500 1.2393778562545776 5317
1786502500083 0.5048100352287292 5318
1786502502667 0.4997529685497284 5319
1786502505251 0.4875693619251251 5320
1786502507832 0.4971888065338135 5321
1786502510413 0.5209158062934875 5322
1786502512990 0.4890989363193512 5323
1786502515574 0.4930873513221741 5324
1786502518157 0.5119498372077942 5325
1786502520740 0.9196622371673584 5326
1786502523321 0.49599918723106384 5327
1786502525902 0.549404501914978 5328
1786502528483 0.4920831322669983 5329
1786502531064 0.5195295810699463 5330
1786502533644 0.5329450964927673 5331
1786502536223 0.523992657661438 5332
1786502538803 0.48624464869499207 5333
1786502541383 0.5229828953742981 5334
1786502543965 0.4854888916015625 5335
1786502546546 0.5283052921295166 5336
1786502549127 0.5421212315559387 5337
1786502551712 0.4793364703655243 5338
1786502554300 0.5369724035263062 5339
1786502556890 0.5181865692138672 5340
1786502559478 0.5372442603111267 5341
1786502562062 0.49417418241500854 5342
1786502564648 0.5492209792137146 5343
1786502567235 0.4639088809490204 5344
1786502569822 0.5751468539237976 5345
1786502572414 0.4995667636394501 5346
1786502575003 0.5211483240127563 5347
1786502577591 0.5102303624153137 5348
1786502580179 0.5106034278869629 5349
1786502582766 0.5301627516746521 5350
1786502585356 0.5146363377571106 5351
1786502587945 0.5203348994255066 5352
1786502590530 0.4822477102279663 5353
1786502593114 0.5333861112594604 5354
1786502595702 0.5107464790344238 5355
1786502598290 0.4908416271209717 5356
1786502600877 0.4930448532104492 5357
1786502603462 0.5066395401954651 5358
1786502606043 0.4731573164463043 5359
1786502608634 0.5134954452514648 5360
1786502611217 0.4943798780441284 5361
1786502613805 0.5415435433387756 5362
1786502616389 0.5266701579093933 5363
1786502618970 0.5281539559364319 5364
1786502621553 0.4857807159423828 5365
1786502624135 0.5206670761108398 5366
1786502626714 0.5091585516929626 5367
1786502629295 0.5166699886322021 5368
1786502631878 0.5149407386779785 5369
1786502634460 0.5296763181686401 5370
1786502637044 0.5337748527526855 5371
1786502639624 0.5055354833602905 5372
1786502642210 0.5055115222930908 5373
1786502644796 0.5302412509918213 5374
1786502647384 0.5212133526802063 5375
1786502649971 0.516635537147522 5376
1786502652558 0.5001704692840576 5377
1786502655145 0.5412516593933105 5378
1786502657736 0.49657177925109863 5379
1786502660323 0.5378296971321106 5380
1786502662910 0.5026172399520874 5381
1786502665498 0.5232067108154297 5382
1786502668079 0.5049575567245483 5383
1786502670663 0.5108371376991272 5384
1786502673249 0.49502772092819214 5385
1786502675837 0.4920985698699951 5386
1786502678425 0.5068654417991638 5387
1786502681011 0.5024653077125549 5388
1786502683597 0.5042517781257629 5389
1786502686182 0.5152977108955383 5390
1786502688767 0.4783466160297394 5391
1786502691355 0.5145964622497559 5392
1786502693940 0.4900563955307007 5393
1786502696528 0.5096569061279297 5394
1786502699116 0.505213737487793 5395
1786502701702 0.5170787572860718 5396
1786502704291 0.4883565604686737 5397
1786502706884 0.4790261387825012 5398
1786502709475 0.491291344165802 5399
1786502712062 0.5135157704353333 5400
1786502714644 0.5078952312469482 5401
1786502717224 0.5270079374313354 5402
1786502719805 0.5310513973236084 5403
1786502722385 0.5102357268333435 5404
1786502724968 0.5020899176597595 5405
1786502727549 0.5290469527244568 5406
1786502730130 0.5053483247756958 5407
1786502732711 0.526421070098877 5408
1786502735292 0.5130674839019775 5409
1786502737876 0.5072243809700012 5410
1786502740457 0.5134416222572327 5411
1786502743037 0.5064992308616638 5412
1786502745617 0.4867823123931885 5413
1786502748197 0.5180556774139404 5414
1786502750780 0.5185546278953552 5415
1786502753363 0.5113837122917175 5416
1786502755944 0.544045090675354 5417
1786502758528 0.5387303233146667 5418
1786502761113 0.5254207849502563 5419
1786502763701 0.4996817111968994 5420
1786502766287 0.4951230585575104 5421
1786502768874 0.5135977268218994 5422
1786502771464 0.4980502724647522 5423
1786502774056 0.5352618098258972 5424
1786502776644 0.48987090587615967 5425
1786502779232 0.5360017418861389 5426
1786502781820 0.5382105708122253 5427
1786502784407 0.507658839225769 5428
1786502786995 0.4750645160675049 5429
1786502789582 0.5058417320251465 5430
1786502792170 0.503024697303772 5431
1786502794758 0.5074107050895691 5432
1786502797345 0.5224181413650513 5433
1786502799935 0.5229679942131042 5434
1786502802527 0.5174971222877502 5435
1786502805116 0.5342872142791748 5436
1786502807703 0.48525452613830566 5437
1786502810292 0.5106979608535767 5438
1786502812880 0.5236806869506836 5439
1786502815469 0.5232904553413391 5440
1786502818057 0.52198725938797 5441
1786502820644 0.5220929980278015 5442
1786502823232 0.506573498249054 5443
1786502825821 0.4993201494216919 5444
1786502828409 0.5097420811653137 5445
1786502830997 0.5065228939056396 5446
1786502833586 0.5081344842910767 5447
1786502836172 0.500892698764801 5448
1786502838761 0.5161024928092957 5449
1786502841347 0.4993518590927124 5450
1786502843934 0.49633482098579407 5451
1786502846521 0.509486734867096 5452
1786502849107 0.4984077513217926 5453
1786502851694 0.48206910490989685 5454
1786502854280 0.5328794717788696 5455
1786502856867 0.4916921555995941 5456
1786502859456 0.5486622452735901 5457
1786502862049 0.50516277551651 5458
1786502864636 0.5027025938034058 5459
1786502867225 0.49382051825523376 5460
1786502869812 0.5261609554290771 5461
1786502872397 0.49827831983566284 5462
1786502874978 0.5676851272583008 5463
1786502877559 0.4793768525123596 5464
1786502880139 0.5421961545944214 5465
1786502882720 0.5232004523277283 5466
1786502885300 0.5226776599884033 5467
1786502887882 0.5169680714607239 5468
1786502890464 0.5565185546875 5469
1786502893046 0.5050906538963318 5470
1786502895628 0.5355677008628845 5471
1786502898209 0.5159865021705627 5472
1786502900790 0.5414190292358398 5473
1786502903371 0.48021548986434937 5474
1786502905952 0.5139709711074829 5475
1786502908532 0.48959797620773315 5476
1786502911112 0.5027358531951904 5477
1786502913693 0.5009461641311646 5478
1786502916275 0.5037832260131836 5479
1786502918856 0.5154916644096375 5480
1786502921437 0.4908249080181122 5481
1786502924019 0.5494981408119202 5482
1786502926600 0.4884740710258484 5483
1786502929183 0.5169563889503479 5484
1786502931764 0.5659772753715515 5485
1786502934345 0.481990247964859 5486
1786502936929 0.5240435004234314 5487
1786502939512 0.4758870303630829 5488
1786502942095 0.5054459571838379 5489
1786502944677 0.5014795064926147 5490
1786502947258 0.5164656639099121 5491
1786502949843 0.4977501332759857 5492
1786502952425 0.49292632937431335 5493
1786502955006 0.5108821988105774 5494
1786502957587 0.4794510304927826 5495
1786502960169 0.49958205223083496 5496
1786502962750 0.4981535077095032 5497
1786502965336 0.4930064082145691 5498
1786502967925 0.49636659026145935 5499
1786502971920 0.5183523297309875 5500
1786502974506 0.4835160970687866 5501
1786502977092 0.46788644790649414 5502
1786502979675 0.4693511724472046 5503
1786502982263 0.48274698853492737 5504
1786502984854 0.507360577583313 5505
1786502987444 0.5313407182693481 5506
1786502990031 0.504996120929718 5507
1786502992618 0.5188100337982178 5508
1786502995205 0.5060407519340515 5509
1786502997792 0.5268763899803162 5510
1786503000379 0.5271944999694824 5511
1786503002968 0.48049962520599365 5512
1786503005554 0.5064316987991333 5513
1786503008141 0.5013267397880554 5514
1786503010729 0.5333435535430908 5515
1786503013316 0.49697190523147583 5516
1786503015904 0.5428448915481567 5517
1786503018490 0.4988428056240082 5518
1786503021077 0.5317295789718628 5519
1786503023666 0.5073952674865723 5520
1786503026253 0.5096808671951294 5521
1786503028839 0.48640426993370056 5522
1786503031427 0.5433254837989807 5523
1786503034015 0.4765070080757141 5524
1786503036603 0.5082653164863586 5525
1786503039190 0.48357656598091125 5526
1786503041775 0.5148909687995911 5527
1786503044356 0.5380212068557739 5528
1786503046936 0.5066018104553223 5529
1786503049517 0.505328357219696 5530
1786503052097 0.5499629974365234 5531
1786503054679 0.4754182994365692 5532
1786503057265 0.505531907081604 5533
1786503059845 0.4816270172595978 5534
1786503062426 0.48656556010246277 5535
1786503065006 0.4990426301956177 5536
1786503067587 0.484895259141922 5537
1786503070167 0.5290650725364685 5538
1786503072748 0.5109418630599976 5539
1786503075328 0.571211040019989 5540
1786503077907 0.5184071063995361 5541
1786503080486 0.49969756603240967 5542
1786503083069 0.5108679533004761 5543
1786503085649 0.5189111232757568 5544
1786503088228 0.5155881643295288 5545
1786503090813 0.5051568150520325 5546
1786503093396 0.49542924761772156 5547
1786503095978 0.49723565578460693 5548
1786503098557 0.4757486879825592 5549
1786503101136 0.5405427813529968 5550
1786503103714 0.5183066725730896 5551
1786503106292 0.5257478356361389 5552
1786503108869 0.504077136516571 5553
1786503111447 0.5499772429466248 5554
1786503114025 0.4933445155620575 5555
1786503116612 0.5249990224838257 5556
1786503119194 0.5015734434127808 5557
1786503121777 0.4836782217025757 5558
1786503124360 0.507534384727478 5559
1786503126949 0.535537600517273 5560
1786503129541 0.5007748007774353 5561
1786503132132 0.492372989654541 5562
1786503134725 0.5146306753158569 5563
1786503137308 0.4768640697002411 5564
1786503139888 0.4908222556114197 5565
1786503142466 0.49112358689308167 5566
1786503145044 0.5246985554695129 5567
1786503147624 0.4792023003101349 5568
1786503150206 0.5262905955314636 5569
1786503152790 0.5196607708930969 5570
1786503155379 0.47266891598701477 5571
1786503157970 0.5274035930633545 5572
1786503160559 0.47732171416282654 5573
1786503163143 0.5181237459182739 5574
1786503165726 0.49904441833496094 5575
1786503168307 0.5340443849563599 5576
1786503170885 0.5268262624740601 5577
1786503173461 0.49175429344177246 5578
1786503176037 0.5481395721435547 5579
1786503178614 0.5072852373123169 5580
1786503181190 0.49839892983436584 5581
1786503183766 0.5003348588943481 5582
1786503186343 0.49123314023017883 5583
1786503188919 0.5046079158782959 5584
1786503191495 0.5010713338851929 5585
1786503194072 0.4982980787754059 5586
1786503196649 0.512343168258667 5587
1786503199226 0.5122056007385254 5588
1786503201803 0.5362772345542908 5589
1786503204379 0.5344679355621338 5590
1786503206956 0.48945289850234985 5591
1786503209532 0.5140529870986938 5592
1786503212111 0.4970075190067291 5593
1786503214690 0.5215680003166199 5594
1786503217272 0.5546809434890747 5595
1786503219860 0.5160132646560669 5596
1786503222445 0.509311854839325 5597
1786503225031 0.5096337199211121 5598
1786503227616 0.5310856699943542 5599
1786503230202 0.48618191480636597 5600
1786503232790 0.5271019339561462 5601
1786503235375 0.4851541519165039 5602
1786503237964 0.5159288048744202 5603
1786503240557 0.5044098496437073 5604
1786503243146 0.5169057250022888 5605
1786503245733 0.5115304589271545 5606
1786503248320 0.5142965912818909 5607
1786503250903 0.4985032379627228 5608
1786503253486 0.5241819620132446 5609
1786503256070 0.48298850655555725 5610
1786503258654 0.5303732752799988 5611
1786503261238 0.47032034397125244 5612
1786503263819 0.5194157958030701 5613
1786503266400 0.48159950971603394 5614
1786503268980 0.5023368000984192 5615
1786503271564 0.48940736055374146 5616
1786503274148 0.4715575575828552 5617
1786503276735 0.49726051092147827 5618
1786503279321 0.49189475178718567 5619
1786503281912 0.4966334104537964 5620
1786503284499 0.5238242149353027 5621
1786503287087 0.47663918137550354 5622
1786503289676 0.5264297127723694 5623
1786503292262 0.47994494438171387 5624
1786503294844 0.5535182356834412 5625
1786503297425 0.4758859872817993 5626
1786503300008 0.5068069100379944 5627
1786503302588 0.5150442719459534 5628
1786503305171 0.5012425780296326 5629
1786503307753 0.491402268409729 5630
1786503310334 0.516978919506073 5631
1786503312916 0.48747169971466064 5632
1786503315497 0.5168792605400085 5633
1786503318078 0.5418986082077026 5634
1786503320658 0.48470890522003174 5635
1786503323239 0.5088549256324768 5636
1786503325820 0.5127153992652893 5637
1786503328401 0.49630260467529297 5638
1786503330984 0.5057953596115112 5639
1786503333564 0.5094358921051025 5640
1786503336145 0.4968007802963257 5641
1786503338727 0.49116382002830505 5642
1786503341318 0.48530489206314087 5643
1786503343906 0.5093021392822266 5644
1786503346493 0.49928972125053406 5645
1786503349080 0.5123898983001709 5646
1786503351669 0.48657456040382385 5647
1786503354255 0.5136581063270569 5648
1786503356851 0.5001777410507202 5649
1786503359446 0.4823267459869385 5650
1786503362042 0.5000139474868774 5651
1786503364641 0.5054986476898193 5652
1786503367233 0.49555251002311707 5653
1786503369815 0.4846721887588501 5654
1786503372396 0.48466163873672485 5655
1786503374978 0.5152173638343811 5656
1786503377560 0.5017996430397034 5657
1786503380140 0.5591792464256287 5658
1786503382724 0.4880710244178772 5659
1786503385307 0.5101702213287354 5660
1786503387891 0.4928915500640869 5661
1786503390476 0.5450823307037354 5662
1786503393065 0.4924616515636444 5663
1786503395653 0.5219051241874695 5664
1786503398241 0.5002813935279846 5665
1786503400828 0.5484429597854614 5666
1786503403416 0.5130295157432556 5667
1786503406002 0.49994122982025146 5668
1786503408589 0.5245970487594604 5669
1786503411176 0.48854419589042664 5670
1786503413764 0.4835937023162842 5671
1786503416352 0.48500141501426697 5672
1786503418938 0.5012403130531311 5673
1786503421525 0.5120976567268372 5674
1786503424111 0.5097265839576721 5675
1786503426698 0.4883609116077423 5676
1786503429290 0.5028242468833923 5677
1786503431873 0.519373893737793 5678
1786503434456 0.4890405833721161 5679
1786503437042 0.5184460878372192 5680
1786503439628 0.5591102242469788 5681
1786503442216 0.500421404838562 5682
1786503444804 0.5196972489356995 5683
1786503447392 0.5409403443336487 5684
1786503449978 0.5336843132972717 5685
1786503452570 0.5547972321510315 5686
1786503455161 0.5082990527153015 5687
1786503457747 0.5955119729042053 5688
1786503460328 0.5024045705795288 5689
1786503462909 0.5565569996833801 5690
1786503465490 0.4798831343650818 5691
1786503468070 0.5490886569023132 5692
1786503470651 0.48559871315956116 5693
1786503473232 0.5311341285705566 5694
1786503475815 0.5100422501564026 5695
1786503478397 0.4856207072734833 5696
1786503480978 0.48214250802993774 5697
1786503483560 0.5145970582962036 5698
1786503486141 0.5494419932365417 5699
1786503488721 0.5343705415725708 5700
1786503491301 0.5203714966773987 5701
1786503493881 0.5810266137123108 5702
1786503496462 0.5258952975273132 5703
1786503499042 0.5080706477165222 5704
1786503501621 0.49712905287742615 5705
1786503504201 0.48900943994522095 5706
1786503506782 0.49196940660476685 5707
1786503509363 0.48160475492477417 5708
1786503511944 0.5069588422775269 5709
1786503514525 0.5378686189651489 5710
1786503517107 0.49464574456214905 5711
1786503519688 0.5145562291145325 5712
1786503522271 0.5434011816978455 5713
1786503524854 0.487253338098526 5714
1786503527437 0.5307732224464417 5715
1786503530021 0.533085286617279 5716
1786503532604 0.5542640686035156 5717
1786503535189 0.5405375957489014 5718
1786503537777 0.5413716435432434 5719
1786503540364 0.5263513326644897 5720
1786503542953 0.4811890125274658 5721
1786503545540 0.5166967511177063 5722
1786503548128 0.4830843210220337 5723
1786503550716 0.5345001816749573 5724
1786503553303 0.5174442529678345 5725
1786503555890 0.48699837923049927 5726
1786503558480 0.5229588747024536 5727
1786503561072 0.5071849822998047 5728
1786503563659 0.5176506042480469 5729
1786503566247 0.4788074791431427 5730
1786503568834 0.5051995515823364 5731
1786503571417 0.49033087491989136 5732
1786503573999 0.4798060953617096 5733
1786503576579 0.49638426303863525 5734
1786503579160 0.5119869709014893 5735
1786503581740 0.4876956045627594 5736
1786503584321 0.49948200583457947 5737
1786503586901 0.4919675886631012 5738
1786503589487 0.4978860020637512 5739
1786503592071 0.48633062839508057 5740
1786503594654 0.5440235137939453 5741
1786503597243 0.5035454630851746 5742
1786503599831 0.5271223187446594 5743
1786503602419 0.49332255125045776 5744
1786503605006 0.5492857098579407 5745
1786503607599 0.5016930103302002 5746
1786503610180 0.5078344345092773 5747
1786503612762 0.5169556736946106 5748
1786503615350 0.5302542448043823 5749
1786503617937 0.5570788979530334 5750
1786503620523 0.5544207096099854 5751
1786503623115 0.5561001300811768 5752
1786503625704 0.4895194172859192 5753
1786503628295 0.6128817796707153 5754
1786503630883 0.5080419182777405 5755
1786503633472 0.6597693562507629 5756
1786503636067 0.4995560646057129 5757
1786503638658 0.566280722618103 5758
1786503641249 0.508859395980835 5759
1786503643852 0.5275803804397583 5760
1786503646448 0.508806586265564 5761
1786503649039 0.5153397917747498 5762
1786503651630 0.4937077760696411 5763
1786503654221 0.525402843952179 5764
1786503656815 0.5080865025520325 5765
1786503659398 0.5182179808616638 5766
1786503661978 0.5031570792198181 5767
1786503664564 0.5100303888320923 5768
1786503667146 0.47926071286201477 5769
1786503669728 0.5196595191955566 5770
1786503672307 0.49271222949028015 5771
1786503674887 0.4903618097305298 5772
1786503677467 0.4896937608718872 5773
1786503680048 0.5123274922370911 5774
1786503682628 0.5032974481582642 5775
1786503685208 0.49021437764167786 5776
1786503687790 0.5039073824882507 5777
1786503690371 0.47670498490333557 5778
1786503692954 0.5030205249786377 5779
1786503695535 0.4782770574092865 5780
1786503698116 0.5172542929649353 5781
1786503700698 0.48828262090682983 5782
1786503703279 0.5056129097938538 5783
1786503705860 0.4844607710838318 5784
1786503708444 0.49244633316993713 5785
1786503711028 0.4705345630645752 5786
1786503713610 0.5283511281013489 5787
1786503716191 0.45486199855804443 5788
1786503718773 0.4856439232826233 5789
1786503721354 0.4712250828742981 5790
1786503723935 0.5198596119880676 5791
1786503726517 0.5061724781990051 5792
1786503729099 0.48235243558883667 5793
1786503731679 0.49530208110809326 5794
1786503734263 0.504136860370636 5795
1786503736843 0.5248481631278992 5796
1786503739424 0.49382084608078003 5797
1786503742004 0.4938453435897827 5798
1786503744584 0.5105250477790833 5799
1786503747164 0.4964919686317444 5800
1786503749744 0.5254685282707214 5801
1786503752325 0.4796031713485718 5802
1786503754905 0.478569358587265 5803
1786503757486 0.47952699661254883 5804
1786503760066 0.4931699335575104 5805
1786503762646 0.5285708904266357 5806
1786503765226 0.5074723362922668 5807
1786503767807 0.5296474695205688 5808
1786503770389 0.5074843168258667 5809
1786503772971 0.5055859684944153 5810
1786503775552 0.5110960006713867 5811
1786503778134 0.5072508454322815 5812
1786503780715 0.4991128742694855 5813
1786503783295 0.5006423592567444 5814
1786503785876 0.5209025144577026 5815
1786503788457 0.5181605219841003 5816
1786503791039 0.4888077974319458 5817
1786503793621 0.5064824819564819 5818
1786503796198 0.505990743637085 5819
1786503798775 0.49264979362487793 5820
1786503801351 0.5253022909164429 5821
1786503803928 0.4934910535812378 5822
1786503806505 0.5390366315841675 5823
1786503809082 0.5127745270729065 5824
1786503811658 0.523845374584198 5825
1786503814235 0.5098562240600586 5826
1786503816811 0.4748954176902771 5827
1786503819391 0.49118518829345703 5828
1786503821972 0.5132300853729248 5829
1786503824553 0.4887165129184723 5830
1786503827134 0.47750356793403625 5831
1786503829716 0.5151993036270142 5832
1786503832297 0.5113903880119324 5833
1786503834878 0.5010280013084412 5834
1786503837461 0.514655351638794 5835
1786503840044 0.4758131802082062 5836
1786503842633 0.5063335299491882 5837
1786503845214 0.5208263993263245 5838
1786503847796 0.5207216739654541 5839
1786503850384 0.4877704381942749 5840
1786503852966 0.5013949871063232 5841
1786503855549 0.48515254259109497 5842
1786503858138 0.5303346514701843 5843
1786503860726 0.4867614507675171 5844
1786503863312 0.534904956817627 5845
1786503865894 0.5166225433349609 5846
1786503868475 0.5611413717269897 5847
1786503871057 0.54060959815979 5848
1786503873640 0.5683670043945312 5849
1786503876221 0.5057075619697571 5850
1786503878802 0.5846218466758728 5851
1786503881386 0.5268149375915527 5852
1786503883969 0.5465882420539856 5853
1786503886552 0.5344870090484619 5854
1786503889139 0.5173355340957642 5855
1786503891723 0.5677424669265747 5856
1786503894304 0.5485445261001587 5857
1786503896885 0.5366221070289612 5858
1786503899465 0.5041362643241882 5859
1786503902046 0.530906081199646 5860
1786503904626 0.5162091255187988 5861
1786503907206 0.5124253630638123 5862
1786503909790 0.49648454785346985 5863
1786503912370 0.4981957674026489 5864
1786503914950 0.4955434501171112 5865
1786503917529 0.46959853172302246 5866
1786503920110 0.4998577833175659 5867
1786503922693 0.48884233832359314 5868
1786503925274 0.5365604758262634 5869
1786503927854 0.5546252131462097 5870
1786503930435 0.507013738155365 5871
1786503933016 0.48549774289131165 5872
1786503935601 0.5166789293289185 5873
1786503938187 0.5066545009613037 5874
1786503940768 0.579468846321106 5875
1786503943349 0.5294491052627563 5876
1786503945929 0.5499419569969177 5877
1786503948508 0.532947838306427 5878
1786503951091 0.5355259776115417 5879
1786503953676 0.9938787817955017 5880
1786503956261 0.5256564617156982 5881
1786503958843 0.5041985511779785 5882
1786503961428 0.5383887887001038 5883
1786503964009 0.5094284415245056 5884
1786503966589 0.5202817320823669 5885
1786503969171 0.5227646231651306 5886
1786503971752 0.5223253965377808 5887
1786503974333 0.5417590737342834 5888
1786503976914 0.5021293759346008 5889
1786503979494 0.524690568447113 5890
1786503982077 0.5091077089309692 5891
1786503984659 0.4963182508945465 5892
1786503987250 0.525021493434906 5893
1786503989831 0.5188553333282471 5894
1786503992413 0.54441899061203 5895
1786503994998 0.4870922863483429 5896
1786503997580 0.5430524349212646 5897
1786504000163 0.5206285119056702 5898
1786504002746 0.4980926215648651 5899
1786504005327 0.5131813287734985 5900
1786504007909 0.5128489136695862 5901
1786504010496 0.5014792680740356 5902
1786504013087 0.5079067945480347 5903
1786504015672 0.5050032734870911 5904
1786504018254 0.5219665765762329 5905
1786504020836 0.5089440941810608 5906
1786504023418 0.5271137952804565 5907
1786504026001 0.5182480812072754 5908
1786504028582 0.5014894604682922 5909
1786504031165 0.4978089928627014 5910
1786504033746 0.5337055325508118 5911
1786504036327 0.5013349652290344 5912
1786504038908 0.5852710604667664 5913
1786504041490 0.5226221084594727 5914
1786504044072 0.5473347902297974 5915
1786504046655 0.5073662400245667 5916
1786504049236 0.5842264890670776 5917
1786504051819 0.5010725855827332 5918
1786504054401 0.5421468615531921 5919
1786504056983 0.5056292414665222 5920
1786504059565 0.5668164491653442 5921
1786504062146 0.5239039659500122 5922
1786504064727 0.5245516300201416 5923
1786504067309 0.48313215374946594 5924
1786504069890 0.5261810421943665 5925
1786504072471 0.5037258863449097 5926
1786504075052 0.5228315591812134 5927
1786504077633 0.5327165126800537 5928
1786504080214 0.48790496587753296 5929
1786504082795 0.4895673096179962 5930
1786504085377 0.5392263531684875 5931
1786504087959 0.5648154020309448 5932
1786504090541 0.4978668689727783 5933
1786504093121 0.47093793749809265 5934
1786504095702 0.4823266267776489 5935
1786504098283 0.5086032152175903 5936
1786504100864 0.4926343262195587 5937
1786504103444 0.5412763357162476 5938
1786504106026 0.5444109439849854 5939
1786504108607 0.5015121698379517 5940
1786504111188 0.4972761571407318 5941
1786504113769 0.5289983153343201 5942
1786504116350 0.4880176782608032 5943
1786504118932 0.5307241082191467 5944
1786504121514 0.4942304491996765 5945
1786504124095 0.5105509757995605 5946
1786504126679 0.5269702076911926 5947
1786504129260 0.534680962562561 5948
1786504131841 0.4966570734977722 5949
1786504134425 0.519176721572876 5950
1786504137005 0.47210344672203064 5951
1786504139582 0.5225797891616821 5952
1786504142164 0.4784308075904846 5953
1786504144745 0.5268917679786682 5954
1786504147326 0.5018268823623657 5955
1786504149907 0.5095951557159424 5956
1786504152487 0.4984472990036011 5957
1786504155063 0.5144526958465576 5958
1786504157639 0.5071914792060852 5959
1786504160216 0.5221424102783203 5960
1786504162791 0.4948666989803314 5961
1786504165367 0.5176501274108887 5962
1786504167945 0.5260035991668701 5963
1786504170521 0.4882892966270447 5964
1786504173098 0.4988879859447479 5965
1786504175675 0.49889254570007324 5966
1786504178253 0.4839978516101837 5967
1786504180829 0.5021191239356995 5968
1786504183406 0.49761638045310974 5969
1786504185982 0.5271859169006348 5970
1786504188560 0.5160993337631226 5971
1786504191138 0.5010146498680115 5972
1786504193718 0.549211859703064 5973
1786504196295 0.4771850109100342 5974
1786504198872 0.5098403692245483 5975
1786504201448 0.48410218954086304 5976
1786504204029 0.5120093822479248 5977
1786504206610 0.529224157333374 5978
1786504209192 0.5091590881347656 5979
1786504211773 0.5146557688713074 5980
1786504214354 0.5185189247131348 5981
1786504216936 0.5094525814056396 5982
1786504219516 0.4976153075695038 5983
1786504222097 0.5526110529899597 5984
1786504224678 0.47294995188713074 5985
1786504227260 0.5472722053527832 5986
1786504229840 0.5380042195320129 5987
1786504232422 0.48551541566848755 5988
1786504235002 0.5288062691688538 5989
1786504237584 0.49403950572013855 5990
1786504240168 0.4919656217098236 5991
1786504242755 0.5067209005355835 5992
1786504245335 0.49756038188934326 5993
1786504247919 0.5005776882171631 5994
1786504250503 1.7150176763534546 5995
1786504253083 0.5378596782684326 5996
1786504255664 0.5386679768562317 5997
1786504258246 0.49064698815345764 5998
1786504260827 0.5224774479866028 5999
1786504265453 0.4990757703781128 6000
1786504268033 0.6216745376586914 6001
1786504270614 0.510577917098999 6002
1786504273194 0.5434120893478394 6003
1786504275775 0.5038694739341736 6004
1786504278355 0.5344999432563782 6005
1786504280937 0.5239524245262146 6006
1786504283522 0.8583762645721436 6007
1786504286103 0.550493061542511 6008
1786504288684 0.4955592751502991 6009
1786504291265 0.58672696352005 6010
1786504293848 0.5001043677330017 6011
1786504296429 0.5201789736747742 6012
1786504299010 0.5030384659767151 6013
1786504301591 0.568173348903656 6014
1786504304173 0.5333999395370483 6015
1786504306752 0.5561037659645081 6016
1786504309333 0.5664437413215637 6017
1786504311912 0.524785041809082 6018
1786504314495 0.5373651385307312 6019
1786504317074 0.6282090544700623 6020
1786504319654 0.5400499701499939 6021
1786504322234 0.5342316627502441 6022
1786504324816 0.5237085819244385 6023
1786504327396 0.5067598223686218 6024
1786504329976 0.533695638179779 6025
1786504332558 0.7668307423591614 6026
1786504335140 0.6041585206985474 6027
1786504337722 0.5517762303352356 6028
1786504340303 0.5184627175331116 6029
1786504342884 0.5343354344367981 6030
1786504345467 0.5238801836967468 6031
1786504348049 0.5261193513870239 6032
1786504350629 0.5356106162071228 6033
1786504353209 0.5725229978561401 6034
1786504355789 0.5327001214027405 6035
1786504358371 0.5166383385658264 6036
1786504360953 0.5079600811004639 6037
1786504363534 0.5966861248016357 6038
1786504366115 0.544268786907196 6039
1786504368696 0.5499445796012878 6040
1786504371282 0.5277605056762695 6041
1786504373863 0.5299006700515747 6042
1786504376443 0.5533736348152161 6043
1786504379025 0.537241518497467 6044
1786504381607 0.5406382083892822 6045
1786504384189 0.5967110991477966 6046
1786504386772 0.5645526647567749 6047
1786504389354 0.5741613507270813 6048
1786504391936 0.5797359943389893 6049
1786504394517 0.5573578476905823 6050
1786504397098 0.5778010487556458 6051
1786504399680 0.5471471548080444 6052
1786504402261 0.5206250548362732 6053
1786504404843 0.5444520115852356 6054
1786504407427 0.521449863910675 6055
1786504410008 0.5513262748718262 6056
1786504412591 0.5236168503761292 6057
1786504415172 0.5505507588386536 6058
1786504417754 0.48640337586402893 6059
1786504420336 0.5449559092521667 6060
1786504422916 0.5076940059661865 6061
1786504425496 0.5412372946739197 6062
1786504428076 0.4990506172180176 6063
1786504430658 0.5384371280670166 6064
1786504433238 0.5722731947898865 6065
1786504435820 0.5192272067070007 6066
1786504438402 0.5283021330833435 6067
1786504440983 0.5150650143623352 6068
1786504443562 0.5460614562034607 6069
1786504446144 0.5028656125068665 6070
1786504448725 0.5285871624946594 6071
1786504451305 0.4999832808971405 6072
1786504453885 0.4834122359752655 6073
1786504456467 0.4975205957889557 6074
1786504459047 0.49673983454704285 6075
1786504461628 0.48418182134628296 6076
1786504464209 0.4973384439945221 6077
1786504466791 0.4913274347782135 6078
1786504469373 0.4841443598270416 6079
1786504471954 0.4761215150356293 6080
1786504474535 0.49852415919303894 6081
1786504477116 0.4898064136505127 6082
1786504479700 0.6747761964797974 6083
1786504482281 0.48692649602890015 6084
1786504484863 0.49131476879119873 6085
1786504487445 0.5169028043746948 6086
1786504490028 0.4860812723636627 6087
1786504492612 0.5129920840263367 6088
1786504495194 0.49990084767341614 6089
1786504497776 0.5405113101005554 6090
1786504500358 0.5124734044075012 6091
1786504502940 0.5024933815002441 6092
1786504505534 0.48245877027511597 6093
1786504508119 0.5015396475791931 6094
1786504510708 0.5038430690765381 6095
1786504513294 0.5164258480072021 6096
1786504515876 0.5290074348449707 6097
1786504518457 0.49485963582992554 6098
1786504521039 0.5897209048271179 6099
1786504523620 0.5275689363479614 6100
1786504526201 0.5400397777557373 6101
1786504528783 0.5089877843856812 6102
1786504531366 0.5366009473800659 6103
1786504533948 0.5081385970115662 6104
1786504536531 0.5010159611701965 6105
1786504539114 0.5415706634521484 6106
1786504541695 0.5098586678504944 6107
1786504544278 0.5079153776168823 6108
1786504546859 0.5054569244384766 6109
1786504549442 0.5142408609390259 6110
1786504552024 0.5034260749816895 6111
1786504554605 0.4964572787284851 6112
1786504557186 0.5231650471687317 6113
1786504559767 0.5066750645637512 6114
1786504562348 0.49384042620658875 6115
1786504564928 0.5237918496131897 6116
1786504567509 0.5100821256637573 6117
1786504570090 0.5648645162582397 6118
1786504572671 0.5309025049209595 6119
1786504575252 0.5360985398292542 6120
1786504577834 0.5339803099632263 6121
1786504580415 0.5485820174217224 6122
1786504582997 0.5502093434333801 6123
1786504585578 0.5892720818519592 6124
1786504588158 0.5376470685005188 6125
1786504590739 0.5173608064651489 6126
1786504593320 0.527396559715271 6127
1786504595902 0.5489097833633423 6128
1786504598483 0.504513680934906 6129
1786504601064 0.5357704162597656 6130
1786504603646 0.4867326319217682 6131
1786504606229 0.5416072010993958 6132
1786504608812 0.5296510457992554 6133
1786504611396 0.5332236289978027 6134
1786504613982 0.5128985047340393 6135
1786504616564 0.5083588361740112 6136
1786504619145 0.530336856842041 6137
1786504621723 0.5451115369796753 6138
1786504624303 0.5059918761253357 6139
1786504626883 0.5796611905097961 6140
1786504629463 0.4992275536060333 6141
1786504632044 0.5652740597724915 6142
1786504634625 0.5081369280815125 6143
1786504637207 0.5368770360946655 6144
1786504639788 0.5127654671669006 6145
1786504642369 0.5196967720985413 6146
1786504644948 0.5342633724212646 6147
1786504647529 0.5137874484062195 6148
1786504650109 0.4773087501525879 6149
1786504652690 0.5328396558761597 6150
1786504655272 0.505550742149353 6151
1786504657852 0.4730715751647949 6152
1786504660434 0.5056197643280029 6153
1786504663014 0.4944707453250885 6154
1786504665595 0.5143854022026062 6155
1786504668176 0.5013881921768188 6156
1786504670760 0.5045298337936401 6157
1786504673342 0.5126036405563354 6158
1786504675927 0.5382446050643921 6159
1786504678508 0.5312591195106506 6160
1786504681088 0.5473923683166504 6161
1786504683668 0.49268341064453125 6162
1786504686246 0.4911467134952545 6163
1786504688822 1.2873181104660034 6164
1786504691398 0.4876254200935364 6165
1786504693975 0.5060446262359619 6166
1786504696551 0.4896531105041504 6167
1786504699128 0.556929886341095 6168
1786504701704 0.5836825370788574 6169
1786504704280 0.5253725051879883 6170
1786504706857 0.49032580852508545 6171
1786504709434 0.5534294843673706 6172
1786504712011 0.4996640682220459 6173
1786504714587 0.5396916270256042 6174
1786504717164 0.4886227548122406 6175
1786504719741 0.5187273621559143 6176
1786504722317 0.47532618045806885 6177
1786504724894 0.5044127106666565 6178
1786504727470 0.4896043837070465 6179
1786504730048 0.4775693714618683 6180
1786504732631 0.4829998314380646 6181
1786504735217 0.5017445087432861 6182
1786504737799 0.5012248754501343 6183
1786504740382 0.5052324533462524 6184
1786504742964 0.5010544657707214 6185
1786504745546 0.511482298374176 6186
1786504748130 0.5381033420562744 6187
1786504750712 0.4845324754714966 6188
1786504753294 0.5488369464874268 6189
1786504755876 0.4712531268596649 6190
1786504758457 0.5104300379753113 6191
1786504761039 0.47889870405197144 6192
1786504763620 0.5101322531700134 6193
1786504766201 0.5059407353401184 6194
1786504768782 0.49067506194114685 6195
1786504771362 0.5169548392295837 6196
1786504773944 0.5344645380973816 6197
1786504776525 0.5102347135543823 6198
1786504779105 0.5559026002883911 6199
1786504781686 0.5080811381340027 6200
1786504784268 0.5141361355781555 6201
1786504786848 8.331690788269043 6202
1786504789430 0.6791296005249023 6203
1786504792011 0.5363209843635559 6204
1786504794591 0.6081857681274414 6205
1786504797175 0.505054771900177 6206
1786504799757 0.5587911605834961 6207
1786504802336 0.6024037003517151 6208
1786504804918 0.6050938367843628 6209
1786504807501 0.5592706799507141 6210
1786504810081 0.5483828186988831 6211
1786504812662 0.5837970972061157 6212
1786504815243 0.5990355610847473 6213
1786504817824 0.5585677027702332 6214
1786504820404 0.49451538920402527 6215
1786504822985 0.5410484671592712 6216
1786504825565 0.5941433310508728 6217
1786504828146 0.5147045850753784 6218
1786504830727 0.6114988923072815 6219
1786504833308 0.5216531753540039 6220
1786504835889 0.5320625901222229 6221
1786504838472 0.5472135543823242 6222
1786504841054 0.5249797701835632 6223
1786504843634 0.5583834052085876 6224
1786504846216 0.5398046374320984 6225
1786504848798 0.5350382328033447 6226
1786504851385 0.498343825340271 6227
1786504853973 0.5395119190216064 6228
1786504856555 0.5344481468200684 6229
1786504859138 0.5654131770133972 6230
1786504861721 0.529116153717041 6231
1786504864304 0.52480149269104 6232
1786504866888 0.5474196076393127 6233
1786504869471 0.540617048740387 6234
1786504872053 0.5468065738677979 6235
1786504874634 0.5585390329360962 6236
1786504877214 0.570966362953186 6237
1786504879797 0.5554385185241699 6238
1786504882377 0.5465429425239563 6239
1786504884956 0.5135601758956909 6240
1786504887537 0.504054069519043 6241
1786504890120 0.6523863077163696 6242
1786504892698 0.5324265956878662 6243
1786504895274 0.5186877250671387 6244
1786504897850 0.5127744674682617 6245
1786504900426 0.49884894490242004 6246
1786504903002 0.5414745807647705 6247
1786504905579 0.487692266702652 6248
1786504908155 0.5153400897979736 6249
1786504910731 0.5226308107376099 6250
1786504913307 0.5169202089309692 6251
1786504915885 0.5221184492111206 6252
1786504918461 0.5610155463218689 6253
1786504921036 0.5189696550369263 6254
1786504923612 0.5671252012252808 6255
1786504926189 0.5129748582839966 6256
1786504928765 0.5495876669883728 6257
1786504931341 0.5061781406402588 6258
1786504933917 0.5205863118171692 6259
1786504936494 0.47591134905815125 6260
1786504939068 0.51234370470047 6261
1786504941642 0.5018048882484436 6262
1786504944219 0.48272430896759033 6263
1786504946799 0.5352739691734314 6264
1786504949379 0.49390289187431335 6265
1786504951959 0.5090794563293457 6266
1786504954539 0.49192869663238525 6267
1786504957119 0.5025882720947266 6268
1786504959699 0.48315027356147766 6269
1786504962279 0.5032199621200562 6270
1786504964861 0.4793895184993744 6271
1786504967444 0.5193748474121094 6272
1786504970029 0.5758352279663086 6273
1786504972614 0.511252760887146 6274
1786504975195 0.5358670949935913 6275
1786504977778 0.5209258794784546 6276
1786504980361 0.5437009930610657 6277
1786504982943 0.48852208256721497 6278
1786504985525 0.5270178914070129 6279
1786504988109 0.5029139518737793 6280
1786504990690 0.5265306830406189 6281
1786504993272 0.5131552815437317 6282
1786504995853 0.5652891397476196 6283
1786504998435 0.507426381111145 6284
1786505001017 0.5628445148468018 6285
1786505003598 0.5040929913520813 6286
1786505006179 0.5285959839820862 6287
1786505008759 0.5272249579429626 6288
1786505011340 0.51502925157547 6289
1786505013921 0.6272918581962585 6290
1786505016502 0.5032379031181335 6291
1786505019083 0.5236495137214661 6292
1786505021663 0.4869743585586548 6293
1786505024244 0.5129573941230774 6294
1786505026825 0.9616564512252808 6295
1786505029405 0.5116945505142212 6296
1786505031986 0.5308769345283508 6297
1786505034569 0.5172532200813293 6298
1786505037151 0.5751604437828064 6299
1786505039731 0.520961582660675 6300
1786505042311 0.5522067546844482 6301
1786505044891 0.5290727019309998 6302
1786505047472 0.5076987147331238 6303
1786505050052 0.5249467492103577 6304
1786505052632 0.5352055430412292 6305
1786505055213 0.5703436732292175 6306
1786505057794 0.5179070234298706 6307
1786505060375 0.5513808727264404 6308
1786505062956 0.6260172128677368 6309
1786505065540 0.5463780164718628 6310
1786505068126 0.5245086550712585 6311
1786505070710 0.5268422961235046 6312
1786505073292 0.5064432621002197 6313
1786505075873 0.5264416933059692 6314
1786505078455 0.5108431577682495 6315
1786505081036 0.541093647480011 6316
1786505083617 0.48105403780937195 6317
1786505086198 0.504634439945221 6318
1786505088779 0.5143165588378906 6319
1786505091363 0.5289143323898315 6320
1786505093944 0.5127576589584351 6321
1786505096526 0.5771898627281189 6322
1786505099106 0.5184236764907837 6323
1786505101683 0.5480808019638062 6324
1786505104258 0.5079375505447388 6325
1786505106835 0.528294563293457 6326
1786505109411 0.5176693797111511 6327
1786505111992 0.49576929211616516 6328
1786505114571 0.5039830207824707 6329
1786505117147 0.4833981394767761 6330
1786505119722 0.5137309432029724 6331
1786505122298 0.478608101606369 6332
1786505124873 0.5105504393577576 6333
1786505127448 0.5114927291870117 6334
1786505130022 0.4715202748775482 6335
1786505132597 0.5247442126274109 6336
1786505135173 0.5055213570594788 6337
1786505137747 0.4950997233390808 6338
1786505140322 0.5249728560447693 6339
1786505142897 0.4952310025691986 6340
1786505145471 0.5635582208633423 6341
1786505148046 0.49315527081489563 6342
1786505150622 0.530627429485321 6343
1786505153198 0.520458459854126 6344
1786505155774 0.49750950932502747 6345
1786505158350 0.5285216569900513 6346
1786505160926 0.4932813346385956 6347
1786505163504 0.49536797404289246 6348
1786505166081 0.5163727402687073 6349
1786505168657 0.5055457949638367 6350
1786505171232 0.4996943473815918 6351
1786505173810 0.5098503828048706 6352
1786505176385 0.4756931960582733 6353
1786505178961 0.5254849791526794 6354
1786505181542 0.4945901930332184 6355
1786505184126 0.49509280920028687 6356
1786505186709 0.5054530501365662 6357
1786505189291 0.479495644569397 6358
1786505191872 0.5078654289245605 6359
1786505194456 0.48894497752189636 6360
1786505197039 0.535223662853241 6361
1786505199626 0.5047255158424377 6362
1786505202208 0.5101640224456787 6363
1786505204793 0.5052206516265869 6364
1786505207374 0.49990445375442505 6365
1786505209956 0.5196698307991028 6366
1786505212537 0.5520583391189575 6367
1786505215121 0.5202367305755615 6368
1786505217699 0.5005772113800049 6369
1786505220276 0.504225492477417 6370
1786505222852 0.5107499957084656 6371
1786505225432 0.5135667324066162 6372
1786505228010 0.5195603370666504 6373
1786505230591 0.5121766924858093 6374
1786505233174 0.5038528442382812 6375
1786505235756 0.4927595853805542 6376
1786505238336 0.4882407784461975 6377
1786505240916 0.508069634437561 6378
1786505243498 0.49117010831832886 6379
1786505246078 0.5192384719848633 6380
1786505248657 0.5306121706962585 6381
1786505251236 0.5059940218925476 6382
1786505253815 0.5454509258270264 6383
1786505256396 0.5055946707725525 6384
1786505258977 0.5241780877113342 6385
1786505261559 0.5200970768928528 6386
1786505264141 0.49826717376708984 6387
1786505266721 0.505555272102356 6388
1786505269302 0.488141268491745 6389
1786505271882 0.5238403677940369 6390
1786505274465 0.5358313918113708 6391
1786505277046 0.5235384702682495 6392
1786505279627 0.5309914350509644 6393
1786505282207 0.5404353737831116 6394
1786505284788 0.5106673240661621 6395
1786505287369 0.474276065826416 6396
1786505289949 0.5062151551246643 6397
1786505292530 0.49681732058525085 6398
1786505295112 0.48536786437034607 6399
1786505297693 0.5311685800552368 6400
1786505300273 0.48517709970474243 6401
1786505302853 0.5028665661811829 6402
1786505305436 0.49375537037849426 6403
1786505308017 0.5071237087249756 6404
1786505310597 0.4863431453704834 6405
1786505313176 0.5139572024345398 6406
1786505315756 0.4739573001861572 6407
1786505318336 0.5444643497467041 6408
1786505320915 0.4829283654689789 6409
1786505323496 0.5032525062561035 6410
1786505326075 0.5304369330406189 6411
1786505328655 0.5038837194442749 6412
1786505331237 0.5243306159973145 6413
1786505333817 0.5191616415977478 6414
1786505336397 0.5165609121322632 6415
1786505338980 0.5066555738449097 6416
1786505341561 0.5154311060905457 6417
1786505344141 0.5037403106689453 6418
1786505346722 0.542482316493988 6419
1786505349303 0.4944695830345154 6420
1786505351883 0.5131344199180603 6421
1786505354464 0.5308427810668945 6422
1786505357044 0.5378707051277161 6423
1786505359625 0.5183574557304382 6424
1786505362206 0.5152267813682556 6425
1786505364787 0.4954127371311188 6426
1786505367368 0.5311859250068665 6427
1786505369949 0.5020075440406799 6428
1786505372529 0.6026233434677124 6429
1786505375110 0.515475332736969 6430
1786505377691 0.6106427311897278 6431
1786505380272 0.5033283829689026 6432
1786505382852 0.5616781711578369 6433
1786505385432 0.50665682554245 6434
1786505388013 0.5432338714599609 6435
1786505390593 0.5065182447433472 6436
1786505393174 0.5255845189094543 6437
1786505395755 0.5163219571113586 6438
1786505398336 0.5263827443122864 6439
1786505400916 0.5227144956588745 6440
1786505403498 0.5313870906829834 6441
1786505406087 0.5080692768096924 6442
1786505408667 0.5195390582084656 6443
1786505411247 0.5391034483909607 6444
1786505413827 0.564271867275238 6445
1786505416408 0.5709297060966492 6446
1786505418989 0.520720362663269 6447
1786505421569 0.4974360167980194 6448
1786505424152 0.5265841484069824 6449
1786505426733 0.4983426332473755 6450
1786505429316 0.5295471549034119 6451
1786505431897 0.4991402328014374 6452
1786505434479 0.5683967471122742 6453
1786505437062 0.5171932578086853 6454
1786505439643 0.5573273301124573 6455
1786505442226 0.5399224162101746 6456
1786505444807 0.6010231375694275 6457
1786505447389 0.5028971433639526 6458
1786505449973 0.54537034034729 6459
1786505452561 0.5453394055366516 6460
1786505455145 0.5120701193809509 6461
1786505457727 0.6926947236061096 6462
1786505460309 0.5086691379547119 6463
1786505462892 0.5302500128746033 6464
1786505465476 0.530601978302002 6465
1786505468058 0.4866220951080322 6466
1786505470640 0.5160585045814514 6467
1786505473223 0.5308789014816284 6468
1786505475807 0.49072369933128357 6469
1786505478390 0.5095701813697815 6470
1786505480973 0.5056614875793457 6471
1786505483556 0.5104218125343323 6472
1786505486139 0.5058726668357849 6473
1786505488722 0.50399249792099 6474
1786505491305 0.5094289779663086 6475
1786505493890 0.5362333059310913 6476
1786505496475 0.5223191976547241 6477
1786505499059 0.5337094664573669 6478
1786505501641 0.500227153301239 6479
1786505504224 0.5189179182052612 6480
1786505506807 0.517485499382019 6481
1786505509389 0.5255836248397827 6482
1786505511971 0.4888600707054138 6483
1786505514550 0.5109782218933105 6484
1786505517130 0.5205515623092651 6485
1786505519707 0.4828219711780548 6486
1786505522284 0.5206388235092163 6487
1786505524860 0.5345931649208069 6488
1786505527438 0.5109843015670776 6489
1786505530013 0.5420223474502563 6490
1786505532591 0.5240915417671204 6491
1786505535170 0.517865777015686 6492
1786505537747 0.5126419067382812 6493
1786505540325 0.5362209677696228 6494
1786505542902 0.48944616317749023 6495
1786505545485 0.49428749084472656 6496
1786505548067 0.5055482983589172 6497
1786505550649 0.4918639659881592 6498
1786505553232 0.5122047662734985 6499
1786505557208 0.5405666828155518 6500
1786505559789 0.5475021600723267 6501
1786505562371 0.4959089159965515 6502
1786505564953 0.5297783017158508 6503
1786505567535 0.6103375554084778 6504
1786505570118 0.5017755031585693 6505
1786505572700 0.5399486422538757 6506
1786505575281 0.5144850015640259 6507
1786505577865 0.5228526592254639 6508
1786505580446 0.48293614387512207 6509
1786505583027 0.5202738642692566 6510
1786505585608 0.4794481694698334 6511
1786505588189 0.5257895588874817 6512
1786505590771 0.5133171081542969 6513
1786505593354 0.5172238945960999 6514
1786505595936 0.5159456729888916 6515
1786505598518 0.521671712398529 6516
1786505601100 0.5543703436851501 6517
1786505603682 0.5034793615341187 6518
1786505606264 0.5390056371688843 6519
1786505608846 0.5178907513618469 6520
1786505611428 0.5087189078330994 6521
1786505614010 0.4773002862930298 6522
1786505616595 0.5337833166122437 6523
1786505619180 0.48014047741889954 6524
1786505621765 0.5145513415336609 6525
1786505624348 0.4972315728664398 6526
1786505626931 0.4678453207015991 6527
1786505629514 0.5286710262298584 6528
1786505632097 0.5072409510612488 6529
1786505634679 0.5107614994049072 6530
1786505637262 0.5059034824371338 6531
1786505639848 0.521634578704834 6532
1786505642430 0.5025452971458435 6533
1786505645012 0.5354558825492859 6534
1786505647595 0.48883816599845886 6535
1786505650176 0.4888780117034912 6536
1786505652759 0.5002572536468506 6537
1786505655345 0.4955788850784302 6538
1786505657934 0.4886414110660553 6539
1786505660525 0.5571265816688538 6540
1786505663107 0.49629607796669006 6541
1786505665689 0.5123427510261536 6542
1786505668270 0.5085862874984741 6543
1786505670852 0.5017262697219849 6544
1786505673434 0.5192286372184753 6545
1786505676015 0.5072558522224426 6546
1786505678597 0.5203609466552734 6547
1786505681179 0.4991772174835205 6548
1786505683761 0.4951651692390442 6549
1786505686343 0.4902910590171814 6550
1786505688925 0.504729688167572 6551
1786505691508 0.5281752943992615 6552
1786505694090 0.48115041851997375 6553
1786505696676 0.5245069265365601 6554
1786505699258 0.49266621470451355 6555
1786505701840 0.5215187072753906 6556
1786505704424 0.4803117513656616 6557
1786505707009 0.48356935381889343 6558
1786505709592 0.5050056576728821 6559
1786505712174 0.48703715205192566 6560
1786505714756 0.498384028673172 6561
1786505717339 0.49423477053642273 6562
1786505719926 0.5207437872886658 6563
1786505722508 0.5019689798355103 6564
1786505725092 0.5152094960212708 6565
1786505727674 0.49309471249580383 6566
1786505730257 0.5099306106567383 6567
1786505732837 0.505382239818573 6568
1786505735418 0.5306918621063232 6569
1786505738000 0.5018135905265808 6570
1786505740581 0.511390745639801 6571
1786505743163 0.4954463839530945 6572
1786505745743 0.5135027170181274 6573
1786505748323 0.5024878978729248 6574
1786505750906 0.5363116264343262 6575
1786505753489 0.5605137944221497 6576
1786505756069 0.5047293901443481 6577
1786505758651 0.5633504390716553 6578
1786505761232 0.49824807047843933 6579
1786505763812 0.5364345908164978 6580
1786505766392 0.4801860749721527 6581
1786505768974 0.5077760815620422 6582
1786505771555 0.4838850200176239 6583
1786505774138 0.4968113303184509 6584
1786505776720 0.5014691352844238 6585
1786505779301 0.48535171151161194 6586
1786505781882 0.512367308139801 6587
1786505784463 0.5127975344657898 6588
1786505787044 0.5362670421600342 6589
1786505789627 0.4888654053211212 6590
1786505792211 0.505190372467041 6591
1786505794795 0.5196722745895386 6592
1786505797377 0.5032515525817871 6593
1786505799960 0.558315634727478 6594
1786505802544 0.5050217509269714 6595
1786505805125 0.5184667110443115 6596
1786505807706 0.5341320037841797 6597
1786505810288 0.543729305267334 6598
1786505812870 0.519228994846344 6599
1786505815453 0.5129907727241516 6600
1786505818034 0.5224154591560364 6601
1786505820617 0.5042368769645691 6602
1786505823203 0.5123443603515625 6603
1786505825787 0.5095155239105225 6604
1786505828373 0.49937349557876587 6605
1786505830957 0.49771401286125183 6606
1786505833548 0.5089780688285828 6607
1786505836136 0.5033504962921143 6608
1786505838721 0.48892953991889954 6609
1786505841303 0.5150856971740723 6610
1786505843885 0.4764123857021332 6611
1786505846468 0.5189873576164246 6612
1786505849050 0.4575633704662323 6613
1786505851635 0.5169629454612732 6614
1786505854219 0.4930357038974762 6615
1786505856813 0.5295161604881287 6616
1786505859397 0.5216855406761169 6617
1786505861980 0.501747727394104 6618
1786505864562 0.531143307685852 6619
1786505867147 0.5289468169212341 6620
1786505869730 0.5337063670158386 6621
1786505872313 0.5105993151664734 6622
1786505874904 0.5666959881782532 6623
1786505877490 0.5221784114837646 6624
1786505880072 0.5100979804992676 6625
1786505882654 0.5054999589920044 6626
1786505885237 0.5292356014251709 6627
1786505887821 0.5046164989471436 6628
1786505890406 0.5201894640922546 6629
1786505892989 0.48380178213119507 6630
1786505895571 0.5229175686836243 6631
1786505898154 0.4934008717536926 6632
1786505900737 0.5138307809829712 6633
1786505903319 0.5309158563613892 6634
1786505905902 0.5458124876022339 6635
1786505908485 0.49869489669799805 6636
1786505911066 0.5753424763679504 6637
1786505913658 0.530799388885498 6638
1786505916242 0.5107933878898621 6639
1786505918829 0.534106433391571 6640
1786505921413 0.5271910429000854 6641
1786505923996 0.5608726143836975 6642
1786505926580 0.5426607728004456 6643
1786505929164 0.506913959980011 6644
1786505931748 0.5149934887886047 6645
1786505934331 0.5118459463119507 6646
1786505936912 0.5029985904693604 6647
1786505939492 0.5218552350997925 6648
1786505942073 0.4913577139377594 6649
1786505944656 0.5039591193199158 6650
1786505947237 0.4798833131790161 6651
1786505949822 0.5233659744262695 6652
1786505952406 0.4845047891139984 6653
1786505954984 0.5084139704704285 6654
1786505957562 0.4856186509132385 6655
1786505960140 0.5608581900596619 6656
1786505962717 0.566929280757904 6657
1786505965296 0.5120391845703125 6658
1786505967883 0.5154642462730408 6659
1786505970466 0.5216017961502075 6660
1786505973047 0.5305812954902649 6661
1786505975629 0.493858277797699 6662
1786505978212 0.5159482359886169 6663
1786505980794 0.49850553274154663 6664
1786505983376 0.5312590599060059 6665
1786505985959 0.5036895275115967 6666
1786505988538 0.5273292660713196 6667
1786505991117 0.4962947964668274 6668
1786505993699 0.5291650891304016 6669
1786505996284 0.496330201625824 6670
1786505998867 0.48563191294670105 6671
1786506001452 0.5079624652862549 6672
1786506004033 0.502842128276825 6673
1786506006616 0.5052575469017029 6674
1786506009206 0.5146709680557251 6675
1786506011787 0.4871861934661865 6676
1786506014369 0.5038197040557861 6677
1786506016951 0.4659193158149719 6678
1786506019532 0.5480981469154358 6679
1786506022115 0.48575663566589355 6680
1786506024695 0.5374374389648438 6681
1786506027276 0.4890976548194885 6682
1786506029857 0.5486186146736145 6683
1786506032439 0.4977027177810669 6684
1786506035020 0.5082482695579529 6685
1786506037602 0.5159412622451782 6686
1786506040182 0.5052236914634705 6687
1786506042765 0.5100409388542175 6688
1786506045352 0.5332238674163818 6689
1786506047933 0.4975716769695282 6690
1786506050517 0.5124374628067017 6691
1786506053101 0.5269232988357544 6692
1786506055689 0.49826303124427795 6693
1786506058272 0.5129069685935974 6694
1786506060855 0.47453367710113525 6695
1786506063439 0.5085864067077637 6696
1786506066021 0.4826558828353882 6697
1786506068602 0.49143463373184204 6698
1786506071182 0.4815642833709717 6699
1786506073764 0.541128396987915 6700
1786506076345 0.49567127227783203 6701
1786506078927 0.4910169839859009 6702
1786506081509 0.47637492418289185 6703
1786506084090 0.5390236377716064 6704
1786506086672 0.4869062900543213 6705
1786506089253 0.5239768624305725 6706
1786506091836 0.5049195885658264 6707
1786506094415 0.5193394422531128 6708
1786506096994 0.505951464176178 6709
1786506099573 0.5143190622329712 6710
1786506102153 0.5105549097061157 6711
1786506104734 0.5142066478729248 6712
1786506107315 0.5127369165420532 6713
1786506109899 0.89304518699646 6714
1786506112482 0.5370266437530518 6715
1786506115064 0.4879515469074249 6716
1786506117645 0.511665940284729 6717
1786506120231 0.5264506936073303 6718
1786506122815 0.5205880403518677 6719
1786506125400 0.5373964309692383 6720
1786506127980 0.5279374122619629 6721
1786506130563 0.523992657661438 6722
1786506133145 0.5097620487213135 6723
1786506135726 0.5232890248298645 6724
1786506138306 0.5486984848976135 6725
1786506140886 0.48990359902381897 6726
1786506143466 0.5274786353111267 6727
1786506146047 0.512024998664856 6728
1786506148628 0.5431752800941467 6729
1786506151209 0.5164605379104614 6730
1786506153790 0.5196963548660278 6731
1786506156371 0.5452632308006287 6732
1786506158951 0.5329959392547607 6733
1786506161531 0.5336358547210693 6734
1786506164113 0.5542587637901306 6735
1786506166691 0.5103336572647095 6736
1786506169269 0.5099254846572876 6737
1786506171855 0.5069563388824463 6738
1786506174437 0.494215726852417 6739
1786506177019 0.5044431686401367 6740
1786506179606 0.5167185664176941 6741
1786506182189 0.478298544883728 6742
1786506184772 0.5131524801254272 6743
1786506187356 0.5113888382911682 6744
1786506189938 0.5286635756492615 6745
1786506192521 0.501444935798645 6746
1786506195106 0.5459274649620056 6747
1786506197688 0.5189090371131897 6748
1786506200265 0.5173423290252686 6749
1786506202842 0.5151994824409485 6750
1786506205419 0.515864372253418 6751
1786506207998 0.5122772455215454 6752
1786506210574 0.5235946178436279 6753
1786506213151 0.509563684463501 6754
1786506215729 0.5067269206047058 6755
1786506218306 0.4876154065132141 6756
1786506220885 0.4889945685863495 6757
1786506223468 0.5129051208496094 6758
1786506226049 0.49106425046920776 6759
1786506228631 0.5247923135757446 6760
1786506231213 0.611018180847168 6761
1786506233794 0.4882186949253082 6762
1786506236376 0.5937674641609192 6763
1786506238958 0.4843465983867645 6764
1786506241541 0.5538901090621948 6765
1786506244122 0.49981510639190674 6766
1786506246705 0.6693531274795532 6767
1786506249287 0.49571654200553894 6768
1786506251868 0.5784291625022888 6769
1786506254448 0.5396506190299988 6770
1786506257029 0.5395634174346924 6771
1786506259609 0.5098637342453003 6772
1786506262192 0.517671525478363 6773
1786506264770 0.5182307958602905 6774
1786506267345 0.5545991063117981 6775
1786506269922 0.5263475179672241 6776
1786506272503 0.5063430070877075 6777
1786506275086 0.4866330027580261 6778
1786506277668 0.49418529868125916 6779
1786506280251 0.4847817122936249 6780
1786506282834 0.49914780259132385 6781
1786506285415 0.5066425800323486 6782
1786506287998 0.510534405708313 6783
1786506290581 0.49572035670280457 6784
1786506293169 0.5234476923942566 6785
1786506295752 0.5174859166145325 6786
1786506298335 0.47800523042678833 6787
1786506300919 0.4921419024467468 6788
1786506303503 0.4938373267650604 6789
1786506306096 0.5021023750305176 6790
1786506308677 0.5410034656524658 6791
1786506311260 0.48399415612220764 6792
1786506313843 0.49139198660850525 6793
1786506316425 0.5224425792694092 6794
1786506319008 0.4859952926635742 6795
1786506321592 0.5140666961669922 6796
1786506324174 0.4563162922859192 6797
1786506326756 0.533754289150238 6798
1786506329338 0.5139887928962708 6799
1786506331923 0.5058248043060303 6800
1786506334508 0.5447210073471069 6801
1786506337091 0.49108830094337463 6802
1786506339674 0.550763726234436 6803
1786506342259 0.5175389647483826 6804
1786506344845 0.5157039761543274 6805
1786506347428 0.488834410905838 6806
1786506350011 0.5235206484794617 6807
1786506352594 0.515905499458313 6808
1786506355171 0.520429253578186 6809
1786506357751 0.5177909731864929 6810
1786506360331 0.48364296555519104 6811
1786506362913 0.5092107653617859 6812
1786506365504 0.5020503401756287 6813
1786506368091 0.46489787101745605 6814
1786506370672 0.5509033799171448 6815
1786506373255 0.49493423104286194 6816
1786506375836 0.5178165435791016 6817
1786506378419 0.5444158315658569 6818
1786506381001 0.5306305885314941 6819
1786506383584 0.5005055069923401 6820
1786506386166 0.5386208295822144 6821
1786506388749 0.5104093551635742 6822
1786506391332 0.5567229986190796 6823
1786506393917 0.4846695363521576 6824
1786506396499 0.5955429077148438 6825
1786506399081 0.4979820251464844 6826
1786506401662 0.5662251114845276 6827
1786506404246 0.5090473890304565 6828
1786506406829 0.5642536878585815 6829
1786506409418 0.49035683274269104 6830
1786506412001 0.5367019772529602 6831
1786506414586 0.5407359004020691 6832
1786506417169 0.5324966907501221 6833
1786506419752 0.5299142599105835 6834
1786506422339 0.5206944942474365 6835
1786506424920 0.5466839075088501 6836
1786506427502 0.4864296317100525 6837
1786506430084 0.5049108266830444 6838
1786506432666 0.4952302873134613 6839
1786506435249 0.5205483436584473 6840
1786506437831 0.5308732390403748 6841
1786506440413 0.6343625783920288 6842
1786506442995 0.505627453327179 6843
1786506445580 0.497470885515213 6844
1786506448163 0.5083776116371155 6845
1786506450744 0.49117499589920044 6846
1786506453330 0.5172364115715027 6847
1786506455913 0.4863055348396301 6848
1786506458496 0.4921812415122986 6849
1786506461084 0.5039265155792236 6850
1786506463666 0.48132139444351196 6851
1786506466248 0.484322726726532 6852
1786506468831 0.5128459334373474 6853
1786506471420 0.5194422602653503 6854
1786506474007 0.5385139584541321 6855
1786506476593 0.4823489785194397 6856
1786506479186 0.5090552568435669 6857
1786506481779 0.5273135304450989 6858
1786506484363 0.5028377771377563 6859
1786506486944 0.5298965573310852 6860
1786506489525 0.49902185797691345 6861
1786506492107 0.5145736336708069 6862
1786506494689 0.512596607208252 6863
1786506497271 0.5255286693572998 6864
1786506499853 0.4942963719367981 6865
1786506502435 0.5201148390769958 6866
1786506505018 0.49008578062057495 6867
1786506507602 0.5118085741996765 6868
1786506510183 0.5080080628395081 6869
1786506512765 0.5292083024978638 6870
1786506515347 0.5358412861824036 6871
1786506517931 0.5225661993026733 6872
1786506520510 0.5191349983215332 6873
1786506523090 0.5195836424827576 6874
1786506525670 0.5262992978096008 6875
1786506528251 0.5212021470069885 6876
1786506530837 0.5301545858383179 6877
1786506533428 0.5029080510139465 6878
1786506536010 0.5330867171287537 6879
1786506538591 0.48685958981513977 6880
1786506541168 0.5338840484619141 6881
1786506543746 0.5264156460762024 6882
1786506546330 0.5186916589736938 6883
1786506548915 0.5256593823432922 6884
1786506551497 0.4870069622993469 6885
1786506554082 0.4891018867492676 6886
1786506556665 0.524508535861969 6887
1786506559250 0.5475399494171143 6888
1786506561831 0.5369904041290283 6889
1786506564413 0.5274689793586731 6890
1786506566995 0.5295889973640442 6891
1786506569578 0.5550519227981567 6892
1786506572159 0.48622217774391174 6893
1786506574741 0.5630618333816528 6894
1786506577324 0.5159221887588501 6895
1786506579909 0.553289532661438 6896
1786506582490 0.5053848624229431 6897
1786506585072 0.5490500330924988 6898
1786506587653 0.515468180179596 6899
1786506590236 0.5345141887664795 6900
1786506592818 0.5019727349281311 6901
1786506595399 0.5128225684165955 6902
1786506597981 0.5201020836830139 6903
1786506600563 0.5181356072425842 6904
1786506603144 0.5146549344062805 6905
1786506605725 0.5247503519058228 6906
1786506608307 0.494975745677948 6907
1786506610889 0.4847838878631592 6908
1786506613471 0.5468827486038208 6909
1786506616052 0.5181531310081482 6910
1786506618633 0.5019718408584595 6911
1786506621215 0.5483786463737488 6912
1786506623796 0.5286867618560791 6913
1786506626378 0.5027761459350586 6914
1786506628959 0.5461786389350891 6915
1786506631543 0.5075990557670593 6916
1786506634124 0.4952729344367981 6917
1786506636707 0.5234413743019104 6918
1786506639289 0.5332043766975403 6919
1786506641869 0.5439994931221008 6920
1786506644450 0.5199126601219177 6921
1786506647030 0.5001575946807861 6922
1786506649611 0.5219699740409851 6923
1786506652190 0.5040305852890015 6924
1786506654770 0.5102275609970093 6925
1786506657350 0.5037960410118103 6926
1786506659930 0.5031682252883911 6927
1786506662512 0.4728376567363739 6928
1786506665093 0.502168595790863 6929
1786506667676 0.4977360963821411 6930
1786506670257 0.5040099620819092 6931
1786506672839 0.517987847328186 6932
1786506675420 0.508020281791687 6933
1786506678001 0.5657563209533691 6934
1786506680582 0.5356019139289856 6935
1786506683165 0.4828498065471649 6936
1786506685746 0.5233429670333862 6937
1786506688327 0.49489423632621765 6938
1786506690908 0.5168745517730713 6939
1786506693490 0.49988797307014465 6940
1786506696072 0.5536869764328003 6941
1786506698655 0.5039767026901245 6942
1786506701238 0.5565996766090393 6943
1786506703821 0.4850805103778839 6944
1786506706406 0.5190799236297607 6945
1786506708983 0.5240692496299744 6946
1786506711561 0.508326530456543 6947
1786506714137 0.5161275863647461 6948
1786506716713 0.5064099431037903 6949
1786506719291 0.5092337727546692 6950
1786506721868 0.5185636281967163 6951
1786506724446 0.4896542429924011 6952
1786506727024 0.5141990184783936 6953
1786506729601 0.5103269219398499 6954
1786506732178 0.5264492034912109 6955
1786506734756 0.5090427994728088 6956
1786506737333 0.5366882085800171 6957
1786506739911 0.5207967758178711 6958
1786506742488 0.5289819836616516 6959
1786506745065 0.5680239200592041 6960
1786506747643 0.47688788175582886 6961
1786506750221 0.5010466575622559 6962
1786506752798 0.47976309061050415 6963
1786506755377 0.515336275100708 6964
1786506757955 0.5480847358703613 6965
1786506760531 0.5145289301872253 6966
1786506763107 0.5181710124015808 6967
1786506765684 0.516120970249176 6968
1786506768260 0.5123705863952637 6969
1786506770837 0.4934007227420807 6970
1786506773414 0.5095634460449219 6971
1786506775992 0.5057480335235596 6972
1786506778569 0.5227917432785034 6973
1786506781149 0.500052273273468 6974
1786506783726 0.5730994343757629 6975
1786506786309 0.497542142868042 6976
1786506788890 0.5511345267295837 6977
1786506791469 0.4931992292404175 6978
1786506794046 0.5205782055854797 6979
1786506796623 0.5766287446022034 6980
1786506799201 0.519145667552948 6981
1786506801777 0.5241749286651611 6982
1786506804353 0.5388650894165039 6983
1786506806928 0.5456915497779846 6984
1786506809502 0.5619996786117554 6985
1786506812077 0.520400881767273 6986
1786506814652 0.5378201603889465 6987
1786506817231 0.5682070851325989 6988
1786506819815 0.5428000688552856 6989
1786506822398 0.5064978003501892 6990
1786506824982 0.5221028923988342 6991
1786506827566 0.5344125628471375 6992
1786506830152 0.5288126468658447 6993
1786506832735 0.5184334516525269 6994
1786506835319 0.4839901924133301 6995
1786506837901 0.5425378680229187 6996
1786506840484 0.4862934350967407 6997
1786506843065 0.5449005365371704 6998
1786506845649 0.5063974857330322 6999
1786506849298 0.5021560788154602 7000
1786506851879 0.5452935099601746 7001
1786506854461 0.5006217956542969 7002
1786506857043 0.5657293200492859 7003
1786506859624 0.5106654167175293 7004
1786506862205 0.4941772520542145 7005
1786506864787 0.5544083118438721 7006
1786506867369 0.5778389573097229 7007
1786506869950 0.4981406033039093 7008
1786506872534 0.6157769560813904 7009
1786506875122 0.5163034796714783 7010
1786506877706 0.5705102682113647 7011
1786506880288 0.5305700898170471 7012
1786506882871 0.5150862336158752 7013
1786506885453 0.5237836837768555 7014
1786506888034 0.5631937384605408 7015
1786506890616 0.5366429686546326 7016
1786506893198 0.5311899781227112 7017
1786506895779 0.5061230659484863 7018
1786506898360 0.5145348906517029 7019
1786506900940 0.5070725679397583 7020
1786506903521 0.5021600723266602 7021
1786506906102 0.5265522599220276 7022
1786506908683 0.488029807806015 7023
1786506911268 0.539584219455719 7024
1786506913850 0.6307502388954163 7025
1786506916431 0.5383084416389465 7026
1786506919010 0.546234667301178 7027
1786506921587 0.5250877737998962 7028
1786506924164 0.5373576283454895 7029
1786506926746 0.5023835897445679 7030
1786506929334 0.5317542552947998 7031
1786506931923 0.5012163519859314 7032
1786506934505 0.503939151763916 7033
1786506937086 0.5228486061096191 7034
1786506939671 0.5027687549591064 7035
1786506942262 0.5193332433700562 7036
1786506944850 0.5212700963020325 7037
1786506947440 0.5064235329627991 7038
1786506950029 0.478914350271225 7039
1786506952618 0.5114765763282776 7040
1786506955202 0.5061805248260498 7041
1786506957784 0.5214776992797852 7042
1786506960366 0.5340544581413269 7043
1786506962947 0.5258216261863708 7044
1786506965528 0.5064537525177002 7045
1786506968111 0.49369004368782043 7046
1786506970693 0.5672478675842285 7047
1786506973273 0.5119965672492981 7048
1786506975850 0.541571319103241 7049
1786506978427 0.5249924063682556 7050
1786506981003 0.5479262471199036 7051
1786506983580 0.5139248967170715 7052
1786506986156 0.519696056842804 7053
1786506988732 0.4743342697620392 7054
1786506991307 0.5064041018486023 7055
1786506993887 0.5303462743759155 7056
1786506996464 0.472934752702713 7057
1786506999041 0.4976968467235565 7058
1786507001620 0.5118529796600342 7059
1786507004196 0.4945564866065979 7060
1786507006772 0.4871533215045929 7061
1786507009348 0.4818120002746582 7062
1786507011926 0.4947287142276764 7063
1786507014505 0.515648365020752 7064
1786507017083 0.5198685526847839 7065
1786507019659 0.5783517956733704 7066
1786507022236 0.5200398564338684 7067
1786507024812 0.5383090376853943 7068
1786507027390 0.5146686434745789 7069
1786507029966 0.5728769898414612 7070
1786507032543 0.5352354049682617 7071
1786507035120 0.53264319896698 7072
1786507037696 0.5369512438774109 7073
1786507040273 0.5500222444534302 7074
1786507042851 0.5986988544464111 7075
1786507045428 0.5456218719482422 7076
1786507048005 0.5646016001701355 7077
1786507050582 0.540148913860321 7078
1786507053159 0.5075045824050903 7079
1786507055736 0.5275781750679016 7080
1786507058313 0.54039466381073 7081
1786507060890 0.4880267083644867 7082
1786507063467 0.515081524848938 7083
1786507066045 0.521109938621521 7084
1786507068622 0.5075438618659973 7085
1786507071199 0.5002486705780029 7086
1786507073777 0.5008628964424133 7087
1786507076356 0.5183281898498535 7088
1786507078935 0.4948022663593292 7089
1786507081515 0.5174678564071655 7090
1786507084094 0.5030688047409058 7091
1786507086674 0.506108283996582 7092
1786507089254 0.49750566482543945 7093
1786507091834 0.49718257784843445 7094
1786507094413 0.5185858607292175 7095
1786507096993 0.47545158863067627 7096
1786507099575 0.5161441564559937 7097
1786507102156 0.5178483128547668 7098
1786507104737 0.5066190958023071 7099
1786507107320 0.5225587487220764 7100
1786507109901 0.4954614043235779 7101
1786507112484 0.5452609062194824 7102
1786507115066 0.48077112436294556 7103
1786507117650 0.5062190890312195 7104
1786507120233 0.48818013072013855 7105
1786507122813 0.512366533279419 7106
1786507125393 0.5048558115959167 7107
1786507127975 0.4940376579761505 7108
1786507130558 0.4909278452396393 7109
1786507133138 0.5265461802482605 7110
1786507135725 0.5065096616744995 7111
1786507138306 0.48104727268218994 7112
1786507140888 0.49465540051460266 7113
1786507143471 0.4969853162765503 7114
1786507146053 0.5182762742042542 7115
1786507148635 0.45777466893196106 7116
1786507151216 0.5258497595787048 7117
1786507153799 0.4919002056121826 7118
1786507156382 0.5267921686172485 7119
1786507158965 0.5431358218193054 7120
1786507161548 0.5525324940681458 7121
1786507164132 0.5330764651298523 7122
1786507166716 0.5265194773674011 7123
1786507169297 0.5228294730186462 7124
1786507171879 0.5066313743591309 7125
1786507174462 0.49099108576774597 7126
1786507177045 0.5032176971435547 7127
1786507179628 0.5514490008354187 7128
1786507182211 0.5515925884246826 7129
1786507184794 0.5782709121704102 7130
1786507187377 0.5510836243629456 7131
1786507189960 0.5626386404037476 7132
1786507192547 0.5035390257835388 7133
1786507195130 0.5263152718544006 7134
1786507197713 0.5296432971954346 7135
1786507200296 0.5113605260848999 7136
1786507202881 0.5225505828857422 7137
1786507205474 0.5143375396728516 7138
1786507208057 0.5223104953765869 7139
1786507210639 0.4947439730167389 7140
1786507213223 0.5201367735862732 7141
1786507215806 0.5343925952911377 7142
1786507218389 0.499301552772522 7143
1786507220971 0.5172037482261658 7144
1786507223553 0.4745369255542755 7145
1786507226135 0.5096266865730286 7146
1786507228718 0.5207040309906006 7147
1786507231302 0.507718026638031 7148
1786507233884 0.505435585975647 7149
1786507236467 0.5370508432388306 7150
1786507239049 0.49608907103538513 7151
1786507241631 0.5134145021438599 7152
1786507244213 0.4766511917114258 7153
1786507246795 0.4999266564846039 7154
1786507249378 0.5158809423446655 7155
1786507251961 0.4866381883621216 7156
1786507254545 0.526908814907074 7157
1786507257132 0.5027762651443481 7158
1786507259714 0.5244008898735046 7159
1786507262299 0.5048573017120361 7160
1786507264881 0.4889534115791321 7161
1786507267462 0.5012537240982056 7162
1786507270045 0.558753252029419 7163
1786507272627 0.5160120725631714 7164
1786507275208 0.5486751794815063 7165
1786507277789 0.5107972621917725 7166
1786507280370 0.5573269128799438 7167
1786507282952 0.48716315627098083 7168
1786507285534 0.4965975284576416 7169
1786507288115 0.5031434893608093 7170
1786507290696 0.4762252867221832 7171
1786507293278 0.5120953321456909 7172
1786507295860 0.5156872272491455 7173
1786507298441 0.4900629222393036 7174
1786507301022 0.5003916025161743 7175
1786507303604 0.47804468870162964 7176
1786507306186 0.5140223503112793 7177
1786507308767 0.47629955410957336 7178
1786507311349 0.5313704609870911 7179
1786507313930 0.5094103813171387 7180
1786507316509 0.4878633916378021 7181
1786507319088 0.4986366033554077 7182
1786507321667 0.48757049441337585 7183
1786507324247 0.513799786567688 7184
1786507326828 0.4827401638031006 7185
1786507329410 0.4930839240550995 7186
1786507331991 0.5227915048599243 7187
1786507334573 0.5304154753684998 7188
1786507337155 0.4980170726776123 7189
1786507339736 0.5028759837150574 7190
1786507342318 0.5104775428771973 7191
1786507344901 0.4874953031539917 7192
1786507347482 0.49598631262779236 7193
1786507350063 0.5053544640541077 7194
1786507352644 0.503765344619751 7195
1786507355225 0.5120602250099182 7196
1786507357806 0.5929901599884033 7197
1786507360388 0.5402423143386841 7198
1786507362969 0.526802659034729 7199
1786507365552 0.5151681900024414 7200
1786507368133 0.5108500123023987 7201
1786507370715 0.5113173723220825 7202
1786507373299 0.5028208494186401 7203
1786507375882 0.5278245806694031 7204
1786507378463 0.5076281428337097 7205
1786507381046 0.55072021484375 7206
1786507383628 0.5093090534210205 7207
1786507386210 0.550921618938446 7208
1786507388793 0.5162387490272522 7209
1786507391374 0.499947190284729 7210
1786507393957 0.5266136527061462 7211
1786507396540 0.48588690161705017 7212
1786507399122 0.5052183270454407 7213
1786507401704 0.5197173953056335 7214
1786507404286 0.48427873849868774 7215
1786507406869 0.5317223072052002 7216
1786507409451 0.5002801418304443 7217
1786507412031 0.4992269277572632 7218
1786507414612 0.5151931047439575 7219
1786507417193 0.5041890740394592 7220
1786507419774 0.50545334815979 7221
1786507422355 0.5481546521186829 7222
1786507424936 0.526539146900177 7223
1786507427513 0.49929189682006836 7224
1786507430089 0.5371503233909607 7225
1786507432664 0.5489000678062439 7226
1786507435240 0.5104885697364807 7227
1786507437817 0.5455240607261658 7228
1786507440394 0.515428900718689 7229
1786507442971 0.5685526728630066 7230
1786507445546 0.5159193277359009 7231
1786507448123 0.4972439110279083 7232
1786507450700 0.46433472633361816 7233
1786507453277 0.5106630921363831 7234
1786507455854 0.4980461597442627 7235
1786507458432 0.4853286147117615 7236
1786507461009 0.5265073180198669 7237
1786507463586 0.5030486583709717 7238
1786507466162 0.4993516802787781 7239
1786507468738 0.490247905254364 7240
1786507471316 0.5703250765800476 7241
1786507473893 0.46813225746154785 7242
1786507476471 0.4918663501739502 7243
1786507479048 0.5272247791290283 7244
1786507481626 0.5035707950592041 7245
1786507484203 0.5231086611747742 7246
1786507486782 0.5038242936134338 7247
1786507489365 0.5969846844673157 7248
1786507491951 0.49103954434394836 7249
1786507494533 0.5242459774017334 7250
1786507497114 0.5262452960014343 7251
1786507499694 0.49974071979522705 7252
1786507502276 0.48275357484817505 7253
1786507504858 0.5034245848655701 7254
1786507507440 0.47684431076049805 7255
1786507510022 0.4810304045677185 7256
1786507512605 0.47084710001945496 7257
1786507515186 0.4870385527610779 7258
1786507517766 0.5091191530227661 7259
1786507520347 0.481819212436676 7260
1786507522928 0.505778968334198 7261
1786507525510 0.498322993516922 7262
1786507528092 0.5849626064300537 7263
1786507530673 0.5150768756866455 7264
1786507533255 0.48295125365257263 7265
1786507535836 0.5140863656997681 7266
1786507538418 0.49141553044319153 7267
1786507540999 0.571887731552124 7268
1786507543580 0.4954921007156372 7269
1786507546163 0.5465826988220215 7270
1786507548745 0.5025171637535095 7271
1786507551329 0.5055971145629883 7272
1786507553911 0.5130007863044739 7273
1786507556494 0.4914381504058838 7274
1786507559074 0.4979901909828186 7275
1786507561659 0.5047515630722046 7276
1786507564240 0.5132267475128174 7277
1786507566821 0.495291143655777 7278
1786507569404 0.49917474389076233 7279
1786507571984 0.5237072706222534 7280
1786507574566 0.4916532337665558 7281
1786507577149 0.4974927604198456 7282
1786507579730 0.5407198071479797 7283
1786507582313 0.5188122391700745 7284
1786507584894 0.5017762184143066 7285
1786507587476 0.5805835127830505 7286
1786507590057 0.5025277733802795 7287
1786507592638 0.48131200671195984 7288
1786507595220 0.5046619772911072 7289
1786507597802 0.5270932912826538 7290
1786507600384 0.5105792284011841 7291
1786507602966 0.5509558320045471 7292
1786507605549 0.4899287223815918 7293
1786507608130 0.5349593162536621 7294
1786507610712 0.49509093165397644 7295
1786507613297 0.4929019510746002 7296
1786507615883 0.4950528144836426 7297
1786507618469 0.49812865257263184 7298
1786507621052 0.5351423621177673 7299
1786507623636 0.49995118379592896 7300
1786507626218 0.5710060000419617 7301
1786507628800 0.4804357588291168 7302
1786507631382 0.5642122626304626 7303
1786507633964 0.46681275963783264 7304
1786507636546 0.5379258394241333 7305
1786507639127 0.5165127515792847 7306
1786507641708 0.5167877078056335 7307
1786507644289 0.5085633397102356 7308
1786507646870 0.5471511483192444 7309
1786507649452 0.5108219981193542 7310
1786507652034 0.5279009342193604 7311
1786507654617 0.5267041921615601 7312
1786507657200 0.5211998224258423 7313
1786507659783 0.5543591976165771 7314
1786507662366 0.5095095038414001 7315
1786507664948 0.4832952320575714 7316
1786507667530 0.5284028649330139 7317
1786507670112 0.5074237585067749 7318
1786507672695 0.497612327337265 7319
1786507675280 0.4729936122894287 7320
1786507677869 0.50554358959198 7321
1786507680451 0.470652312040329 7322
1786507683032 0.5632003545761108 7323
1786507685615 0.4775211811065674 7324
1786507688199 0.5045669674873352 7325
1786507690776 0.4993782937526703 7326
1786507693353 0.48370447754859924 7327
1786507695929 0.49524471163749695 7328
1786507698505 0.5017233490943909 7329
1786507701080 0.49481621384620667 7330
1786507703656 0.5043647885322571 7331
1786507706233 0.4726056158542633 7332
1786507708809 0.5008836984634399 7333
1786507711386 0.470621794462204 7334
1786507713962 0.49952608346939087 7335
1786507716539 0.5147470235824585 7336
1786507719116 0.4814581871032715 7337
1786507721694 0.5628864169120789 7338
1786507724270 0.4985818862915039 7339
1786507726847 0.5494639277458191 7340
1786507729425 0.5007800459861755 7341
1786507732007 0.6119691729545593 7342
1786507734588 0.5092318058013916 7343
1786507737169 0.4995823800563812 7344
1786507739750 0.5059508085250854 7345
1786507742331 0.4775448441505432 7346
1786507744911 0.5264953970909119 7347
1786507747492 0.49321985244750977 7348
1786507750074 0.4831435978412628 7349
1786507752655 0.5104164481163025 7350
1786507755237 0.5243895053863525 7351
1786507757818 0.47930583357810974 7352
1786507760399 0.5186911225318909 7353
1786507762979 0.5298261046409607 7354
1786507765558 0.514401376247406 7355
1786507768140 0.5299276113510132 7356
1786507770727 0.5200599431991577 7357
1786507773312 0.5221961736679077 7358
1786507775898 0.5129351019859314 7359
1786507778485 0.5057576894760132 7360
1786507781068 0.5278952717781067 7361
1786507783650 0.4951179027557373 7362
1786507786234 0.5064383149147034 7363
1786507788815 0.5205129384994507 7364
1786507791396 0.49740421772003174 7365
1786507793979 0.5368686318397522 7366
1786507796561 0.5269399285316467 7367
1786507799143 0.574385404586792 7368
1786507801725 0.5107882022857666 7369
1786507804306 0.5480566620826721 7370
1786507806888 0.5276288986206055 7371
1786507809471 0.5061225295066833 7372
1786507812052 0.4977746605873108 7373
1786507814634 0.5205258727073669 7374
1786507817217 0.511161208152771 7375
1786507819800 0.4893116354942322 7376
1786507822383 0.48998624086380005 7377
1786507824965 0.5396373271942139 7378
1786507827547 0.49951085448265076 7379
1786507830129 0.5092887878417969 7380
1786507832712 0.5276804566383362 7381
1786507835295 0.4576484262943268 7382
1786507837876 0.5285570621490479 7383
1786507840458 0.4952840209007263 7384
1786507843041 0.5450333952903748 7385
1786507845623 0.5340958833694458 7386
1786507848206 0.5118345022201538 7387
1786507850790 0.5393109917640686 7388
1786507853375 0.5084770321846008 7389
1786507855958 0.49315598607063293 7390
1786507858539 0.5684399604797363 7391
1786507861125 0.5695294737815857 7392
1786507863710 0.5102101564407349 7393
1786507866292 0.5238897204399109 7394
1786507868877 0.5227211713790894 7395
1786507871458 0.5150101780891418 7396
1786507874042 0.552650511264801 7397
1786507876631 0.5608426928520203 7398
1786507879212 0.5577496290206909 7399
1786507881793 0.528522253036499 7400
1786507884377 0.6458413004875183 7401
1786507886957 0.49894627928733826 7402
1786507889538 0.5340213775634766 7403
1786507892119 0.4880416691303253 7404
1786507894700 0.5090430974960327 7405
1786507897281 0.5177979469299316 7406
1786507899863 0.4986147880554199 7407
1786507902444 0.49014559388160706 7408
1786507905025 0.5264685750007629 7409
1786507907606 0.5015149712562561 7410
1786507910187 0.49379780888557434 7411
1786507912769 0.5367997884750366 7412
1786507915350 0.4999077320098877 7413
1786507917933 0.4841279983520508 7414
1786507920515 0.5256217122077942 7415
1786507923101 0.5186026692390442 7416
1786507925688 0.5072500705718994 7417
1786507928276 0.4906873404979706 7418
1786507930855 0.518082857131958 7419
1786507933434 0.49882441759109497 7420
1786507936017 0.48013705015182495 7421
1786507938599 0.5748941898345947 7422
1786507941181 0.519630491733551 7423
1786507943763 0.506605327129364 7424
1786507946341 0.5035999417304993 7425
1786507948917 0.5031877756118774 7426
1786507951495 0.5521556735038757 7427
1786507954072 0.4648771584033966 7428
1786507956648 0.4965359568595886 7429
1786507959225 0.5100489258766174 7430
1786507961802 0.48175400495529175 7431
1786507964378 0.5402111411094666 7432
1786507966962 0.4948214888572693 7433
1786507969544 0.5109443068504333 7434
1786507972128 0.5725160241127014 7435
1786507974715 0.4900597333908081 7436
1786507977301 0.5326871275901794 7437
1786507979881 0.5435539484024048 7438
1786507982462 0.5519523620605469 7439
1786507985043 0.48293399810791016 7440
1786507987623 0.543667733669281 7441
1786507990204 0.5305265188217163 7442
1786507992786 0.47950440645217896 7443
1786507995371 0.5493857860565186 7444
1786507997954 0.5301668643951416 7445
1786508000533 0.5194194316864014 7446
1786508003109 0.53553706407547 7447
1786508005685 0.5088215470314026 7448
1786508008263 0.5261517763137817 7449
1786508010840 0.5110467076301575 7450
1786508013417 0.5425676107406616 7451
1786508015996 0.5289311408996582 7452
1786508018573 0.5177533030509949 7453
1786508021151 0.5224816203117371 7454
1786508023727 0.49220287799835205 7455
1786508026303 0.5191988348960876 7456
1786508028880 0.5111915469169617 7457
1786508031457 0.5039663910865784 7458
1786508034038 0.5088502764701843 7459
1786508036622 0.5135558843612671 7460
1786508039204 0.5811687707901001 7461
1786508041785 0.5513923764228821 7462
1786508044364 0.5230832695960999 7463
1786508046945 0.5033274292945862 7464
1786508049527 0.5381521582603455 7465
1786508052105 0.5239923000335693 7466
1786508054686 0.5011039972305298 7467
1786508057265 0.5240453481674194 7468
1786508059847 0.5103395581245422 7469
1786508062431 0.4974666237831116 7470
1786508065015 0.5040252804756165 7471
1786508067596 0.5543610453605652 7472
1786508070174 0.501670777797699 7473
1786508072754 0.4915914237499237 7474
1786508075335 0.5084418654441833 7475
1786508077917 0.5068781971931458 7476
1786508080499 0.5419104695320129 7477
1786508083082 0.521843433380127 7478
1786508085667 0.5575003027915955 7479
1786508088252 0.5425600409507751 7480
1786508090837 0.5083568096160889 7481
1786508093423 0.4923109710216522 7482
1786508096008 0.4995126724243164 7483
1786508098590 0.5322802662849426 7484
1786508101168 0.5029714107513428 7485
1786508103754 0.4897491931915283 7486
1786508106349 0.5233666300773621 7487
1786508108931 0.507290780544281 7488
1786508111511 0.49522432684898376 7489
1786508114094 0.5022023320198059 7490
1786508116674 0.5029754042625427 7491
1786508119255 0.505366861820221 7492
1786508121837 0.5197741389274597 7493
1786508124419 0.4805862307548523 7494
1786508127000 0.5321040749549866 7495
1786508129581 0.48416146636009216 7496
1786508132163 0.518176794052124 7497
1786508134743 0.4883323907852173 7498
1786508137325 0.5006166696548462 7499
1786508141301 0.5094277858734131 7500
1786508143882 0.47863638401031494 7501
1786508146463 0.49798306822776794 7502
1786508149040 0.48903530836105347 7503
1786508151615 0.5044355392456055 7504
1786508154197 0.5010627508163452 7505
1786508156778 0.5015282034873962 7506
1786508159359 0.5658311247825623 7507
1786508161940 0.4970877170562744 7508
1786508164520 0.5187122225761414 7509
1786508167101 0.5373628735542297 7510
1786508169682 0.5246515870094299 7511
1786508172263 0.5081209540367126 7512
1786508174845 0.5434190630912781 7513
1786508177425 0.5677165389060974 7514
1786508180007 0.5022556781768799 7515
1786508182588 0.5680477023124695 7516
1786508185170 0.5123642086982727 7517
1786508187750 0.6092846393585205 7518
1786508190330 0.48961398005485535 7519
1786508192910 0.5026251673698425 7520
1786508195494 0.5299825072288513 7521
1786508198074 0.5506567358970642 7522
1786508200654 0.5065984129905701 7523
1786508203235 0.4985164999961853 7524
1786508205815 0.5259284973144531 7525
1786508208396 0.48275619745254517 7526
1786508210977 0.6424163579940796 7527
1786508213560 0.4976945221424103 7528
1786508216141 0.5178523659706116 7529
1786508218722 0.4824478328227997 7530
1786508221301 0.5402554273605347 7531
1786508223881 0.5004770755767822 7532
1786508226461 0.5680702924728394 7533
1786508229042 0.535624623298645 7534
1786508231622 0.5521204471588135 7535
1786508234203 0.506874144077301 7536
1786508236783 0.5524867177009583 7537
1786508239363 0.566861093044281 7538
1786508241942 0.6123219132423401 7539
1786508244523 0.5616214275360107 7540
1786508247104 0.5796902775764465 7541
1786508249684 0.5416989326477051 7542
1786508252263 0.529995858669281 7543
1786508254843 0.5337982773780823 7544
1786508257424 0.5309872627258301 7545
1786508260003 0.5473004579544067 7546
1786508262583 0.5348236560821533 7547
1786508265158 0.5087428689002991 7548
1786508267733 0.504829466342926 7549
1786508270309 0.526011049747467 7550
1786508272884 0.5163222551345825 7551
1786508275459 0.5461901426315308 7552
1786508278034 0.5280150771141052 7553
1786508280610 0.4891020953655243 7554
1786508283185 0.5088409185409546 7555
1786508285759 0.5601913332939148 7556
1786508288334 0.5187130570411682 7557
1786508290909 0.5428408980369568 7558
1786508293484 0.5575193762779236 7559
1786508296059 0.510421097278595 7560
1786508298638 0.528182327747345 7561
1786508301217 0.5118827819824219 7562
1786508303796 0.5240731239318848 7563
1786508306376 0.4887731075286865 7564
1786508308955 0.5065375566482544 7565
1786508311539 0.4937385022640228 7566
1786508314118 0.5064256191253662 7567
1786508316696 0.534253716468811 7568
1786508319275 0.5004335045814514 7569
1786508321857 0.5190664529800415 7570
1786508324437 0.5123128890991211 7571
1786508327018 0.5214970111846924 7572
1786508329599 0.5051482319831848 7573
1786508332181 0.5251835584640503 7574
1786508334762 0.542244017124176 7575
1786508337343 0.4966307580471039 7576
1786508339925 0.5062874555587769 7577
1786508342507 0.5570481419563293 7578
1786508345095 0.5112863779067993 7579
1786508347676 0.5521519184112549 7580
1786508350256 0.5035150647163391 7581
1786508352837 0.5663189888000488 7582
1786508355417 0.5262671709060669 7583
1786508357997 0.5455173254013062 7584
1786508360577 0.5816076397895813 7585
1786508363157 0.5144866704940796 7586
1786508365739 0.5921659469604492 7587
1786508368323 0.491815984249115 7588
1786508370902 0.5545738935470581 7589
1786508373485 0.5684975981712341 7590
1786508376072 0.5256049633026123 7591
1786508378660 0.5600643157958984 7592
1786508381266 0.5020662546157837 7593
1786508383853 0.5227260589599609 7594
1786508386438 0.4956749975681305 7595
1786508389025 0.5226038694381714 7596
1786508391610 0.5404208898544312 7597
1786508394197 0.4866662621498108 7598
1786508396781 0.5543813109397888 7599
1786508399366 0.48973530530929565 7600
1786508401952 0.5517751574516296 7601
1786508404536 0.5293332934379578 7602
1786508407124 0.5043784976005554 7603
1786508409710 0.5273298621177673 7604
1786508412298 0.5192416310310364 7605
1786508414892 0.551907479763031 7606
1786508417477 0.5241860151290894 7607
1786508420066 0.5056111812591553 7608
1786508422650 0.5438950657844543 7609
1786508425238 0.5123017430305481 7610
1786508427821 0.5006134510040283 7611
1786508430402 0.5507355332374573 7612
1786508432982 0.47920918464660645 7613
1786508435562 0.5303379893302917 7614
1786508438138 0.5280265212059021 7615
1786508440713 0.4906356632709503 7616
1786508443289 0.5088006854057312 7617
1786508445868 0.5024095177650452 7618
1786508448443 0.5337774157524109 7619
1786508451019 0.5383515357971191 7620
1786508453594 0.5299947261810303 7621
1786508456171 0.5012088418006897 7622
1786508458747 0.5108014345169067 7623
1786508461322 0.503521740436554 7624
1786508463898 0.5129209756851196 7625
1786508466475 0.48896685242652893 7626
1786508469050 0.49394482374191284 7627
1786508471626 0.48446235060691833 7628
1786508474201 0.5143877863883972 7629
1786508476779 0.48874035477638245 7630
1786508479355 0.509454607963562 7631
1786508481930 0.48885875940322876 7632
1786508484507 0.5303927659988403 7633
1786508487088 0.47464701533317566 7634
1786508489668 0.5181454420089722 7635
1786508492248 0.4757751524448395 7636
1786508494826 0.5746964812278748 7637
1786508497405 0.5006293058395386 7638
1786508499988 0.5656386613845825 7639
1786508502578 0.5014045834541321 7640
1786508505172 0.5036856532096863 7641
1786508507763 0.5280836224555969 7642
1786508510357 0.5182574987411499 7643
1786508512945 0.5090134739875793 7644
1786508515532 0.4907744824886322 7645
1786508518122 0.4965275824069977 7646
1786508520711 0.5050694346427917 7647
1786508523295 0.5295446515083313 7648
1786508525883 0.5013026595115662 7649
1786508528470 0.4952719211578369 7650
1786508531058 0.5263526439666748 7651
1786508533637 0.4962461292743683 7652
1786508536226 0.5182704925537109 7653
1786508538820 0.49511709809303284 7654
1786508541410 0.49642589688301086 7655
1786508543999 0.5202827453613281 7656
1786508546586 0.5268348455429077 7657
1786508549171 0.5104762315750122 7658
1786508551759 0.4775581359863281 7659
1786508554350 0.5283284783363342 7660
1786508556937 0.5088233947753906 7661
1786508559525 0.5121883153915405 7662
1786508562104 0.5289007425308228 7663
1786508564683 0.5002158284187317 7664
1786508567261 0.47760722041130066 7665
1786508569838 0.5157289505004883 7666
1786508572415 0.4949156939983368 7667
1786508574993 0.49611255526542664 7668
1786508577571 0.5179334878921509 7669
1786508580148 0.487827867269516 7670
1786508582724 0.5035144686698914 7671
1786508585302 0.5009732246398926 7672
1786508587883 0.4861529469490051 7673
1786508590463 0.5245152711868286 7674
1786508593043 0.5235057473182678 7675
1786508595624 0.4753502309322357 7676
1786508598204 0.49881359934806824 7677
1786508600783 0.5146932601928711 7678
1786508603362 0.5068872570991516 7679
1786508605941 0.5063227415084839 7680
1786508608524 0.5079111456871033 7681
1786508611105 0.49518826603889465 7682
1786508613686 0.6057111024856567 7683
1786508616267 0.47043222188949585 7684
1786508618849 0.5261045098304749 7685
1786508621428 0.5107017755508423 7686
1786508624007 0.5059936046600342 7687
1786508626587 0.5629441142082214 7688
1786508629167 0.5299583077430725 7689
1786508631750 0.5194547772407532 7690
1786508634332 0.5224510431289673 7691
1786508636915 0.5170958638191223 7692
1786508639495 0.5276029109954834 7693
1786508642079 0.5139651894569397 7694
1786508644661 0.5145227313041687 7695
1786508647240 0.5362867712974548 7696
1786508649819 0.5008831024169922 7697
1786508652403 0.49872228503227234 7698
1786508654982 0.5326810479164124 7699
1786508657561 0.5143389105796814 7700
1786508660140 0.5049093961715698 7701
1786508662720 0.5522977113723755 7702
1786508665299 0.5201197862625122 7703
1786508667878 0.5106696486473083 7704
1786508670458 0.5287574529647827 7705
1786508673039 0.5159240365028381 7706
1786508675619 0.5412728190422058 7707
1786508678198 0.5001281499862671 7708
1786508680777 0.5578731894493103 7709
1786508683357 0.5157351493835449 7710
1786508685937 0.5521542429924011 7711
1786508688516 0.515627384185791 7712
1786508691104 0.5066289901733398 7713
1786508693686 0.5071105360984802 7714
1786508696266 0.5153833627700806 7715
1786508698845 0.5377417206764221 7716
1786508701425 0.48912906646728516 7717
1786508704006 0.5191032290458679 7718
1786508706588 0.524760901927948 7719
1786508709168 0.4970117509365082 7720
1786508711747 0.521665096282959 7721
1786508714328 0.4863007068634033 7722
1786508716908 0.4859558641910553 7723
1786508719488 0.5362909436225891 7724
1786508722070 0.47851723432540894 7725
1786508724652 0.5574977993965149 7726
1786508727232 0.47950008511543274 7727
1786508729812 0.5400483012199402 7728
1786508732393 0.5121762752532959 7729
1786508734974 0.5291827917098999 7730
1786508737554 0.5011640191078186 7731
1786508740135 0.5248724222183228 7732
1786508742716 0.5266261696815491 7733
1786508745297 0.6000961661338806 7734
1786508747878 0.5466351509094238 7735
1786508750461 0.5526600480079651 7736
1786508753042 0.5016092658042908 7737
1786508755623 0.5269995331764221 7738
1786508758204 0.5186258554458618 7739
1786508760785 0.5514473915100098 7740
1786508763366 0.5271162986755371 7741
1786508765947 0.5625144839286804 7742
1786508768523 0.5091556310653687 7743
1786508771102 0.562526524066925 7744
1786508773681 0.5241590142250061 7745
1786508776262 0.4989659786224365 7746
1786508778842 0.49317729473114014 7747
1786508781421 0.481942355632782 7748
1786508784002 0.5257448554039001 7749
1786508786582 0.48455289006233215 7750
1786508789163 0.5270895957946777 7751
1786508791746 0.4819832146167755 7752
1786508794326 0.49795302748680115 7753
1786508796907 0.52308189868927 7754
1786508799488 0.5216079354286194 7755
1786508802070 0.5668930411338806 7756
1786508804650 0.486767441034317 7757
1786508807229 0.5649172067642212 7758
1786508809809 0.4955448508262634 7759
1786508812393 0.5277615189552307 7760
1786508814973 0.4927600622177124 7761
1786508817552 0.5560572147369385 7762
1786508820131 0.5587886571884155 7763
1786508822710 0.5243664383888245 7764
1786508825288 0.5615593791007996 7765
1786508827868 0.5440853238105774 7766
1786508830447 0.5485591292381287 7767
1786508833025 0.5025628805160522 7768
1786508835604 0.5251837968826294 7769
1786508838185 0.5348451733589172 7770
1786508840763 0.5318863987922668 7771
1786508843342 0.5580154657363892 7772
1786508845921 0.5133845210075378 7773
1786508848500 0.5623868703842163 7774
1786508851081 0.490760862827301 7775
1786508853660 0.5520079731941223 7776
1786508856240 0.4762471318244934 7777
1786508858819 0.5450606346130371 7778
1786508861399 0.4988333284854889 7779
1786508863978 0.5185039639472961 7780
1786508866557 0.5493844747543335 7781
1786508869137 0.5622093677520752 7782
1786508871717 0.48067978024482727 7783
1786508874296 0.5395208597183228 7784
1786508876876 0.5085893869400024 7785
1786508879454 0.5117097496986389 7786
1786508882033 0.5335352420806885 7787
1786508884612 0.4881151616573334 7788
1786508887191 0.5393892526626587 7789
1786508889769 0.4920692443847656 7790
1786508892348 0.5298642516136169 7791
1786508894927 0.49334442615509033 7792
1786508897505 0.5384708046913147 7793
1786508900084 0.5148862600326538 7794
1786508902664 0.4831179678440094 7795
1786508905243 0.4964587390422821 7796
1786508907823 0.5041672587394714 7797
1786508910402 0.5198642611503601 7798
1786508912981 0.508425235748291 7799
1786508915560 0.5069713592529297 7800
1786508918139 0.5107631683349609 7801
1786508920718 0.512418806552887 7802
1786508923297 0.514593780040741 7803
1786508925875 0.506232500076294 7804
1786508928454 0.5366930365562439 7805
1786508931034 0.493442565202713 7806
1786508933613 0.5586055517196655 7807
1786508936194 0.5139654874801636 7808
1786508938774 0.4847104549407959 7809
1786508941353 0.5093992948532104 7810
1786508943932 0.5087882280349731 7811
1786508946512 0.5099092125892639 7812
1786508949094 0.5400491952896118 7813
1786508951674 0.5003757476806641 7814
1786508954253 0.5106505155563354 7815
1786508956831 0.505032479763031 7816
1786508959410 0.4895208477973938 7817
1786508961989 0.5442196726799011 7818
1786508964568 0.48199203610420227 7819
1786508967147 0.5215585827827454 7820
1786508969728 0.5092160701751709 7821
1786508972308 0.5145444273948669 7822
1786508974887 0.5077236890792847 7823
1786508977467 0.5313228964805603 7824
1786508980046 0.5270395874977112 7825
1786508982625 0.5274497270584106 7826
1786508985205 0.5019735097885132 7827
1786508987784 0.5475391149520874 7828
1786508990364 0.5123393535614014 7829
1786508992944 0.5287432074546814 7830
1786508995524 0.5329654216766357 7831
1786508998103 0.4853610694408417 7832
1786509000685 0.510008692741394 7833
1786509003266 0.5110586881637573 7834
1786509005853 0.49051588773727417 7835
1786509008433 0.49762678146362305 7836
1786509011013 0.4862883388996124 7837
1786509013593 0.5247709155082703 7838
1786509016173 0.5160332322120667 7839
1786509018753 0.515950083732605 7840
1786509021333 0.5039693713188171 7841
1786509023913 0.5171517133712769 7842
1786509026493 0.5419281125068665 7843
1786509029073 0.49753960967063904 7844
1786509031653 0.547473132610321 7845
1786509034235 0.5336334705352783 7846
1786509036816 0.5182385444641113 7847
1786509039396 0.5255264043807983 7848
1786509041976 0.5252149701118469 7849
1786509044557 0.5033721923828125 7850
1786509047138 0.5219235420227051 7851
1786509049719 0.5688291788101196 7852
1786509052303 0.5290203094482422 7853
1786509054884 0.49867767095565796 7854
1786509057464 0.49802666902542114 7855
1786509060045 0.49828821420669556 7856
1786509062625 0.5116197466850281 7857
1786509065205 0.4882785975933075 7858
1786509067786 0.5098731517791748 7859
1786509070367 0.5341560244560242 7860
1786509072947 0.5040196776390076 7861
1786509075527 0.5102114081382751 7862
1786509078108 0.5024144649505615 7863
1786509080688 0.5157638192176819 7864
1786509083268 0.4951544404029846 7865
1786509085848 0.5450869202613831 7866
1786509088429 0.5085093379020691 7867
1786509091012 0.5028903484344482 7868
1786509093592 0.506020188331604 7869
1786509096172 0.5067782402038574 7870
1786509098754 0.5035573244094849 7871
1786509101335 0.4946993887424469 7872
1786509103916 0.5112757682800293 7873
1786509106496 0.4945724606513977 7874
1786509109076 0.5026044249534607 7875
1786509111658 0.49907180666923523 7876
1786509114240 0.5228861570358276 7877
1786509116822 0.4861864745616913 7878
1786509119405 0.5324583053588867 7879
1786509121986 0.5275332927703857 7880
1786509124565 0.4973301887512207 7881
1786509127147 0.534253716468811 7882
1786509129728 0.5254856944084167 7883
1786509132311 0.525763988494873 7884
1786509134891 0.519331157207489 7885
1786509137472 0.514323353767395 7886
1786509140052 0.47982028126716614 7887
1786509142631 0.5170853734016418 7888
1786509145211 0.463478147983551 7889
1786509147792 0.4808148145675659 7890
1786509150372 0.47584912180900574 7891
1786509152954 0.5047858953475952 7892
1786509155540 0.546319842338562 7893
1786509158120 0.48516392707824707 7894
1786509160703 0.5170255899429321 7895
1786509163283 0.47987547516822815 7896
1786509165866 0.4895722568035126 7897
1786509168446 0.5332092046737671 7898
1786509171026 0.4945525527000427 7899
1786509173607 0.5184447765350342 7900
1786509176189 0.49658873677253723 7901
1786509178770 0.5170834064483643 7902
1786509181349 0.5035609602928162 7903
1786509183930 0.5348755717277527 7904
1786509186510 0.5048399567604065 7905
1786509189090 0.5577772855758667 7906
1786509191670 0.5143042802810669 7907
1786509194250 0.5351139903068542 7908
1786509196831 0.5327432155609131 7909
1786509199413 0.5476310849189758 7910
1786509201992 0.5042635202407837 7911
1786509204573 0.581373929977417 7912
1786509207154 0.5226312279701233 7913
1786509209733 0.5773624181747437 7914
1786509212313 0.5322343111038208 7915
1786509214893 0.5922860503196716 7916
1786509217473 0.5173224806785583 7917
1786509220052 0.5675023198127747 7918
1786509222633 0.4959867298603058 7919
1786509225213 0.5444339513778687 7920
1786509227792 0.500844419002533 7921
1786509230378 0.532835066318512 7922
1786509232972 0.5052159428596497 7923
1786509235556 0.5249109268188477 7924
1786509238138 0.4931373596191406 7925
1786509240719 0.49524998664855957 7926
1786509243300 0.4935430586338043 7927
1786509245885 0.49785423278808594 7928
1786509248466 0.5265384316444397 7929
1786509251045 0.5266097784042358 7930
1786509253627 0.5527024865150452 7931
1786509256208 0.5206143856048584 7932
1786509258789 0.6139094233512878 7933
1786509261368 0.49271881580352783 7934
1786509263949 0.5641734600067139 7935
1786509266529 0.5264219641685486 7936
1786509269108 0.5015882253646851 7937
1786509271689 0.5405612587928772 7938
1786509274269 0.4969835877418518 7939
1786509276849 0.5117047429084778 7940
1786509279430 0.4978865087032318 7941
1786509282010 0.516528308391571 7942
1786509284590 0.5080009698867798 7943
1786509287169 0.4966800808906555 7944
1786509289750 0.5246292948722839 7945
1786509292333 0.4945811331272125 7946
1786509294916 0.5129952430725098 7947
1786509297497 0.5039535760879517 7948
1786509300075 0.514960765838623 7949
1786509302654 0.4906342327594757 7950
1786509305246 0.49382027983665466 7951
1786509307835 0.5136784911155701 7952
1786509310422 0.5286316871643066 7953
1786509313012 0.5363162755966187 7954
1786509315604 0.5605185031890869 7955
1786509318196 0.536118745803833 7956
1786509320793 0.542861819267273 7957
1786509323386 0.5193817615509033 7958
1786509325983 0.5307651162147522 7959
1786509328598 0.5384702086448669 7960
1786509331183 0.5313276052474976 7961
1786509333775 0.5457703471183777 7962
1786509336366 0.49241673946380615 7963
1786509338961 0.5395339727401733 7964
1786509341553 0.5046564340591431 7965
1786509344139 0.49863824248313904 7966
1786509346730 0.5174671411514282 7967
1786509349315 0.5124514698982239 7968
1786509351900 0.4874303638935089 7969
1786509354493 0.5184110999107361 7970
1786509357083 0.5043731331825256 7971
1786509359679 0.4889855980873108 7972
1786509362271 0.5172420144081116 7973
1786509364863 0.561907947063446 7974
1786509367451 0.5003039240837097 7975
1786509370043 0.5159479975700378 7976
1786509372629 0.5203035473823547 7977
1786509375227 0.49672770500183105 7978
1786509377811 0.5061205625534058 7979
1786509380408 0.5008087158203125 7980
1786509382996 0.469545841217041 7981
1786509385584 0.5057359337806702 7982
1786509388169 0.49357226490974426 7983
1786509390759 0.546766459941864 7984
1786509393342 0.5259420871734619 7985
1786509395929 0.5150863528251648 7986
1786509398512 0.5572662949562073 7987
1786509401105 0.5217726230621338 7988
1786509403687 0.5510420203208923 7989
1786509406266 0.5660923719406128 7990
1786509408848 0.4954337179660797 7991
1786509411431 0.5741917490959167 7992
1786509414012 0.5088680982589722 7993
1786509416590 0.5130527019500732 7994
1786509419165 0.510794460773468 7995
1786509421741 0.49572935700416565 7996
1786509424315 0.497165709733963 7997
1786509426893 0.49639469385147095 7998
1786509429467 0.4836735129356384 7999
1786509434417 0.524073600769043 8000
1786509436991 0.5092884302139282 8001
1786509439567 0.4899866580963135 8002
1786509442148 0.5548838973045349 8003
1786509444731 0.512211263179779 8004
1786509447312 0.584151566028595 8005
1786509449893 0.4869534969329834 8006
1786509452475 0.5491058826446533 8007
1786509455055 0.5163166522979736 8008
1786509457635 0.5231116414070129 8009
1786509460218 0.4942775368690491 8010
1786509462799 0.5115846395492554 8011
1786509465378 0.49725958704948425 8012
1786509467958 0.5224915146827698 8013
1786509470541 0.47278261184692383 8014
1786509473122 0.5181215405464172 8015
1786509475703 0.50773686170578 8016
1786509478284 0.5117195248603821 8017
1786509480865 0.5146732926368713 8018
1786509483445 0.5060306787490845 8019
1786509486021 0.5284848213195801 8020
1786509488597 0.525006115436554 8021
1786509491173 0.503357470035553 8022
1786509493752 0.5302155017852783 8023
1786509496328 0.5535511374473572 8024
1786509498904 0.6016564965248108 8025
1786509501479 0.5289955139160156 8026
1786509504056 0.5544342994689941 8027
1786509506632 0.5356760621070862 8028
1786509509209 0.5062461495399475 8029
1786509511785 0.5214725732803345 8030
1786509514362 0.5075016617774963 8031
1786509516938 0.5751259326934814 8032
1786509519515 0.5206480622291565 8033
1786509522091 0.5312201380729675 8034
1786509524667 0.5491734147071838 8035
1786509527244 0.5003786087036133 8036
1786509529821 0.5146677494049072 8037
1786509532397 0.5166067481040955 8038
1786509534973 0.5027591586112976 8039
1786509537549 0.5473880171775818 8040
1786509540126 0.49735191464424133 8041
1786509542701 0.5421291589736938 8042
1786509545278 0.5123942494392395 8043
1786509547854 0.4850943684577942 8044
1786509550433 0.5122258067131042 8045
1786509553015 0.4851926863193512 8046
1786509555597 0.5224283933639526 8047
1786509558179 0.5379310250282288 8048
1786509560761 0.5068283677101135 8049
1786509563343 0.5352651476860046 8050
1786509565924 0.5082559585571289 8051
1786509568505 0.511227011680603 8052
1786509571087 0.5415790677070618 8053
1786509573669 0.5726215243339539 8054
1786509576251 0.5033311247825623 8055
1786509578832 0.5708329677581787 8056
1786509581413 0.48261693120002747 8057
1786509583993 0.5939058661460876 8058
1786509586574 0.5091347098350525 8059
1786509589155 0.5100117921829224 8060
1786509591737 0.523295521736145 8061
1786509594319 0.4978441894054413 8062
1786509596900 0.529321014881134 8063
1786509599482 0.5014872550964355 8064
1786509602064 0.4737817049026489 8065
1786509604646 0.5014704465866089 8066
1786509607227 0.4982185661792755 8067
1786509609809 0.5198525190353394 8068
1786509612391 0.5728441476821899 8069
1786509614973 0.5186691880226135 8070
1786509617554 0.5066820383071899 8071
1786509620136 0.501704752445221 8072
1786509622718 0.5408293008804321 8073
1786509625302 0.5073307752609253 8074
1786509627883 0.4964066445827484 8075
1786509630465 0.5232207775115967 8076
1786509633046 0.4752935469150543 8077
1786509635629 0.5187907218933105 8078
1786509638210 0.5124859809875488 8079
1786509640792 0.546366274356842 8080
1786509643373 0.5100076198577881 8081
1786509645954 0.5076507329940796 8082
1786509648535 0.5016972422599792 8083
1786509651117 0.5019583106040955 8084
1786509653698 0.5573082566261292 8085
1786509656281 0.4881468415260315 8086
1786509658862 0.5323137640953064 8087
1786509661444 0.504557192325592 8088
1786509664025 0.5518664121627808 8089
1786509666607 0.5416133403778076 8090
1786509669189 0.5892224907875061 8091
1786509671770 0.5268407464027405 8092
1786509674351 0.5413545370101929 8093
1786509676934 0.4954605996608734 8094
1786509679524 0.5195230841636658 8095
1786509682105 0.5000752806663513 8096
1786509684687 0.5264097452163696 8097
1786509687270 0.49356403946876526 8098
1786509689852 0.48740479350090027 8099
1786509692434 0.5213561058044434 8100
1786509695015 0.4906802773475647 8101
1786509697602 0.4778352975845337 8102
1786509700183 0.5081474781036377 8103
1786509702765 0.5521709322929382 8104
1786509705346 0.5538374185562134 8105
1786509707929 0.5593297481536865 8106
1786509710510 0.5712718963623047 8107
1786509713092 0.5276280045509338 8108
1786509715673 0.5365889072418213 8109
1786509718255 0.5349587798118591 8110
1786509720837 0.5709270238876343 8111
1786509723419 0.5400089025497437 8112
1786509726001 0.5449697971343994 8113
1786509728582 0.5146806240081787 8114
1786509731164 0.5771103501319885 8115
1786509733744 0.5134751200675964 8116
1786509736326 0.580660879611969 8117
1786509738907 0.5053577423095703 8118
1786509741488 0.5529272556304932 8119
1786509744069 0.5195184946060181 8120
1786509746652 0.5210660696029663 8121
1786509749232 0.5056058764457703 8122
1786509751812 0.5132858753204346 8123
1786509754393 0.5325919389724731 8124
1786509756974 0.5399956703186035 8125
1786509759555 0.5330138206481934 8126
1786509762137 0.4932400584220886 8127
1786509764718 0.541172981262207 8128
1786509767299 0.5108434557914734 8129
1786509769879 0.5386254787445068 8130
1786509772461 0.4960130453109741 8131
1786509775044 0.5692241787910461 8132
1786509777625 0.52447110414505 8133
1786509780207 0.5233315825462341 8134
1786509782787 0.5397900342941284 8135
1786509785368 0.5492435693740845 8136
1786509787949 0.5586404800415039 8137
1786509790530 0.5089833736419678 8138
1786509793110 0.5380793213844299 8139
1786509795690 0.5057982206344604 8140
1786509798270 0.5423752665519714 8141
1786509800852 0.5306600332260132 8142
1786509803432 0.5310540199279785 8143
1786509806013 0.5795515179634094 8144
1786509808594 0.5382580161094666 8145
1786509811175 0.5716574192047119 8146
1786509813755 0.548719048500061 8147
1786509816335 0.5516353249549866 8148
1786509818917 0.5009303689002991 8149
1786509821500 0.5212730765342712 8150
1786509824083 0.5288621783256531 8151
1786509826664 0.49564605951309204 8152
1786509829245 0.5466989874839783 8153
1786509831828 0.5105853080749512 8154
1786509834411 0.5165495872497559 8155
1786509836991 0.5528619289398193 8156
1786509839571 0.5353955030441284 8157
1786509842151 0.5437267422676086 8158
1786509844731 0.5105839967727661 8159
1786509847312 0.5144193172454834 8160
1786509849891 0.5144676566123962 8161
1786509852470 0.5211468935012817 8162
1786509855051 0.502955973148346 8163
1786509857630 0.5080916881561279 8164
1786509860210 0.5138540863990784 8165
1786509862791 0.49718716740608215 8166
1786509865372 0.516467273235321 8167
1786509867954 0.5038164258003235 8168
1786509870535 0.5182610154151917 8169
1786509873117 0.5205315947532654 8170
1786509875699 0.490491658449173 8171
1786509878280 0.5500925779342651 8172
1786509880861 0.5077971816062927 8173
1786509883442 0.5419583916664124 8174
1786509886024 0.5151426196098328 8175
1786509888605 0.5103795528411865 8176
1786509891187 0.5856953263282776 8177
1786509893769 0.49276432394981384 8178
1786509896350 0.6077167391777039 8179
1786509898931 0.5240610837936401 8180
1786509901513 0.5663365125656128 8181
1786509904093 0.5378892421722412 8182
1786509906684 0.5251691341400146 8183
1786509909264 0.5290464162826538 8184
1786509911844 0.5129937529563904 8185
1786509914426 0.5367773175239563 8186
1786509917007 0.5139065384864807 8187
1786509919589 0.5103840231895447 8188
1786509922171 0.5204697251319885 8189
1786509924753 0.5165011882781982 8190
1786509927334 0.5435976982116699 8191
1786509929916 0.5325812697410583 8192
1786509932498 0.5300162434577942 8193
1786509935080 0.5648161768913269 8194
1786509937662 0.5490256547927856 8195
1786509940244 0.5467078685760498 8196
1786509942824 0.5255616903305054 8197
1786509945406 0.5401124954223633 8198
1786509947987 0.5106489658355713 8199
1786509950568 0.5223919153213501 8200
1786509953151 0.5184176564216614 8201
1786509955733 0.5214245915412903 8202
1786509958314 0.5264843106269836 8203
1786509960896 0.5549646019935608 8204
1786509963478 0.4897003769874573 8205
1786509966059 0.5537829995155334 8206
1786509968641 0.4945816695690155 8207
1786509971224 0.5342910289764404 8208
1786509973805 0.5617282390594482 8209
1786509976387 0.5154068470001221 8210
1786509978969 0.5100574493408203 8211
1786509981551 0.5482809543609619 8212
1786509984135 0.5173511505126953 8213
1786509986716 0.4935959279537201 8214
1786509989298 0.5018970966339111 8215
1786509991879 0.5076024532318115 8216
1786509994461 0.5212994813919067 8217
1786509997044 0.4923460781574249 8218
1786509999628 0.5384730100631714 8219
1786510002211 0.5718545317649841 8220
1786510004793 0.5100899338722229 8221
1786510007376 0.5052222013473511 8222
1786510009959 0.5338152647018433 8223
1786510012542 0.517132580280304 8224
1786510015126 0.5423834323883057 8225
1786510017714 0.536219596862793 8226
1786510020296 0.4941249191761017 8227
1786510022877 0.5314368605613708 8228
1786510025461 0.5471650958061218 8229
1786510028043 0.5150654315948486 8230
1786510030625 0.5188808441162109 8231
1786510033205 0.48043984174728394 8232
1786510035785 0.5167984962463379 8233
1786510038365 0.474597692489624 8234
1786510040946 0.4855820834636688 8235
1786510043527 0.5000067353248596 8236
1786510046109 0.5026586055755615 8237
1786510048691 0.5007981061935425 8238
1786510051273 0.5379742980003357 8239
1786510053855 0.4992721378803253 8240
1786510056437 0.5141175389289856 8241
1786510059019 0.4836643934249878 8242
1786510061601 0.5241877436637878 8243
1786510064182 0.5111519694328308 8244
1786510066763 0.5114543437957764 8245
1786510069347 0.541791558265686 8246
1786510071930 0.5362462997436523 8247
1786510074513 0.5591947436332703 8248
1786510077098 0.5710629820823669 8249
1786510079682 0.532672107219696 8250
1786510082264 0.5156400203704834 8251
1786510084843 0.5528579950332642 8252
1786510087429 0.5265616774559021 8253
1786510090013 0.5073447227478027 8254
1786510092593 0.5219281315803528 8255
1786510095174 0.5080828070640564 8256
1786510097756 0.5448845624923706 8257
1786510100336 0.49900174140930176 8258
1786510102918 0.5208035707473755 8259
1786510105497 0.537773609161377 8260
1786510108077 0.49653470516204834 8261
1786510110657 0.4979372024536133 8262
1786510113237 0.504582941532135 8263
1786510115818 0.5184157490730286 8264
1786510118398 0.4701603353023529 8265
1786510120979 0.5022180676460266 8266
1786510123560 0.5114263296127319 8267
1786510126141 0.5146096348762512 8268
1786510128723 0.5132991671562195 8269
1786510131304 0.5508214235305786 8270
1786510133885 0.5611720681190491 8271
1786510136467 0.5500696897506714 8272
1786510139048 0.5024546980857849 8273
1786510141629 0.5615027546882629 8274
1786510144209 0.5029996633529663 8275
1786510146790 0.5585311651229858 8276
1786510149372 0.5240045189857483 8277
1786510151953 0.5118063688278198 8278
1786510154534 0.539029061794281 8279
1786510157115 0.5231732726097107 8280
1786510159697 0.5316255688667297 8281
1786510162278 0.5349985957145691 8282
1786510164860 0.5147602558135986 8283
1786510167441 0.5697210431098938 8284
1786510170024 0.5099725723266602 8285
1786510172605 0.5385296940803528 8286
1786510175186 0.5074266791343689 8287
1786510177767 0.5051860213279724 8288
1786510180348 0.4904729127883911 8289
1786510182930 0.5340467095375061 8290
1786510185512 0.522520899772644 8291
1786510188093 0.5051006078720093 8292
1786510190674 0.56418776512146 8293
1786510193255 0.5018311738967896 8294
1786510195836 0.5323003530502319 8295
1786510198416 0.48342666029930115 8296
1786510200998 0.5285824537277222 8297
1786510203579 0.48148566484451294 8298
1786510206160 0.5197528600692749 8299
1786510208741 0.49621379375457764 8300
1786510211321 0.5470008254051208 8301
1786510213903 0.5050281882286072 8302
1786510216484 0.5275554656982422 8303
1786510219064 0.5018685460090637 8304
1786510221646 0.4982045590877533 8305
1786510224228 0.5193638801574707 8306
1786510226808 0.5173547863960266 8307
1786510229389 0.49091970920562744 8308
1786510231970 0.5653008222579956 8309
1786510234552 0.4709174633026123 8310
1786510237134 0.5546320080757141 8311
1786510239714 0.5082672238349915 8312
1786510242296 0.544442892074585 8313
1786510244877 0.5311344265937805 8314
1786510247459 0.49476754665374756 8315
1786510250040 0.5334784984588623 8316
1786510252621 0.509052038192749 8317
1786510255201 0.5207902193069458 8318
1786510257782 0.5364955067634583 8319
1786510260363 0.5012910962104797 8320
1786510262943 0.5105350017547607 8321
1786510265522 0.5082061886787415 8322
1786510268101 0.48191750049591064 8323
1786510270682 0.5028930306434631 8324
1786510273272 0.4956950545310974 8325
1786510275852 0.5157122611999512 8326
1786510278433 0.507423996925354 8327
1786510281020 0.5232841968536377 8328
1786510283609 0.5002011656761169 8329
1786510286198 0.5034427046775818 8330
1786510288787 0.5096969604492188 8331
1786510291376 0.5114679932594299 8332
1786510293967 0.5424927473068237 8333
1786510296558 0.5347908735275269 8334
1786510299147 0.5436697602272034 8335
1786510301736 0.5297449231147766 8336
1786510304328 0.5089885592460632 8337
1786510306916 0.5225667357444763 8338
1786510309504 0.5248702168464661 8339
1786510312096 0.5313677191734314 8340
1786510314683 0.5154070258140564 8341
1786510317272 0.5130625367164612 8342
1786510319864 0.5719705820083618 8343
1786510322451 0.5086433291435242 8344
1786510325036 0.6408496499061584 8345
1786510327623 0.49385836720466614 8346
1786510330211 0.5616361498832703 8347
1786510332799 0.5597141981124878 8348
1786510335386 0.5210835933685303 8349
1786510337975 0.5347616672515869 8350
1786510340561 0.4802716374397278 8351
1786510343150 0.5216094851493835 8352
1786510345741 0.528317928314209 8353
1786510348327 0.5035259127616882 8354
1786510350915 0.5160401463508606 8355
1786510353503 0.511701226234436 8356
1786510356097 0.55975741147995 8357
1786510358683 0.4843061566352844 8358
1786510361269 0.5086950063705444 8359
1786510363860 0.48795756697654724 8360
1786510366469 0.5145643353462219 8361
1786510369069 0.47912827134132385 8362
1786510371658 0.5538046360015869 8363
1786510374243 0.5295652151107788 8364
1786510376829 0.56242436170578 8365
1786510379415 0.4696831703186035 8366
1786510381999 0.5095447301864624 8367
1786510384577 0.5037729144096375 8368
1786510387158 0.48949384689331055 8369
1786510389738 0.48268693685531616 8370
1786510392318 0.5356850624084473 8371
1786510394899 0.5685825943946838 8372
1786510397482 0.4796612858772278 8373
1786510400062 0.5746349692344666 8374
1786510402641 0.5041421055793762 8375
1786510405223 0.5048487782478333 8376
1786510407804 0.5548809170722961 8377
1786510410386 0.517357587814331 8378
1786510412965 0.5082011818885803 8379
1786510415545 0.4866446852684021 8380
1786510418125 0.5236956477165222 8381
1786510420706 0.49792611598968506 8382
1786510423287 0.5011164546012878 8383
1786510425867 0.5243657231330872 8384
1786510428447 0.48888522386550903 8385
1786510431027 0.5255046486854553 8386
1786510433609 0.4981822967529297 8387
1786510436190 0.558454155921936 8388
1786510438771 0.4969341456890106 8389
1786510441351 0.5093129873275757 8390
1786510443932 0.4754280149936676 8391
1786510446513 0.5060332417488098 8392
1786510449093 0.5299692749977112 8393
1786510451671 0.5296298265457153 8394
1786510454251 0.49699723720550537 8395
1786510456835 0.5200292468070984 8396
1786510459415 0.5055176615715027 8397
1786510461995 0.48527899384498596 8398
1786510464575 0.5129188299179077 8399
1786510467157 0.5027467012405396 8400
1786510469739 0.5220528244972229 8401
1786510472318 0.5055655837059021 8402
1786510474898 0.5303938388824463 8403
1786510477480 0.4907150864601135 8404
1786510480059 0.5302597880363464 8405
1786510482639 0.5292452573776245 8406
1786510485219 0.5039370656013489 8407
1786510487799 0.4965159296989441 8408
1786510490381 0.5204164385795593 8409
1786510492961 0.4723886549472809 8410
1786510495543 0.5099869966506958 8411
1786510498123 0.5226805806159973 8412
1786510500704 0.5242806673049927 8413
1786510503284 0.5105760097503662 8414
1786510505866 0.5120155811309814 8415
1786510508450 0.5105700492858887 8416
1786510511027 0.48695430159568787 8417
1786510513603 0.5181584358215332 8418
1786510516181 0.4944744408130646 8419
1786510518757 0.5310419797897339 8420
1786510521335 0.5105516910552979 8421
1786510523911 0.5073872804641724 8422
1786510526494 0.5683495402336121 8423
1786510529079 0.5049329400062561 8424
1786510531657 0.5047353506088257 8425
1786510534236 0.5417341589927673 8426
1786510536818 0.5248201489448547 8427
1786510539403 0.5051240921020508 8428
1786510541986 0.49314096570014954 8429
1786510544567 0.5053295493125916 8430
1786510547147 0.5121617913246155 8431
1786510549727 0.5878549218177795 8432
1786510552312 0.5370385050773621 8433
1786510554892 0.49479201436042786 8434
1786510557470 0.47010675072669983 8435
1786510560046 0.5442942380905151 8436
1786510562623 0.5064746141433716 8437
1786510565200 0.5369099974632263 8438
1786510567778 0.5148812532424927 8439
1786510570356 0.49653857946395874 8440
1786510572937 0.5143939256668091 8441
1786510575522 0.502189576625824 8442
1786510578109 0.5157945156097412 8443
1786510580695 0.573244035243988 8444
1786510583277 0.49713605642318726 8445
1786510585858 0.5189447402954102 8446
1786510588441 0.5090726017951965 8447
1786510591022 0.4955612123012543 8448
1786510593608 0.5310437679290771 8449
1786510596196 0.5616587400436401 8450
1786510598778 0.5362961292266846 8451
1786510601359 0.5342515707015991 8452
1786510603940 0.5028546452522278 8453
1786510606522 0.5743282437324524 8454
1786510609105 0.4865831136703491 8455
1786510611686 0.6310650110244751 8456
1786510614271 0.4973045587539673 8457
1786510616861 0.6240699887275696 8458
1786510619441 0.5155940055847168 8459
1786510622021 0.5595596432685852 8460
1786510624600 0.5170155763626099 8461
1786510627181 0.5721117258071899 8462
1786510629761 0.5298541188240051 8463
1786510632340 0.5305508375167847 8464
1786510634920 0.5223997831344604 8465
1786510637501 0.5018512010574341 8466
1786510640084 0.5494768023490906 8467
1786510642664 0.5240121483802795 8468
1786510645245 0.5110847353935242 8469
1786510647827 0.5223678350448608 8470
1786510650410 0.5039984583854675 8471
1786510652993 0.510888934135437 8472
1786510655573 0.5017393827438354 8473
1786510658153 0.5240399241447449 8474
1786510660733 0.49937453866004944 8475
1786510663312 0.5436951518058777 8476
1786510665892 0.5512505769729614 8477
1786510668471 0.5229990482330322 8478
1786510671052 0.5518476366996765 8479
1786510673633 0.5283002257347107 8480
1786510676213 0.5328101515769958 8481
1786510678792 0.5060044527053833 8482
1786510681372 0.5557463765144348 8483
1786510683951 0.49467092752456665 8484
1786510686531 0.5497296452522278 8485
1786510689110 0.5193235278129578 8486
1786510691690 0.5416162610054016 8487
1786510694270 0.5746159553527832 8488
1786510696849 0.4956448972225189 8489
1786510699429 0.5606420636177063 8490
1786510702006 0.48613590002059937 8491
1786510704581 0.5955549478530884 8492
1786510707156 0.49209222197532654 8493
1786510709732 0.5358582139015198 8494
1786510712310 0.5319147706031799 8495
1786510714886 0.572898805141449 8496
1786510717462 0.5112522840499878 8497
1786510720039 0.5158628821372986 8498
1786510722615 0.5649687051773071 8499
1786510726587 0.4986916780471802 8500
1786510729163 0.5054447650909424 8501
1786510731740 0.5136475563049316 8502
1786510734318 0.5410662293434143 8503
1786510736895 0.5240964293479919 8504
1786510739472 0.5461035966873169 8505
1786510742048 0.5208008289337158 8506
1786510744624 0.5320825576782227 8507
1786510747200 0.545868992805481 8508
1786510749776 0.4950612485408783 8509
1786510752352 0.5112562775611877 8510
1786510754927 0.5231438279151917 8511
1786510757503 0.5062490105628967 8512
1786510760078 0.49287882447242737 8513
1786510762654 0.5173671245574951 8514
1786510765234 0.5076186656951904 8515
1786510767816 0.5316212177276611 8516
1786510770398 0.5156700611114502 8517
1786510772979 0.503757894039154 8518
1786510775559 0.5099059343338013 8519
1786510778140 0.5269685983657837 8520
1786510780721 0.4870540201663971 8521
1786510783302 0.48787444829940796 8522
1786510785882 0.523346483707428 8523
1786510788465 0.49142077565193176 8524
1786510791054 0.5175812840461731 8525
1786510793636 0.5255362391471863 8526
1786510796217 0.5347415804862976 8527
1786510798797 0.5232016444206238 8528
1786510801372 0.5117026567459106 8529
1786510803954 0.5092400312423706 8530
1786510806541 0.4987703859806061 8531
1786510809117 0.5291419625282288 8532
1786510811698 0.5125047564506531 8533
1786510814281 0.5194852948188782 8534
1786510816864 0.5120746493339539 8535
1786510819443 0.5434852242469788 8536
1786510822018 0.5277535319328308 8537
1786510824594 0.9982966780662537 8538
1786510827169 0.558049201965332 8539
1786510829743 0.6125364303588867 8540
1786510832317 0.524834156036377 8541
1786510834892 0.4857301414012909 8542
1786510837470 0.5191052556037903 8543
1786510840045 0.5427725315093994 8544
1786510842620 0.509956419467926 8545
1786510845194 0.5395808815956116 8546
1786510847768 0.5163113474845886 8547
1786510850345 0.516656756401062 8548
1786510852921 0.5333932042121887 8549
1786510855499 0.5425772666931152 8550
1786510858075 0.55158531665802 8551
1786510860651 0.5453554391860962 8552
1786510863227 0.5335970520973206 8553
1786510865802 0.49214696884155273 8554
1786510868378 0.5224278569221497 8555
1786510870955 0.541388988494873 8556
1786510873531 0.50150465965271 8557
1786510876107 0.5708358883857727 8558
1786510878682 0.5252537131309509 8559
1786510881258 0.5500187873840332 8560
1786510883834 0.5352181196212769 8561
1786510886411 0.5273001194000244 8562
1786510888987 0.5155477523803711 8563
1786510891563 0.5380499958992004 8564
1786510894139 0.5100489258766174 8565
1786510896716 0.5086105465888977 8566
1786510899292 0.5177738070487976 8567
1786510901868 0.49775028228759766 8568
1786510904443 0.5055978894233704 8569
1786510907019 0.5048113465309143 8570
1786510909595 0.5323072671890259 8571
1786510912170 0.532420814037323 8572
1786510914746 0.4932776391506195 8573
1786510917322 0.5585249066352844 8574
1786510919898 0.5456047058105469 8575
1786510922474 0.4732545018196106 8576
1786510925050 0.5254071354866028 8577
1786510927626 0.4998510479927063 8578
1786510930201 0.5513598918914795 8579
1786510932777 0.5592019557952881 8580
1786510935356 0.5231215357780457 8581
1786510937932 0.5587918162345886 8582
1786510940507 0.5033004283905029 8583
1786510943083 0.5369921326637268 8584
1786510945659 0.5302836298942566 8585
1786510948236 0.5977081656455994 8586
1786510950811 0.5489145517349243 8587
1786510953388 0.5528168082237244 8588
1786510955964 0.5574527978897095 8589
1786510958540 0.5184475183486938 8590
1786510961116 0.5789813995361328 8591
1786510963692 0.5411948561668396 8592
1786510966269 0.5544884204864502 8593
1786510968846 0.5630247592926025 8594
1786510971422 0.5975834131240845 8595
1786510973999 0.5257226228713989 8596
1786510976575 0.5780847072601318 8597
1786510979151 0.5426844954490662 8598
1786510981727 0.5459304451942444 8599
1786510984302 0.6289932727813721 8600
1786510986879 0.5543985962867737 8601
1786510989455 0.5473393201828003 8602
1786510992030 0.7079886794090271 8603
1786510994606 0.5460515022277832 8604
1786510997182 0.5353105068206787 8605
1786510999760 0.5066007971763611 8606
1786511002340 0.5331035852432251 8607
1786511004920 0.5423710942268372 8608
1786511007500 0.504673957824707 8609
1786511010080 0.5798284411430359 8610
1786511012660 0.5421698093414307 8611
1786511015240 0.5811134576797485 8612
1786511017819 0.505878746509552 8613
1786511020399 0.5312985777854919 8614
1786511022978 0.5616366863250732 8615
1786511025556 0.49444547295570374 8616
1786511028135 0.5282191038131714 8617
1786511030713 0.5477357506752014 8618
1786511033294 0.4994933009147644 8619
1786511035874 0.5158366560935974 8620
1786511038454 0.5026053190231323 8621
1786511041035 0.5508602261543274 8622
1786511043613 0.5473912954330444 8623
1786511046192 0.4845922887325287 8624
1786511048770 0.5208125114440918 8625
1786511051349 0.4906400442123413 8626
1786511053927 0.4985909163951874 8627
1786511056506 0.49363309144973755 8628
1786511059086 0.4929609000682831 8629
1786511061665 0.49258992075920105 8630
1786511064245 0.5163944959640503 8631
1786511066825 0.48118844628334045 8632
1786511069407 0.5579818487167358 8633
1786511071986 0.47436949610710144 8634
1786511074566 0.5181728601455688 8635
1786511077147 0.531953752040863 8636
1786511079730 0.4737716019153595 8637
1786511082309 0.5122195482254028 8638
1786511084888 0.4783031642436981 8639
1786511087467 0.4951753616333008 8640
1786511090049 0.5062049627304077 8641
1786511092629 0.4720170497894287 8642
1786511095209 0.5088106393814087 8643
1786511097790 0.5138826370239258 8644
1786511100372 0.5141011476516724 8645
1786511102951 0.49338942766189575 8646
1786511105530 0.4964280128479004 8647
1786511108109 0.5138718485832214 8648
1786511110688 0.49024033546447754 8649
1786511113267 0.5237308144569397 8650
1786511115846 0.5481137633323669 8651
1786511118426 0.5081284046173096 8652
1786511121008 0.5538502335548401 8653
1786511123589 0.5441322326660156 8654
1786511126168 0.5519486665725708 8655
1786511128748 0.5458688139915466 8656
1786511131330 0.5538716912269592 8657
1786511133909 0.5148364901542664 8658
1786511136489 0.5305878520011902 8659
1786511139069 0.5183950066566467 8660
1786511141649 0.5217598676681519 8661
1786511144229 0.5399707555770874 8662
1786511146808 0.5209973454475403 8663
1786511149388 0.5787017941474915 8664
1786511151967 0.5127968192100525 8665
1786511154547 0.5531850457191467 8666
1786511157130 0.5325564742088318 8667
1786511159709 0.5081707239151001 8668
1786511162290 0.5483909845352173 8669
1786511164871 0.4865134060382843 8670
1786511167451 0.5227399468421936 8671
1786511170029 0.521422803401947 8672
1786511172611 0.4982147812843323 8673
1786511175197 0.4788368046283722 8674
1786511177778 0.5309165120124817 8675
1786511180358 0.4926113486289978 8676
1786511182932 0.4913713335990906 8677
1786511185514 0.5069926977157593 8678
1786511188094 0.516589879989624 8679
1786511190675 0.5074007511138916 8680
1786511193258 0.5346841216087341 8681
1786511195840 0.49781739711761475 8682
1786511198423 0.6099427342414856 8683
1786511201004 0.5599550008773804 8684
1786511203584 0.5290932059288025 8685
1786511206163 0.5132498741149902 8686
1786511208743 0.5050135254859924 8687
1786511211325 0.5260425806045532 8688
1786511213909 0.4932364821434021 8689
1786511216488 0.5062768459320068 8690
1786511219065 0.4985795319080353 8691
1786511221640 0.47804343700408936 8692
1786511224214 0.5088298320770264 8693
1786511226789 0.5593953132629395 8694
1786511229365 0.5243434906005859 8695
1786511231940 0.5178961157798767 8696
1786511234516 0.5446982383728027 8697
1786511237092 0.5028895139694214 8698
1786511239667 0.5564401149749756 8699
1786511242243 0.5458093285560608 8700
1786511244821 0.6201545000076294 8701
1786511247396 0.5024042725563049 8702
1786511249972 0.551559567451477 8703
1786511252547 0.5085935592651367 8704
1786511255123 0.579888105392456 8705
1786511257699 0.5662792921066284 8706
1786511260274 0.5479815006256104 8707
1786511262850 0.5410577654838562 8708
1786511265424 0.5404933094978333 8709
1786511267998 0.5150588154792786 8710
1786511270573 0.5413927435874939 8711
1786511273149 0.5310056209564209 8712
1786511275725 0.5232370495796204 8713
1786511278300 0.5004740357398987 8714
1786511280876 0.5138633251190186 8715
1786511283451 0.5116503834724426 8716
1786511286026 0.5250146389007568 8717
1786511288600 0.5722196102142334 8718
1786511291174 0.5140118598937988 8719
1786511293748 0.5552427172660828 8720
1786511296325 0.6292463541030884 8721
1786511298901 0.5170556306838989 8722
1786511301476 0.4941275715827942 8723
1786511304052 0.5603583455085754 8724
1786511306627 0.5211314558982849 8725
1786511309202 0.5510120987892151 8726
1786511311778 0.5544262528419495 8727
1786511314354 0.5167415738105774 8728
1786511316931 0.5376703143119812 8729
1786511319507 0.5799580812454224 8730
1786511322082 0.56699538230896 8731
1786511324658 0.5137861371040344 8732
1786511327235 0.5517303943634033 8733
1786511329812 0.5983452200889587 8734
1786511332387 0.5713661313056946 8735
1786511334963 0.607387900352478 8736
1786511337541 0.5798309445381165 8737
1786511340117 0.5388808846473694 8738
1786511342692 0.5417710542678833 8739
1786511345268 0.5417474508285522 8740
1786511347844 0.5377021431922913 8741
1786511350419 0.5013928413391113 8742
1786511352994 0.5164795517921448 8743
1786511355570 0.5375335812568665 8744
1786511358146 0.5409770607948303 8745
1786511360723 0.5237954258918762 8746
1786511363299 0.5321840643882751 8747
1786511365874 0.5532249808311462 8748
1786511368449 0.5260838866233826 8749
1786511371023 0.49968159198760986 8750
1786511373597 0.5554718375205994 8751
1786511376171 0.5255985856056213 8752
1786511378747 0.49845167994499207 8753
1786511381323 0.47461187839508057 8754
1786511383898 0.5123581886291504 8755
1786511386474 0.4758338928222656 8756
1786511389049 0.5024223327636719 8757
1786511391625 0.4767169952392578 8758
1786511394201 0.5251789689064026 8759
1786511396776 0.5230227708816528 8760
1786511399353 0.48594164848327637 8761
1786511401928 0.5157065987586975 8762
1786511404504 0.5159692168235779 8763
1786511407080 0.5370349884033203 8764
1786511409656 0.502232551574707 8765
1786511412232 0.5059074759483337 8766
1786511414807 0.4887537658214569 8767
1786511417383 0.5170777440071106 8768
1786511419959 0.5218666791915894 8769
1786511422534 0.5325807332992554 8770
1786511425110 0.519543468952179 8771
1786511427687 0.5023178458213806 8772
1786511430264 0.5185741186141968 8773
1786511432839 0.5013687610626221 8774
1786511435415 0.4894522726535797 8775
1786511437991 0.5064350366592407 8776
1786511440568 0.48732635378837585 8777
1786511443144 0.49001872539520264 8778
1786511445719 0.5362251400947571 8779
1786511448294 0.507399320602417 8780
1786511450871 0.49053022265434265 8781
1786511453448 0.4962148666381836 8782
1786511456024 0.5071341395378113 8783
1786511458605 0.48986124992370605 8784
1786511461185 0.49953126907348633 8785
1786511463762 0.5237023830413818 8786
1786511466340 0.5020835995674133 8787
1786511468918 0.4895080029964447 8788
1786511471493 0.492710679769516 8789
1786511474070 0.5486224889755249 8790
1786511476646 0.5254371762275696 8791
1786511479221 0.5340166687965393 8792
1786511481797 0.5023752450942993 8793
1786511484373 0.5117220878601074 8794
1786511486947 0.5164684653282166 8795
1786511489523 0.4937715530395508 8796
1786511492101 0.5228728652000427 8797
1786511494677 0.48403221368789673 8798
1786511497256 0.5125836133956909 8799
1786511499833 0.5349765419960022 8800
1786511502412 0.5174161195755005 8801
1786511504993 0.5306898951530457 8802
1786511507574 0.47848328948020935 8803
1786511510155 0.5124928951263428 8804
1786511512736 0.5442978143692017 8805
1786511515322 0.4965844750404358 8806
1786511517903 0.5232459306716919 8807
1786511520484 0.5285862684249878 8808
1786511523065 0.5312153100967407 8809
1786511525648 0.5122191905975342 8810
1786511528228 0.5865620374679565 8811
1786511530809 0.5238119959831238 8812
1786511533389 0.5295372009277344 8813
1786511535968 0.5343432426452637 8814
1786511538548 0.5554599165916443 8815
1786511541128 0.5558556914329529 8816
1786511543710 0.52707439661026 8817
1786511546289 0.5665220618247986 8818
1786511548869 0.5191165208816528 8819
1786511551447 0.5295884013175964 8820
1786511554024 0.5069688558578491 8821
1786511556600 0.5212233662605286 8822
1786511559178 0.5091453790664673 8823
1786511561755 0.5117219686508179 8824
1786511564331 0.5140372514724731 8825
1786511566907 0.5139639973640442 8826
1786511569483 0.5188050866127014 8827
1786511572061 0.5335255265235901 8828
1786511574643 0.5188193917274475 8829
1786511577228 0.5571210384368896 8830
1786511579809 0.5305580496788025 8831
1786511582390 0.5477286577224731 8832
1786511584971 0.5008047819137573 8833
1786511587552 0.5310391783714294 8834
1786511590134 0.49104905128479004 8835
1786511592715 0.5224453806877136 8836
1786511595301 0.4992682635784149 8837
1786511597881 0.5632854104042053 8838
1786511600461 0.48934218287467957 8839
1786511603043 0.5050550103187561 8840
1786511605628 0.5235185623168945 8841
1786511608212 0.5165702104568481 8842
1786511610792 0.5590528845787048 8843
1786511613374 0.5435739755630493 8844
1786511615954 0.532116174697876 8845
1786511618534 0.5234088897705078 8846
1786511621115 0.5532145500183105 8847
1786511623695 0.546142578125 8848
1786511626278 0.5135541558265686 8849
1786511628858 0.5233300924301147 8850
1786511631439 0.5085334777832031 8851
1786511634022 0.5335367321968079 8852
1786511636609 0.5021821856498718 8853
1786511639191 0.48752444982528687 8854
1786511641771 0.4918373227119446 8855
1786511644351 0.5432202816009521 8856
1786511646933 0.5416139364242554 8857
1786511649514 0.5276800394058228 8858
1786511652095 0.5168350338935852 8859
1786511654675 0.5034803152084351 8860
1786511657257 0.48954522609710693 8861
1786511659836 0.5199605226516724 8862
1786511662416 0.4959990978240967 8863
1786511664998 0.5272664427757263 8864
1786511667579 0.5603252649307251 8865
1786511670160 0.5476946830749512 8866
1786511672741 0.5391911864280701 8867
1786511675322 0.5613131523132324 8868
1786511677906 0.5178418159484863 8869
1786511680490 0.5209826827049255 8870
1786511683070 0.5968396067619324 8871
1786511685655 0.5363248586654663 8872
1786511688237 0.5268285870552063 8873
1786511690822 0.5269763469696045 8874
1786511693408 0.5315655469894409 8875
1786511695994 0.48154589533805847 8876
1786511698575 0.5282912254333496 8877
1786511701156 0.5343098044395447 8878
1786511703736 0.5413309931755066 8879
1786511706327 0.498451828956604 8880
1786511708908 0.5375654101371765 8881
1786511711488 0.5314695239067078 8882
1786511714068 0.5154699087142944 8883
1786511716650 0.4959682524204254 8884
1786511719231 0.5016648173332214 8885
1786511721821 0.5106865763664246 8886
1786511724402 0.5341330170631409 8887
1786511726984 0.4793173670768738 8888
1786511729565 0.49578455090522766 8889
1786511732146 0.5126853585243225 8890
1786511734727 0.5592079162597656 8891
1786511737307 0.5204436182975769 8892
1786511739887 0.5498151779174805 8893
1786511742470 0.5551359057426453 8894
1786511745055 0.5205478668212891 8895
1786511747640 0.5131438374519348 8896
1786511750221 0.5404707789421082 8897
1786511752802 0.5069414377212524 8898
1786511755378 0.5075405240058899 8899
1786511757953 0.5479925870895386 8900
1786511760527 0.5311267971992493 8901
1786511763101 0.5255675911903381 8902
1786511765676 0.5251390933990479 8903
1786511768254 0.5423936247825623 8904
1786511770836 0.5022698044776917 8905
1786511773418 0.5531163215637207 8906
1786511776001 0.5005143880844116 8907
1786511778585 0.5431520342826843 8908
1786511781166 0.5342434048652649 8909
1786511783749 0.4994899034500122 8910
1786511786331 0.5285181403160095 8911
1786511788912 0.4990825057029724 8912
1786511791493 0.5293435454368591 8913
1786511794074 0.5148189067840576 8914
1786511796653 0.5260645151138306 8915
1786511799229 0.4993624687194824 8916
1786511801809 0.5500713586807251 8917
1786511804390 0.5151627659797668 8918
1786511806970 0.5400877594947815 8919
1786511809551 0.4611586928367615 8920
1786511812132 0.5454742312431335 8921
1786511814715 0.5100767016410828 8922
1786511817299 0.5191903114318848 8923
1786511819883 0.5039710402488708 8924
1786511822462 0.4891885221004486 8925
1786511825044 0.5293463468551636 8926
1786511827624 0.5140150785446167 8927
1786511830204 0.5592924952507019 8928
1786511832785 0.5237217545509338 8929
1786511835366 0.5069522261619568 8930
1786511837946 0.5209373831748962 8931
1786511840526 0.5482082366943359 8932
1786511843106 0.5204681754112244 8933
1786511845686 0.5410374999046326 8934
1786511848265 0.5075311660766602 8935
1786511850849 0.5259647965431213 8936
1786511853436 0.5209565162658691 8937
1786511856016 0.5191453695297241 8938
1786511858598 0.4935900866985321 8939
1786511861180 0.5242874622344971 8940
1786511863760 0.5112647414207458 8941
1786511866340 0.5267598628997803 8942
1786511868920 0.5404055118560791 8943
1786511871504 0.5009790062904358 8944
1786511874084 0.5094304084777832 8945
1786511876664 0.5554689168930054 8946
1786511879245 0.5183730721473694 8947
1786511881827 0.5185776948928833 8948
1786511884409 0.5503261089324951 8949
1786511886990 0.52840256690979 8950
1786511889571 0.507532000541687 8951
1786511892162 0.5130198001861572 8952
1786511894748 0.5214165449142456 8953
1786511897335 0.497618705034256 8954
1786511899917 0.49027255177497864 8955
1786511902498 0.526253342628479 8956
1786511905078 0.5185108184814453 8957
1786511907659 0.6227664351463318 8958
1786511910240 0.48749250173568726 8959
1786511912822 0.5623679161071777 8960
1786511915401 0.4969770312309265 8961
1786511917983 0.5338037610054016 8962
1786511920563 0.5129739046096802 8963
1786511923145 0.5499752163887024 8964
1786511925726 0.5444215536117554 8965
1786511928307 0.5344549417495728 8966
1786511930887 0.5103316903114319 8967
1786511933469 0.5395013093948364 8968
1786511936052 0.5210647583007812 8969
1786511938633 0.48926228284835815 8970
1786511941212 0.5461084246635437 8971
1786511943792 0.5179477334022522 8972
1786511946373 0.534795343875885 8973
1786511948953 0.5109922289848328 8974
1786511951533 0.5465195775032043 8975
1786511954115 0.4889998435974121 8976
1786511956695 0.5630403161048889 8977
1786511959275 0.5270947813987732 8978
1786511961855 0.5322685837745667 8979
1786511964436 0.5226262211799622 8980
1786511967018 0.566537618637085 8981
1786511969600 0.5406806468963623 8982
1786511972183 0.49682819843292236 8983
1786511974767 0.4924396872520447 8984
1786511977347 0.5225683450698853 8985
1786511979928 0.5140638947486877 8986
1786511982510 0.48954877257347107 8987
1786511985092 0.5197186470031738 8988
1786511987673 0.5596833825111389 8989
1786511990255 0.5002528429031372 8990
1786511992835 0.5192047357559204 8991
1786511995412 0.509055495262146 8992
1786511997993 0.5111268758773804 8993
1786512000574 0.49317002296447754 8994
1786512003156 0.4951763153076172 8995
1786512005738 0.5545300245285034 8996
1786512008319 0.513892650604248 8997
1786512010896 0.5199253559112549 8998
1786512013473 0.5438159108161926 8999
1786512017443 0.4896194636821747 9000
1786512020019 0.5403322577476501 9001
1786512022594 0.5119380354881287 9002
1786512025171 0.5637478232383728 9003
1786512027750 0.49525678157806396 9004
1786512030331 0.5241386890411377 9005
1786512032912 0.5010761022567749 9006
1786512035496 0.5071930289268494 9007
1786512038077 0.5226543545722961 9008
1786512040657 0.5656139254570007 9009
1786512043237 0.49729257822036743 9010
1786512045819 0.5656049847602844 9011
1786512048400 0.5227735042572021 9012
1786512050982 0.5158120393753052 9013
1786512053563 0.5322353839874268 9014
1786512056146 0.4816681146621704 9015
1786512058727 0.5363990664482117 9016
1786512061306 0.5310313701629639 9017
1786512063885 0.5412119030952454 9018
1786512066460 0.5452479720115662 9019
1786512069035 0.5329005122184753 9020
1786512071610 0.551078736782074 9021
1786512074189 0.5213639140129089 9022
1786512076768 0.5265680551528931 9023
1786512079348 0.5284119248390198 9024
1786512081928 0.5172384977340698 9025
1786512084508 0.5211987495422363 9026
1786512087088 0.5103057622909546 9027
1786512089668 0.5268445014953613 9028
1786512092248 0.4860154986381531 9029
1786512094826 0.527885377407074 9030
1786512097406 0.550773561000824 9031
1786512099984 0.5232653617858887 9032
1786512102562 0.534881591796875 9033
1786512105140 0.5452621579170227 9034
1786512107720 0.5645751953125 9035
1786512110299 0.5466947555541992 9036
1786512112878 0.49859556555747986 9037
1786512115464 0.5434451699256897 9038
1786512118048 0.5258857011795044 9039
1786512120630 0.543821394443512 9040
1786512123211 0.548810601234436 9041
1786512125792 0.5273949503898621 9042
1786512128374 0.5055440068244934 9043
1786512130955 0.5442010760307312 9044
1786512133535 0.5440779328346252 9045
1786512136111 0.5376330018043518 9046
1786512138687 0.5034304857254028 9047
1786512141263 0.5167285203933716 9048
1786512143840 0.5185983777046204 9049
1786512146420 0.5083723068237305 9050
1786512149003 0.5283795595169067 9051
1786512151584 0.4968548119068146 9052
1786512154166 0.4973664879798889 9053
1786512156748 0.5305365920066833 9054
1786512159330 0.519188404083252 9055
1786512161911 0.5252575278282166 9056
1786512164494 0.4997768998146057 9057
1786512167075 0.5496463775634766 9058
1786512169658 0.5071861743927002 9059
1786512172240 0.5523601174354553 9060
1786512174827 0.541365921497345 9061
1786512177408 0.4990689754486084 9062
1786512179989 0.5066341161727905 9063
1786512182571 0.5198885798454285 9064
1786512185154 0.5030986070632935 9065
1786512187737 0.513080358505249 9066
1786512190320 0.499629408121109 9067
1786512192899 0.5378224849700928 9068
1786512195479 0.5494549870491028 9069
1786512198059 0.5097973942756653 9070
1786512200641 0.527216911315918 9071
1786512203220 0.5698140859603882 9072
1786512205803 0.5423171520233154 9073
1786512208384 0.573490560054779 9074
1786512210965 0.5090571045875549 9075
1786512213546 0.5971860885620117 9076
1786512216126 0.4910731911659241 9077
1786512218708 0.5225367546081543 9078
1786512221288 0.5351689457893372 9079
1786512223867 0.5298752188682556 9080
1786512226446 0.5548730492591858 9081
1786512229026 0.5094361901283264 9082
1786512231609 0.5499867796897888 9083
1786512234190 0.519629180431366 9084
1786512236770 0.5380609631538391 9085
1786512239346 0.5558244585990906 9086
1786512241921 0.5111181139945984 9087
1786512244498 0.5067659616470337 9088
1786512247076 0.5424636006355286 9089
1786512249652 0.5189011096954346 9090
1786512252229 0.5398765802383423 9091
1786512254808 0.5067365765571594 9092
1786512257387 0.5128106474876404 9093
1786512259972 0.5706244707107544 9094
1786512262555 0.5122865438461304 9095
1786512265136 0.546463668346405 9096
1786512267719 0.5514540076255798 9097
1786512270307 0.5556491613388062 9098
1786512272887 0.5629347562789917 9099
1786512275470 0.5452865362167358 9100
1786512278057 0.5276206731796265 9101
1786512280642 0.5337324142456055 9102
1786512283223 0.5521053671836853 9103
1786512285804 0.5489144921302795 9104
1786512288384 0.585915207862854 9105
1786512290967 0.547361433506012 9106
1786512293547 0.5233047008514404 9107
1786512296128 0.521209180355072 9108
1786512298710 0.5328824520111084 9109
1786512301294 0.5137962102890015 9110
1786512303876 0.4921351969242096 9111
1786512306457 0.5100632905960083 9112
1786512309039 0.4859054982662201 9113
1786512311622 0.4924275875091553 9114
1786512314203 0.5011705160140991 9115
1786512316779 0.501346230506897 9116
1786512319355 0.5108665823936462 9117
1786512321930 0.5496011972427368 9118
1786512324507 0.5132956504821777 9119
1786512327082 0.5803235173225403 9120
1786512329658 0.5802814364433289 9121
1786512332234 0.5595534443855286 9122
1786512334811 0.5453328490257263 9123
1786512337387 0.580549418926239 9124
1786512339963 0.553850531578064 9125
1786512342539 0.5681723356246948 9126
1786512345115 0.5391978025436401 9127
1786512347690 0.5275514125823975 9128
1786512350266 0.5280941724777222 9129
1786512352841 0.5030940771102905 9130
1786512355416 0.529621422290802 9131
1786512357992 0.491687536239624 9132
1786512360568 0.5209690928459167 9133
1786512363144 0.5549860596656799 9134
1786512365719 0.4726507365703583 9135
1786512368293 0.5218763947486877 9136
1786512370867 0.5064282417297363 9137
1786512373441 0.5051398873329163 9138
1786512376018 0.5094696879386902 9139
1786512378593 0.5541437864303589 9140
1786512381169 0.478370726108551 9141
1786512383744 0.5533435940742493 9142
1786512386320 0.507922887802124 9143
1786512388895 0.5791390538215637 9144
1786512391471 0.506277322769165 9145
1786512394046 0.5142281651496887 9146
1786512396621 0.5236583948135376 9147
1786512399196 0.5086292028427124 9148
1786512401771 0.5079101920127869 9149
1786512404347 0.5110652446746826 9150
1786512406924 0.4773353636264801 9151
1786512409504 0.5205680727958679 9152
1786512412083 0.5038070678710938 9153
1786512414664 0.5097017884254456 9154
1786512417243 0.48377183079719543 9155
1786512419822 0.48443683981895447 9156
1786512422401 0.4992012679576874 9157
1786512424979 0.5249903202056885 9158
1786512427558 0.5105685591697693 9159
1786512430137 0.511315643787384 9160
1786512432716 0.48578697443008423 9161
1786512435295 0.4993148744106293 9162
1786512437875 0.5178791880607605 9163
1786512440456 0.5005558133125305 9164
1786512443038 0.5500891208648682 9165
1786512445618 0.4833175837993622 9166
1786512448199 0.5083059668540955 9167
1786512450780 0.5590728521347046 9168
1786512453362 0.5026149749755859 9169
1786512455944 0.5372609496116638 9170
1786512458527 0.555576741695404 9171
1786512461109 0.5331717729568481 9172
1786512463690 0.5074025988578796 9173
1786512466269 0.5191298127174377 9174
1786512468847 0.5138691663742065 9175
1786512471426 0.5442653894424438 9176
1786512474009 0.5108301043510437 9177
1786512476598 0.5481554865837097 9178
1786512479179 0.5329931974411011 9179
1786512481759 0.5334804654121399 9180
1786512484338 0.5761367082595825 9181
1786512486919 0.539958119392395 9182
1786512489500 0.5363250970840454 9183
1786512492081 0.49470254778862 9184
1786512494663 0.5522924065589905 9185
1786512497244 0.496354877948761 9186
1786512499824 0.5778213143348694 9187
1786512502405 0.5237277746200562 9188
1786512504988 0.5863202214241028 9189
1786512507570 0.5324188470840454 9190
1786512510149 0.5953195095062256 9191
1786512512731 0.5278095602989197 9192
1786512515312 0.6210975646972656 9193
1786512517894 0.571586012840271 9194
1786512520475 0.5402595400810242 9195
1786512523055 0.5566465258598328 9196
1786512525636 0.5348171591758728 9197
1786512528217 0.5349941849708557 9198
1786512530797 0.48797082901000977 9199
1786512533381 0.5142720341682434 9200
1786512535965 0.49592462182044983 9201
1786512538546 0.5265402793884277 9202
1786512541129 0.5073911547660828 9203
1786512543713 0.4932798743247986 9204
1786512546296 0.5368583798408508 9205
1786512548877 0.5070427060127258 9206
1786512551458 0.5241592526435852 9207
1786512554039 0.5095871090888977 9208
1786512556620 0.5520679354667664 9209
1786512559201 0.5135590434074402 9210
1786512561782 0.5362173914909363 9211
1786512564362 0.5757944583892822 9212
1786512566943 0.5496159195899963 9213
1786512569524 0.5061221122741699 9214
1786512572104 0.5175426602363586 9215
1786512574686 0.5127522349357605 9216
1786512577267 0.5116420388221741 9217
1786512579847 0.5423079133033752 9218
1786512582427 0.527679979801178 9219
1786512585009 0.5322039127349854 9220
1786512587591 0.5050786733627319 9221
1786512590172 0.4923730492591858 9222
1786512592754 0.5669378638267517 9223
1786512595333 0.5145769715309143 9224
1786512597913 0.5534034371376038 9225
1786512600493 0.5224170684814453 9226
1786512603074 0.5234931707382202 9227
1786512605668 0.5158281326293945 9228
1786512608248 0.48188114166259766 9229
1786512610828 0.4712061583995819 9230
1786512613409 0.5255304574966431 9231
1786512615985 0.4906370937824249 9232
1786512618562 0.4881018102169037 9233
1786512621138 0.5024732351303101 9234
1786512623714 0.5645948052406311 9235
1786512626289 0.4960087239742279 9236
1786512628865 0.5011168718338013 9237
1786512631441 0.5182026028633118 9238
1786512634016 0.49400594830513 9239
1786512636592 0.4882781207561493 9240
1786512639169 0.5379429459571838 9241
1786512641745 0.49969080090522766 9242
1786512644320 0.5552369356155396 9243
1786512646902 0.5205069184303284 9244
1786512649484 0.5212506651878357 9245
1786512652065 0.5095717906951904 9246
1786512654651 0.562343418598175 9247
1786512657236 0.5113975405693054 9248
1786512659816 0.532206654548645 9249
1786512662396 0.5539851784706116 9250
1786512664977 0.5952652096748352 9251
1786512667557 0.5547283291816711 9252
1786512670138 0.5636739730834961 9253
1786512672721 0.5245225429534912 9254
1786512675303 0.5524542331695557 9255
1786512677883 0.5365225672721863 9256
1786512680464 0.5047351121902466 9257
1786512683046 0.5498468279838562 9258
1786512685627 0.49054819345474243 9259
1786512688207 0.525743305683136 9260
1786512690796 0.5124081969261169 9261
1786512693377 0.5818499326705933 9262
1786512695958 0.5022567510604858 9263
1786512698542 0.517525851726532 9264
1786512701126 0.5669370889663696 9265
1786512703712 0.5268072485923767 9266
1786512706293 0.5277588367462158 9267
1786512708874 0.5578422546386719 9268
1786512711455 0.5326924324035645 9269
1786512714035 0.5054373145103455 9270
1786512716616 0.5147693753242493 9271
1786512719196 0.5400899052619934 9272
1786512721776 0.49604886770248413 9273
1786512724356 0.5432875156402588 9274
1786512726937 0.5342304706573486 9275
1786512729518 0.5595443844795227 9276
1786512732098 0.5079445838928223 9277
1786512734678 0.5009225010871887 9278
1786512737263 0.5145568251609802 9279
1786512739844 0.5354989767074585 9280
1786512742425 0.4988239109516144 9281
1786512745005 0.5082589983940125 9282
1786512747584 0.5036694407463074 9283
1786512750165 0.5344841480255127 9284
1786512752744 0.5131629705429077 9285
1786512755323 0.5128493905067444 9286
1786512757904 0.5242002010345459 9287
1786512760483 0.5133684277534485 9288
1786512763062 0.5545077323913574 9289
1786512765641 0.47312361001968384 9290
1786512768220 0.5489292740821838 9291
1786512770803 0.506012499332428 9292
1786512773381 0.5306702256202698 9293
1786512775963 0.5101392865180969 9294
1786512778543 0.5057117342948914 9295
1786512781124 0.5164922475814819 9296
1786512783706 0.4881284236907959 9297
1786512786287 0.5006226301193237 9298
1786512788868 0.47105321288108826 9299
1786512791451 0.4734043478965759 9300
1786512794033 0.4837071895599365 9301
1786512796615 0.512049674987793 9302
1786512799196 0.49682745337486267 9303
1786512801779 0.5469017028808594 9304
1786512804361 0.5161004066467285 9305
1786512806942 0.5379579067230225 9306
1786512809524 0.5288326740264893 9307
1786512812106 0.5471792221069336 9308
1786512814687 0.5894438028335571 9309
1786512817271 0.5437890887260437 9310
1786512819852 0.5092988610267639 9311
1786512822432 0.5349388718605042 9312
1786512825013 0.47325289249420166 9313
1786512827593 0.5159251689910889 9314
1786512830174 0.4822433888912201 9315
1786512832754 0.48067331314086914 9316
1786512835335 0.48458364605903625 9317
1786512837917 0.48334306478500366 9318
1786512840498 0.49271872639656067 9319
1786512843079 0.5031900405883789 9320
1786512845660 0.4977409243583679 9321
1786512848242 0.5034992098808289 9322
1786512850822 0.4944888651371002 9323
1786512853408 0.5375393033027649 9324
1786512855988 0.48245856165885925 9325
1786512858568 0.5106891393661499 9326
1786512861148 0.5238810777664185 9327
1786512863728 0.5115828514099121 9328
1786512866308 0.5274436473846436 9329
1786512868888 0.5077972412109375 9330
1786512871469 0.5249192118644714 9331
1786512874049 0.47466495633125305 9332
1786512876631 0.5819756388664246 9333
1786512879209 0.5170221924781799 9334
1786512881788 0.5158845782279968 9335
1786512884367 0.4923248291015625 9336
1786512886946 0.5217452645301819 9337
1786512889524 0.5175094604492188 9338
1786512892105 0.5263327360153198 9339
1786512894685 0.6099278330802917 9340
1786512897261 0.5594638586044312 9341
1786512899835 0.6158095598220825 9342
1786512902413 0.49064773321151733 9343
1786512904989 0.7708700895309448 9344
1786512907565 0.5470708012580872 9345
1786512910139 0.5950016975402832 9346
1786512912714 0.6154763698577881 9347
1786512915290 0.5538160800933838 9348
1786512917864 0.560032069683075 9349
1786512920439 0.575770914554596 9350
1786512923013 0.5333155393600464 9351
1786512925589 0.5731868147850037 9352
1786512928163 0.5010867714881897 9353
1786512930738 0.49466580152511597 9354
1786512933317 0.49904388189315796 9355
1786512935891 0.48648083209991455 9356
1786512938466 0.4939784109592438 9357
1786512941041 0.5120404362678528 9358
1786512943615 0.5304514765739441 9359
1786512946191 0.5171725153923035 9360
1786512948765 0.5123178362846375 9361
1786512951341 0.48041853308677673 9362
1786512953917 0.5407238602638245 9363
1786512956492 0.5148007273674011 9364
1786512959067 0.5198096632957458 9365
1786512961641 0.5047891736030579 9366
1786512964216 0.5113970637321472 9367
1786512966794 0.5582409501075745 9368
1786512969370 0.5243021845817566 9369
1786512971947 0.508373498916626 9370
1786512974528 0.5269203782081604 9371
1786512977109 0.5568337440490723 9372
1786512979689 0.5182603001594543 9373
1786512982270 0.5106813311576843 9374
1786512984852 0.5012495517730713 9375
1786512987434 0.5001870393753052 9376
1786512990017 0.5278666019439697 9377
1786512992598 0.5112438797950745 9378
1786512995179 0.5426998734474182 9379
1786512997761 0.5133485198020935 9380
1786513000348 0.559853732585907 9381
1786513002930 0.5363183617591858 9382
1786513005512 0.5620769262313843 9383
1786513008096 0.5352457761764526 9384
1786513010678 0.519012451171875 9385
1786513013261 0.5757408142089844 9386
1786513015842 0.5235621929168701 9387
1786513018425 0.5557661056518555 9388
1786513021008 0.5332362055778503 9389
1786513023589 0.5170746445655823 9390
1786513026173 0.583939790725708 9391
1786513028754 0.5336295366287231 9392
1786513031336 0.5507777333259583 9393
1786513033918 0.5657520890235901 9394
1786513036500 0.5321599245071411 9395
1786513039083 0.4934012293815613 9396
1786513041664 0.5287933349609375 9397
1786513044246 0.49530330300331116 9398
1786513046828 0.5304526090621948 9399
1786513049413 0.5340079665184021 9400
1786513051995 0.4795205593109131 9401
1786513054576 0.5058121085166931 9402
1786513057166 0.48067447543144226 9403
1786513059755 0.5266954898834229 9404
1786513062344 0.5054580569267273 9405
1786513064939 0.527440071105957 9406
1786513067523 0.5262069702148438 9407
1786513070112 0.5775908827781677 9408
1786513072701 0.500417172908783 9409
1786513075287 0.5418222546577454 9410
1786513077875 0.5104948282241821 9411
1786513080463 0.5365031957626343 9412
1786513083051 0.533561110496521 9413
1786513085639 0.5536012053489685 9414
1786513088224 0.49721086025238037 9415
1786513090806 0.5442568063735962 9416
1786513093387 0.5092499852180481 9417
1786513095967 0.4972323179244995 9418
1786513098554 0.5249941945075989 9419
1786513101137 0.5069646835327148 9420
1786513103718 0.49458152055740356 9421
1786513106299 0.5068451762199402 9422
1786513108877 0.5184543132781982 9423
1786513111457 0.5331299304962158 9424
1786513114035 0.504938006401062 9425
1786513116616 0.5117945075035095 9426
1786513119198 0.4996620714664459 9427
1786513121779 0.5117799639701843 9428
1786513124359 0.5425636172294617 9429
1786513126939 0.5350201725959778 9430
1786513129521 0.5495460033416748 9431
1786513132103 0.49133628606796265 9432
1786513134692 0.5028447508811951 9433
1786513137276 0.5073996782302856 9434
1786513139859 0.5196484327316284 9435
1786513142441 0.5576267838478088 9436
1786513145023 0.571612536907196 9437
1786513147605 0.498366117477417 9438
1786513150187 0.5039170384407043 9439
1786513152772 0.511386513710022 9440
1786513155356 0.5096585154533386 9441
1786513157940 0.5704345107078552 9442
1786513160521 0.5407520532608032 9443
1786513163109 0.5940451622009277 9444
1786513165691 0.5089360475540161 9445
1786513168271 0.49864259362220764 9446
1786513170854 0.5300785899162292 9447
1786513173434 0.5176230072975159 9448
1786513176015 0.5451377630233765 9449
1786513178596 0.5300049781799316 9450
1786513181178 0.5431906580924988 9451
1786513183758 0.5334486961364746 9452
1786513186337 0.5153845548629761 9453
1786513188923 0.5055501461029053 9454
1786513191506 0.5076515674591064 9455
1786513194088 0.5273056030273438 9456
1786513196679 0.5437289476394653 9457
1786513199259 0.5177185535430908 9458
1786513201844 0.5577474236488342 9459
1786513204429 0.5019555687904358 9460
1786513207014 0.5326665043830872 9461
1786513209599 0.5282487869262695 9462
1786513212184 0.5188528895378113 9463
1786513214769 0.49569523334503174 9464
1786513217355 0.49409329891204834 9465
1786513219940 0.5500221252441406 9466
1786513222528 0.48012492060661316 9467
1786513225113 0.5490254163742065 9468
1786513227698 0.4772225320339203 9469
1786513230286 0.5367132425308228 9470
1786513232871 0.5071535110473633 9471
1786513235457 0.4912286102771759 9472
1786513238043 0.5078137516975403 9473
1786513240629 0.49765679240226746 9474
1786513243214 0.5542495250701904 9475
1786513245800 0.4777977764606476 9476
1786513248385 0.4951131343841553 9477
1786513250970 0.5161033868789673 9478
1786513253561 0.5223292708396912 9479
1786513256149 0.4804480969905853 9480
1786513258733 0.5772625803947449 9481
1786513261321 0.5323898792266846 9482
1786513263902 0.5548850297927856 9483
1786513266479 0.5278210043907166 9484
1786513269056 0.5192387700080872 9485
1786513271632 0.5362008810043335 9486
1786513274208 0.5431655049324036 9487
1786513276785 0.5490023493766785 9488
1786513279364 0.5451670289039612 9489
1786513281946 0.5100088119506836 9490
1786513284527 0.5476817488670349 9491
1786513287108 0.5093593597412109 9492
1786513289689 0.48767977952957153 9493
1786513292272 0.5502175688743591 9494
1786513294856 0.4901132881641388 9495
1786513297438 0.5390986204147339 9496
1786513300020 0.5225127339363098 9497
1786513302602 0.5208851099014282 9498
1786513305184 0.5315805673599243 9499
1786513308831 0.5273704528808594 9500
1786513311413 0.5261908173561096 9501
1786513313994 0.5692428350448608 9502
1786513316579 0.5131661891937256 9503
1786513319162 0.5563225746154785 9504
1786513321740 0.5199360847473145 9505
1786513324324 0.5219326019287109 9506
1786513326906 0.5598874092102051 9507
1786513329490 0.5286188721656799 9508
1786513332072 0.5392941236495972 9509
1786513334656 0.5352074503898621 9510
1786513337243 0.4925944209098816 9511
1786513339826 0.5241324305534363 9512
1786513342414 0.503092885017395 9513
1786513344996 0.5751978754997253 9514
1786513347577 0.5533280968666077 9515
1786513350158 0.5222264528274536 9516
1786513352739 0.5366204380989075 9517
1786513355326 0.5252642035484314 9518
1786513357908 0.5061358213424683 9519
1786513360493 0.4877404570579529 9520
1786513363074 0.5177021622657776 9521
1786513365662 0.502032995223999 9522
1786513368243 0.507217526435852 9523
1786513370824 0.5220741033554077 9524
1786513373405 0.5475829243659973 9525
1786513375985 0.5260244607925415 9526
1786513378565 0.5331545472145081 9527
1786513381146 0.5481071472167969 9528
1786513383725 0.5357102751731873 9529
1786513386308 0.5297889113426208 9530
1786513388890 0.5472539663314819 9531
1786513391475 0.5102788805961609 9532
1786513394063 0.5400913953781128 9533
1786513396648 0.4814455807209015 9534
1786513399230 0.5162345170974731 9535
1786513401812 0.48908182978630066 9536
1786513404393 0.48875778913497925 9537
1786513406974 0.5390269756317139 9538
1786513409558 0.48690149188041687 9539
1786513412144 0.5699904561042786 9540
1786513414727 0.527299165725708 9541
1786513417310 0.5244809985160828 9542
1786513419892 0.5050387382507324 9543
1786513422473 0.5057715773582458 9544
1786513425056 0.5535332560539246 9545
1786513427638 0.5258585810661316 9546
1786513430219 0.5082383751869202 9547
1786513432801 0.8420348763465881 9548
1786513435383 0.6309823989868164 9549
1786513437963 0.549591064453125 9550
1786513440544 0.5133933424949646 9551
1786513443131 0.5201627612113953 9552
1786513445719 0.5412046909332275 9553
1786513448302 0.5186160206794739 9554
1786513450883 0.5436159372329712 9555
1786513453463 0.5379397869110107 9556
1786513456053 0.5255789160728455 9557
1786513458636 0.5526999235153198 9558
1786513461217 0.5119699835777283 9559
1786513463792 0.5301730632781982 9560
1786513466368 0.5280873775482178 9561
1786513468944 2.098822593688965 9562
1786513471519 0.6114087700843811 9563
1786513474095 0.5241230726242065 9564
1786513476671 0.5212098956108093 9565
1786513479253 0.558154821395874 9566
1786513481839 0.543070375919342 9567
1786513484433 0.5370108485221863 9568
1786513487023 0.5052018165588379 9569
1786513489607 0.5321562886238098 9570
1786513492191 0.5287914276123047 9571
1786513494768 0.4861740469932556 9572
1786513497350 0.5187953114509583 9573
1786513499928 0.5044447183609009 9574
1786513502504 0.5482350587844849 9575
1786513505096 0.5237138271331787 9576
1786513507679 0.5084216594696045 9577
1786513510262 0.5102322697639465 9578
1786513512844 0.5238352417945862 9579
1786513515424 0.5326566696166992 9580
1786513518006 0.5238205194473267 9581
1786513520588 0.5304230451583862 9582
1786513523170 0.5244339108467102 9583
1786513525752 0.5044326186180115 9584
1786513528337 0.564247727394104 9585
1786513530919 0.5175094604492188 9586
1786513533501 0.5200738310813904 9587
1786513536083 0.5266143083572388 9588
1786513538667 0.5541273951530457 9589
1786513541249 0.526193380355835 9590
1786513543830 0.5217435956001282 9591
1786513546412 0.5174105167388916 9592
1786513548993 0.4995129704475403 9593
1786513551577 0.4902857542037964 9594
1786513554167 0.5229452848434448 9595
1786513556748 0.5774734616279602 9596
1786513559327 0.5018789768218994 9597
1786513561906 0.520310640335083 9598
1786513564485 0.5069865584373474 9599
1786513567065 0.5332978367805481 9600
1786513569645 0.49253877997398376 9601
1786513572224 0.5497304201126099 9602
1786513574803 0.5533276796340942 9603
1786513577382 0.6142852902412415 9604
1786513579961 0.5211180448532104 9605
1786513582541 0.4977450668811798 9606
1786513585120 0.5358937978744507 9607
1786513587699 0.5350061058998108 9608
1786513590279 0.5307278037071228 9609
1786513592858 0.5817655324935913 9610
1786513595438 0.5161254405975342 9611
1786513598018 0.5841028690338135 9612
1786513600598 0.5515847206115723 9613
1786513603177 0.5846385359764099 9614
1786513605757 0.5266491174697876 9615
1786513608336 0.5294585227966309 9616
1786513610917 0.5245070457458496 9617
1786513613497 0.5364097952842712 9618
1786513616077 0.498578816652298 9619
1786513618659 0.5077468752861023 9620
1786513621240 0.5350414514541626 9621
1786513623820 0.5056139826774597 9622
1786513626400 0.5435168743133545 9623
1786513628980 0.505733847618103 9624
1786513631559 0.5210594534873962 9625
1786513634139 0.5001484155654907 9626
1786513636718 0.5062776207923889 9627
1786513639298 0.546959638595581 9628
1786513641878 0.48750752210617065 9629
1786513644457 0.5569877028465271 9630
1786513647038 0.5261591672897339 9631
1786513649618 0.5554296970367432 9632
1786513652198 0.555306077003479 9633
1786513654777 0.5257929563522339 9634
1786513657357 0.536314070224762 9635
1786513659938 0.5570381283760071 9636
1786513662517 0.5407702326774597 9637
1786513665095 0.538429856300354 9638
1786513667670 0.5761250853538513 9639
1786513670245 0.5813961625099182 9640
1786513672820 0.5998243093490601 9641
1786513675395 0.5460788607597351 9642
1786513677970 0.5264042019844055 9643
1786513680547 0.5542945861816406 9644
1786513683123 0.5134246945381165 9645
1786513685699 0.5574967265129089 9646
1786513688274 0.5542583465576172 9647
1786513690849 0.5381865501403809 9648
1786513693424 0.5666427612304688 9649
1786513696000 0.48646828532218933 9650
1786513698575 0.5620942115783691 9651
1786513701150 0.5144577026367188 9652
1786513703725 0.5290129780769348 9653
1786513706301 0.5316216349601746 9654
1786513708876 0.5427957773208618 9655
1786513711451 0.5417540669441223 9656
1786513714026 0.5573902130126953 9657
1786513716602 0.5196487903594971 9658
1786513719180 0.5398587584495544 9659
1786513721756 0.49846532940864563 9660
1786513724331 0.5387558937072754 9661
1786513726907 0.5271284580230713 9662
1786513729482 0.51490718126297 9663
1786513732059 0.5637710094451904 9664
1786513734635 0.49611708521842957 9665
1786513737211 0.5237046480178833 9666
1786513739786 0.5291690826416016 9667
1786513742362 0.5028276443481445 9668
1786513744937 0.5106635093688965 9669
1786513747513 0.485867977142334 9670
1786513750089 0.5206878781318665 9671
1786513752664 0.5007224678993225 9672
1786513755239 0.540932834148407 9673
1786513757815 0.5367454290390015 9674
1786513760390 0.5266966223716736 9675
1786513762966 0.5167584419250488 9676
1786513765542 0.6092581748962402 9677
1786513768118 0.5297222137451172 9678
1786513770694 0.5879917740821838 9679
1786513773270 0.5296525359153748 9680
1786513775845 0.5667116045951843 9681
1786513778421 0.5050257444381714 9682
1786513780996 0.5558968186378479 9683
1786513783573 0.5352678894996643 9684
1786513786149 0.5339145660400391 9685
1786513788724 0.4806672930717468 9686
1786513791300 0.5239608287811279 9687
1786513793877 0.4833061695098877 9688
1786513796453 0.5341136455535889 9689
1786513799028 0.5248098969459534 9690
1786513801603 0.5575255751609802 9691
1786513804179 0.4832557439804077 9692
1786513806755 0.5001917481422424 9693
1786513809330 0.4990960359573364 9694
1786513811905 0.5174253582954407 9695
1786513814481 0.5819027423858643 9696
1786513817058 0.5036271214485168 9697
1786513819633 0.6014243960380554 9698
1786513822208 0.5104140043258667 9699
1786513824783 0.5598281621932983 9700
1786513827359 0.5090927481651306 9701
1786513829934 0.6056481003761292 9702
1786513832509 0.4968925416469574 9703
1786513835084 0.5448349714279175 9704
1786513837660 0.5070859789848328 9705
1786513840236 0.6195781826972961 9706
1786513842812 0.5486158728599548 9707
1786513845389 0.5982847213745117 9708
1786513847966 0.51860511302948 9709
1786513850542 0.5690203905105591 9710
1786513853118 0.5211910009384155 9711
1786513855694 0.5568817853927612 9712
1786513858270 0.5049151182174683 9713
1786513860845 0.5146528482437134 9714
1786513863420 0.5605213046073914 9715
1786513865996 0.5125870704650879 9716
1786513868571 0.5159787535667419 9717
1786513871146 0.5579267144203186 9718
1786513873721 0.5380386114120483 9719
1786513876298 0.5042945146560669 9720
1786513878873 0.5280195474624634 9721
1786513881450 0.5319699645042419 9722
1786513884025 0.5347354412078857 9723
1786513886600 0.5766546130180359 9724
1786513889175 0.5276552438735962 9725
1786513891750 0.565589964389801 9726
1786513894326 0.5257772207260132 9727
1786513896901 0.5328718423843384 9728
1786513899477 0.5389279127120972 9729
1786513902052 0.5174723863601685 9730
1786513904627 0.4958536922931671 9731
1786513907202 0.5320174694061279 9732
1786513909778 0.5243447422981262 9733
1786513912354 0.5212580561637878 9734
1786513914931 0.5113953948020935 9735
1786513917508 0.5383404493331909 9736
1786513920083 0.4896949827671051 9737
1786513922659 0.5231215953826904 9738
1786513925235 0.5071775317192078 9739
1786513927811 0.5312491059303284 9740
1786513930387 0.4957345724105835 9741
1786513932962 0.49334612488746643 9742
1786513935537 0.5023632049560547 9743
1786513938112 0.51819908618927 9744
1786513940687 0.5721893906593323 9745
1786513943262 0.5105701088905334 9746
1786513945837 0.5099965929985046 9747
1786513948416 0.5959468483924866 9748
1786513950997 0.5067393779754639 9749
1786513953578 0.5215247869491577 9750
1786513956159 0.5028499364852905 9751
1786513958740 0.5362977385520935 9752
1786513961320 0.5439008474349976 9753
1786513963900 0.5111235976219177 9754
1786513966482 0.500996470451355 9755
1786513969064 0.4956112802028656 9756
1786513971648 0.5117864012718201 9757
1786513974230 0.5115243792533875 9758
1786513976812 0.5564583539962769 9759
1786513979397 0.5169670581817627 9760
1786513981977 0.5329435467720032 9761
1786513984560 0.5181334614753723 9762
1786513987142 0.6308705806732178 9763
1786513989727 0.5170000195503235 9764
1786513992310 0.5284268856048584 9765
1786513994896 0.5622652173042297 9766
1786513997477 0.5168033242225647 9767
1786514000058 0.5423464775085449 9768
1786514002638 0.5009341835975647 9769
1786514005218 0.5023239850997925 9770
1786514007798 0.49444952607154846 9771
1786514010378 0.5627029538154602 9772
1786514012956 0.4659586250782013 9773
1786514015532 0.494660347700119 9774
1786514018107 0.4998026192188263 9775
1786514020683 0.5109948515892029 9776
1786514023259 0.5033513903617859 9777
1786514025834 0.5046781301498413 9778
1786514028410 0.5369174480438232 9779
1786514030986 0.49415478110313416 9780
1786514033562 0.5340014100074768 9781
1786514036139 0.5340860486030579 9782
1786514038720 0.5512857437133789 9783
1786514041302 0.521736741065979 9784
1786514043882 0.49979111552238464 9785
1786514046464 0.5619012713432312 9786
1786514049044 0.5499137043952942 9787
1786514051626 0.5559139847755432 9788
1786514054208 0.5204803347587585 9789
1786514056795 0.5259427428245544 9790
1786514059377 0.5567508935928345 9791
1786514061957 0.5488355159759521 9792
1786514064536 0.5326552391052246 9793
1786514067112 0.5262326598167419 9794
1786514069688 0.5465591549873352 9795
1786514072266 0.5126929879188538 9796
1786514074846 0.5248709917068481 9797
1786514077428 0.5044873356819153 9798
1786514080008 0.5067299008369446 9799
1786514082590 0.5311319828033447 9800
1786514085173 0.5251392126083374 9801
1786514087751 0.5576601624488831 9802
1786514090328 0.5438585877418518 9803
1786514092903 0.5087902545928955 9804
1786514095485 0.5317290425300598 9805
1786514098068 0.5115552544593811 9806
1786514100649 0.48928728699684143 9807
1786514103231 0.5460295677185059 9808
1786514105812 0.5770216584205627 9809
1786514108393 0.4943219721317291 9810
1786514110975 0.5598887205123901 9811
1786514113557 0.5393742918968201 9812
1786514116138 0.5581579804420471 9813
1786514118718 0.5410588383674622 9814
1786514121300 0.5367302894592285 9815
1786514123881 0.5192923545837402 9816
1786514126461 0.5145446062088013 9817
1786514129040 0.5210098028182983 9818
1786514131621 0.5369032621383667 9819
1786514134202 0.5145109295845032 9820
1786514136779 0.534536600112915 9821
1786514139356 0.5426177978515625 9822
1786514141932 0.5149134397506714 9823
1786514144510 0.49952495098114014 9824
1786514147085 0.5110498070716858 9825
1786514149661 0.5158037543296814 9826
1786514152238 0.5233532786369324 9827
1786514154813 0.5103947520256042 9828
1786514157389 0.5165672302246094 9829
1786514159965 0.5605466365814209 9830
1786514162541 0.5037593245506287 9831
1786514165116 0.5146092176437378 9832
1786514167692 0.4944869577884674 9833
1786514170267 0.5420206785202026 9834
1786514172843 0.5215288400650024 9835
1786514175420 0.5218167901039124 9836
1786514177996 0.5170247554779053 9837
1786514180571 0.5358985662460327 9838
1786514183147 0.6477687954902649 9839
1786514185722 0.5236577391624451 9840
1786514188298 0.5312792062759399 9841
1786514190873 0.4708736836910248 9842
1786514193448 0.5913556218147278 9843
1786514196024 0.5001322627067566 9844
1786514198601 0.4984848201274872 9845
1786514201176 0.4907286763191223 9846
1786514203752 0.5693870782852173 9847
1786514206328 0.501320481300354 9848
1786514208905 0.509292721748352 9849
1786514211481 0.52068692445755 9850
1786514214059 0.5171871185302734 9851
1786514216635 0.5194539427757263 9852
1786514219211 0.5454930067062378 9853
1786514221786 0.5029133558273315 9854
1786514224362 0.5291412472724915 9855
1786514226937 0.5048978924751282 9856
1786514229512 0.5539848804473877 9857
1786514232088 0.5229786038398743 9858
1786514234664 0.5748041272163391 9859
1786514237240 0.5036208033561707 9860
1786514239816 0.5216493010520935 9861
1786514242393 0.5471460223197937 9862
1786514244968 0.5534121990203857 9863
1786514247544 0.5325043201446533 9864
1786514250119 0.5304818749427795 9865
1786514252694 0.5463264584541321 9866
1786514255270 0.5072446465492249 9867
1786514257845 0.5580313205718994 9868
1786514260421 0.5173898935317993 9869
1786514262997 0.5477991104125977 9870
1786514265577 0.502981424331665 9871
1786514268158 0.5439189076423645 9872
1786514270738 0.5408059358596802 9873
1786514273323 0.5102971792221069 9874
1786514275905 0.5056692957878113 9875
1786514278493 0.547572672367096 9876
1786514281079 0.49242743849754333 9877
1786514283662 0.5111484527587891 9878
1786514286244 0.5745243430137634 9879
1786514288828 0.5121321678161621 9880
1786514291408 0.522122323513031 9881
1786514293989 0.5554700493812561 9882
1786514296570 0.5262987017631531 9883
1786514299150 0.5536853671073914 9884
1786514301730 0.5398537516593933 9885
1786514304309 0.5510454177856445 9886
1786514306890 0.5234801173210144 9887
1786514309469 0.5566413402557373 9888
1786514312049 0.49297288060188293 9889
1786514314628 0.5384350419044495 9890
1786514317208 0.5275049209594727 9891
1786514319789 0.546454668045044 9892
1786514322371 0.5529524087905884 9893
1786514324952 0.5651021003723145 9894
1786514327532 0.546006977558136 9895
1786514330108 0.5267696976661682 9896
1786514332684 0.555117130279541 9897
1786514335260 0.5585687756538391 9898
1786514337839 0.5261338949203491 9899
1786514340417 0.5007426142692566 9900
1786514342993 0.5768952965736389 9901
1786514345572 0.5406727194786072 9902
1786514348159 0.5100376605987549 9903
1786514350740 0.4937191605567932 9904
1786514353321 0.5335804224014282 9905
1786514355901 0.505384624004364 9906
1786514358622 0.5013331174850464 9907
1786514361221 0.5297227501869202 9908
1786514364031 0.5178258419036865 9909
1786514367114 0.5128383636474609 9910
1786514369696 0.5353424549102783 9911
1786514372276 0.5128671526908875 9912
1786514374856 0.541390061378479 9913
1786514377437 0.5009748339653015 9914
1786514380019 0.5632236003875732 9915
1786514382599 0.48346415162086487 9916
1786514385179 0.5462322235107422 9917
1786514387759 0.5276732444763184 9918
1786514390342 0.5114092230796814 9919
1786514392923 0.5080527067184448 9920
1786514395505 0.532157838344574 9921
1786514398085 0.505786120891571 9922
1786514400662 0.5357480645179749 9923
1786514403236 0.5288706421852112 9924
1786514405827 0.5127245187759399 9925
1786514408409 0.5510002970695496 9926
1786514410991 0.5380258560180664 9927
1786514413571 0.5373279452323914 9928
1786514416154 0.500339925289154 9929
1786514418740 0.5524113774299622 9930
1786514421327 0.48658737540245056 9931
1786514423908 0.5224013328552246 9932
1786514426489 0.5186882615089417 9933
1786514429066 0.5158734321594238 9934
1786514431642 0.5590992569923401 9935
1786514434218 0.5036522150039673 9936
1786514436794 0.5033313035964966 9937
1786514439373 0.48868924379348755 9938
1786514441950 0.5774611830711365 9939
1786514444526 0.540483295917511 9940
1786514447101 0.5366527438163757 9941
1786514449678 0.5392667055130005 9942
1786514452257 0.5191128253936768 9943
1786514454839 0.5592519044876099 9944
1786514457419 0.5611005425453186 9945
1786514460013 0.6206788420677185 9946
1786514462606 0.5210935473442078 9947
1786514465197 0.5952889323234558 9948
1786514467789 0.516161322593689 9949
1786514470386 0.5193978548049927 9950
1786514472974 0.5761770009994507 9951
1786514475555 0.5062215328216553 9952
1786514478137 0.5217849612236023 9953
1786514480718 0.4969605803489685 9954
1786514483299 0.5181843638420105 9955
1786514485885 0.4767657518386841 9956
1786514488464 0.49474871158599854 9957
1786514491042 0.5451380610466003 9958
1786514493622 0.5482315421104431 9959
1786514496199 0.4897950291633606 9960
1786514498775 0.5669259428977966 9961
1786514501350 0.49955669045448303 9962
1786514503927 0.4915037155151367 9963
1786514506503 0.4836350977420807 9964
1786514509078 0.46176329255104065 9965
1786514511655 0.4654531180858612 9966
1786514514232 0.5099586844444275 9967
1786514516809 0.503373384475708 9968
1786514519388 0.5394822955131531 9969
1786514521965 0.538012683391571 9970
1786514524541 0.5312966704368591 9971
1786514527119 0.5596830248832703 9972
1786514529699 0.519640326499939 9973
1786514532280 0.5422953963279724 9974
1786514534860 0.5488821268081665 9975
1786514537441 0.5511968731880188 9976
1786514540021 0.5609628558158875 9977
1786514542601 0.5282459855079651 9978
1786514545182 0.5275214314460754 9979
1786514547762 0.5339561700820923 9980
1786514550342 0.563493549823761 9981
1786514552921 0.5109971761703491 9982
1786514555502 0.6370043158531189 9983
1786514558082 0.4888518750667572 9984
1786514560660 0.5759963393211365 9985
1786514563235 0.5593298077583313 9986
1786514565812 0.5313395261764526 9987
1786514568387 0.5416941046714783 9988
1786514570964 0.5765530467033386 9989
1786514573547 0.5592499375343323 9990
1786514576128 0.4890285134315491 9991
1786514578709 0.5370698571205139 9992
1786514581289 0.5139746069908142 9993
1786514583870 0.4898352026939392 9994
1786514586451 0.4875679314136505 9995
1786514589032 0.5054041743278503 9996
1786514591616 0.4960463047027588 9997
1786514594196 0.5210528373718262 9998
1786514596780 0.5177093148231506 9999
1786514601400 0.5278546214103699 10000
1786514603983 0.577181875705719 10001
1786514606568 0.5255987048149109 10002
1786514609150 0.5306940674781799 10003
1786514611731 0.5014587044715881 10004
1786514614313 0.5180517435073853 10005
1786514616894 0.5614177584648132 10006
1786514619477 0.589865505695343 10007
1786514622058 0.5592703223228455 10008
1786514624639 0.5840961337089539 10009
1786514627219 0.5361407399177551 10010
1786514629804 0.555981457233429 10011
1786514632386 0.5608417987823486 10012
1786514634974 0.4833182394504547 10013
1786514637565 0.5430006384849548 10014
1786514640146 0.5375413298606873 10015
1786514642730 0.6126945614814758 10016
1786514645313 0.5321834683418274 10017
1786514647896 0.5527669787406921 10018
1786514650481 0.606240451335907 10019
1786514653063 0.5677629709243774 10020
1786514655657 0.5407387018203735 10021
1786514658249 0.5481738448143005 10022
1786514660835 0.5164694786071777 10023
1786514663419 0.5641632080078125 10024
1786514666002 0.5231691002845764 10025
1786514668585 0.549375593662262 10026
1786514671167 0.4962448179721832 10027
1786514673753 0.51820307970047 10028
1786514676341 0.5053186416625977 10029
1786514678924 0.5308252573013306 10030
1786514681507 0.5255838632583618 10031
1786514684088 0.5432860255241394 10032
1786514686672 0.5205326080322266 10033
1786514689258 0.5109575986862183 10034
1786514691847 0.5293176770210266 10035
1786514694437 0.49723178148269653 10036
1786514697027 0.507497251033783 10037
1786514699618 0.5208315849304199 10038
1786514702201 0.49975812435150146 10039
1786514704791 0.5124338269233704 10040
1786514707376 0.5236566662788391 10041
1786514709961 0.5361449122428894 10042
1786514712551 0.5377406477928162 10043
1786514715137 0.5007639527320862 10044
1786514717728 0.5213046073913574 10045
1786514720318 0.5152186751365662 10046
1786514722903 0.48028162121772766 10047
1786514725486 0.5006539225578308 10048
1786514728069 0.5596243739128113 10049
1786514730664 0.4859221875667572 10050
1786514733251 0.50263512134552 10051
1786514735841 0.510553777217865 10052
1786514738426 0.5061135292053223 10053
1786514741008 0.5568886995315552 10054
1786514743591 0.5243867039680481 10055
1786514746176 0.5576044917106628 10056
1786514748762 0.48564356565475464 10057
1786514751353 0.51828932762146 10058
1786514753944 0.5550932884216309 10059
1786514756535 0.5006433129310608 10060
1786514759121 0.5292023420333862 10061
1786514761708 0.5066053867340088 10062
1786514764299 0.5367482304573059 10063
1786514766880 0.5395209193229675 10064
1786514769464 0.5197872519493103 10065
1786514772045 0.5230982899665833 10066
1786514774630 0.543339729309082 10067
1786514777211 0.49808618426322937 10068
1786514779797 0.5317124724388123 10069
1786514782382 0.5089264512062073 10070
1786514784969 0.5533654689788818 10071
1786514787553 0.5014967918395996 10072
1786514790135 0.5433846116065979 10073
1786514792716 0.5067632794380188 10074
1786514795298 0.5423800349235535 10075
1786514797880 0.5017970204353333 10076
1786514800461 0.5324805974960327 10077
1786514803044 0.4861297607421875 10078
1786514805627 0.5168201327323914 10079
1786514808212 0.4966376721858978 10080
1786514810797 0.536497175693512 10081
1786514813391 0.5206764936447144 10082
1786514815984 0.5245338678359985 10083
1786514818566 0.5013093948364258 10084
1786514821149 0.5253499746322632 10085
1786514823732 0.537854790687561 10086
1786514826319 0.51222163438797 10087
1786514828904 0.5072978734970093 10088
1786514831487 0.5114943981170654 10089
1786514834070 0.5046185255050659 10090
1786514836656 0.5330042243003845 10091
1786514839243 0.4979005753993988 10092
1786514841829 0.49126777052879333 10093
1786514844414 0.5005436539649963 10094
1786514846996 0.5570904016494751 10095
1786514849575 0.5606361627578735 10096
1786514852154 0.5640739798545837 10097
1786514854731 0.5634582042694092 10098
1786514857307 0.5419753193855286 10099
1786514859884 0.5780905485153198 10100
1786514862462 0.528728187084198 10101
1786514865045 0.5781589150428772 10102
1786514867635 0.5440838932991028 10103
1786514870218 0.5940276980400085 10104
1786514872807 0.5125299692153931 10105
1786514875400 0.5461676716804504 10106
1786514877988 0.514902651309967 10107
1786514880571 0.5275338888168335 10108
1786514883153 0.5630895495414734 10109
1786514885737 0.5212176442146301 10110
1786514888325 0.5204527378082275 10111
1786514890914 0.5019628405570984 10112
1786514893503 0.5363015532493591 10113
1786514896088 0.542992115020752 10114
