1786493922882 0.0003 2000
1786493925456 0.0003 2001
1786493928031 0.0003 2002
1786493930608 0.0003 2003
1786493933187 0.0003 2004
1786493935766 0.0003 2005
1786493938345 0.0003 2006
1786493940924 0.0003 2007
1786493943528 0.0003 2008
1786493946105 0.0003 2009
1786493948682 0.0003 2010
1786493951259 0.0003 2011
1786493953837 0.0003 2012
1786493956414 0.0003 2013
1786493958992 0.0003 2014
1786493961570 0.0003 2015
1786493964147 0.0003 2016
1786493966725 0.0003 2017
1786493969304 0.0003 2018
1786493971882 0.0003 2019
1786493974461 0.0003 2020
1786493977041 0.0003 2021
1786493979619 0.0003 2022
1786493982199 0.0003 2023
1786493984780 0.0003 2024
1786493987360 0.0003 2025
1786493989939 0.0003 2026
1786493992519 0.0003 2027
1786493995099 0.0003 2028
1786493997679 0.0003 2029
1786494000258 0.0003 2030
1786494002839 0.0003 2031
1786494005422 0.0003 2032
1786494008004 0.0003 2033
1786494010585 0.0003 2034
1786494013167 0.0003 2035
1786494015749 0.0003 2036
1786494018331 0.0003 2037
1786494020914 0.0003 2038
1786494023495 0.0003 2039
1786494026077 0.0003 2040
1786494028661 0.0003 2041
1786494031242 0.0003 2042
1786494033824 0.0003 2043
1786494036406 0.0003 2044
1786494038988 0.0003 2045
1786494041571 0.0003 2046
1786494044153 0.0003 2047
1786494046731 0.0003 2048
1786494049309 0.0003 2049
1786494051893 0.0003 2050
1786494054477 0.0003 2051
1786494057065 0.0003 2052
1786494059647 0.0003 2053
1786494062228 0.0003 2054
1786494064809 0.0003 2055
1786494067392 0.0003 2056
1786494069974 0.0003 2057
1786494072556 0.0003 2058
1786494075140 0.0003 2059
1786494077719 0.0003 2060
1786494080297 0.0003 2061
1786494082874 0.0003 2062
1786494085452 0.0003 2063
1786494088029 0.0003 2064
1786494090608 0.0003 2065
1786494093185 0.0003 2066
1786494095762 0.0003 2067
1786494098339 0.0003 2068
1786494100917 0.0003 2069
1786494103494 0.0003 2070
1786494106072 0.0003 2071
1786494108650 0.0003 2072
1786494111232 0.0003 2073
1786494113813 0.0003 2074
1786494116395 0.0003 2075
1786494118977 0.0003 2076
1786494121558 0.0003 2077
1786494124140 0.0003 2078
1786494126722 0.0003 2079
1786494129305 0.0003 2080
1786494131887 0.0003 2081
1786494134469 0.0003 2082
1786494137051 0.0003 2083
1786494139633 0.0003 2084
1786494142214 0.0003 2085
1786494144796 0.0003 2086
1786494147377 0.0003 2087
1786494149958 0.0003 2088
1786494152540 0.0003 2089
1786494155122 0.0003 2090
1786494157705 0.0003 2091
1786494160288 0.0003 2092
1786494162870 0.0003 2093
1786494165452 0.0003 2094
1786494168035 0.0003 2095
1786494170616 0.0003 2096
1786494173204 0.0003 2097
1786494175781 0.0003 2098
1786494178362 0.0003 2099
1786494180945 0.0003 2100
1786494183528 0.0003 2101
1786494186110 0.0003 2102
1786494188688 0.0003 2103
1786494191267 0.0003 2104
1786494193846 0.0003 2105
1786494196424 0.0003 2106
1786494199002 0.0003 2107
1786494201581 0.0003 2108
1786494204166 0.0003 2109
1786494206752 0.0003 2110
1786494209334 0.0003 2111
1786494211916 0.0003 2112
1786494214500 0.0003 2113
1786494217082 0.0003 2114
1786494219666 0.0003 2115
1786494222249 0.0003 2116
1786494224831 0.0003 2117
1786494227412 0.0003 2118
1786494229999 0.0003 2119
1786494232586 0.0003 2120
1786494235174 0.0003 2121
1786494237757 0.0003 2122
1786494240340 0.0003 2123
1786494242923 0.0003 2124
1786494245505 0.0003 2125
1786494248087 0.0003 2126
1786494250669 0.0003 2127
1786494253251 0.0003 2128
1786494255834 0.0003 2129
1786494258417 0.0003 2130
1786494260999 0.0003 2131
1786494263581 0.0003 2132
1786494266163 0.0003 2133
1786494268746 0.0003 2134
1786494271331 0.0003 2135
1786494273914 0.0003 2136
1786494276496 0.0003 2137
1786494279078 0.0003 2138
1786494281661 0.0003 2139
1786494284244 0.0003 2140
1786494286826 0.0003 2141
1786494289409 0.0003 2142
1786494291991 0.0003 2143
1786494294570 0.0003 2144
1786494297154 0.0003 2145
1786494299736 0.0003 2146
1786494302314 0.0003 2147
1786494304894 0.0003 2148
1786494307476 0.0003 2149
1786494310054 0.0003 2150
1786494312631 0.0003 2151
1786494315209 0.0003 2152
1786494317786 0.0003 2153
1786494320365 0.0003 2154
1786494322945 0.0003 2155
1786494325524 0.0003 2156
1786494328102 0.0003 2157
1786494330680 0.0003 2158
1786494333259 0.0003 2159
1786494335839 0.0003 2160
1786494338419 0.0003 2161
1786494340998 0.0003 2162
1786494343575 0.0003 2163
1786494346155 0.0003 2164
1786494348734 0.0003 2165
1786494351312 0.0003 2166
1786494353900 0.0003 2167
1786494356485 0.0003 2168
1786494359068 0.0003 2169
1786494361651 0.0003 2170
1786494364233 0.0003 2171
1786494366816 0.0003 2172
1786494369400 0.0003 2173
1786494371982 0.0003 2174
1786494374564 0.0003 2175
1786494377147 0.0003 2176
1786494379728 0.0003 2177
1786494382312 0.0003 2178
1786494384895 0.0003 2179
1786494387481 0.0003 2180
1786494390064 0.0003 2181
1786494392649 0.0003 2182
1786494395232 0.0003 2183
1786494397817 0.0003 2184
1786494400401 0.0003 2185
1786494402984 0.0003 2186
1786494405568 0.0003 2187
1786494408150 0.0003 2188
1786494410734 0.0003 2189
1786494413320 0.0003 2190
1786494415905 0.0003 2191
1786494418488 0.0003 2192
1786494421071 0.0003 2193
1786494423652 0.0003 2194
1786494426234 0.0003 2195
1786494428816 0.0003 2196
1786494431398 0.0003 2197
1786494433980 0.0003 2198
1786494436562 0.0003 2199
1786494439141 0.0003 2200
1786494441718 0.0003 2201
1786494444294 0.0003 2202
1786494446871 0.0003 2203
1786494449448 0.0003 2204
1786494452025 0.0003 2205
1786494454602 0.0003 2206
1786494457181 0.0003 2207
1786494459758 0.0003 2208
1786494462335 0.0003 2209
1786494464912 0.0003 2210
1786494467491 0.0003 2211
1786494470068 0.0003 2212
1786494472646 0.0003 2213
1786494475223 0.0003 2214
1786494477802 0.0003 2215
1786494480379 0.0003 2216
1786494482956 0.0003 2217
1786494485533 0.0003 2218
1786494488112 0.0003 2219
1786494490689 0.0003 2220
1786494493266 0.0003 2221
1786494495842 0.0003 2222
1786494498419 0.0003 2223
1786494500997 0.0003 2224
1786494503574 0.0003 2225
1786494506151 0.0003 2226
1786494508729 0.0003 2227
1786494511305 0.0003 2228
1786494513882 0.0003 2229
1786494516458 0.0003 2230
1786494519035 0.0003 2231
1786494521612 0.0003 2232
1786494524189 0.0003 2233
1786494526766 0.0003 2234
1786494529344 0.0003 2235
1786494531924 0.0003 2236
1786494534511 0.0003 2237
1786494537093 0.0003 2238
1786494539675 0.0003 2239
1786494542256 0.0003 2240
1786494544838 0.0003 2241
1786494547422 0.0003 2242
1786494550003 0.0003 2243
1786494552586 0.0003 2244
1786494555168 0.0003 2245
1786494557750 0.0003 2246
1786494560332 0.0003 2247
1786494562916 0.0003 2248
1786494565504 0.0003 2249
1786494568092 0.0003 2250
1786494570680 0.0003 2251
1786494573264 0.0003 2252
1786494575847 0.0003 2253
1786494578430 0.0003 2254
1786494581013 0.0003 2255
1786494583597 0.0003 2256
1786494586180 0.0003 2257
1786494588761 0.0003 2258
1786494591349 0.0003 2259
1786494593934 0.0003 2260
1786494596515 0.0003 2261
1786494599098 0.0003 2262
1786494601688 0.0003 2263
1786494604270 0.0003 2264
1786494606861 0.0003 2265
1786494609443 0.0003 2266
1786494612021 0.0003 2267
1786494614598 0.0003 2268
1786494617177 0.0003 2269
1786494619762 0.0003 2270
1786494622341 0.0003 2271
1786494624926 0.0003 2272
1786494627508 0.0003 2273
1786494630090 0.0003 2274
1786494632674 0.0003 2275
1786494635259 0.0003 2276
1786494637842 0.0003 2277
1786494640424 0.0003 2278
1786494643008 0.0003 2279
1786494645591 0.0003 2280
1786494648174 0.0003 2281
1786494650759 0.0003 2282
1786494653345 0.0003 2283
1786494655937 0.0003 2284
1786494658525 0.0003 2285
1786494661107 0.0003 2286
1786494663690 0.0003 2287
1786494666274 0.0003 2288
1786494668855 0.0003 2289
1786494671437 0.0003 2290
1786494674019 0.0003 2291
1786494676601 0.0003 2292
1786494679183 0.0003 2293
1786494681764 0.0003 2294
1786494684346 0.0003 2295
1786494686929 0.0003 2296
1786494689509 0.0003 2297
1786494692087 0.0003 2298
1786494694664 0.0003 2299
1786494697246 0.0003 2300
1786494699828 0.0003 2301
1786494702409 0.0003 2302
1786494704991 0.0003 2303
1786494707574 0.0003 2304
1786494710162 0.0003 2305
1786494712750 0.0003 2306
1786494715334 0.0003 2307
1786494717918 0.0003 2308
1786494720502 0.0003 2309
1786494723084 0.0003 2310
1786494725667 0.0003 2311
1786494728250 0.0003 2312
1786494730833 0.0003 2313
1786494733415 0.0003 2314
1786494735998 0.0003 2315
1786494738580 0.0003 2316
1786494741165 0.0003 2317
1786494743747 0.0003 2318
1786494746327 0.0003 2319
1786494748910 0.0003 2320
1786494751492 0.0003 2321
1786494754073 0.0003 2322
1786494756654 0.0003 2323
1786494759235 0.0003 2324
1786494761821 0.0003 2325
1786494764402 0.0003 2326
1786494766984 0.0003 2327
1786494769568 0.0003 2328
1786494772155 0.0003 2329
1786494774740 0.0003 2330
1786494777326 0.0003 2331
1786494779904 0.0003 2332
1786494782483 0.0003 2333
1786494785061 0.0003 2334
1786494787639 0.0003 2335
1786494790216 0.0003 2336
1786494792794 0.0003 2337
1786494795373 0.0003 2338
1786494797950 0.0003 2339
1786494800535 0.0003 2340
1786494803119 0.0003 2341
1786494805702 0.0003 2342
1786494808284 0.0003 2343
1786494810868 0.0003 2344
1786494813451 0.0003 2345
1786494816035 0.0003 2346
1786494818619 0.0003 2347
1786494821203 0.0003 2348
1786494823788 0.0003 2349
1786494826371 0.0003 2350
1786494828953 0.0003 2351
1786494831536 0.0003 2352
1786494834118 0.0003 2353
1786494836703 0.0003 2354
1786494839286 0.0003 2355
1786494841868 0.0003 2356
1786494844451 0.0003 2357
1786494847038 0.0003 2358
1786494849622 0.0003 2359
1786494852205 0.0003 2360
1786494854787 0.0003 2361
1786494857373 0.0003 2362
1786494859960 0.0003 2363
1786494862598 0.0003 2364
1786494865181 0.0003 2365
1786494867765 0.0003 2366
1786494870348 0.0003 2367
1786494872930 0.0003 2368
1786494875513 0.0003 2369
1786494878095 0.0003 2370
1786494880677 0.0003 2371
1786494883258 0.0003 2372
1786494885840 0.0003 2373
1786494888422 0.0003 2374
1786494891003 0.0003 2375
1786494893586 0.0003 2376
1786494896169 0.0003 2377
1786494898750 0.0003 2378
1786494901332 0.0003 2379
1786494903913 0.0003 2380
1786494906496 0.0003 2381
1786494909077 0.0003 2382
1786494911659 0.0003 2383
1786494914240 0.0003 2384
1786494916821 0.0003 2385
1786494919402 0.0003 2386
1786494921984 0.0003 2387
1786494924567 0.0003 2388
1786494927151 0.0003 2389
1786494929733 0.0003 2390
1786494932319 0.0003 2391
1786494934903 0.0003 2392
1786494937486 0.0003 2393
1786494940067 0.0003 2394
1786494942648 0.0003 2395
1786494945230 0.0003 2396
1786494947814 0.0003 2397
1786494950399 0.0003 2398
1786494952986 0.0003 2399
1786494955568 0.0003 2400
1786494958151 0.0003 2401
1786494960734 0.0003 2402
1786494963316 0.0003 2403
1786494965899 0.0003 2404
1786494968481 0.0003 2405
1786494971063 0.0003 2406
1786494973645 0.0003 2407
1786494976226 0.0003 2408
1786494978808 0.0003 2409
1786494981389 0.0003 2410
1786494983971 0.0003 2411
1786494986553 0.0003 2412
1786494989135 0.0003 2413
1786494991718 0.0003 2414
1786494994301 0.0003 2415
1786494996883 0.0003 2416
1786494999465 0.0003 2417
1786495002046 0.0003 2418
1786495004628 0.0003 2419
1786495007210 0.0003 2420
1786495009793 0.0003 2421
1786495012375 0.0003 2422
1786495014957 0.0003 2423
1786495017540 0.0003 2424
1786495020121 0.0003 2425
1786495022702 0.0003 2426
1786495025284 0.0003 2427
1786495027867 0.0003 2428
1786495030449 0.0003 2429
1786495033031 0.0003 2430
1786495035613 0.0003 2431
1786495038194 0.0003 2432
1786495040776 0.0003 2433
1786495043357 0.0003 2434
1786495045939 0.0003 2435
1786495048520 0.0003 2436
1786495051102 0.0003 2437
1786495053684 0.0003 2438
1786495056266 0.0003 2439
1786495058848 0.0003 2440
1786495061431 0.0003 2441
1786495064013 0.0003 2442
1786495066595 0.0003 2443
1786495069177 0.0003 2444
1786495071761 0.0003 2445
1786495074343 0.0003 2446
1786495076924 0.0003 2447
1786495079506 0.0003 2448
1786495082089 0.0003 2449
1786495084670 0.0003 2450
1786495087256 0.0003 2451
1786495089839 0.0003 2452
1786495092422 0.0003 2453
1786495095004 0.0003 2454
1786495097587 0.0003 2455
1786495100168 0.0003 2456
1786495102750 0.0003 2457
1786495105333 0.0003 2458
1786495107916 0.0003 2459
1786495110498 0.0003 2460
1786495113081 0.0003 2461
1786495115664 0.0003 2462
1786495118247 0.0003 2463
1786495120829 0.0003 2464
1786495123413 0.0003 2465
1786495125995 0.0003 2466
1786495128577 0.0003 2467
1786495131161 0.0003 2468
1786495133744 0.0003 2469
1786495136326 0.0003 2470
1786495138908 0.0003 2471
1786495141491 0.0003 2472
1786495144073 0.0003 2473
1786495146656 0.0003 2474
1786495149239 0.0003 2475
1786495151822 0.0003 2476
1786495154405 0.0003 2477
1786495156989 0.0003 2478
1786495159571 0.0003 2479
1786495162153 0.0003 2480
1786495164735 0.0003 2481
1786495167320 0.0003 2482
1786495169904 0.0003 2483
1786495172486 0.0003 2484
1786495175069 0.0003 2485
1786495177653 0.0003 2486
1786495180237 0.0003 2487
1786495182819 0.0003 2488
1786495185400 0.0003 2489
1786495187983 0.0003 2490
1786495190567 0.0003 2491
1786495193148 0.0003 2492
1786495195735 0.0003 2493
1786495198318 0.0003 2494
1786495200901 0.0003 2495
1786495203483 0.0003 2496
1786495206066 0.0003 2497
1786495208649 0.0003 2498
1786495211233 0.0003 2499
1786495215206 0.0003 2500
1786495217788 0.0003 2501
1786495220369 0.0003 2502
1786495222952 0.0003 2503
1786495225535 0.0003 2504
1786495228118 0.0003 2505
1786495230700 0.0003 2506
1786495233283 0.0003 2507
1786495235866 0.0003 2508
1786495238448 0.0003 2509
1786495241030 0.0003 2510
1786495243612 0.0003 2511
1786495246195 0.0003 2512
1786495248777 0.0003 2513
1786495251360 0.0003 2514
1786495253943 0.0003 2515
1786495256525 0.0003 2516
1786495259107 0.0003 2517
1786495261689 0.0003 2518
1786495264273 0.0003 2519
1786495266855 0.0003 2520
1786495269438 0.0003 2521
1786495272022 0.0003 2522
1786495274606 0.0003 2523
1786495277189 0.0003 2524
1786495279771 0.0003 2525
1786495282353 0.0003 2526
1786495284943 0.0003 2527
1786495287533 0.0003 2528
1786495290123 0.0003 2529
1786495292710 0.0003 2530
1786495295296 0.0003 2531
1786495297879 0.0003 2532
1786495300461 0.0003 2533
1786495303046 0.0003 2534
1786495305630 0.0003 2535
1786495308213 0.0003 2536
1786495310796 0.0003 2537
1786495313379 0.0003 2538
1786495315971 0.0003 2539
1786495318561 0.0003 2540
1786495321144 0.0003 2541
1786495323728 0.0003 2542
1786495326313 0.0003 2543
1786495328896 0.0003 2544
1786495331478 0.0003 2545
1786495334059 0.0003 2546
1786495336641 0.0003 2547
1786495339225 0.0003 2548
1786495341807 0.0003 2549
1786495344390 0.0003 2550
1786495346975 0.0003 2551
1786495349562 0.0003 2552
1786495352144 0.0003 2553
1786495354726 0.0003 2554
1786495357310 0.0003 2555
1786495359892 0.0003 2556
1786495362475 0.0003 2557
1786495365060 0.0003 2558
1786495367641 0.0003 2559
1786495370227 0.0003 2560
1786495372817 0.0003 2561
1786495375399 0.0003 2562
1786495377980 0.0003 2563
1786495380557 0.0003 2564
1786495383133 0.0003 2565
1786495385716 0.0003 2566
1786495388298 0.0003 2567
1786495390879 0.0003 2568
1786495393460 0.0003 2569
1786495396040 0.0003 2570
1786495398621 0.0003 2571
1786495401201 0.0003 2572
1786495403782 0.0003 2573
1786495406362 0.0003 2574
1786495408942 0.0003 2575
1786495411527 0.0003 2576
1786495414108 0.0003 2577
1786495416690 0.0003 2578
1786495419273 0.0003 2579
1786495421853 0.0003 2580
1786495424434 0.0003 2581
1786495427015 0.0003 2582
1786495429597 0.0003 2583
1786495432182 0.0003 2584
1786495434764 0.0003 2585
1786495437345 0.0003 2586
1786495439927 0.0003 2587
1786495442510 0.0003 2588
1786495445093 0.0003 2589
1786495447680 0.0003 2590
1786495450266 0.0003 2591
1786495452846 0.0003 2592
1786495455428 0.0003 2593
1786495458010 0.0003 2594
1786495460593 0.0003 2595
1786495463174 0.0003 2596
1786495465755 0.0003 2597
1786495468337 0.0003 2598
1786495470919 0.0003 2599
1786495473500 0.0003 2600
1786495476082 0.0003 2601
1786495478663 0.0003 2602
1786495481246 0.0003 2603
1786495483829 0.0003 2604
1786495486411 0.0003 2605
1786495488993 0.0003 2606
1786495491574 0.0003 2607
1786495494156 0.0003 2608
1786495496737 0.0003 2609
1786495499318 0.0003 2610
1786495501899 0.0003 2611
1786495504482 0.0003 2612
1786495507076 0.0003 2613
1786495509656 0.0003 2614
1786495512245 0.0003 2615
1786495514826 0.0003 2616
1786495517408 0.0003 2617
1786495519999 0.0003 2618
1786495522590 0.0003 2619
1786495525181 0.0003 2620
1786495527758 0.0003 2621
1786495530334 0.0003 2622
1786495532910 0.0003 2623
1786495535487 0.0003 2624
1786495538065 0.0003 2625
1786495540642 0.0003 2626
1786495543220 0.0003 2627
1786495545802 0.0003 2628
1786495548385 0.0003 2629
1786495550971 0.0003 2630
1786495553554 0.0003 2631
1786495556141 0.0003 2632
1786495558728 0.0003 2633
1786495561315 0.0003 2634
1786495563904 0.0003 2635
1786495566488 0.0003 2636
1786495569068 0.0003 2637
1786495571648 0.0003 2638
1786495574229 0.0003 2639
1786495576811 0.0003 2640
1786495579392 0.0003 2641
1786495581978 0.0003 2642
1786495584560 0.0003 2643
1786495587142 0.0003 2644
1786495589725 0.0003 2645
1786495592306 0.0003 2646
1786495594889 0.0003 2647
1786495597472 0.0003 2648
1786495600055 0.0003 2649
1786495602638 0.0003 2650
1786495605221 0.0003 2651
1786495607804 0.0003 2652
1786495610388 0.0003 2653
1786495612971 0.0003 2654
1786495615557 0.0003 2655
1786495618139 0.0003 2656
1786495620722 0.0003 2657
1786495623305 0.0003 2658
1786495625887 0.0003 2659
1786495628471 0.0003 2660
1786495631054 0.0003 2661
1786495633636 0.0003 2662
1786495636217 0.0003 2663
1786495638799 0.0003 2664
1786495641380 0.0003 2665
1786495643962 0.0003 2666
1786495646544 0.0003 2667
1786495649127 0.0003 2668
1786495651710 0.0003 2669
1786495654293 0.0003 2670
1786495656876 0.0003 2671
1786495659458 0.0003 2672
1786495662039 0.0003 2673
1786495664623 0.0003 2674
1786495667207 0.0003 2675
1786495669788 0.0003 2676
1786495672373 0.0003 2677
1786495674955 0.0003 2678
1786495677536 0.0003 2679
1786495680120 0.0003 2680
1786495682702 0.0003 2681
1786495685284 0.0003 2682
1786495687865 0.0003 2683
1786495690446 0.0003 2684
1786495693028 0.0003 2685
1786495695609 0.0003 2686
1786495698190 0.0003 2687
1786495700772 0.0003 2688
1786495703353 0.0003 2689
1786495705933 0.0003 2690
1786495708514 0.0003 2691
1786495711095 0.0003 2692
1786495713678 0.0003 2693
1786495716259 0.0003 2694
1786495718839 0.0003 2695
1786495721421 0.0003 2696
1786495724002 0.0003 2697
1786495726583 0.0003 2698
1786495729164 0.0003 2699
1786495731745 0.0003 2700
1786495734325 0.0003 2701
1786495736900 0.0003 2702
1786495739477 0.0003 2703
1786495742053 0.0003 2704
1786495744630 0.0003 2705
1786495747208 0.0003 2706
1786495749784 0.0003 2707
1786495752360 0.0003 2708
1786495754936 0.0003 2709
1786495757512 0.0003 2710
1786495760088 0.0003 2711
1786495762664 0.0003 2712
1786495765240 0.0003 2713
1786495767817 0.0003 2714
1786495770392 0.0003 2715
1786495772968 0.0003 2716
1786495775545 0.0003 2717
1786495778121 0.0003 2718
1786495780698 0.0003 2719
1786495783274 0.0003 2720
1786495785850 0.0003 2721
1786495788426 0.0003 2722
1786495791002 0.0003 2723
1786495793579 0.0003 2724
1786495796157 0.0003 2725
1786495798733 0.0003 2726
1786495801313 0.0003 2727
1786495803899 0.0003 2728
1786495806482 0.0003 2729
1786495809065 0.0003 2730
1786495811650 0.0003 2731
1786495814233 0.0003 2732
1786495816814 0.0003 2733
1786495819397 0.0003 2734
1786495821979 0.0003 2735
1786495824561 0.0003 2736
1786495827142 0.0003 2737
1786495829723 0.0003 2738
1786495832305 0.0003 2739
1786495834887 0.0003 2740
1786495837468 0.0003 2741
1786495840050 0.0003 2742
1786495842632 0.0003 2743
1786495845216 0.0003 2744
1786495847798 0.0003 2745
1786495850385 0.0003 2746
1786495852962 0.0003 2747
1786495855539 0.0003 2748
1786495858117 0.0003 2749
1786495860693 0.0003 2750
1786495863269 0.0003 2751
1786495865846 0.0003 2752
1786495868422 0.0003 2753
1786495870998 0.0003 2754
1786495873575 0.0003 2755
1786495876151 0.0003 2756
1786495878728 0.0003 2757
1786495881305 0.0003 2758
1786495883881 0.0003 2759
1786495886458 0.0003 2760
1786495889034 0.0003 2761
1786495891610 0.0003 2762
1786495894186 0.0003 2763
1786495896763 0.0003 2764
1786495899339 0.0003 2765
1786495901914 0.0003 2766
1786495904490 0.0003 2767
1786495907066 0.0003 2768
1786495909643 0.0003 2769
1786495912221 0.0003 2770
1786495914798 0.0003 2771
1786495917374 0.0003 2772
1786495919951 0.0003 2773
1786495922527 0.0003 2774
1786495925103 0.0003 2775
1786495927680 0.0003 2776
1786495930257 0.0003 2777
1786495932834 0.0003 2778
1786495935410 0.0003 2779
1786495937986 0.0003 2780
1786495940562 0.0003 2781
1786495943139 0.0003 2782
1786495945715 0.0003 2783
1786495948293 0.0003 2784
1786495950870 0.0003 2785
1786495953447 0.0003 2786
1786495956024 0.0003 2787
1786495958601 0.0003 2788
1786495961178 0.0003 2789
1786495963753 0.0003 2790
1786495966329 0.0003 2791
1786495968905 0.0003 2792
1786495971484 0.0003 2793
1786495974061 0.0003 2794
1786495976642 0.0003 2795
1786495979223 0.0003 2796
1786495981805 0.0003 2797
1786495984385 0.0003 2798
1786495986966 0.0003 2799
1786495989547 0.0003 2800
1786495992128 0.0003 2801
1786495994709 0.0003 2802
1786495997290 0.0003 2803
1786495999870 0.0003 2804
1786496002452 0.0003 2805
1786496005033 0.0003 2806
1786496007614 0.0003 2807
1786496010196 0.0003 2808
1786496012777 0.0003 2809
1786496015358 0.0003 2810
1786496017939 0.0003 2811
1786496020520 0.0003 2812
1786496023100 0.0003 2813
1786496025681 0.0003 2814
1786496028262 0.0003 2815
1786496030842 0.0003 2816
1786496033423 0.0003 2817
1786496036004 0.0003 2818
1786496038586 0.0003 2819
1786496041169 0.0003 2820
1786496043749 0.0003 2821
1786496046331 0.0003 2822
1786496048912 0.0003 2823
1786496051494 0.0003 2824
1786496054076 0.0003 2825
1786496056658 0.0003 2826
1786496059240 0.0003 2827
1786496061822 0.0003 2828
1786496064403 0.0003 2829
1786496066985 0.0003 2830
1786496069566 0.0003 2831
1786496072148 0.0003 2832
1786496074730 0.0003 2833
1786496077313 0.0003 2834
1786496079895 0.0003 2835
1786496082476 0.0003 2836
1786496085056 0.0003 2837
1786496087637 0.0003 2838
1786496090218 0.0003 2839
1786496092798 0.0003 2840
1786496095378 0.0003 2841
1786496097959 0.0003 2842
1786496100539 0.0003 2843
1786496103118 0.0003 2844
1786496105699 0.0003 2845
1786496108281 0.0003 2846
1786496110862 0.0003 2847
1786496113442 0.0003 2848
1786496116023 0.0003 2849
1786496118603 0.0003 2850
1786496121183 0.0003 2851
1786496123763 0.0003 2852
1786496126344 0.0003 2853
1786496128925 0.0003 2854
1786496131506 0.0003 2855
1786496134086 0.0003 2856
1786496136666 0.0003 2857
1786496139247 0.0003 2858
1786496141827 0.0003 2859
1786496144407 0.0003 2860
1786496146987 0.0003 2861
1786496149568 0.0003 2862
1786496152149 0.0003 2863
1786496154729 0.0003 2864
1786496157313 0.0003 2865
1786496159898 0.0003 2866
1786496162484 0.0003 2867
1786496165067 0.0003 2868
1786496167650 0.0003 2869
1786496170226 0.0003 2870
1786496172803 0.0003 2871
1786496175379 0.0003 2872
1786496177954 0.0003 2873
1786496180530 0.0003 2874
1786496183106 0.0003 2875
1786496185682 0.0003 2876
1786496188258 0.0003 2877
1786496190834 0.0003 2878
1786496193410 0.0003 2879
1786496195987 0.0003 2880
1786496198563 0.0003 2881
1786496201140 0.0003 2882
1786496203721 0.0003 2883
1786496206303 0.0003 2884
1786496208883 0.0003 2885
1786496211466 0.0003 2886
1786496214051 0.0003 2887
1786496216633 0.0003 2888
1786496219214 0.0003 2889
1786496221796 0.0003 2890
1786496224377 0.0003 2891
1786496226959 0.0003 2892
1786496229541 0.0003 2893
1786496232122 0.0003 2894
1786496234703 0.0003 2895
1786496237285 0.0003 2896
1786496239866 0.0003 2897
1786496242447 0.0003 2898
1786496245027 0.0003 2899
1786496247608 0.0003 2900
1786496250190 0.0003 2901
1786496252772 0.0003 2902
1786496255354 0.0003 2903
1786496257935 0.0003 2904
1786496260516 0.0003 2905
1786496263097 0.0003 2906
1786496265678 0.0003 2907
1786496268258 0.0003 2908
1786496270846 0.0003 2909
1786496273434 0.0003 2910
1786496276019 0.0003 2911
1786496278602 0.0003 2912
1786496281184 0.0003 2913
1786496283767 0.0003 2914
1786496286349 0.0003 2915
1786496288931 0.0003 2916
1786496291513 0.0003 2917
1786496294095 0.0003 2918
1786496296677 0.0003 2919
1786496299260 0.0003 2920
1786496301841 0.0003 2921
1786496304424 0.0003 2922
1786496307007 0.0003 2923
1786496309591 0.0003 2924
1786496312174 0.0003 2925
1786496314758 0.0003 2926
1786496317340 0.0003 2927
1786496319921 0.0003 2928
1786496322503 0.0003 2929
1786496325087 0.0003 2930
1786496327672 0.0003 2931
1786496330254 0.0003 2932
1786496332839 0.0003 2933
1786496335422 0.0003 2934
1786496338002 0.0003 2935
1786496340582 0.0003 2936
1786496343161 0.0003 2937
1786496345742 0.0003 2938
1786496348322 0.0003 2939
1786496350902 0.0003 2940
1786496353481 0.0003 2941
1786496356061 0.0003 2942
1786496358641 0.0003 2943
1786496361221 0.0003 2944
1786496363801 0.0003 2945
1786496366380 0.0003 2946
1786496368963 0.0003 2947
1786496371544 0.0003 2948
1786496374124 0.0003 2949
1786496376703 0.0003 2950
1786496379284 0.0003 2951
1786496381865 0.0003 2952
1786496384445 0.0003 2953
1786496387027 0.0003 2954
1786496389610 0.0003 2955
1786496392194 0.0003 2956
1786496394775 0.0003 2957
1786496397356 0.0003 2958
1786496399937 0.0003 2959
1786496402518 0.0003 2960
1786496405111 0.0003 2961
1786496407694 0.0003 2962
1786496410278 0.0003 2963
1786496412861 0.0003 2964
1786496415442 0.0003 2965
1786496418023 0.0003 2966
1786496420604 0.0003 2967
1786496423186 0.0003 2968
1786496425766 0.0003 2969
1786496428348 0.0003 2970
1786496430930 0.0003 2971
1786496433517 0.0003 2972
1786496436100 0.0003 2973
1786496438681 0.0003 2974
1786496441263 0.0003 2975
1786496443845 0.0003 2976
1786496446426 0.0003 2977
1786496449009 0.0003 2978
1786496451597 0.0003 2979
1786496454183 0.0003 2980
1786496456766 0.0003 2981
1786496459345 0.0003 2982
1786496461922 0.0003 2983
1786496464499 0.0003 2984
1786496467077 0.0003 2985
1786496469654 0.0003 2986
1786496472231 0.0003 2987
1786496474809 0.0003 2988
1786496477385 0.0003 2989
1786496479963 0.0003 2990
1786496482539 0.0003 2991
1786496485117 0.0003 2992
1786496487693 0.0003 2993
1786496490270 0.0003 2994
1786496492847 0.0003 2995
1786496495424 0.0003 2996
1786496498001 0.0003 2997
1786496500579 0.0003 2998
1786496503162 0.0003 2999
1786496507140 0.0003 3000
1786496509722 0.0003 3001
1786496512304 0.0003 3002
1786496514887 0.0003 3003
1786496517469 0.0003 3004
1786496520052 0.0003 3005
1786496522634 0.0003 3006
1786496525215 0.0003 3007
1786496527798 0.0003 3008
1786496530380 0.0003 3009
1786496532967 0.0003 3010
1786496535546 0.0003 3011
1786496538122 0.0003 3012
1786496540698 0.0003 3013
1786496543274 0.0003 3014
1786496545856 0.0003 3015
1786496548438 0.0003 3016
1786496551019 0.0003 3017
1786496553600 0.0003 3018
1786496556182 0.0003 3019
1786496558764 0.0003 3020
1786496561345 0.0003 3021
1786496563926 0.0003 3022
1786496566510 0.0003 3023
1786496569091 0.0003 3024
1786496571674 0.0003 3025
1786496574255 0.0003 3026
1786496576837 0.0003 3027
1786496579417 0.0003 3028
1786496581998 0.0003 3029
1786496584579 0.0003 3030
1786496587162 0.0003 3031
1786496589742 0.0003 3032
1786496592330 0.0003 3033
1786496594910 0.0003 3034
1786496597487 0.0003 3035
1786496600064 0.0003 3036
1786496602641 0.0003 3037
1786496605223 0.0003 3038
1786496607804 0.0003 3039
1786496610387 0.0003 3040
1786496612972 0.0003 3041
1786496615554 0.0003 3042
1786496618136 0.0003 3043
1786496620719 0.0003 3044
1786496623301 0.0003 3045
1786496625887 0.0003 3046
1786496628475 0.0003 3047
1786496631058 0.0003 3048
1786496633648 0.0003 3049
1786496636236 0.0003 3050
1786496638826 0.0003 3051
1786496641414 0.0003 3052
1786496644001 0.0003 3053
1786496646588 0.0003 3054
1786496649175 0.0003 3055
1786496651767 0.0003 3056
1786496654350 0.0003 3057
1786496656932 0.0003 3058
1786496659515 0.0003 3059
1786496662098 0.0003 3060
1786496664681 0.0003 3061
1786496667262 0.0003 3062
1786496669844 0.0003 3063
1786496672427 0.0003 3064
1786496675009 0.0003 3065
1786496677593 0.0003 3066
1786496680175 0.0003 3067
1786496682763 0.0003 3068
1786496685346 0.0003 3069
1786496687927 0.0003 3070
1786496690509 0.0003 3071
1786496693091 0.0003 3072
1786496695673 0.0003 3073
1786496698252 0.0003 3074
1786496700828 0.0003 3075
1786496703405 0.0003 3076
1786496705982 0.0003 3077
1786496708560 0.0003 3078
1786496711136 0.0003 3079
1786496713713 0.0003 3080
1786496716290 0.0003 3081
1786496718867 0.0003 3082
1786496721444 0.0003 3083
1786496724021 0.0003 3084
1786496726599 0.0003 3085
1786496729176 0.0003 3086
1786496731753 0.0003 3087
1786496734330 0.0003 3088
1786496736907 0.0003 3089
1786496739483 0.0003 3090
1786496742060 0.0003 3091
1786496744640 0.0003 3092
1786496747220 0.0003 3093
1786496749798 0.0003 3094
1786496752379 0.0003 3095
1786496754962 0.0003 3096
1786496757547 0.0003 3097
1786496760131 0.0003 3098
1786496762715 0.0003 3099
1786496765297 0.0003 3100
1786496767880 0.0003 3101
1786496770463 0.0003 3102
1786496773044 0.0003 3103
1786496775627 0.0003 3104
1786496778210 0.0003 3105
1786496780798 0.0003 3106
1786496783380 0.0003 3107
1786496785961 0.0003 3108
1786496788542 0.0003 3109
1786496791122 0.0003 3110
1786496793698 0.0003 3111
1786496796280 0.0003 3112
1786496798861 0.0003 3113
1786496801442 0.0003 3114
1786496804024 0.0003 3115
1786496806601 0.0003 3116
1786496809181 0.0003 3117
1786496811764 0.0003 3118
1786496814348 0.0003 3119
1786496816930 0.0003 3120
1786496819510 0.0003 3121
1786496822092 0.0003 3122
1786496824672 0.0003 3123
1786496827255 0.0003 3124
1786496829833 0.0003 3125
1786496832414 0.0003 3126
1786496834996 0.0003 3127
1786496837577 0.0003 3128
1786496840155 0.0003 3129
1786496842732 0.0003 3130
1786496845309 0.0003 3131
1786496847885 0.0003 3132
1786496850462 0.0003 3133
1786496853038 0.0003 3134
1786496855614 0.0003 3135
1786496858190 0.0003 3136
1786496860775 0.0003 3137
1786496863358 0.0003 3138
1786496865943 0.0003 3139
1786496868524 0.0003 3140
1786496871105 0.0003 3141
1786496873689 0.0003 3142
1786496876269 0.0003 3143
1786496878851 0.0003 3144
1786496881432 0.0003 3145
1786496884014 0.0003 3146
1786496886595 0.0003 3147
1786496889173 0.0003 3148
1786496891751 0.0003 3149
1786496894329 0.0003 3150
1786496896905 0.0003 3151
1786496899482 0.0003 3152
1786496902058 0.0003 3153
1786496904635 0.0003 3154
1786496907213 0.0003 3155
1786496909790 0.0003 3156
1786496912366 0.0003 3157
1786496914942 0.0003 3158
1786496917519 0.0003 3159
1786496920095 0.0003 3160
1786496922672 0.0003 3161
1786496925250 0.0003 3162
1786496927827 0.0003 3163
1786496930403 0.0003 3164
1786496932983 0.0003 3165
1786496935564 0.0003 3166
1786496938145 0.0003 3167
1786496940725 0.0003 3168
1786496943305 0.0003 3169
1786496945886 0.0003 3170
1786496948467 0.0003 3171
1786496951048 0.0003 3172
1786496953631 0.0003 3173
1786496956209 0.0003 3174
1786496958787 0.0003 3175
1786496961364 0.0003 3176
1786496963942 0.0003 3177
1786496966519 0.0003 3178
1786496969096 0.0003 3179
1786496971673 0.0003 3180
1786496974254 0.0003 3181
1786496976832 0.0003 3182
1786496979413 0.0003 3183
1786496981993 0.0003 3184
1786496984574 0.0003 3185
1786496987158 0.0003 3186
1786496989742 0.0003 3187
1786496992328 0.0003 3188
1786496994912 0.0003 3189
1786496997496 0.0003 3190
1786497000079 0.0003 3191
1786497002660 0.0003 3192
1786497005244 0.0003 3193
1786497007829 0.0003 3194
1786497010417 0.0003 3195
1786497013001 0.0003 3196
1786497015585 0.0003 3197
1786497018169 0.0003 3198
1786497020753 0.0003 3199
1786497023337 0.0003 3200
1786497025923 0.0003 3201
1786497028507 0.0003 3202
1786497031092 0.0003 3203
1786497033669 0.0003 3204
1786497036246 0.0003 3205
1786497038822 0.0003 3206
1786497041399 0.0003 3207
1786497043976 0.0003 3208
1786497046552 0.0003 3209
1786497049129 0.0003 3210
1786497051713 0.0003 3211
1786497054298 0.0003 3212
1786497056884 0.0003 3213
1786497059468 0.0003 3214
1786497062052 0.0003 3215
1786497064636 0.0003 3216
1786497067216 0.0003 3217
1786497069792 0.0003 3218
1786497072369 0.0003 3219
1786497074946 0.0003 3220
1786497077523 0.0003 3221
1786497080108 0.0003 3222
1786497082692 0.0003 3223
1786497085276 0.0003 3224
1786497087859 0.0003 3225
1786497090445 0.0003 3226
1786497093029 0.0003 3227
1786497095613 0.0003 3228
1786497098196 0.0003 3229
1786497100781 0.0003 3230
1786497103365 0.0003 3231
1786497105945 0.0003 3232
1786497108523 0.0003 3233
1786497111102 0.0003 3234
1786497113679 0.0003 3235
1786497116257 0.0003 3236
1786497118834 0.0003 3237
1786497121411 0.0003 3238
1786497123990 0.0003 3239
1786497126567 0.0003 3240
1786497129144 0.0003 3241
1786497131721 0.0003 3242
1786497134298 0.0003 3243
1786497136875 0.0003 3244
1786497139452 0.0003 3245
1786497142031 0.0003 3246
1786497144611 0.0003 3247
1786497147190 0.0003 3248
1786497149769 0.0003 3249
1786497152352 0.0003 3250
1786497154934 0.0003 3251
1786497157512 0.0003 3252
1786497160090 0.0003 3253
1786497162667 0.0003 3254
1786497165246 0.0003 3255
1786497167827 0.0003 3256
1786497170409 0.0003 3257
1786497172992 0.0003 3258
1786497175580 0.0003 3259
1786497178161 0.0003 3260
1786497180738 0.0003 3261
1786497183315 0.0003 3262
1786497185893 0.0003 3263
1786497188470 0.0003 3264
1786497191047 0.0003 3265
1786497193624 0.0003 3266
1786497196201 0.0003 3267
1786497198778 0.0003 3268
1786497201355 0.0003 3269
1786497203932 0.0003 3270
1786497206509 0.0003 3271
1786497209086 0.0003 3272
1786497211663 0.0003 3273
1786497214240 0.0003 3274
1786497216818 0.0003 3275
1786497219403 0.0003 3276
1786497221987 0.0003 3277
1786497224571 0.0003 3278
1786497227155 0.0003 3279
1786497229737 0.0003 3280
1786497232315 0.0003 3281
1786497234901 0.0003 3282
1786497237487 0.0003 3283
1786497240068 0.0003 3284
1786497242650 0.0003 3285
1786497245232 0.0003 3286
1786497247813 0.0003 3287
1786497250394 0.0003 3288
1786497252976 0.0003 3289
1786497255557 0.0003 3290
1786497258139 0.0003 3291
1786497260721 0.0003 3292
1786497263304 0.0003 3293
1786497265885 0.0003 3294
1786497268467 0.0003 3295
1786497271049 0.0003 3296
1786497273632 0.0003 3297
1786497276214 0.0003 3298
1786497278796 0.0003 3299
1786497281380 0.0003 3300
1786497283964 0.0003 3301
1786497286554 0.0003 3302
1786497289144 0.0003 3303
1786497291731 0.0003 3304
1786497294317 0.0003 3305
1786497296899 0.0003 3306
1786497299481 0.0003 3307
1786497302065 0.0003 3308
1786497304649 0.0003 3309
1786497307242 0.0003 3310
1786497309824 0.0003 3311
1786497312407 0.0003 3312
1786497314989 0.0003 3313
1786497317571 0.0003 3314
1786497320156 0.0003 3315
1786497322745 0.0003 3316
1786497325327 0.0003 3317
1786497327908 0.0003 3318
1786497330490 0.0003 3319
1786497333077 0.0003 3320
1786497335660 0.0003 3321
1786497338248 0.0003 3322
1786497340834 0.0003 3323
1786497343416 0.0003 3324
1786497345999 0.0003 3325
1786497348582 0.0003 3326
1786497351170 0.0003 3327
1786497353759 0.0003 3328
1786497356338 0.0003 3329
1786497358915 0.0003 3330
1786497361491 0.0003 3331
1786497364068 0.0003 3332
1786497366644 0.0003 3333
1786497369220 0.0003 3334
1786497371797 0.0003 3335
1786497374373 0.0003 3336
1786497376949 0.0003 3337
1786497379525 0.0003 3338
1786497382102 0.0003 3339
1786497384680 0.0003 3340
1786497387256 0.0003 3341
1786497389832 0.0003 3342
1786497392408 0.0003 3343
1786497394984 0.0003 3344
1786497397560 0.0003 3345
1786497400136 0.0003 3346
1786497402711 0.0003 3347
1786497405287 0.0003 3348
1786497407862 0.0003 3349
1786497410438 0.0003 3350
1786497413014 0.0003 3351
1786497415590 0.0003 3352
1786497418167 0.0003 3353
1786497420743 0.0003 3354
1786497423318 0.0003 3355
1786497425894 0.0003 3356
1786497428471 0.0003 3357
1786497431047 0.0003 3358
1786497433627 0.0003 3359
1786497436209 0.0003 3360
1786497438792 0.0003 3361
1786497441375 0.0003 3362
1786497443958 0.0003 3363
1786497446539 0.0003 3364
1786497449121 0.0003 3365
1786497451704 0.0003 3366
1786497454287 0.0003 3367
1786497456869 0.0003 3368
1786497459453 0.0003 3369
1786497462035 0.0003 3370
1786497464620 0.0003 3371
1786497467199 0.0003 3372
1786497469779 0.0003 3373
1786497472365 0.0003 3374
1786497474947 0.0003 3375
1786497477530 0.0003 3376
1786497480114 0.0003 3377
1786497482696 0.0003 3378
1786497485278 0.0003 3379
1786497487861 0.0003 3380
1786497490444 0.0003 3381
1786497493029 0.0003 3382
1786497495612 0.0003 3383
1786497498194 0.0003 3384
1786497500776 0.0003 3385
1786497503359 0.0003 3386
1786497505941 0.0003 3387
1786497508522 0.0003 3388
1786497511104 0.0003 3389
1786497513685 0.0003 3390
1786497516267 0.0003 3391
1786497518848 0.0003 3392
1786497521429 0.0003 3393
1786497524010 0.0003 3394
1786497526591 0.0003 3395
1786497529173 0.0003 3396
1786497531755 0.0003 3397
1786497534338 0.0003 3398
1786497536919 0.0003 3399
1786497539501 0.0003 3400
1786497542086 0.0003 3401
1786497544664 0.0003 3402
1786497547240 0.0003 3403
1786497549817 0.0003 3404
1786497552394 0.0003 3405
1786497554972 0.0003 3406
1786497557550 0.0003 3407
1786497560127 0.0003 3408
1786497562704 0.0003 3409
1786497565281 0.0003 3410
1786497567864 0.0003 3411
1786497570446 0.0003 3412
1786497573029 0.0003 3413
1786497575613 0.0003 3414
1786497578197 0.0003 3415
1786497580781 0.0003 3416
1786497583362 0.0003 3417
1786497585944 0.0003 3418
1786497588525 0.0003 3419
1786497591108 0.0003 3420
1786497593696 0.0003 3421
1786497596278 0.0003 3422
1786497598860 0.0003 3423
1786497601442 0.0003 3424
1786497604026 0.0003 3425
1786497606616 0.0003 3426
1786497609199 0.0003 3427
1786497611783 0.0003 3428
1786497614367 0.0003 3429
1786497616950 0.0003 3430
1786497619534 0.0003 3431
1786497622115 0.0003 3432
1786497624696 0.0003 3433
1786497627277 0.0003 3434
1786497629859 0.0003 3435
1786497632440 0.0003 3436
1786497635021 0.0003 3437
1786497637602 0.0003 3438
1786497640184 0.0003 3439
1786497642765 0.0003 3440
1786497645346 0.0003 3441
1786497647931 0.0003 3442
1786497650513 0.0003 3443
1786497653095 0.0003 3444
1786497655675 0.0003 3445
1786497658258 0.0003 3446
1786497660840 0.0003 3447
1786497663420 0.0003 3448
1786497666000 0.0003 3449
1786497668582 0.0003 3450
1786497671162 0.0003 3451
1786497673742 0.0003 3452
1786497676323 0.0003 3453
1786497678908 0.0003 3454
1786497681489 0.0003 3455
1786497684070 0.0003 3456
1786497686651 0.0003 3457
1786497689234 0.0003 3458
1786497691823 0.0003 3459
1786497694415 0.0003 3460
1786497696999 0.0003 3461
1786497699584 0.0003 3462
1786497702174 0.0003 3463
1786497704763 0.0003 3464
1786497707346 0.0003 3465
1786497709927 0.0003 3466
1786497712511 0.0003 3467
1786497715095 0.0003 3468
1786497717676 0.0003 3469
1786497720258 0.0003 3470
1786497722841 0.0003 3471
1786497725423 0.0003 3472
1786497728004 0.0003 3473
1786497730585 0.0003 3474
1786497733167 0.0003 3475
1786497735748 0.0003 3476
1786497738330 0.0003 3477
1786497740912 0.0003 3478
1786497743493 0.0003 3479
1786497746076 0.0003 3480
1786497748658 0.0003 3481
1786497751238 0.0003 3482
1786497753822 0.0003 3483
1786497756403 0.0003 3484
1786497758984 0.0003 3485
1786497761566 0.0003 3486
1786497764147 0.0003 3487
1786497766728 0.0003 3488
1786497769309 0.0003 3489
1786497771893 0.0003 3490
1786497774478 0.0003 3491
1786497777061 0.0003 3492
1786497779643 0.0003 3493
1786497782224 0.0003 3494
1786497784805 0.0003 3495
1786497787386 0.0003 3496
1786497789968 0.0003 3497
1786497792549 0.0003 3498
1786497795131 0.0003 3499
1786497799105 0.0003 3500
1786497801685 0.0003 3501
1786497804265 0.0003 3502
1786497806845 0.0003 3503
1786497809426 0.0003 3504
1786497812007 0.0003 3505
1786497814588 0.0003 3506
1786497817171 0.0003 3507
1786497819753 0.0003 3508
1786497822335 0.0003 3509
1786497824918 0.0003 3510
1786497827501 0.0003 3511
1786497830083 0.0003 3512
1786497832665 0.0003 3513
1786497835245 0.0003 3514
1786497837830 0.0003 3515
1786497840411 0.0003 3516
1786497842993 0.0003 3517
1786497845576 0.0003 3518
1786497848157 0.0003 3519
1786497850739 0.0003 3520
1786497853322 0.0003 3521
1786497855904 0.0003 3522
1786497858486 0.0003 3523
1786497861067 0.0003 3524
1786497863648 0.0003 3525
1786497866228 0.0003 3526
1786497868809 0.0003 3527
1786497871389 0.0003 3528
1786497873970 0.0003 3529
1786497876552 0.0003 3530
1786497879132 0.0003 3531
1786497881713 0.0003 3532
1786497884292 0.0003 3533
1786497886873 0.0003 3534
1786497889455 0.0003 3535
1786497892037 0.0003 3536
1786497894620 0.0003 3537
1786497897202 0.0003 3538
1786497899785 0.0003 3539
1786497902367 0.0003 3540
1786497904948 0.0003 3541
1786497907529 0.0003 3542
1786497910111 0.0003 3543
1786497912694 0.0003 3544
1786497915276 0.0003 3545
1786497917858 0.0003 3546
1786497920441 0.0003 3547
1786497923026 0.0003 3548
1786497925608 0.0003 3549
1786497928190 0.0003 3550
1786497930776 0.0003 3551
1786497933359 0.0003 3552
1786497935936 0.0003 3553
1786497938514 0.0003 3554
1786497941094 0.0003 3555
1786497943675 0.0003 3556
1786497946254 0.0003 3557
1786497948834 0.0003 3558
1786497951416 0.0003 3559
1786497954001 0.0003 3560
1786497956586 0.0003 3561
1786497959168 0.0003 3562
1786497961751 0.0003 3563
1786497964334 0.0003 3564
1786497966918 0.0003 3565
1786497969501 0.0003 3566
1786497972084 0.0003 3567
1786497974673 0.0003 3568
1786497977256 0.0003 3569
1786497979842 0.0003 3570
1786497982425 0.0003 3571
1786497985007 0.0003 3572
1786497987588 0.0003 3573
1786497990169 0.0003 3574
1786497992751 0.0003 3575
1786497995334 0.0003 3576
1786497997915 0.0003 3577
1786498000497 0.0003 3578
1786498003078 0.0003 3579
1786498005659 0.0003 3580
1786498008242 0.0003 3581
1786498010828 0.0003 3582
1786498013411 0.0003 3583
1786498015994 0.0003 3584
1786498018577 0.0003 3585
1786498021161 0.0003 3586
1786498023744 0.0003 3587
1786498026328 0.0003 3588
1786498028913 0.0003 3589
1786498031498 0.0003 3590
1786498034082 0.0003 3591
1786498036666 0.0003 3592
1786498039251 0.0003 3593
1786498041836 0.0003 3594
1786498044421 0.0003 3595
1786498047006 0.0003 3596
1786498049589 0.0003 3597
1786498052174 0.0003 3598
1786498054760 0.0003 3599
1786498057350 0.0003 3600
1786498059938 0.0003 3601
1786498062525 0.0003 3602
1786498065109 0.0003 3603
1786498067697 0.0003 3604
1786498070279 0.0003 3605
1786498072863 0.0003 3606
1786498075446 0.0003 3607
1786498078030 0.0003 3608
1786498080612 0.0003 3609
1786498083196 0.0003 3610
1786498085779 0.0003 3611
1786498088363 0.0003 3612
1786498090944 0.0003 3613
1786498093529 0.0003 3614
1786498096116 0.0003 3615
1786498098697 0.0003 3616
1786498101279 0.0003 3617
1786498103861 0.0003 3618
1786498106444 0.0003 3619
1786498109026 0.0003 3620
1786498111608 0.0003 3621
1786498114190 0.0003 3622
1786498116772 0.0003 3623
1786498119356 0.0003 3624
1786498121939 0.0003 3625
1786498124521 0.0003 3626
1786498127106 0.0003 3627
1786498129688 0.0003 3628
1786498132272 0.0003 3629
1786498134855 0.0003 3630
1786498137437 0.0003 3631
1786498140019 0.0003 3632
1786498142601 0.0003 3633
1786498145182 0.0003 3634
1786498147764 0.0003 3635
1786498150347 0.0003 3636
1786498152930 0.0003 3637
1786498155513 0.0003 3638
1786498158095 0.0003 3639
1786498160676 0.0003 3640
1786498163260 0.0003 3641
1786498165842 0.0003 3642
1786498168424 0.0003 3643
1786498171008 0.0003 3644
1786498173591 0.0003 3645
1786498176172 0.0003 3646
1786498178753 0.0003 3647
1786498181334 0.0003 3648
1786498183915 0.0003 3649
1786498186498 0.0003 3650
1786498189080 0.0003 3651
1786498191662 0.0003 3652
1786498194246 0.0003 3653
1786498196828 0.0003 3654
1786498199409 0.0003 3655
1786498201992 0.0003 3656
1786498204574 0.0003 3657
1786498207160 0.0003 3658
1786498209744 0.0003 3659
1786498212325 0.0003 3660
1786498214907 0.0003 3661
1786498217487 0.0003 3662
1786498220067 0.0003 3663
1786498222649 0.0003 3664
1786498225231 0.0003 3665
1786498227817 0.0003 3666
1786498230402 0.0003 3667
1786498232985 0.0003 3668
1786498235568 0.0003 3669
1786498238152 0.0003 3670
1786498240735 0.0003 3671
1786498243319 0.0003 3672
1786498245904 0.0003 3673
1786498248486 0.0003 3674
1786498251076 0.0003 3675
1786498253664 0.0003 3676
1786498256247 0.0003 3677
1786498258828 0.0003 3678
1786498261413 0.0003 3679
1786498263995 0.0003 3680
1786498266579 0.0003 3681
1786498269175 0.0003 3682
1786498271754 0.0003 3683
1786498274332 0.0003 3684
1786498276910 0.0003 3685
1786498279489 0.0003 3686
1786498282067 0.0003 3687
1786498284644 0.0003 3688
1786498287223 0.0003 3689
1786498289800 0.0003 3690
1786498292381 0.0003 3691
1786498294963 0.0003 3692
1786498297546 0.0003 3693
1786498300129 0.0003 3694
1786498302718 0.0003 3695
1786498305300 0.0003 3696
1786498307882 0.0003 3697
1786498310464 0.0003 3698
1786498313044 0.0003 3699
1786498315624 0.0003 3700
1786498318210 0.0003 3701
1786498320791 0.0003 3702
1786498323373 0.0003 3703
1786498325955 0.0003 3704
1786498328536 0.0003 3705
1786498331117 0.0003 3706
1786498333698 0.0003 3707
1786498336283 0.0003 3708
1786498338865 0.0003 3709
1786498341447 0.0003 3710
1786498344028 0.0003 3711
1786498346609 0.0003 3712
1786498349191 0.0003 3713
1786498351772 0.0003 3714
1786498354353 0.0003 3715
1786498356935 0.0003 3716
1786498359517 0.0003 3717
1786498362100 0.0003 3718
1786498364681 0.0003 3719
1786498367263 0.0003 3720
1786498369847 0.0003 3721
1786498372430 0.0003 3722
1786498375013 0.0003 3723
1786498377595 0.0003 3724
1786498380177 0.0003 3725
1786498382759 0.0003 3726
1786498385342 0.0003 3727
1786498387924 0.0003 3728
1786498390506 0.0003 3729
1786498393089 0.0003 3730
1786498395670 0.0003 3731
1786498398251 0.0003 3732
1786498400834 0.0003 3733
1786498403415 0.0003 3734
1786498405997 0.0003 3735
1786498408580 0.0003 3736
1786498411161 0.0003 3737
1786498413742 0.0003 3738
1786498416322 0.0003 3739
1786498418903 0.0003 3740
1786498421485 0.0003 3741
1786498424067 0.0003 3742
1786498426650 0.0003 3743
1786498429234 0.0003 3744
1786498431818 0.0003 3745
1786498434405 0.0003 3746
1786498436989 0.0003 3747
1786498439573 0.0003 3748
1786498442156 0.0003 3749
1786498444739 0.0003 3750
1786498447325 0.0003 3751
1786498449915 0.0003 3752
1786498452511 0.0003 3753
1786498455096 0.0003 3754
1786498457684 0.0003 3755
1786498460271 0.0003 3756
1786498462858 0.0003 3757
1786498465443 0.0003 3758
1786498468028 0.0003 3759
1786498470618 0.0003 3760
1786498473204 0.0003 3761
1786498475789 0.0003 3762
1786498478377 0.0003 3763
1786498480964 0.0003 3764
1786498483550 0.0003 3765
1786498486137 0.0003 3766
1786498488721 0.0003 3767
1786498491306 0.0003 3768
1786498493893 0.0003 3769
1786498496477 0.0003 3770
1786498499059 0.0003 3771
1786498501642 0.0003 3772
1786498504225 0.0003 3773
1786498506808 0.0003 3774
1786498509390 0.0003 3775
1786498511974 0.0003 3776
1786498514558 0.0003 3777
1786498517140 0.0003 3778
1786498519721 0.0003 3779
1786498522303 0.0003 3780
1786498524886 0.0003 3781
1786498527469 0.0003 3782
1786498530053 0.0003 3783
1786498532636 0.0003 3784
1786498535220 0.0003 3785
1786498537805 0.0003 3786
1786498540390 0.0003 3787
1786498542973 0.0003 3788
1786498545556 0.0003 3789
1786498548139 0.0003 3790
1786498550723 0.0003 3791
1786498553307 0.0003 3792
1786498555895 0.0003 3793
1786498558481 0.0003 3794
1786498561067 0.0003 3795
1786498563654 0.0003 3796
1786498566240 0.0003 3797
1786498568826 0.0003 3798
1786498571410 0.0003 3799
1786498573995 0.0003 3800
1786498576580 0.0003 3801
1786498579164 0.0003 3802
1786498581748 0.0003 3803
1786498584335 0.0003 3804
1786498586923 0.0003 3805
1786498589512 0.0003 3806
1786498592097 0.0003 3807
1786498594684 0.0003 3808
1786498597270 0.0003 3809
1786498599855 0.0003 3810
1786498602442 0.0003 3811
1786498605028 0.0003 3812
1786498607614 0.0003 3813
1786498610206 0.0003 3814
1786498612794 0.0003 3815
1786498615379 0.0003 3816
1786498617962 0.0003 3817
1786498620545 0.0003 3818
1786498623128 0.0003 3819
1786498625714 0.0003 3820
1786498628298 0.0003 3821
1786498630881 0.0003 3822
1786498633464 0.0003 3823
1786498636050 0.0003 3824
1786498638631 0.0003 3825
1786498641210 0.0003 3826
1786498643788 0.0003 3827
1786498646369 0.0003 3828
1786498648955 0.0003 3829
1786498651541 0.0003 3830
1786498654123 0.0003 3831
1786498656707 0.0003 3832
1786498659294 0.0003 3833
1786498661882 0.0003 3834
1786498664471 0.0003 3835
1786498667059 0.0003 3836
1786498669646 0.0003 3837
1786498672229 0.0003 3838
1786498674811 0.0003 3839
1786498677393 0.0003 3840
1786498679974 0.0003 3841
1786498682556 0.0003 3842
1786498685139 0.0003 3843
1786498687721 0.0003 3844
1786498690303 0.0003 3845
1786498692889 0.0003 3846
1786498695477 0.0003 3847
1786498698062 0.0003 3848
1786498700650 0.0003 3849
1786498703236 0.0003 3850
1786498705818 0.0003 3851
1786498708396 0.0003 3852
1786498710974 0.0003 3853
1786498713552 0.0003 3854
1786498716131 0.0003 3855
1786498718713 0.0003 3856
1786498721294 0.0003 3857
1786498723876 0.0003 3858
1786498726458 0.0003 3859
1786498729040 0.0003 3860
1786498731619 0.0003 3861
1786498734200 0.0003 3862
1786498736779 0.0003 3863
1786498739356 0.0003 3864
1786498741932 0.0003 3865
1786498744509 0.0003 3866
1786498747087 0.0003 3867
1786498749664 0.0003 3868
1786498752242 0.0003 3869
1786498754820 0.0003 3870
1786498757397 0.0003 3871
1786498759976 0.0003 3872
1786498762558 0.0003 3873
1786498765147 0.0003 3874
1786498767729 0.0003 3875
1786498770313 0.0003 3876
1786498772899 0.0003 3877
1786498775482 0.0003 3878
1786498778064 0.0003 3879
1786498780645 0.0003 3880
1786498783228 0.0003 3881
1786498785814 0.0003 3882
1786498788396 0.0003 3883
1786498790981 0.0003 3884
1786498793567 0.0003 3885
1786498796150 0.0003 3886
1786498798734 0.0003 3887
1786498801318 0.0003 3888
1786498803901 0.0003 3889
1786498806488 0.0003 3890
1786498809073 0.0003 3891
1786498811657 0.0003 3892
1786498814240 0.0003 3893
1786498816824 0.0003 3894
1786498819408 0.0003 3895
1786498821992 0.0003 3896
1786498824575 0.0003 3897
1786498827160 0.0003 3898
1786498829746 0.0003 3899
1786498832331 0.0003 3900
1786498834915 0.0003 3901
1786498837498 0.0003 3902
1786498840081 0.0003 3903
1786498842663 0.0003 3904
1786498845246 0.0003 3905
1786498847830 0.0003 3906
1786498850416 0.0003 3907
1786498852999 0.0003 3908
1786498855584 0.0003 3909
1786498858167 0.0003 3910
1786498860749 0.0003 3911
1786498863333 0.0003 3912
1786498865916 0.0003 3913
1786498868499 0.0003 3914
1786498871080 0.0003 3915
1786498873659 0.0003 3916
1786498876237 0.0003 3917
1786498878815 0.0003 3918
1786498881394 0.0003 3919
1786498883972 0.0003 3920
1786498886550 0.0003 3921
1786498889131 0.0003 3922
1786498891713 0.0003 3923
1786498894293 0.0003 3924
1786498896875 0.0003 3925
1786498899455 0.0003 3926
1786498902035 0.0003 3927
1786498904615 0.0003 3928
1786498907196 0.0003 3929
1786498909778 0.0003 3930
1786498912359 0.0003 3931
1786498914942 0.0003 3932
1786498917523 0.0003 3933
1786498920103 0.0003 3934
1786498922683 0.0003 3935
1786498925264 0.0003 3936
1786498927846 0.0003 3937
1786498930430 0.0003 3938
1786498933013 0.0003 3939
1786498935595 0.0003 3940
1786498938177 0.0003 3941
1786498940761 0.0003 3942
1786498943345 0.0003 3943
1786498945929 0.0003 3944
1786498948512 0.0003 3945
1786498951097 0.0003 3946
1786498953681 0.0003 3947
1786498956263 0.0003 3948
1786498958847 0.0003 3949
1786498961431 0.0003 3950
1786498964015 0.0003 3951
1786498966597 0.0003 3952
1786498969182 0.0003 3953
1786498971767 0.0003 3954
1786498974349 0.0003 3955
1786498976948 0.0003 3956
1786498979530 0.0003 3957
1786498982123 0.0003 3958
1786498984714 0.0003 3959
1786498987301 0.0003 3960
1786498989888 0.0003 3961
1786498992473 0.0003 3962
1786498995061 0.0003 3963
1786498997644 0.0003 3964
1786499000226 0.0003 3965
1786499002811 0.0003 3966
1786499005393 0.0003 3967
1786499007975 0.0003 3968
1786499010558 0.0003 3969
1786499013143 0.0003 3970
1786499015728 0.0003 3971
1786499018311 0.0003 3972
1786499020895 0.0003 3973
1786499023480 0.0003 3974
1786499026063 0.0003 3975
1786499028647 0.0003 3976
1786499031233 0.0003 3977
1786499033816 0.0003 3978
1786499036398 0.0003 3979
1786499038981 0.0003 3980
1786499041563 0.0003 3981
1786499044145 0.0003 3982
1786499046727 0.0003 3983
1786499049310 0.0003 3984
1786499051892 0.0003 3985
1786499054477 0.0003 3986
1786499057058 0.0003 3987
1786499059642 0.0003 3988
1786499062232 0.0003 3989
1786499064818 0.0003 3990
1786499067397 0.0003 3991
1786499069975 0.0003 3992
1786499072552 0.0003 3993
1786499075130 0.0003 3994
1786499077708 0.0003 3995
1786499080286 0.0003 3996
1786499082863 0.0003 3997
1786499085441 0.0003 3998
1786499088018 0.0003 3999
1786499092950 0.0003 4000
1786499095529 0.0003 4001
1786499098109 0.0003 4002
1786499100688 0.0003 4003
1786499103267 0.0003 4004
1786499105858 0.0003 4005
1786499108439 0.0003 4006
1786499111019 0.0003 4007
1786499113599 0.0003 4008
1786499116178 0.0003 4009
1786499118759 0.0003 4010
1786499121338 0.0003 4011
1786499123918 0.0003 4012
1786499126501 0.0003 4013
1786499129082 0.0003 4014
1786499131662 0.0003 4015
1786499134242 0.0003 4016
1786499136822 0.0003 4017
1786499139404 0.0003 4018
1786499141983 0.0003 4019
1786499144564 0.0003 4020
1786499147144 0.0003 4021
1786499149723 0.0003 4022
1786499152307 0.0003 4023
1786499154892 0.0003 4024
1786499157472 0.0003 4025
1786499160054 0.0003 4026
1786499162634 0.0003 4027
1786499165214 0.0003 4028
1786499167793 0.0003 4029
1786499170372 0.0003 4030
1786499172952 0.0003 4031
1786499175532 0.0003 4032
1786499178112 0.0003 4033
1786499180692 0.0003 4034
1786499183273 0.0003 4035
1786499185853 0.0003 4036
1786499188434 0.0003 4037
1786499191015 0.0003 4038
1786499193599 0.0003 4039
1786499196179 0.0003 4040
1786499198759 0.0003 4041
1786499201339 0.0003 4042
1786499203919 0.0003 4043
1786499206499 0.0003 4044
1786499209082 0.0003 4045
1786499211663 0.0003 4046
1786499214243 0.0003 4047
1786499216822 0.0003 4048
1786499219404 0.0003 4049
1786499221984 0.0003 4050
1786499224566 0.0003 4051
1786499227148 0.0003 4052
1786499229730 0.0003 4053
1786499232310 0.0003 4054
1786499234896 0.0003 4055
1786499237484 0.0003 4056
1786499240073 0.0003 4057
1786499242661 0.0003 4058
1786499245249 0.0003 4059
1786499247836 0.0003 4060
1786499250425 0.0003 4061
1786499253010 0.0003 4062
1786499255595 0.0003 4063
1786499258184 0.0003 4064
1786499260772 0.0003 4065
1786499263359 0.0003 4066
1786499265946 0.0003 4067
1786499268533 0.0003 4068
1786499271121 0.0003 4069
1786499273703 0.0003 4070
1786499276284 0.0003 4071
1786499278866 0.0003 4072
1786499281451 0.0003 4073
1786499284031 0.0003 4074
1786499286612 0.0003 4075
1786499289192 0.0003 4076
1786499291773 0.0003 4077
1786499294355 0.0003 4078
1786499296936 0.0003 4079
1786499299517 0.0003 4080
1786499302097 0.0003 4081
1786499304678 0.0003 4082
1786499307259 0.0003 4083
1786499309840 0.0003 4084
1786499312421 0.0003 4085
1786499315005 0.0003 4086
1786499317589 0.0003 4087
1786499320173 0.0003 4088
1786499322757 0.0003 4089
1786499325340 0.0003 4090
1786499327921 0.0003 4091
1786499330501 0.0003 4092
1786499333084 0.0003 4093
1786499335665 0.0003 4094
1786499338245 0.0003 4095
1786499340827 0.0003 4096
1786499343407 0.0003 4097
1786499345989 0.0003 4098
1786499348570 0.0003 4099
1786499351152 0.0003 4100
1786499353733 0.0003 4101
1786499356314 0.0003 4102
1786499358895 0.0003 4103
1786499361474 0.0003 4104
1786499364055 0.0003 4105
1786499366636 0.0003 4106
1786499369217 0.0003 4107
1786499371799 0.0003 4108
1786499374380 0.0003 4109
1786499376963 0.0003 4110
1786499379544 0.0003 4111
1786499382127 0.0003 4112
1786499384707 0.0003 4113
1786499387289 0.0003 4114
1786499389874 0.0003 4115
1786499392457 0.0003 4116
1786499395039 0.0003 4117
1786499397621 0.0003 4118
1786499400203 0.0003 4119
1786499402784 0.0003 4120
1786499405365 0.0003 4121
1786499407947 0.0003 4122
1786499410530 0.0003 4123
1786499413111 0.0003 4124
1786499415693 0.0003 4125
1786499418273 0.0003 4126
1786499420854 0.0003 4127
1786499423434 0.0003 4128
1786499426014 0.0003 4129
1786499428595 0.0003 4130
1786499431176 0.0003 4131
1786499433759 0.0003 4132
1786499436340 0.0003 4133
1786499438920 0.0003 4134
1786499441500 0.0003 4135
1786499444080 0.0003 4136
1786499446660 0.0003 4137
1786499449239 0.0003 4138
1786499451821 0.0003 4139
1786499454401 0.0003 4140
1786499456983 0.0003 4141
1786499459563 0.0003 4142
1786499462142 0.0003 4143
1786499464722 0.0003 4144
1786499467302 0.0003 4145
1786499469881 0.0003 4146
1786499472465 0.0003 4147
1786499475047 0.0003 4148
1786499477627 0.0003 4149
1786499480207 0.0003 4150
1786499482787 0.0003 4151
1786499485366 0.0003 4152
1786499487957 0.0003 4153
1786499490537 0.0003 4154
1786499493119 0.0003 4155
1786499495705 0.0003 4156
1786499498286 0.0003 4157
1786499500867 0.0003 4158
1786499503448 0.0003 4159
1786499506028 0.0003 4160
1786499508609 0.0003 4161
1786499511196 0.0003 4162
1786499513783 0.0003 4163
1786499516366 0.0003 4164
1786499518957 0.0003 4165
1786499521538 0.0003 4166
1786499524118 0.0003 4167
1786499526699 0.0003 4168
1786499529283 0.0003 4169
1786499531866 0.0003 4170
1786499534446 0.0003 4171
1786499537027 0.0003 4172
1786499539607 0.0003 4173
1786499542187 0.0003 4174
1786499544768 0.0003 4175
1786499547348 0.0003 4176
1786499549928 0.0003 4177
1786499552510 0.0003 4178
1786499555090 0.0003 4179
1786499557669 0.0003 4180
1786499560249 0.0003 4181
1786499562830 0.0003 4182
1786499565412 0.0003 4183
1786499567993 0.0003 4184
1786499570573 0.0003 4185
1786499573157 0.0003 4186
1786499575739 0.0003 4187
1786499578319 0.0003 4188
1786499580900 0.0003 4189
1786499583480 0.0003 4190
1786499586064 0.0003 4191
1786499588644 0.0003 4192
1786499591224 0.0003 4193
1786499593805 0.0003 4194
1786499596386 0.0003 4195
1786499598966 0.0003 4196
1786499601546 0.0003 4197
1786499604127 0.0003 4198
1786499606707 0.0003 4199
1786499609287 0.0003 4200
1786499611868 0.0003 4201
1786499614448 0.0003 4202
1786499617029 0.0003 4203
1786499619610 0.0003 4204
1786499622190 0.0003 4205
1786499624771 0.0003 4206
1786499627351 0.0003 4207
1786499629931 0.0003 4208
1786499632517 0.0003 4209
1786499635098 0.0003 4210
1786499637683 0.0003 4211
1786499640263 0.0003 4212
1786499642844 0.0003 4213
1786499645425 0.0003 4214
1786499648010 0.0003 4215
1786499650596 0.0003 4216
1786499653180 0.0003 4217
1786499655760 0.0003 4218
1786499658341 0.0003 4219
1786499660921 0.0003 4220
1786499663502 0.0003 4221
1786499666082 0.0003 4222
1786499668662 0.0003 4223
1786499671243 0.0003 4224
1786499673823 0.0003 4225
1786499676405 0.0003 4226
1786499678986 0.0003 4227
1786499681566 0.0003 4228
1786499684147 0.0003 4229
1786499686728 0.0003 4230
1786499689308 0.0003 4231
1786499691889 0.0003 4232
1786499694471 0.0003 4233
1786499697056 0.0003 4234
1786499699640 0.0003 4235
1786499702220 0.0003 4236
1786499704801 0.0003 4237
1786499707382 0.0003 4238
1786499709963 0.0003 4239
1786499712545 0.0003 4240
1786499715126 0.0003 4241
1786499717708 0.0003 4242
1786499720288 0.0003 4243
1786499722869 0.0003 4244
1786499725449 0.0003 4245
1786499728030 0.0003 4246
1786499730610 0.0003 4247
1786499733191 0.0003 4248
1786499735772 0.0003 4249
1786499738352 0.0003 4250
1786499740932 0.0003 4251
1786499743512 0.0003 4252
1786499746092 0.0003 4253
1786499748673 0.0003 4254
1786499751255 0.0003 4255
1786499753835 0.0003 4256
1786499756416 0.0003 4257
1786499758997 0.0003 4258
1786499761578 0.0003 4259
1786499764163 0.0003 4260
1786499766744 0.0003 4261
1786499769328 0.0003 4262
1786499771908 0.0003 4263
1786499774489 0.0003 4264
1786499777070 0.0003 4265
1786499779652 0.0003 4266
1786499782234 0.0003 4267
1786499784815 0.0003 4268
1786499787396 0.0003 4269
1786499789976 0.0003 4270
1786499792556 0.0003 4271
1786499795135 0.0003 4272
1786499797715 0.0003 4273
1786499800295 0.0003 4274
1786499802876 0.0003 4275
1786499805456 0.0003 4276
1786499808037 0.0003 4277
1786499810621 0.0003 4278
1786499813210 0.0003 4279
1786499815804 0.0003 4280
1786499818386 0.0003 4281
1786499820967 0.0003 4282
1786499823548 0.0003 4283
1786499826129 0.0003 4284
1786499828709 0.0003 4285
1786499831290 0.0003 4286
1786499833872 0.0003 4287
1786499836453 0.0003 4288
1786499839033 0.0003 4289
1786499841613 0.0003 4290
1786499844196 0.0003 4291
1786499846783 0.0003 4292
1786499849376 0.0003 4293
1786499851970 0.0003 4294
1786499854554 0.0003 4295
1786499857136 0.0003 4296
1786499859717 0.0003 4297
1786499862297 0.0003 4298
1786499864877 0.0003 4299
1786499867457 0.0003 4300
1786499870041 0.0003 4301
1786499872629 0.0003 4302
1786499875214 0.0003 4303
1786499877796 0.0003 4304
1786499880377 0.0003 4305
1786499882958 0.0003 4306
1786499885540 0.0003 4307
1786499888121 0.0003 4308
1786499890702 0.0003 4309
1786499893284 0.0003 4310
1786499895866 0.0003 4311
1786499898448 0.0003 4312
1786499901030 0.0003 4313
1786499903613 0.0003 4314
1786499906194 0.0003 4315
1786499908776 0.0003 4316
1786499911361 0.0003 4317
1786499913944 0.0003 4318
1786499916524 0.0003 4319
1786499919105 0.0003 4320
1786499921686 0.0003 4321
1786499924268 0.0003 4322
1786499926848 0.0003 4323
1786499929428 0.0003 4324
1786499932010 0.0003 4325
1786499934594 0.0003 4326
1786499937174 0.0003 4327
1786499939757 0.0003 4328
1786499942339 0.0003 4329
1786499944921 0.0003 4330
1786499947505 0.0003 4331
1786499950086 0.0003 4332
1786499952670 0.0003 4333
1786499955254 0.0003 4334
1786499957836 0.0003 4335
1786499960417 0.0003 4336
1786499962998 0.0003 4337
1786499965580 0.0003 4338
1786499968161 0.0003 4339
1786499970743 0.0003 4340
1786499973330 0.0003 4341
1786499975915 0.0003 4342
1786499978498 0.0003 4343
1786499981080 0.0003 4344
1786499983662 0.0003 4345
1786499986244 0.0003 4346
1786499988825 0.0003 4347
1786499991406 0.0003 4348
1786499993989 0.0003 4349
1786499996571 0.0003 4350
1786499999152 0.0003 4351
1786500001733 0.0003 4352
1786500004317 0.0003 4353
1786500006907 0.0003 4354
1786500009488 0.0003 4355
1786500012072 0.0003 4356
1786500014653 0.0003 4357
1786500017233 0.0003 4358
1786500019814 0.0003 4359
1786500022395 0.0003 4360
1786500024975 0.0003 4361
1786500027556 0.0003 4362
1786500030136 0.0003 4363
1786500032718 0.0003 4364
1786500035298 0.0003 4365
1786500037878 0.0003 4366
1786500040458 0.0003 4367
1786500043039 0.0003 4368
1786500045621 0.0003 4369
1786500048201 0.0003 4370
1786500050782 0.0003 4371
1786500053361 0.0003 4372
1786500055936 0.0003 4373
1786500058518 0.0003 4374
1786500061100 0.0003 4375
1786500063687 0.0003 4376
1786500066270 0.0003 4377
1786500068852 0.0003 4378
1786500071433 0.0003 4379
1786500074015 0.0003 4380
1786500076597 0.0003 4381
1786500079179 0.0003 4382
1786500081759 0.0003 4383
1786500084340 0.0003 4384
1786500086922 0.0003 4385
1786500089502 0.0003 4386
1786500092083 0.0003 4387
1786500094665 0.0003 4388
1786500097245 0.0003 4389
1786500099827 0.0003 4390
1786500102408 0.0003 4391
1786500104989 0.0003 4392
1786500107570 0.0003 4393
1786500110154 0.0003 4394
1786500112738 0.0003 4395
1786500115318 0.0003 4396
1786500117898 0.0003 4397
1786500120478 0.0003 4398
1786500123058 0.0003 4399
1786500125637 0.0003 4400
1786500128217 0.0003 4401
1786500130798 0.0003 4402
1786500133379 0.0003 4403
1786500135963 0.0003 4404
1786500138547 0.0003 4405
1786500141132 0.0003 4406
1786500143723 0.0003 4407
1786500146314 0.0003 4408
1786500148898 0.0003 4409
1786500151482 0.0003 4410
1786500154064 0.0003 4411
1786500156646 0.0003 4412
1786500159228 0.0003 4413
1786500161808 0.0003 4414
1786500164388 0.0003 4415
1786500166968 0.0003 4416
1786500169548 0.0003 4417
1786500172133 0.0003 4418
1786500174713 0.0003 4419
1786500177297 0.0003 4420
1786500179882 0.0003 4421
1786500182466 0.0003 4422
1786500185047 0.0003 4423
1786500187628 0.0003 4424
1786500190208 0.0003 4425
1786500192793 0.0003 4426
1786500195376 0.0003 4427
1786500197958 0.0003 4428
1786500200540 0.0003 4429
1786500203120 0.0003 4430
1786500205700 0.0003 4431
1786500208281 0.0003 4432
1786500210860 0.0003 4433
1786500213441 0.0003 4434
1786500216023 0.0003 4435
1786500218605 0.0003 4436
1786500221188 0.0003 4437
1786500223770 0.0003 4438
1786500226351 0.0003 4439
1786500228933 0.0003 4440
1786500231514 0.0003 4441
1786500234097 0.0003 4442
1786500236679 0.0003 4443
1786500239262 0.0003 4444
1786500241846 0.0003 4445
1786500244428 0.0003 4446
1786500247010 0.0003 4447
1786500249592 0.0003 4448
1786500252174 0.0003 4449
1786500254756 0.0003 4450
1786500257339 0.0003 4451
1786500259920 0.0003 4452
1786500262502 0.0003 4453
1786500265084 0.0003 4454
1786500267666 0.0003 4455
1786500270247 0.0003 4456
1786500272830 0.0003 4457
1786500275411 0.0003 4458
1786500277993 0.0003 4459
1786500280573 0.0003 4460
1786500283156 0.0003 4461
1786500285739 0.0003 4462
1786500288320 0.0003 4463
1786500290900 0.0003 4464
1786500293481 0.0003 4465
1786500296062 0.0003 4466
1786500298643 0.0003 4467
1786500301233 0.0003 4468
1786500303825 0.0003 4469
1786500306418 0.0003 4470
1786500309010 0.0003 4471
1786500311602 0.0003 4472
1786500314195 0.0003 4473
1786500316787 0.0003 4474
1786500319378 0.0003 4475
1786500321970 0.0003 4476
1786500324561 0.0003 4477
1786500327153 0.0003 4478
1786500329745 0.0003 4479
1786500332327 0.0003 4480
1786500334915 0.0003 4481
1786500337500 0.0003 4482
1786500340082 0.0003 4483
1786500342671 0.0003 4484
1786500345254 0.0003 4485
1786500347836 0.0003 4486
1786500350420 0.0003 4487
1786500353011 0.0003 4488
1786500355602 0.0003 4489
1786500358193 0.0003 4490
1786500360784 0.0003 4491
1786500363374 0.0003 4492
1786500365961 0.0003 4493
1786500368548 0.0003 4494
1786500371141 0.0003 4495
1786500373734 0.0003 4496
1786500376325 0.0003 4497
1786500378915 0.0003 4498
1786500381496 0.0003 4499
1786500385476 0.0003 4500
1786500388058 0.0003 4501
1786500390641 0.0003 4502
1786500393224 0.0003 4503
1786500395807 0.0003 4504
1786500398390 0.0003 4505
1786500400972 0.0003 4506
1786500403553 0.0003 4507
1786500406135 0.0003 4508
1786500408715 0.0003 4509
1786500411300 0.0003 4510
1786500413890 0.0003 4511
1786500416484 0.0003 4512
1786500419065 0.0003 4513
1786500421642 0.0003 4514
1786500424219 0.0003 4515
1786500426796 0.0003 4516
1786500429372 0.0003 4517
1786500431956 0.0003 4518
1786500434532 0.0003 4519
1786500437109 0.0003 4520
1786500439684 0.0003 4521
1786500442264 0.0003 4522
1786500444840 0.0003 4523
1786500447417 0.0003 4524
1786500449993 0.0003 4525
1786500452570 0.0003 4526
1786500455146 0.0003 4527
1786500457723 0.0003 4528
1786500460301 0.0003 4529
1786500462883 0.0003 4530
1786500465465 0.0003 4531
1786500468048 0.0003 4532
1786500470632 0.0003 4533
1786500473216 0.0003 4534
1786500475797 0.0003 4535
1786500478378 0.0003 4536
1786500480959 0.0003 4537
1786500483542 0.0003 4538
1786500486125 0.0003 4539
1786500488709 0.0003 4540
1786500491294 0.0003 4541
1786500493875 0.0003 4542
1786500496458 0.0003 4543
1786500499040 0.0003 4544
1786500501622 0.0003 4545
1786500504205 0.0003 4546
1786500506788 0.0003 4547
1786500509370 0.0003 4548
1786500511952 0.0003 4549
1786500514533 0.0003 4550
1786500517115 0.0003 4551
1786500519696 0.0003 4552
1786500522277 0.0003 4553
1786500524856 0.0003 4554
1786500527436 0.0003 4555
1786500530016 0.0003 4556
1786500532601 0.0003 4557
1786500535182 0.0003 4558
1786500537766 0.0003 4559
1786500540347 0.0003 4560
1786500542927 0.0003 4561
1786500545508 0.0003 4562
1786500548087 0.0003 4563
1786500550666 0.0003 4564
1786500553246 0.0003 4565
1786500555827 0.0003 4566
1786500558407 0.0003 4567
1786500560989 0.0003 4568
1786500563570 0.0003 4569
1786500566150 0.0003 4570
1786500568729 0.0003 4571
1786500571310 0.0003 4572
1786500573890 0.0003 4573
1786500576469 0.0003 4574
1786500579052 0.0003 4575
1786500581634 0.0003 4576
1786500584214 0.0003 4577
1786500586793 0.0003 4578
1786500589372 0.0003 4579
1786500591956 0.0003 4580
1786500594544 0.0003 4581
1786500597134 0.0003 4582
1786500599718 0.0003 4583
1786500602302 0.0003 4584
1786500604886 0.0003 4585
1786500607471 0.0003 4586
1786500610055 0.0003 4587
1786500612641 0.0003 4588
1786500615225 0.0003 4589
1786500617808 0.0003 4590
1786500620392 0.0003 4591
1786500622974 0.0003 4592
1786500625555 0.0003 4593
1786500628137 0.0003 4594
1786500630718 0.0003 4595
1786500633299 0.0003 4596
1786500635881 0.0003 4597
1786500638463 0.0003 4598
1786500641045 0.0003 4599
1786500643627 0.0003 4600
1786500646212 0.0003 4601
1786500648795 0.0003 4602
1786500651378 0.0003 4603
1786500653959 0.0003 4604
1786500656540 0.0003 4605
1786500659122 0.0003 4606
1786500661704 0.0003 4607
1786500664287 0.0003 4608
1786500666869 0.0003 4609
1786500669451 0.0003 4610
1786500672035 0.0003 4611
1786500674617 0.0003 4612
1786500677198 0.0003 4613
1786500679779 0.0003 4614
1786500682361 0.0003 4615
1786500684943 0.0003 4616
1786500687526 0.0003 4617
1786500690108 0.0003 4618
1786500692690 0.0003 4619
1786500695272 0.0003 4620
1786500697855 0.0003 4621
1786500700437 0.0003 4622
1786500703019 0.0003 4623
1786500705600 0.0003 4624
1786500708180 0.0003 4625
1786500710764 0.0003 4626
1786500713351 0.0003 4627
1786500715932 0.0003 4628
1786500718516 0.0003 4629
1786500721100 0.0003 4630
1786500723682 0.0003 4631
1786500726265 0.0003 4632
1786500728848 0.0003 4633
1786500731432 0.0003 4634
1786500734019 0.0003 4635
1786500736601 0.0003 4636
1786500739184 0.0003 4637
1786500741767 0.0003 4638
1786500744351 0.0003 4639
1786500746934 0.0003 4640
1786500749517 0.0003 4641
1786500752099 0.0003 4642
1786500754681 0.0003 4643
1786500757263 0.0003 4644
1786500759847 0.0003 4645
1786500762434 0.0003 4646
1786500765019 0.0003 4647
1786500767603 0.0003 4648
1786500770188 0.0003 4649
1786500772768 0.0003 4650
1786500775353 0.0003 4651
1786500777935 0.0003 4652
1786500780516 0.0003 4653
1786500783098 0.0003 4654
1786500785681 0.0003 4655
1786500788264 0.0003 4656
1786500790849 0.0003 4657
1786500793431 0.0003 4658
1786500796011 0.0003 4659
1786500798593 0.0003 4660
1786500801176 0.0003 4661
1786500803758 0.0003 4662
1786500806342 0.0003 4663
1786500808925 0.0003 4664
1786500811508 0.0003 4665
1786500814091 0.0003 4666
1786500816673 0.0003 4667
1786500819254 0.0003 4668
1786500821835 0.0003 4669
1786500824418 0.0003 4670
1786500827001 0.0003 4671
1786500829583 0.0003 4672
1786500832166 0.0003 4673
1786500834750 0.0003 4674
1786500837333 0.0003 4675
1786500839916 0.0003 4676
1786500842499 0.0003 4677
1786500845081 0.0003 4678
1786500847666 0.0003 4679
1786500850249 0.0003 4680
1786500852831 0.0003 4681
1786500855414 0.0003 4682
1786500857996 0.0003 4683
1786500860580 0.0003 4684
1786500863163 0.0003 4685
1786500865747 0.0003 4686
1786500868330 0.0003 4687
1786500870913 0.0003 4688
1786500873494 0.0003 4689
1786500876075 0.0003 4690
1786500878657 0.0003 4691
1786500881242 0.0003 4692
1786500883825 0.0003 4693
1786500886407 0.0003 4694
1786500888989 0.0003 4695
1786500891575 0.0003 4696
1786500894162 0.0003 4697
1786500896747 0.0003 4698
1786500899330 0.0003 4699
1786500901912 0.0003 4700
1786500904496 0.0003 4701
1786500907090 0.0003 4702
1786500909671 0.0003 4703
1786500912254 0.0003 4704
1786500914836 0.0003 4705
1786500917419 0.0003 4706
1786500920002 0.0003 4707
1786500922589 0.0003 4708
1786500925172 0.0003 4709
1786500927754 0.0003 4710
1786500930338 0.0003 4711
1786500932926 0.0003 4712
1786500935510 0.0003 4713
1786500938094 0.0003 4714
1786500940672 0.0003 4715
1786500943248 0.0003 4716
1786500945826 0.0003 4717
1786500948403 0.0003 4718
1786500950980 0.0003 4719
1786500953560 0.0003 4720
1786500956139 0.0003 4721
1786500958716 0.0003 4722
1786500961294 0.0003 4723
1786500963877 0.0003 4724
1786500966455 0.0003 4725
1786500969035 0.0003 4726
1786500971618 0.0003 4727
1786500974205 0.0003 4728
1786500976787 0.0003 4729
1786500979369 0.0003 4730
1786500981951 0.0003 4731
1786500984533 0.0003 4732
1786500987115 0.0003 4733
1786500989696 0.0003 4734
1786500992277 0.0003 4735
1786500994859 0.0003 4736
1786500997441 0.0003 4737
1786501000022 0.0003 4738
1786501002605 0.0003 4739
1786501005186 0.0003 4740
1786501007767 0.0003 4741
1786501010350 0.0003 4742
1786501012932 0.0003 4743
1786501015509 0.0003 4744
1786501018090 0.0003 4745
1786501020671 0.0003 4746
1786501023254 0.0003 4747
1786501025835 0.0003 4748
1786501028417 0.0003 4749
1786501030999 0.0003 4750
1786501033580 0.0003 4751
1786501036162 0.0003 4752
1786501038743 0.0003 4753
1786501041323 0.0003 4754
1786501043905 0.0003 4755
1786501046486 0.0003 4756
1786501049067 0.0003 4757
1786501051648 0.0003 4758
1786501054229 0.0003 4759
1786501056810 0.0003 4760
1786501059392 0.0003 4761
1786501061975 0.0003 4762
1786501064556 0.0003 4763
1786501067139 0.0003 4764
1786501069722 0.0003 4765
1786501072306 0.0003 4766
1786501074888 0.0003 4767
1786501077472 0.0003 4768
1786501080058 0.0003 4769
1786501082643 0.0003 4770
1786501085229 0.0003 4771
1786501087814 0.0003 4772
1786501090396 0.0003 4773
1786501092980 0.0003 4774
1786501095566 0.0003 4775
1786501098147 0.0003 4776
1786501100727 0.0003 4777
1786501103309 0.0003 4778
1786501105890 0.0003 4779
1786501108472 0.0003 4780
1786501111053 0.0003 4781
1786501113634 0.0003 4782
1786501116217 0.0003 4783
1786501118798 0.0003 4784
1786501121380 0.0003 4785
1786501123961 0.0003 4786
1786501126542 0.0003 4787
1786501129125 0.0003 4788
1786501131706 0.0003 4789
1786501134287 0.0003 4790
1786501136868 0.0003 4791
1786501139449 0.0003 4792
1786501142030 0.0003 4793
1786501144611 0.0003 4794
1786501147192 0.0003 4795
1786501149773 0.0003 4796
1786501152355 0.0003 4797
1786501154941 0.0003 4798
1786501157524 0.0003 4799
1786501160108 0.0003 4800
1786501162690 0.0003 4801
1786501165272 0.0003 4802
1786501167854 0.0003 4803
1786501170439 0.0003 4804
1786501173023 0.0003 4805
1786501175607 0.0003 4806
1786501178190 0.0003 4807
1786501180774 0.0003 4808
1786501183357 0.0003 4809
1786501185938 0.0003 4810
1786501188520 0.0003 4811
1786501191104 0.0003 4812
1786501193689 0.0003 4813
1786501196274 0.0003 4814
1786501198856 0.0003 4815
1786501201440 0.0003 4816
1786501204023 0.0003 4817
1786501206605 0.0003 4818
1786501209189 0.0003 4819
1786501211772 0.0003 4820
1786501214355 0.0003 4821
1786501216938 0.0003 4822
1786501219523 0.0003 4823
1786501222106 0.0003 4824
1786501224687 0.0003 4825
1786501227275 0.0003 4826
1786501229858 0.0003 4827
1786501232440 0.0003 4828
1786501235022 0.0003 4829
1786501237604 0.0003 4830
1786501240187 0.0003 4831
1786501242772 0.0003 4832
1786501245353 0.0003 4833
1786501247936 0.0003 4834
1786501250517 0.0003 4835
1786501253099 0.0003 4836
1786501255680 0.0003 4837
1786501258263 0.0003 4838
1786501260844 0.0003 4839
1786501263428 0.0003 4840
1786501266011 0.0003 4841
1786501268593 0.0003 4842
1786501271174 0.0003 4843
1786501273757 0.0003 4844
1786501276339 0.0003 4845
1786501278921 0.0003 4846
1786501281502 0.0003 4847
1786501284084 0.0003 4848
1786501286669 0.0003 4849
1786501289251 0.0003 4850
1786501291829 0.0003 4851
1786501294410 0.0003 4852
1786501296995 0.0003 4853
1786501299579 0.0003 4854
1786501302160 0.0003 4855
1786501304741 0.0003 4856
1786501307324 0.0003 4857
1786501309908 0.0003 4858
1786501312492 0.0003 4859
1786501315075 0.0003 4860
1786501317662 0.0003 4861
1786501320243 0.0003 4862
1786501322821 0.0003 4863
1786501325401 0.0003 4864
1786501327979 0.0003 4865
1786501330557 0.0003 4866
1786501333135 0.0003 4867
1786501335712 0.0003 4868
1786501338289 0.0003 4869
1786501340868 0.0003 4870
1786501343452 0.0003 4871
1786501346039 0.0003 4872
1786501348622 0.0003 4873
1786501351204 0.0003 4874
1786501353789 0.0003 4875
1786501356372 0.0003 4876
1786501358956 0.0003 4877
1786501361538 0.0003 4878
1786501364122 0.0003 4879
1786501366705 0.0003 4880
1786501369289 0.0003 4881
1786501371870 0.0003 4882
1786501374449 0.0003 4883
1786501377026 0.0003 4884
1786501379602 0.0003 4885
1786501382178 0.0003 4886
1786501384755 0.0003 4887
1786501387335 0.0003 4888
1786501389916 0.0003 4889
1786501392496 0.0003 4890
1786501395075 0.0003 4891
1786501397656 0.0003 4892
1786501400237 0.0003 4893
1786501402817 0.0003 4894
1786501405398 0.0003 4895
1786501407979 0.0003 4896
1786501410559 0.0003 4897
1786501413140 0.0003 4898
1786501415721 0.0003 4899
1786501418302 0.0003 4900
1786501420885 0.0003 4901
1786501423468 0.0003 4902
1786501426051 0.0003 4903
1786501428634 0.0003 4904
1786501431216 0.0003 4905
1786501433797 0.0003 4906
1786501436377 0.0003 4907
1786501438958 0.0003 4908
1786501441539 0.0003 4909
1786501444119 0.0003 4910
1786501446700 0.0003 4911
1786501449282 0.0003 4912
1786501451863 0.0003 4913
1786501454444 0.0003 4914
1786501457030 0.0003 4915
1786501459612 0.0003 4916
1786501462192 0.0003 4917
1786501464773 0.0003 4918
1786501467355 0.0003 4919
1786501469945 0.0003 4920
1786501472534 0.0003 4921
1786501475124 0.0003 4922
1786501477710 0.0003 4923
1786501480293 0.0003 4924
1786501482876 0.0003 4925
1786501485460 0.0003 4926
1786501488043 0.0003 4927
1786501490626 0.0003 4928
1786501493209 0.0003 4929
1786501495793 0.0003 4930
1786501498377 0.0003 4931
1786501500960 0.0003 4932
1786501503543 0.0003 4933
1786501506126 0.0003 4934
1786501508712 0.0003 4935
1786501511296 0.0003 4936
1786501513881 0.0003 4937
1786501516464 0.0003 4938
1786501519047 0.0003 4939
1786501521634 0.0003 4940
1786501524221 0.0003 4941
1786501526803 0.0003 4942
1786501529387 0.0003 4943
1786501531974 0.0003 4944
1786501534563 0.0003 4945
1786501537151 0.0003 4946
1786501539738 0.0003 4947
1786501542329 0.0003 4948
1786501544918 0.0003 4949
1786501547507 0.0003 4950
1786501550095 0.0003 4951
1786501552686 0.0003 4952
1786501555272 0.0003 4953
1786501557861 0.0003 4954
1786501560447 0.0003 4955
1786501563030 0.0003 4956
1786501565610 0.0003 4957
1786501568188 0.0003 4958
1786501570767 0.0003 4959
1786501573352 0.0003 4960
1786501575934 0.0003 4961
1786501578513 0.0003 4962
1786501581095 0.0003 4963
1786501583675 0.0003 4964
1786501586255 0.0003 4965
1786501588837 0.0003 4966
1786501591420 0.0003 4967
1786501594003 0.0003 4968
1786501596585 0.0003 4969
1786501599169 0.0003 4970
1786501601758 0.0003 4971
1786501604344 0.0003 4972
1786501606927 0.0003 4973
1786501609511 0.0003 4974
1786501612098 0.0003 4975
1786501614689 0.0003 4976
1786501617277 0.0003 4977
1786501619867 0.0003 4978
1786501622457 0.0003 4979
1786501625046 0.0003 4980
1786501627635 0.0003 4981
1786501630224 0.0003 4982
1786501632813 0.0003 4983
1786501635401 0.0003 4984
1786501637990 0.0003 4985
1786501640582 0.0003 4986
1786501643172 0.0003 4987
1786501645760 0.0003 4988
1786501648348 0.0003 4989
1786501650938 0.0003 4990
1786501653531 0.0003 4991
1786501656127 0.0003 4992
1786501658713 0.0003 4993
1786501661296 0.0003 4994
1786501663879 0.0003 4995
1786501666462 0.0003 4996
1786501669047 0.0003 4997
1786501671635 0.0003 4998
1786501674219 0.0003 4999
1786501678183 0.0003 5000
1786501680764 0.0003 5001
1786501683344 0.0003 5002
1786501685927 0.0003 5003
1786501688506 0.0003 5004
1786501691087 0.0003 5005
1786501693671 0.0003 5006
1786501696254 0.0003 5007
1786501698836 0.0003 5008
1786501701421 0.0003 5009
1786501704006 0.0003 5010
1786501706594 0.0003 5011
1786501709187 0.0003 5012
1786501711775 0.0003 5013
1786501714367 0.0003 5014
1786501716958 0.0003 5015
1786501719549 0.0003 5016
1786501722138 0.0003 5017
1786501724728 0.0003 5018
1786501727318 0.0003 5019
1786501729910 0.0003 5020
1786501732501 0.0003 5021
1786501735089 0.0003 5022
1786501737681 0.0003 5023
1786501740275 0.0003 5024
1786501742866 0.0003 5025
1786501745450 0.0003 5026
1786501748029 0.0003 5027
1786501750606 0.0003 5028
1786501753185 0.0003 5029
1786501755763 0.0003 5030
1786501758340 0.0003 5031
1786501760918 0.0003 5032
1786501763495 0.0003 5033
1786501766071 0.0003 5034
1786501768648 0.0003 5035
1786501771225 0.0003 5036
1786501773802 0.0003 5037
1786501776380 0.0003 5038
1786501778961 0.0003 5039
1786501781544 0.0003 5040
1786501784131 0.0003 5041
1786501786713 0.0003 5042
1786501789294 0.0003 5043
1786501791880 0.0003 5044
1786501794464 0.0003 5045
1786501797050 0.0003 5046
1786501799635 0.0003 5047
1786501802223 0.0003 5048
1786501804812 0.0003 5049
1786501807412 0.0003 5050
1786501810001 0.0003 5051
1786501812590 0.0003 5052
1786501815179 0.0003 5053
1786501817769 0.0003 5054
1786501820359 0.0003 5055
1786501822947 0.0003 5056
1786501825535 0.0003 5057
1786501828124 0.0003 5058
1786501830712 0.0003 5059
1786501833300 0.0003 5060
1786501835881 0.0003 5061
1786501838464 0.0003 5062
1786501841050 0.0003 5063
1786501843633 0.0003 5064
1786501846216 0.0003 5065
1786501848799 0.0003 5066
1786501851386 0.0003 5067
1786501853971 0.0003 5068
1786501856554 0.0003 5069
1786501859136 0.0003 5070
1786501861716 0.0003 5071
1786501864301 0.0003 5072
1786501866885 0.0003 5073
1786501869466 0.0003 5074
1786501872047 0.0003 5075
1786501874632 0.0003 5076
1786501877227 0.0003 5077
1786501879823 0.0003 5078
1786501882415 0.0003 5079
1786501885002 0.0003 5080
1786501887589 0.0003 5081
1786501890178 0.0003 5082
1786501892766 0.0003 5083
1786501895357 0.0003 5084
1786501897945 0.0003 5085
1786501900533 0.0003 5086
1786501903121 0.0003 5087
1786501905709 0.0003 5088
1786501908299 0.0003 5089
1786501910885 0.0003 5090
1786501913473 0.0003 5091
1786501916062 0.0003 5092
1786501918649 0.0003 5093
1786501921238 0.0003 5094
1786501923826 0.0003 5095
1786501926415 0.0003 5096
1786501929005 0.0003 5097
1786501931592 0.0003 5098
1786501934174 0.0003 5099
1786501936756 0.0003 5100
1786501939342 0.0003 5101
1786501941925 0.0003 5102
1786501944516 0.0003 5103
1786501947096 0.0003 5104
1786501949684 0.0003 5105
1786501952273 0.0003 5106
1786501954859 0.0003 5107
1786501957446 0.0003 5108
1786501960030 0.0003 5109
1786501962612 0.0003 5110
1786501965196 0.0003 5111
1786501967777 0.0003 5112
1786501970359 0.0003 5113
1786501972944 0.0003 5114
1786501975532 0.0003 5115
1786501978113 0.0003 5116
1786501980695 0.0003 5117
1786501983282 0.0003 5118
1786501985866 0.0003 5119
1786501988449 0.0003 5120
1786501991037 0.0003 5121
1786501993626 0.0003 5122
1786501996214 0.0003 5123
1786501998801 0.0003 5124
1786502001389 0.0003 5125
1786502003977 0.0003 5126
1786502006565 0.0003 5127
1786502009152 0.0003 5128
1786502011737 0.0003 5129
1786502014322 0.0003 5130
1786502016904 0.0003 5131
1786502019486 0.0003 5132
1786502022071 0.0003 5133
1786502024653 0.0003 5134
1786502027235 0.0003 5135
1786502029817 0.0003 5136
1786502032400 0.0003 5137
1786502034983 0.0003 5138
1786502037564 0.0003 5139
1786502040140 0.0003 5140
1786502042716 0.0003 5141
1786502045293 0.0003 5142
1786502047872 0.0003 5143
1786502050447 0.0003 5144
1786502053027 0.0003 5145
1786502055603 0.0003 5146
1786502058179 0.0003 5147
1786502060760 0.0003 5148
1786502063337 0.0003 5149
1786502065914 0.0003 5150
1786502068491 0.0003 5151
1786502071068 0.0003 5152
1786502073646 0.0003 5153
1786502076223 0.0003 5154
1786502078808 0.0003 5155
1786502081391 0.0003 5156
1786502083977 0.0003 5157
1786502086558 0.0003 5158
1786502089140 0.0003 5159
1786502091723 0.0003 5160
1786502094307 0.0003 5161
1786502096891 0.0003 5162
1786502099477 0.0003 5163
1786502102066 0.0003 5164
1786502104654 0.0003 5165
1786502107240 0.0003 5166
1786502109822 0.0003 5167
1786502112405 0.0003 5168
1786502114990 0.0003 5169
1786502117577 0.0003 5170
1786502120170 0.0003 5171
1786502122760 0.0003 5172
1786502125348 0.0003 5173
1786502127938 0.0003 5174
1786502130521 0.0003 5175
1786502133104 0.0003 5176
1786502135685 0.0003 5177
1786502138266 0.0003 5178
1786502140848 0.0003 5179
1786502143429 0.0003 5180
1786502146012 0.0003 5181
1786502148594 0.0003 5182
1786502151175 0.0003 5183
1786502153756 0.0003 5184
1786502156340 0.0003 5185
1786502158918 0.0003 5186
1786502161494 0.0003 5187
1786502164071 0.0003 5188
1786502166648 0.0003 5189
1786502169225 0.0003 5190
1786502171802 0.0003 5191
1786502174377 0.0003 5192
1786502176957 0.0003 5193
1786502179540 0.0003 5194
1786502182124 0.0003 5195
1786502184704 0.0003 5196
1786502187288 0.0003 5197
1786502189873 0.0003 5198
1786502192458 0.0003 5199
1786502195044 0.0003 5200
1786502197631 0.0003 5201
1786502200215 0.0003 5202
1786502202799 0.0003 5203
1786502205380 0.0003 5204
1786502207964 0.0003 5205
1786502210553 0.0003 5206
1786502213138 0.0003 5207
1786502215722 0.0003 5208
1786502218306 0.0003 5209
1786502220891 0.0003 5210
1786502223476 0.0003 5211
1786502226062 0.0003 5212
1786502228643 0.0003 5213
1786502231224 0.0003 5214
1786502233805 0.0003 5215
1786502236386 0.0003 5216
1786502238968 0.0003 5217
1786502241548 0.0003 5218
1786502244128 0.0003 5219
1786502246709 0.0003 5220
1786502249288 0.0003 5221
1786502251868 0.0003 5222
1786502254449 0.0003 5223
1786502257030 0.0003 5224
1786502259610 0.0003 5225
1786502262192 0.0003 5226
1786502264774 0.0003 5227
1786502267357 0.0003 5228
1786502269938 0.0003 5229
1786502272515 0.0003 5230
1786502275093 0.0003 5231
1786502277677 0.0003 5232
1786502280258 0.0003 5233
1786502282838 0.0003 5234
1786502285420 0.0003 5235
1786502288006 0.0003 5236
1786502290593 0.0003 5237
1786502293180 0.0003 5238
1786502295769 0.0003 5239
1786502298353 0.0003 5240
1786502300932 0.0003 5241
1786502303511 0.0003 5242
1786502306093 0.0003 5243
1786502308685 0.0003 5244
1786502311274 0.0003 5245
1786502313868 0.0003 5246
1786502316456 0.0003 5247
1786502319045 0.0003 5248
1786502321634 0.0003 5249
1786502324223 0.0003 5250
1786502326812 0.0003 5251
1786502329400 0.0003 5252
1786502331987 0.0003 5253
1786502334574 0.0003 5254
1786502337162 0.0003 5255
1786502339752 0.0003 5256
1786502342340 0.0003 5257
1786502344934 0.0003 5258
1786502347523 0.0003 5259
1786502350116 0.0003 5260
1786502352707 0.0003 5261
1786502355295 0.0003 5262
1786502357883 0.0003 5263
1786502360472 0.0003 5264
1786502363061 0.0003 5265
1786502365648 0.0003 5266
1786502368232 0.0003 5267
1786502370826 0.0003 5268
1786502373416 0.0003 5269
1786502376001 0.0003 5270
1786502378584 0.0003 5271
1786502381165 0.0003 5272
1786502383745 0.0003 5273
1786502386326 0.0003 5274
1786502388906 0.0003 5275
1786502391485 0.0003 5276
1786502394067 0.0003 5277
1786502396651 0.0003 5278
1786502399235 0.0003 5279
1786502401817 0.0003 5280
1786502404398 0.0003 5281
1786502406979 0.0003 5282
1786502409561 0.0003 5283
1786502412144 0.0003 5284
1786502414732 0.0003 5285
1786502417317 0.0003 5286
1786502419898 0.0003 5287
1786502422479 0.0003 5288
1786502425060 0.0003 5289
1786502427641 0.0003 5290
1786502430228 0.0003 5291
1786502432815 0.0003 5292
1786502435402 0.0003 5293
1786502437990 0.0003 5294
1786502440577 0.0003 5295
1786502443166 0.0003 5296
1786502445751 0.0003 5297
1786502448338 0.0003 5298
1786502450928 0.0003 5299
1786502453518 0.0003 5300
1786502456106 0.0003 5301
1786502458694 0.0003 5302
1786502461282 0.0003 5303
1786502463872 0.0003 5304
1786502466463 0.0003 5305
1786502469050 0.0003 5306
1786502471637 0.0003 5307
1786502474225 0.0003 5308
1786502476815 0.0003 5309
1786502479404 0.0003 5310
1786502481992 0.0003 5311
1786502484574 0.0003 5312
1786502487153 0.0003 5313
1786502489733 0.0003 5314
1786502492322 0.0003 5315
1786502494911 0.0003 5316
1786502497500 0.0003 5317
1786502500083 0.0003 5318
1786502502667 0.0003 5319
1786502505251 0.0003 5320
1786502507832 0.0003 5321
1786502510413 0.0003 5322
1786502512990 0.0003 5323
1786502515574 0.0003 5324
1786502518157 0.0003 5325
1786502520740 0.0003 5326
1786502523321 0.0003 5327
1786502525902 0.0003 5328
1786502528483 0.0003 5329
1786502531064 0.0003 5330
1786502533644 0.0003 5331
1786502536223 0.0003 5332
1786502538803 0.0003 5333
1786502541383 0.0003 5334
1786502543965 0.0003 5335
1786502546546 0.0003 5336
1786502549127 0.0003 5337
1786502551712 0.0003 5338
1786502554300 0.0003 5339
1786502556890 0.0003 5340
1786502559478 0.0003 5341
1786502562062 0.0003 5342
1786502564648 0.0003 5343
1786502567235 0.0003 5344
1786502569822 0.0003 5345
1786502572414 0.0003 5346
1786502575003 0.0003 5347
1786502577591 0.0003 5348
1786502580179 0.0003 5349
1786502582766 0.0003 5350
1786502585356 0.0003 5351
1786502587945 0.0003 5352
1786502590530 0.0003 5353
1786502593114 0.0003 5354
1786502595702 0.0003 5355
1786502598290 0.0003 5356
1786502600877 0.0003 5357
1786502603462 0.0003 5358
1786502606043 0.0003 5359
1786502608634 0.0003 5360
1786502611217 0.0003 5361
1786502613805 0.0003 5362
1786502616389 0.0003 5363
1786502618970 0.0003 5364
1786502621553 0.0003 5365
1786502624135 0.0003 5366
1786502626714 0.0003 5367
1786502629295 0.0003 5368
1786502631878 0.0003 5369
1786502634460 0.0003 5370
1786502637044 0.0003 5371
1786502639624 0.0003 5372
1786502642210 0.0003 5373
1786502644796 0.0003 5374
1786502647384 0.0003 5375
1786502649971 0.0003 5376
1786502652558 0.0003 5377
1786502655145 0.0003 5378
1786502657736 0.0003 5379
1786502660323 0.0003 5380
1786502662910 0.0003 5381
1786502665498 0.0003 5382
1786502668079 0.0003 5383
1786502670663 0.0003 5384
1786502673249 0.0003 5385
1786502675837 0.0003 5386
1786502678425 0.0003 5387
1786502681011 0.0003 5388
1786502683597 0.0003 5389
1786502686182 0.0003 5390
1786502688767 0.0003 5391
1786502691355 0.0003 5392
1786502693940 0.0003 5393
1786502696528 0.0003 5394
1786502699116 0.0003 5395
1786502701702 0.0003 5396
1786502704291 0.0003 5397
1786502706884 0.0003 5398
1786502709475 0.0003 5399
1786502712062 0.0003 5400
1786502714644 0.0003 5401
1786502717224 0.0003 5402
1786502719805 0.0003 5403
1786502722385 0.0003 5404
1786502724968 0.0003 5405
1786502727549 0.0003 5406
1786502730130 0.0003 5407
1786502732711 0.0003 5408
1786502735292 0.0003 5409
1786502737876 0.0003 5410
1786502740457 0.0003 5411
1786502743037 0.0003 5412
1786502745617 0.0003 5413
1786502748197 0.0003 5414
1786502750780 0.0003 5415
1786502753363 0.0003 5416
1786502755944 0.0003 5417
1786502758528 0.0003 5418
1786502761113 0.0003 5419
1786502763701 0.0003 5420
1786502766287 0.0003 5421
1786502768874 0.0003 5422
1786502771464 0.0003 5423
1786502774056 0.0003 5424
1786502776644 0.0003 5425
1786502779232 0.0003 5426
1786502781820 0.0003 5427
1786502784407 0.0003 5428
1786502786995 0.0003 5429
1786502789582 0.0003 5430
1786502792170 0.0003 5431
1786502794758 0.0003 5432
1786502797345 0.0003 5433
1786502799935 0.0003 5434
1786502802527 0.0003 5435
1786502805116 0.0003 5436
1786502807703 0.0003 5437
1786502810292 0.0003 5438
1786502812880 0.0003 5439
1786502815469 0.0003 5440
1786502818057 0.0003 5441
1786502820644 0.0003 5442
1786502823232 0.0003 5443
1786502825821 0.0003 5444
1786502828409 0.0003 5445
1786502830997 0.0003 5446
1786502833586 0.0003 5447
1786502836172 0.0003 5448
1786502838761 0.0003 5449
1786502841347 0.0003 5450
1786502843934 0.0003 5451
1786502846521 0.0003 5452
1786502849107 0.0003 5453
1786502851694 0.0003 5454
1786502854280 0.0003 5455
1786502856867 0.0003 5456
1786502859456 0.0003 5457
1786502862049 0.0003 5458
1786502864636 0.0003 5459
1786502867225 0.0003 5460
1786502869812 0.0003 5461
1786502872397 0.0003 5462
1786502874978 0.0003 5463
1786502877559 0.0003 5464
1786502880139 0.0003 5465
1786502882720 0.0003 5466
1786502885300 0.0003 5467
1786502887882 0.0003 5468
1786502890464 0.0003 5469
1786502893046 0.0003 5470
1786502895628 0.0003 5471
1786502898209 0.0003 5472
1786502900790 0.0003 5473
1786502903371 0.0003 5474
1786502905952 0.0003 5475
1786502908532 0.0003 5476
1786502911112 0.0003 5477
1786502913693 0.0003 5478
1786502916275 0.0003 5479
1786502918856 0.0003 5480
1786502921437 0.0003 5481
1786502924019 0.0003 5482
1786502926600 0.0003 5483
1786502929183 0.0003 5484
1786502931764 0.0003 5485
1786502934345 0.0003 5486
1786502936929 0.0003 5487
1786502939512 0.0003 5488
1786502942095 0.0003 5489
1786502944677 0.0003 5490
1786502947258 0.0003 5491
1786502949843 0.0003 5492
1786502952425 0.0003 5493
1786502955006 0.0003 5494
1786502957587 0.0003 5495
1786502960169 0.0003 5496
1786502962750 0.0003 5497
1786502965336 0.0003 5498
1786502967925 0.0003 5499
1786502971920 0.0003 5500
1786502974506 0.0003 5501
1786502977092 0.0003 5502
1786502979675 0.0003 5503
1786502982263 0.0003 5504
1786502984854 0.0003 5505
1786502987444 0.0003 5506
1786502990031 0.0003 5507
1786502992618 0.0003 5508
1786502995205 0.0003 5509
1786502997792 0.0003 5510
1786503000379 0.0003 5511
1786503002968 0.0003 5512
1786503005554 0.0003 5513
1786503008141 0.0003 5514
1786503010729 0.0003 5515
1786503013316 0.0003 5516
1786503015904 0.0003 5517
1786503018490 0.0003 5518
1786503021077 0.0003 5519
1786503023666 0.0003 5520
1786503026253 0.0003 5521
1786503028839 0.0003 5522
1786503031427 0.0003 5523
1786503034015 0.0003 5524
1786503036603 0.0003 5525
1786503039190 0.0003 5526
1786503041775 0.0003 5527
1786503044356 0.0003 5528
1786503046936 0.0003 5529
1786503049517 0.0003 5530
1786503052097 0.0003 5531
1786503054679 0.0003 5532
1786503057265 0.0003 5533
1786503059845 0.0003 5534
1786503062426 0.0003 5535
1786503065006 0.0003 5536
1786503067587 0.0003 5537
1786503070167 0.0003 5538
1786503072748 0.0003 5539
1786503075328 0.0003 5540
1786503077907 0.0003 5541
1786503080486 0.0003 5542
1786503083069 0.0003 5543
1786503085649 0.0003 5544
1786503088228 0.0003 5545
1786503090813 0.0003 5546
1786503093396 0.0003 5547
1786503095978 0.0003 5548
1786503098557 0.0003 5549
1786503101136 0.0003 5550
1786503103714 0.0003 5551
1786503106292 0.0003 5552
1786503108869 0.0003 5553
1786503111447 0.0003 5554
1786503114025 0.0003 5555
1786503116612 0.0003 5556
1786503119194 0.0003 5557
1786503121777 0.0003 5558
1786503124360 0.0003 5559
1786503126949 0.0003 5560
1786503129541 0.0003 5561
1786503132132 0.0003 5562
1786503134725 0.0003 5563
1786503137308 0.0003 5564
1786503139888 0.0003 5565
1786503142466 0.0003 5566
1786503145044 0.0003 5567
1786503147624 0.0003 5568
1786503150206 0.0003 5569
1786503152790 0.0003 5570
1786503155379 0.0003 5571
1786503157970 0.0003 5572
1786503160559 0.0003 5573
1786503163143 0.0003 5574
1786503165726 0.0003 5575
1786503168307 0.0003 5576
1786503170885 0.0003 5577
1786503173461 0.0003 5578
1786503176037 0.0003 5579
1786503178614 0.0003 5580
1786503181190 0.0003 5581
1786503183766 0.0003 5582
1786503186343 0.0003 5583
1786503188919 0.0003 5584
1786503191495 0.0003 5585
1786503194072 0.0003 5586
1786503196649 0.0003 5587
1786503199226 0.0003 5588
1786503201803 0.0003 5589
1786503204379 0.0003 5590
1786503206956 0.0003 5591
1786503209532 0.0003 5592
1786503212111 0.0003 5593
1786503214690 0.0003 5594
1786503217272 0.0003 5595
1786503219860 0.0003 5596
1786503222445 0.0003 5597
1786503225031 0.0003 5598
1786503227616 0.0003 5599
1786503230202 0.0003 5600
1786503232790 0.0003 5601
1786503235375 0.0003 5602
1786503237964 0.0003 5603
1786503240557 0.0003 5604
1786503243146 0.0003 5605
1786503245733 0.0003 5606
1786503248320 0.0003 5607
1786503250903 0.0003 5608
1786503253486 0.0003 5609
1786503256070 0.0003 5610
1786503258654 0.0003 5611
1786503261238 0.0003 5612
1786503263819 0.0003 5613
1786503266400 0.0003 5614
1786503268980 0.0003 5615
1786503271564 0.0003 5616
1786503274148 0.0003 5617
1786503276735 0.0003 5618
1786503279321 0.0003 5619
1786503281912 0.0003 5620
1786503284499 0.0003 5621
1786503287087 0.0003 5622
1786503289676 0.0003 5623
1786503292262 0.0003 5624
1786503294844 0.0003 5625
1786503297425 0.0003 5626
1786503300008 0.0003 5627
1786503302588 0.0003 5628
1786503305171 0.0003 5629
1786503307753 0.0003 5630
1786503310334 0.0003 5631
1786503312916 0.0003 5632
1786503315497 0.0003 5633
1786503318078 0.0003 5634
1786503320658 0.0003 5635
1786503323239 0.0003 5636
1786503325820 0.0003 5637
1786503328401 0.0003 5638
1786503330984 0.0003 5639
1786503333564 0.0003 5640
1786503336145 0.0003 5641
1786503338727 0.0003 5642
1786503341318 0.0003 5643
1786503343906 0.0003 5644
1786503346493 0.0003 5645
1786503349080 0.0003 5646
1786503351669 0.0003 5647
1786503354255 0.0003 5648
1786503356851 0.0003 5649
1786503359446 0.0003 5650
1786503362042 0.0003 5651
1786503364641 0.0003 5652
1786503367233 0.0003 5653
1786503369815 0.0003 5654
1786503372396 0.0003 5655
1786503374978 0.0003 5656
1786503377560 0.0003 5657
1786503380140 0.0003 5658
1786503382724 0.0003 5659
1786503385307 0.0003 5660
1786503387891 0.0003 5661
1786503390476 0.0003 5662
1786503393065 0.0003 5663
1786503395653 0.0003 5664
1786503398241 0.0003 5665
1786503400828 0.0003 5666
1786503403416 0.0003 5667
1786503406002 0.0003 5668
1786503408589 0.0003 5669
1786503411176 0.0003 5670
1786503413764 0.0003 5671
1786503416352 0.0003 5672
1786503418938 0.0003 5673
1786503421525 0.0003 5674
1786503424111 0.0003 5675
1786503426698 0.0003 5676
1786503429290 0.0003 5677
1786503431873 0.0003 5678
1786503434456 0.0003 5679
1786503437042 0.0003 5680
1786503439628 0.0003 5681
1786503442216 0.0003 5682
1786503444804 0.0003 5683
1786503447392 0.0003 5684
1786503449978 0.0003 5685
1786503452570 0.0003 5686
1786503455161 0.0003 5687
1786503457747 0.0003 5688
1786503460328 0.0003 5689
1786503462909 0.0003 5690
1786503465490 0.0003 5691
1786503468070 0.0003 5692
1786503470651 0.0003 5693
1786503473232 0.0003 5694
1786503475815 0.0003 5695
1786503478397 0.0003 5696
1786503480978 0.0003 5697
1786503483560 0.0003 5698
1786503486141 0.0003 5699
1786503488721 0.0003 5700
1786503491301 0.0003 5701
1786503493881 0.0003 5702
1786503496462 0.0003 5703
1786503499042 0.0003 5704
1786503501621 0.0003 5705
1786503504201 0.0003 5706
1786503506782 0.0003 5707
1786503509363 0.0003 5708
1786503511944 0.0003 5709
1786503514525 0.0003 5710
1786503517107 0.0003 5711
1786503519688 0.0003 5712
1786503522271 0.0003 5713
1786503524854 0.0003 5714
1786503527437 0.0003 5715
1786503530021 0.0003 5716
1786503532604 0.0003 5717
1786503535189 0.0003 5718
1786503537777 0.0003 5719
1786503540364 0.0003 5720
1786503542953 0.0003 5721
1786503545540 0.0003 5722
1786503548128 0.0003 5723
1786503550716 0.0003 5724
1786503553303 0.0003 5725
1786503555890 0.0003 5726
1786503558480 0.0003 5727
1786503561072 0.0003 5728
1786503563659 0.0003 5729
1786503566247 0.0003 5730
1786503568834 0.0003 5731
1786503571417 0.0003 5732
1786503573999 0.0003 5733
1786503576579 0.0003 5734
1786503579160 0.0003 5735
1786503581740 0.0003 5736
1786503584321 0.0003 5737
1786503586901 0.0003 5738
1786503589487 0.0003 5739
1786503592071 0.0003 5740
1786503594654 0.0003 5741
1786503597243 0.0003 5742
1786503599831 0.0003 5743
1786503602419 0.0003 5744
1786503605006 0.0003 5745
1786503607599 0.0003 5746
1786503610180 0.0003 5747
1786503612762 0.0003 5748
1786503615350 0.0003 5749
1786503617937 0.0003 5750
1786503620523 0.0003 5751
1786503623115 0.0003 5752
1786503625704 0.0003 5753
1786503628295 0.0003 5754
1786503630883 0.0003 5755
1786503633472 0.0003 5756
1786503636067 0.0003 5757
1786503638658 0.0003 5758
1786503641249 0.0003 5759
1786503643852 0.0003 5760
1786503646448 0.0003 5761
1786503649039 0.0003 5762
1786503651630 0.0003 5763
1786503654221 0.0003 5764
1786503656815 0.0003 5765
1786503659398 0.0003 5766
1786503661978 0.0003 5767
1786503664564 0.0003 5768
1786503667146 0.0003 5769
1786503669728 0.0003 5770
1786503672307 0.0003 5771
1786503674887 0.0003 5772
1786503677467 0.0003 5773
1786503680048 0.0003 5774
1786503682628 0.0003 5775
1786503685208 0.0003 5776
1786503687790 0.0003 5777
1786503690371 0.0003 5778
1786503692954 0.0003 5779
1786503695535 0.0003 5780
1786503698116 0.0003 5781
1786503700698 0.0003 5782
1786503703279 0.0003 5783
1786503705860 0.0003 5784
1786503708444 0.0003 5785
1786503711028 0.0003 5786
1786503713610 0.0003 5787
1786503716191 0.0003 5788
1786503718773 0.0003 5789
1786503721354 0.0003 5790
1786503723935 0.0003 5791
1786503726517 0.0003 5792
1786503729099 0.0003 5793
1786503731679 0.0003 5794
1786503734263 0.0003 5795
1786503736843 0.0003 5796
1786503739424 0.0003 5797
1786503742004 0.0003 5798
1786503744584 0.0003 5799
1786503747164 0.0003 5800
1786503749744 0.0003 5801
1786503752325 0.0003 5802
1786503754905 0.0003 5803
1786503757486 0.0003 5804
1786503760066 0.0003 5805
1786503762646 0.0003 5806
1786503765226 0.0003 5807
1786503767807 0.0003 5808
1786503770389 0.0003 5809
1786503772971 0.0003 5810
1786503775552 0.0003 5811
1786503778134 0.0003 5812
1786503780715 0.0003 5813
1786503783295 0.0003 5814
1786503785876 0.0003 5815
1786503788457 0.0003 5816
1786503791039 0.0003 5817
1786503793621 0.0003 5818
1786503796198 0.0003 5819
1786503798775 0.0003 5820
1786503801351 0.0003 5821
1786503803928 0.0003 5822
1786503806505 0.0003 5823
1786503809082 0.0003 5824
1786503811658 0.0003 5825
1786503814235 0.0003 5826
1786503816811 0.0003 5827
1786503819391 0.0003 5828
1786503821972 0.0003 5829
1786503824553 0.0003 5830
1786503827134 0.0003 5831
1786503829716 0.0003 5832
1786503832297 0.0003 5833
1786503834878 0.0003 5834
1786503837461 0.0003 5835
1786503840044 0.0003 5836
1786503842633 0.0003 5837
1786503845214 0.0003 5838
1786503847796 0.0003 5839
1786503850384 0.0003 5840
1786503852966 0.0003 5841
1786503855549 0.0003 5842
1786503858138 0.0003 5843
1786503860726 0.0003 5844
1786503863312 0.0003 5845
1786503865894 0.0003 5846
1786503868475 0.0003 5847
1786503871057 0.0003 5848
1786503873640 0.0003 5849
1786503876221 0.0003 5850
1786503878802 0.0003 5851
1786503881386 0.0003 5852
1786503883969 0.0003 5853
1786503886552 0.0003 5854
1786503889139 0.0003 5855
1786503891723 0.0003 5856
1786503894304 0.0003 5857
1786503896885 0.0003 5858
1786503899465 0.0003 5859
1786503902046 0.0003 5860
1786503904626 0.0003 5861
1786503907206 0.0003 5862
1786503909790 0.0003 5863
1786503912370 0.0003 5864
1786503914950 0.0003 5865
1786503917529 0.0003 5866
1786503920110 0.0003 5867
1786503922693 0.0003 5868
1786503925274 0.0003 5869
1786503927854 0.0003 5870
1786503930435 0.0003 5871
1786503933016 0.0003 5872
1786503935601 0.0003 5873
1786503938187 0.0003 5874
1786503940768 0.0003 5875
1786503943349 0.0003 5876
1786503945929 0.0003 5877
1786503948508 0.0003 5878
1786503951091 0.0003 5879
1786503953676 0.0003 5880
1786503956261 0.0003 5881
1786503958843 0.0003 5882
1786503961428 0.0003 5883
1786503964009 0.0003 5884
1786503966589 0.0003 5885
1786503969171 0.0003 5886
1786503971752 0.0003 5887
1786503974333 0.0003 5888
1786503976914 0.0003 5889
1786503979494 0.0003 5890
1786503982077 0.0003 5891
1786503984659 0.0003 5892
1786503987250 0.0003 5893
1786503989831 0.0003 5894
1786503992413 0.0003 5895
1786503994998 0.0003 5896
1786503997580 0.0003 5897
1786504000163 0.0003 5898
1786504002746 0.0003 5899
1786504005327 0.0003 5900
1786504007909 0.0003 5901
1786504010496 0.0003 5902
1786504013087 0.0003 5903
1786504015672 0.0003 5904
1786504018254 0.0003 5905
1786504020836 0.0003 5906
1786504023418 0.0003 5907
1786504026001 0.0003 5908
1786504028582 0.0003 5909
1786504031165 0.0003 5910
1786504033746 0.0003 5911
1786504036327 0.0003 5912
1786504038908 0.0003 5913
1786504041490 0.0003 5914
1786504044072 0.0003 5915
1786504046655 0.0003 5916
1786504049236 0.0003 5917
1786504051819 0.0003 5918
1786504054401 0.0003 5919
1786504056983 0.0003 5920
1786504059565 0.0003 5921
1786504062146 0.0003 5922
1786504064727 0.0003 5923
1786504067309 0.0003 5924
1786504069890 0.0003 5925
1786504072471 0.0003 5926
1786504075052 0.0003 5927
1786504077633 0.0003 5928
1786504080214 0.0003 5929
1786504082795 0.0003 5930
1786504085377 0.0003 5931
1786504087959 0.0003 5932
1786504090541 0.0003 5933
1786504093121 0.0003 5934
1786504095702 0.0003 5935
1786504098283 0.0003 5936
1786504100864 0.0003 5937
1786504103444 0.0003 5938
1786504106026 0.0003 5939
1786504108607 0.0003 5940
1786504111188 0.0003 5941
1786504113769 0.0003 5942
1786504116350 0.0003 5943
1786504118932 0.0003 5944
1786504121514 0.0003 5945
1786504124095 0.0003 5946
1786504126679 0.0003 5947
1786504129260 0.0003 5948
1786504131841 0.0003 5949
1786504134425 0.0003 5950
1786504137005 0.0003 5951
1786504139582 0.0003 5952
1786504142164 0.0003 5953
1786504144745 0.0003 5954
1786504147326 0.0003 5955
1786504149907 0.0003 5956
1786504152487 0.0003 5957
1786504155063 0.0003 5958
1786504157639 0.0003 5959
1786504160216 0.0003 5960
1786504162791 0.0003 5961
1786504165367 0.0003 5962
1786504167945 0.0003 5963
1786504170521 0.0003 5964
1786504173098 0.0003 5965
1786504175675 0.0003 5966
1786504178253 0.0003 5967
1786504180829 0.0003 5968
1786504183406 0.0003 5969
1786504185982 0.0003 5970
1786504188560 0.0003 5971
1786504191138 0.0003 5972
1786504193718 0.0003 5973
1786504196295 0.0003 5974
1786504198872 0.0003 5975
1786504201448 0.0003 5976
1786504204029 0.0003 5977
1786504206610 0.0003 5978
1786504209192 0.0003 5979
1786504211773 0.0003 5980
1786504214354 0.0003 5981
1786504216936 0.0003 5982
1786504219516 0.0003 5983
1786504222097 0.0003 5984
1786504224678 0.0003 5985
1786504227260 0.0003 5986
1786504229840 0.0003 5987
1786504232422 0.0003 5988
1786504235002 0.0003 5989
1786504237584 0.0003 5990
1786504240168 0.0003 5991
1786504242755 0.0003 5992
1786504245335 0.0003 5993
1786504247919 0.0003 5994
1786504250503 0.0003 5995
1786504253083 0.0003 5996
1786504255664 0.0003 5997
1786504258246 0.0003 5998
1786504260827 0.0003 5999
1786504265453 0.0003 6000
1786504268033 0.0003 6001
1786504270614 0.0003 6002
1786504273194 0.0003 6003
1786504275775 0.0003 6004
1786504278355 0.0003 6005
1786504280937 0.0003 6006
1786504283522 0.0003 6007
1786504286103 0.0003 6008
1786504288684 0.0003 6009
1786504291265 0.0003 6010
1786504293848 0.0003 6011
1786504296429 0.0003 6012
1786504299010 0.0003 6013
1786504301591 0.0003 6014
1786504304173 0.0003 6015
1786504306752 0.0003 6016
1786504309333 0.0003 6017
1786504311912 0.0003 6018
1786504314495 0.0003 6019
1786504317074 0.0003 6020
1786504319654 0.0003 6021
1786504322234 0.0003 6022
1786504324816 0.0003 6023
1786504327396 0.0003 6024
1786504329976 0.0003 6025
1786504332558 0.0003 6026
1786504335140 0.0003 6027
1786504337722 0.0003 6028
1786504340303 0.0003 6029
1786504342884 0.0003 6030
1786504345467 0.0003 6031
1786504348049 0.0003 6032
1786504350629 0.0003 6033
1786504353209 0.0003 6034
1786504355789 0.0003 6035
1786504358371 0.0003 6036
1786504360953 0.0003 6037
1786504363534 0.0003 6038
1786504366115 0.0003 6039
1786504368696 0.0003 6040
1786504371282 0.0003 6041
1786504373863 0.0003 6042
1786504376443 0.0003 6043
1786504379025 0.0003 6044
1786504381607 0.0003 6045
1786504384189 0.0003 6046
1786504386772 0.0003 6047
1786504389354 0.0003 6048
1786504391936 0.0003 6049
1786504394517 0.0003 6050
1786504397098 0.0003 6051
1786504399680 0.0003 6052
1786504402261 0.0003 6053
1786504404843 0.0003 6054
1786504407427 0.0003 6055
1786504410008 0.0003 6056
1786504412591 0.0003 6057
1786504415172 0.0003 6058
1786504417754 0.0003 6059
1786504420336 0.0003 6060
1786504422916 0.0003 6061
1786504425496 0.0003 6062
1786504428076 0.0003 6063
1786504430658 0.0003 6064
1786504433238 0.0003 6065
1786504435820 0.0003 6066
1786504438402 0.0003 6067
1786504440983 0.0003 6068
1786504443562 0.0003 6069
1786504446144 0.0003 6070
1786504448725 0.0003 6071
1786504451305 0.0003 6072
1786504453885 0.0003 6073
1786504456467 0.0003 6074
1786504459047 0.0003 6075
1786504461628 0.0003 6076
1786504464209 0.0003 6077
1786504466791 0.0003 6078
1786504469373 0.0003 6079
1786504471954 0.0003 6080
1786504474535 0.0003 6081
1786504477116 0.0003 6082
1786504479700 0.0003 6083
1786504482281 0.0003 6084
1786504484863 0.0003 6085
1786504487445 0.0003 6086
1786504490028 0.0003 6087
1786504492612 0.0003 6088
1786504495194 0.0003 6089
1786504497776 0.0003 6090
1786504500358 0.0003 6091
1786504502940 0.0003 6092
1786504505534 0.0003 6093
1786504508119 0.0003 6094
1786504510708 0.0003 6095
1786504513294 0.0003 6096
1786504515876 0.0003 6097
1786504518457 0.0003 6098
1786504521039 0.0003 6099
1786504523620 0.0003 6100
1786504526201 0.0003 6101
1786504528783 0.0003 6102
1786504531366 0.0003 6103
1786504533948 0.0003 6104
1786504536531 0.0003 6105
1786504539114 0.0003 6106
1786504541695 0.0003 6107
1786504544278 0.0003 6108
1786504546859 0.0003 6109
1786504549442 0.0003 6110
1786504552024 0.0003 6111
1786504554605 0.0003 6112
1786504557186 0.0003 6113
1786504559767 0.0003 6114
1786504562348 0.0003 6115
1786504564928 0.0003 6116
1786504567509 0.0003 6117
1786504570090 0.0003 6118
1786504572671 0.0003 6119
1786504575252 0.0003 6120
1786504577834 0.0003 6121
1786504580415 0.0003 6122
1786504582997 0.0003 6123
1786504585578 0.0003 6124
1786504588158 0.0003 6125
1786504590739 0.0003 6126
1786504593320 0.0003 6127
1786504595902 0.0003 6128
1786504598483 0.0003 6129
1786504601064 0.0003 6130
1786504603646 0.0003 6131
1786504606229 0.0003 6132
1786504608812 0.0003 6133
1786504611396 0.0003 6134
1786504613982 0.0003 6135
1786504616564 0.0003 6136
1786504619145 0.0003 6137
1786504621723 0.0003 6138
1786504624303 0.0003 6139
1786504626883 0.0003 6140
1786504629463 0.0003 6141
1786504632044 0.0003 6142
1786504634625 0.0003 6143
1786504637207 0.0003 6144
1786504639788 0.0003 6145
1786504642369 0.0003 6146
1786504644948 0.0003 6147
1786504647529 0.0003 6148
1786504650109 0.0003 6149
1786504652690 0.0003 6150
1786504655272 0.0003 6151
1786504657852 0.0003 6152
1786504660434 0.0003 6153
1786504663014 0.0003 6154
1786504665595 0.0003 6155
1786504668176 0.0003 6156
1786504670760 0.0003 6157
1786504673342 0.0003 6158
1786504675927 0.0003 6159
1786504678508 0.0003 6160
1786504681088 0.0003 6161
1786504683668 0.0003 6162
1786504686246 0.0003 6163
1786504688822 0.0003 6164
1786504691398 0.0003 6165
1786504693975 0.0003 6166
1786504696551 0.0003 6167
1786504699128 0.0003 6168
1786504701704 0.0003 6169
1786504704280 0.0003 6170
1786504706857 0.0003 6171
1786504709434 0.0003 6172
1786504712011 0.0003 6173
1786504714587 0.0003 6174
1786504717164 0.0003 6175
1786504719741 0.0003 6176
1786504722317 0.0003 6177
1786504724894 0.0003 6178
1786504727470 0.0003 6179
1786504730048 0.0003 6180
1786504732631 0.0003 6181
1786504735217 0.0003 6182
1786504737799 0.0003 6183
1786504740382 0.0003 6184
1786504742964 0.0003 6185
1786504745546 0.0003 6186
1786504748130 0.0003 6187
1786504750712 0.0003 6188
1786504753294 0.0003 6189
1786504755876 0.0003 6190
1786504758457 0.0003 6191
1786504761039 0.0003 6192
1786504763620 0.0003 6193
1786504766201 0.0003 6194
1786504768782 0.0003 6195
1786504771362 0.0003 6196
1786504773944 0.0003 6197
1786504776525 0.0003 6198
1786504779105 0.0003 6199
1786504781686 0.0003 6200
1786504784268 0.0003 6201
1786504786848 0.0003 6202
1786504789430 0.0003 6203
1786504792011 0.0003 6204
1786504794591 0.0003 6205
1786504797175 0.0003 6206
1786504799757 0.0003 6207
1786504802336 0.0003 6208
1786504804918 0.0003 6209
1786504807501 0.0003 6210
1786504810081 0.0003 6211
1786504812662 0.0003 6212
1786504815243 0.0003 6213
1786504817824 0.0003 6214
1786504820404 0.0003 6215
1786504822985 0.0003 6216
1786504825565 0.0003 6217
1786504828146 0.0003 6218
1786504830727 0.0003 6219
1786504833308 0.0003 6220
1786504835889 0.0003 6221
1786504838472 0.0003 6222
1786504841054 0.0003 6223
1786504843634 0.0003 6224
1786504846216 0.0003 6225
1786504848798 0.0003 6226
1786504851385 0.0003 6227
1786504853973 0.0003 6228
1786504856555 0.0003 6229
1786504859138 0.0003 6230
1786504861721 0.0003 6231
1786504864304 0.0003 6232
1786504866888 0.0003 6233
1786504869471 0.0003 6234
1786504872053 0.0003 6235
1786504874634 0.0003 6236
1786504877214 0.0003 6237
1786504879797 0.0003 6238
1786504882377 0.0003 6239
1786504884956 0.0003 6240
1786504887537 0.0003 6241
1786504890120 0.0003 6242
1786504892698 0.0003 6243
1786504895274 0.0003 6244
1786504897850 0.0003 6245
1786504900426 0.0003 6246
1786504903002 0.0003 6247
1786504905579 0.0003 6248
1786504908155 0.0003 6249
1786504910731 0.0003 6250
1786504913307 0.0003 6251
1786504915885 0.0003 6252
1786504918461 0.0003 6253
1786504921036 0.0003 6254
1786504923612 0.0003 6255
1786504926189 0.0003 6256
1786504928765 0.0003 6257
1786504931341 0.0003 6258
1786504933917 0.0003 6259
1786504936494 0.0003 6260
1786504939068 0.0003 6261
1786504941642 0.0003 6262
1786504944219 0.0003 6263
1786504946799 0.0003 6264
1786504949379 0.0003 6265
1786504951959 0.0003 6266
1786504954539 0.0003 6267
1786504957119 0.0003 6268
1786504959699 0.0003 6269
1786504962279 0.0003 6270
1786504964861 0.0003 6271
1786504967444 0.0003 6272
1786504970029 0.0003 6273
1786504972614 0.0003 6274
1786504975195 0.0003 6275
1786504977778 0.0003 6276
1786504980361 0.0003 6277
1786504982943 0.0003 6278
1786504985525 0.0003 6279
1786504988109 0.0003 6280
1786504990690 0.0003 6281
1786504993272 0.0003 6282
1786504995853 0.0003 6283
1786504998435 0.0003 6284
1786505001017 0.0003 6285
1786505003598 0.0003 6286
1786505006179 0.0003 6287
1786505008759 0.0003 6288
1786505011340 0.0003 6289
1786505013921 0.0003 6290
1786505016502 0.0003 6291
1786505019083 0.0003 6292
1786505021663 0.0003 6293
1786505024244 0.0003 6294
1786505026825 0.0003 6295
1786505029405 0.0003 6296
1786505031986 0.0003 6297
1786505034569 0.0003 6298
1786505037151 0.0003 6299
1786505039731 0.0003 6300
1786505042311 0.0003 6301
1786505044891 0.0003 6302
1786505047472 0.0003 6303
1786505050052 0.0003 6304
1786505052632 0.0003 6305
1786505055213 0.0003 6306
1786505057794 0.0003 6307
1786505060375 0.0003 6308
1786505062956 0.0003 6309
1786505065540 0.0003 6310
1786505068126 0.0003 6311
1786505070710 0.0003 6312
1786505073292 0.0003 6313
1786505075873 0.0003 6314
1786505078455 0.0003 6315
1786505081036 0.0003 6316
1786505083617 0.0003 6317
1786505086198 0.0003 6318
1786505088779 0.0003 6319
1786505091363 0.0003 6320
1786505093944 0.0003 6321
1786505096526 0.0003 6322
1786505099106 0.0003 6323
1786505101683 0.0003 6324
1786505104258 0.0003 6325
1786505106835 0.0003 6326
1786505109411 0.0003 6327
1786505111992 0.0003 6328
1786505114571 0.0003 6329
1786505117147 0.0003 6330
1786505119722 0.0003 6331
1786505122298 0.0003 6332
1786505124873 0.0003 6333
1786505127448 0.0003 6334
1786505130022 0.0003 6335
1786505132597 0.0003 6336
1786505135173 0.0003 6337
1786505137747 0.0003 6338
1786505140322 0.0003 6339
1786505142897 0.0003 6340
1786505145471 0.0003 6341
1786505148046 0.0003 6342
1786505150622 0.0003 6343
1786505153198 0.0003 6344
1786505155774 0.0003 6345
1786505158350 0.0003 6346
1786505160926 0.0003 6347
1786505163504 0.0003 6348
1786505166081 0.0003 6349
1786505168657 0.0003 6350
1786505171232 0.0003 6351
1786505173810 0.0003 6352
1786505176385 0.0003 6353
1786505178961 0.0003 6354
1786505181542 0.0003 6355
1786505184126 0.0003 6356
1786505186709 0.0003 6357
1786505189291 0.0003 6358
1786505191872 0.0003 6359
1786505194456 0.0003 6360
1786505197039 0.0003 6361
1786505199626 0.0003 6362
1786505202208 0.0003 6363
1786505204793 0.0003 6364
1786505207374 0.0003 6365
1786505209956 0.0003 6366
1786505212537 0.0003 6367
1786505215121 0.0003 6368
1786505217699 0.0003 6369
1786505220276 0.0003 6370
1786505222852 0.0003 6371
1786505225432 0.0003 6372
1786505228010 0.0003 6373
1786505230591 0.0003 6374
1786505233174 0.0003 6375
1786505235756 0.0003 6376
1786505238336 0.0003 6377
1786505240916 0.0003 6378
1786505243498 0.0003 6379
1786505246078 0.0003 6380
1786505248657 0.0003 6381
1786505251236 0.0003 6382
1786505253815 0.0003 6383
1786505256396 0.0003 6384
1786505258977 0.0003 6385
1786505261559 0.0003 6386
1786505264141 0.0003 6387
1786505266721 0.0003 6388
1786505269302 0.0003 6389
1786505271882 0.0003 6390
1786505274465 0.0003 6391
1786505277046 0.0003 6392
1786505279627 0.0003 6393
1786505282207 0.0003 6394
1786505284788 0.0003 6395
1786505287369 0.0003 6396
1786505289949 0.0003 6397
1786505292530 0.0003 6398
1786505295112 0.0003 6399
1786505297693 0.0003 6400
1786505300273 0.0003 6401
1786505302853 0.0003 6402
1786505305436 0.0003 6403
1786505308017 0.0003 6404
1786505310597 0.0003 6405
1786505313176 0.0003 6406
1786505315756 0.0003 6407
1786505318336 0.0003 6408
1786505320915 0.0003 6409
1786505323496 0.0003 6410
1786505326075 0.0003 6411
1786505328655 0.0003 6412
1786505331237 0.0003 6413
1786505333817 0.0003 6414
1786505336397 0.0003 6415
1786505338980 0.0003 6416
1786505341561 0.0003 6417
1786505344141 0.0003 6418
1786505346722 0.0003 6419
1786505349303 0.0003 6420
1786505351883 0.0003 6421
1786505354464 0.0003 6422
1786505357044 0.0003 6423
1786505359625 0.0003 6424
1786505362206 0.0003 6425
1786505364787 0.0003 6426
1786505367368 0.0003 6427
1786505369949 0.0003 6428
1786505372529 0.0003 6429
1786505375110 0.0003 6430
1786505377691 0.0003 6431
1786505380272 0.0003 6432
1786505382852 0.0003 6433
1786505385432 0.0003 6434
1786505388013 0.0003 6435
1786505390593 0.0003 6436
1786505393174 0.0003 6437
1786505395755 0.0003 6438
1786505398336 0.0003 6439
1786505400916 0.0003 6440
1786505403498 0.0003 6441
1786505406087 0.0003 6442
1786505408667 0.0003 6443
1786505411247 0.0003 6444
1786505413827 0.0003 6445
1786505416408 0.0003 6446
1786505418989 0.0003 6447
1786505421569 0.0003 6448
1786505424152 0.0003 6449
1786505426733 0.0003 6450
1786505429316 0.0003 6451
1786505431897 0.0003 6452
1786505434479 0.0003 6453
1786505437062 0.0003 6454
1786505439643 0.0003 6455
1786505442226 0.0003 6456
1786505444807 0.0003 6457
1786505447389 0.0003 6458
1786505449973 0.0003 6459
1786505452561 0.0003 6460
1786505455145 0.0003 6461
1786505457727 0.0003 6462
1786505460309 0.0003 6463
1786505462892 0.0003 6464
1786505465476 0.0003 6465
1786505468058 0.0003 6466
1786505470640 0.0003 6467
1786505473223 0.0003 6468
1786505475807 0.0003 6469
1786505478390 0.0003 6470
1786505480973 0.0003 6471
1786505483556 0.0003 6472
1786505486139 0.0003 6473
1786505488722 0.0003 6474
1786505491305 0.0003 6475
1786505493890 0.0003 6476
1786505496475 0.0003 6477
1786505499059 0.0003 6478
1786505501641 0.0003 6479
1786505504224 0.0003 6480
1786505506807 0.0003 6481
1786505509389 0.0003 6482
1786505511971 0.0003 6483
1786505514550 0.0003 6484
1786505517130 0.0003 6485
1786505519707 0.0003 6486
1786505522284 0.0003 6487
1786505524860 0.0003 6488
1786505527438 0.0003 6489
1786505530013 0.0003 6490
1786505532591 0.0003 6491
1786505535170 0.0003 6492
1786505537747 0.0003 6493
1786505540325 0.0003 6494
1786505542902 0.0003 6495
1786505545485 0.0003 6496
1786505548067 0.0003 6497
1786505550649 0.0003 6498
1786505553232 0.0003 6499
1786505557208 0.0003 6500
1786505559789 0.0003 6501
1786505562371 0.0003 6502
1786505564953 0.0003 6503
1786505567535 0.0003 6504
1786505570118 0.0003 6505
1786505572700 0.0003 6506
1786505575281 0.0003 6507
1786505577865 0.0003 6508
1786505580446 0.0003 6509
1786505583027 0.0003 6510
1786505585608 0.0003 6511
1786505588189 0.0003 6512
1786505590771 0.0003 6513
1786505593354 0.0003 6514
1786505595936 0.0003 6515
1786505598518 0.0003 6516
1786505601100 0.0003 6517
1786505603682 0.0003 6518
1786505606264 0.0003 6519
1786505608846 0.0003 6520
1786505611428 0.0003 6521
1786505614010 0.0003 6522
1786505616595 0.0003 6523
1786505619180 0.0003 6524
1786505621765 0.0003 6525
1786505624348 0.0003 6526
1786505626931 0.0003 6527
1786505629514 0.0003 6528
1786505632097 0.0003 6529
1786505634679 0.0003 6530
1786505637262 0.0003 6531
1786505639848 0.0003 6532
1786505642430 0.0003 6533
1786505645012 0.0003 6534
1786505647595 0.0003 6535
1786505650176 0.0003 6536
1786505652759 0.0003 6537
1786505655345 0.0003 6538
1786505657934 0.0003 6539
1786505660525 0.0003 6540
1786505663107 0.0003 6541
1786505665689 0.0003 6542
1786505668270 0.0003 6543
1786505670852 0.0003 6544
1786505673434 0.0003 6545
1786505676015 0.0003 6546
1786505678597 0.0003 6547
1786505681179 0.0003 6548
1786505683761 0.0003 6549
1786505686343 0.0003 6550
1786505688925 0.0003 6551
1786505691508 0.0003 6552
1786505694090 0.0003 6553
1786505696676 0.0003 6554
1786505699258 0.0003 6555
1786505701840 0.0003 6556
1786505704424 0.0003 6557
1786505707009 0.0003 6558
1786505709592 0.0003 6559
1786505712174 0.0003 6560
1786505714756 0.0003 6561
1786505717339 0.0003 6562
1786505719926 0.0003 6563
1786505722508 0.0003 6564
1786505725092 0.0003 6565
1786505727674 0.0003 6566
1786505730257 0.0003 6567
1786505732837 0.0003 6568
1786505735418 0.0003 6569
1786505738000 0.0003 6570
1786505740581 0.0003 6571
1786505743163 0.0003 6572
1786505745743 0.0003 6573
1786505748323 0.0003 6574
1786505750906 0.0003 6575
1786505753489 0.0003 6576
1786505756069 0.0003 6577
1786505758651 0.0003 6578
1786505761232 0.0003 6579
1786505763812 0.0003 6580
1786505766392 0.0003 6581
1786505768974 0.0003 6582
1786505771555 0.0003 6583
1786505774138 0.0003 6584
1786505776720 0.0003 6585
1786505779301 0.0003 6586
1786505781882 0.0003 6587
1786505784463 0.0003 6588
1786505787044 0.0003 6589
1786505789627 0.0003 6590
1786505792211 0.0003 6591
1786505794795 0.0003 6592
1786505797377 0.0003 6593
1786505799960 0.0003 6594
1786505802544 0.0003 6595
1786505805125 0.0003 6596
1786505807706 0.0003 6597
1786505810288 0.0003 6598
1786505812870 0.0003 6599
1786505815453 0.0003 6600
1786505818034 0.0003 6601
1786505820617 0.0003 6602
1786505823203 0.0003 6603
1786505825787 0.0003 6604
1786505828373 0.0003 6605
1786505830957 0.0003 6606
1786505833548 0.0003 6607
1786505836136 0.0003 6608
1786505838721 0.0003 6609
1786505841303 0.0003 6610
1786505843885 0.0003 6611
1786505846468 0.0003 6612
1786505849050 0.0003 6613
1786505851635 0.0003 6614
1786505854219 0.0003 6615
1786505856813 0.0003 6616
1786505859397 0.0003 6617
1786505861980 0.0003 6618
1786505864562 0.0003 6619
1786505867147 0.0003 6620
1786505869730 0.0003 6621
1786505872313 0.0003 6622
1786505874904 0.0003 6623
1786505877490 0.0003 6624
1786505880072 0.0003 6625
1786505882654 0.0003 6626
1786505885237 0.0003 6627
1786505887821 0.0003 6628
1786505890406 0.0003 6629
1786505892989 0.0003 6630
1786505895571 0.0003 6631
1786505898154 0.0003 6632
1786505900737 0.0003 6633
1786505903319 0.0003 6634
1786505905902 0.0003 6635
1786505908485 0.0003 6636
1786505911066 0.0003 6637
1786505913658 0.0003 6638
1786505916242 0.0003 6639
1786505918829 0.0003 6640
1786505921413 0.0003 6641
1786505923996 0.0003 6642
1786505926580 0.0003 6643
1786505929164 0.0003 6644
1786505931748 0.0003 6645
1786505934331 0.0003 6646
1786505936912 0.0003 6647
1786505939492 0.0003 6648
1786505942073 0.0003 6649
1786505944656 0.0003 6650
1786505947237 0.0003 6651
1786505949822 0.0003 6652
1786505952406 0.0003 6653
1786505954984 0.0003 6654
1786505957562 0.0003 6655
1786505960140 0.0003 6656
1786505962717 0.0003 6657
1786505965296 0.0003 6658
1786505967883 0.0003 6659
1786505970466 0.0003 6660
1786505973047 0.0003 6661
1786505975629 0.0003 6662
1786505978212 0.0003 6663
1786505980794 0.0003 6664
1786505983376 0.0003 6665
1786505985959 0.0003 6666
1786505988538 0.0003 6667
1786505991117 0.0003 6668
1786505993699 0.0003 6669
1786505996284 0.0003 6670
1786505998867 0.0003 6671
1786506001452 0.0003 6672
1786506004033 0.0003 6673
1786506006616 0.0003 6674
1786506009206 0.0003 6675
1786506011787 0.0003 6676
1786506014369 0.0003 6677
1786506016951 0.0003 6678
1786506019532 0.0003 6679
1786506022115 0.0003 6680
1786506024695 0.0003 6681
1786506027276 0.0003 6682
1786506029857 0.0003 6683
1786506032439 0.0003 6684
1786506035020 0.0003 6685
1786506037602 0.0003 6686
1786506040182 0.0003 6687
1786506042765 0.0003 6688
1786506045352 0.0003 6689
1786506047933 0.0003 6690
1786506050517 0.0003 6691
1786506053101 0.0003 6692
1786506055689 0.0003 6693
1786506058272 0.0003 6694
1786506060855 0.0003 6695
1786506063439 0.0003 6696
1786506066021 0.0003 6697
1786506068602 0.0003 6698
1786506071182 0.0003 6699
1786506073764 0.0003 6700
1786506076345 0.0003 6701
1786506078927 0.0003 6702
1786506081509 0.0003 6703
1786506084090 0.0003 6704
1786506086672 0.0003 6705
1786506089253 0.0003 6706
1786506091836 0.0003 6707
1786506094415 0.0003 6708
1786506096994 0.0003 6709
1786506099573 0.0003 6710
1786506102153 0.0003 6711
1786506104734 0.0003 6712
1786506107315 0.0003 6713
1786506109899 0.0003 6714
1786506112482 0.0003 6715
1786506115064 0.0003 6716
1786506117645 0.0003 6717
1786506120231 0.0003 6718
1786506122815 0.0003 6719
1786506125400 0.0003 6720
1786506127980 0.0003 6721
1786506130563 0.0003 6722
1786506133145 0.0003 6723
1786506135726 0.0003 6724
1786506138306 0.0003 6725
1786506140886 0.0003 6726
1786506143466 0.0003 6727
1786506146047 0.0003 6728
1786506148628 0.0003 6729
1786506151209 0.0003 6730
1786506153790 0.0003 6731
1786506156371 0.0003 6732
1786506158951 0.0003 6733
1786506161531 0.0003 6734
1786506164113 0.0003 6735
1786506166691 0.0003 6736
1786506169269 0.0003 6737
1786506171855 0.0003 6738
1786506174437 0.0003 6739
1786506177019 0.0003 6740
1786506179606 0.0003 6741
1786506182189 0.0003 6742
1786506184772 0.0003 6743
1786506187356 0.0003 6744
1786506189938 0.0003 6745
1786506192521 0.0003 6746
1786506195106 0.0003 6747
1786506197688 0.0003 6748
1786506200265 0.0003 6749
1786506202842 0.0003 6750
1786506205419 0.0003 6751
1786506207998 0.0003 6752
1786506210574 0.0003 6753
1786506213151 0.0003 6754
1786506215729 0.0003 6755
1786506218306 0.0003 6756
1786506220885 0.0003 6757
1786506223468 0.0003 6758
1786506226049 0.0003 6759
1786506228631 0.0003 6760
1786506231213 0.0003 6761
1786506233794 0.0003 6762
1786506236376 0.0003 6763
1786506238958 0.0003 6764
1786506241541 0.0003 6765
1786506244122 0.0003 6766
1786506246705 0.0003 6767
1786506249287 0.0003 6768
1786506251868 0.0003 6769
1786506254448 0.0003 6770
1786506257029 0.0003 6771
1786506259609 0.0003 6772
1786506262192 0.0003 6773
1786506264770 0.0003 6774
1786506267345 0.0003 6775
1786506269922 0.0003 6776
1786506272503 0.0003 6777
1786506275086 0.0003 6778
1786506277668 0.0003 6779
1786506280251 0.0003 6780
1786506282834 0.0003 6781
1786506285415 0.0003 6782
1786506287998 0.0003 6783
1786506290581 0.0003 6784
1786506293169 0.0003 6785
1786506295752 0.0003 6786
1786506298335 0.0003 6787
1786506300919 0.0003 6788
1786506303503 0.0003 6789
1786506306096 0.0003 6790
1786506308677 0.0003 6791
1786506311260 0.0003 6792
1786506313843 0.0003 6793
1786506316425 0.0003 6794
1786506319008 0.0003 6795
1786506321592 0.0003 6796
1786506324174 0.0003 6797
1786506326756 0.0003 6798
1786506329338 0.0003 6799
1786506331923 0.0003 6800
1786506334508 0.0003 6801
1786506337091 0.0003 6802
1786506339674 0.0003 6803
1786506342259 0.0003 6804
1786506344845 0.0003 6805
1786506347428 0.0003 6806
1786506350011 0.0003 6807
1786506352594 0.0003 6808
1786506355171 0.0003 6809
1786506357751 0.0003 6810
1786506360331 0.0003 6811
1786506362913 0.0003 6812
1786506365504 0.0003 6813
1786506368091 0.0003 6814
1786506370672 0.0003 6815
1786506373255 0.0003 6816
1786506375836 0.0003 6817
1786506378419 0.0003 6818
1786506381001 0.0003 6819
1786506383584 0.0003 6820
1786506386166 0.0003 6821
1786506388749 0.0003 6822
1786506391332 0.0003 6823
1786506393917 0.0003 6824
1786506396499 0.0003 6825
1786506399081 0.0003 6826
1786506401662 0.0003 6827
1786506404246 0.0003 6828
1786506406829 0.0003 6829
1786506409418 0.0003 6830
1786506412001 0.0003 6831
1786506414586 0.0003 6832
1786506417169 0.0003 6833
1786506419752 0.0003 6834
1786506422339 0.0003 6835
1786506424920 0.0003 6836
1786506427502 0.0003 6837
1786506430084 0.0003 6838
1786506432666 0.0003 6839
1786506435249 0.0003 6840
1786506437831 0.0003 6841
1786506440413 0.0003 6842
1786506442995 0.0003 6843
1786506445580 0.0003 6844
1786506448163 0.0003 6845
1786506450744 0.0003 6846
1786506453330 0.0003 6847
1786506455913 0.0003 6848
1786506458496 0.0003 6849
1786506461084 0.0003 6850
1786506463666 0.0003 6851
1786506466248 0.0003 6852
1786506468831 0.0003 6853
1786506471420 0.0003 6854
1786506474007 0.0003 6855
1786506476593 0.0003 6856
1786506479186 0.0003 6857
1786506481779 0.0003 6858
1786506484363 0.0003 6859
1786506486944 0.0003 6860
1786506489525 0.0003 6861
1786506492107 0.0003 6862
1786506494689 0.0003 6863
1786506497271 0.0003 6864
1786506499853 0.0003 6865
1786506502435 0.0003 6866
1786506505018 0.0003 6867
1786506507602 0.0003 6868
1786506510183 0.0003 6869
1786506512765 0.0003 6870
1786506515347 0.0003 6871
1786506517931 0.0003 6872
1786506520510 0.0003 6873
1786506523090 0.0003 6874
1786506525670 0.0003 6875
1786506528251 0.0003 6876
1786506530837 0.0003 6877
1786506533428 0.0003 6878
1786506536010 0.0003 6879
1786506538591 0.0003 6880
1786506541168 0.0003 6881
1786506543746 0.0003 6882
1786506546330 0.0003 6883
1786506548915 0.0003 6884
1786506551497 0.0003 6885
1786506554082 0.0003 6886
1786506556665 0.0003 6887
1786506559250 0.0003 6888
1786506561831 0.0003 6889
1786506564413 0.0003 6890
1786506566995 0.0003 6891
1786506569578 0.0003 6892
1786506572159 0.0003 6893
1786506574741 0.0003 6894
1786506577324 0.0003 6895
1786506579909 0.0003 6896
1786506582490 0.0003 6897
1786506585072 0.0003 6898
1786506587653 0.0003 6899
1786506590236 0.0003 6900
1786506592818 0.0003 6901
1786506595399 0.0003 6902
1786506597981 0.0003 6903
1786506600563 0.0003 6904
1786506603144 0.0003 6905
1786506605725 0.0003 6906
1786506608307 0.0003 6907
1786506610889 0.0003 6908
1786506613471 0.0003 6909
1786506616052 0.0003 6910
1786506618633 0.0003 6911
1786506621215 0.0003 6912
1786506623796 0.0003 6913
1786506626378 0.0003 6914
1786506628959 0.0003 6915
1786506631543 0.0003 6916
1786506634124 0.0003 6917
1786506636707 0.0003 6918
1786506639289 0.0003 6919
1786506641869 0.0003 6920
1786506644450 0.0003 6921
1786506647030 0.0003 6922
1786506649611 0.0003 6923
1786506652190 0.0003 6924
1786506654770 0.0003 6925
1786506657350 0.0003 6926
1786506659930 0.0003 6927
1786506662512 0.0003 6928
1786506665093 0.0003 6929
1786506667676 0.0003 6930
1786506670257 0.0003 6931
1786506672839 0.0003 6932
1786506675420 0.0003 6933
1786506678001 0.0003 6934
1786506680582 0.0003 6935
1786506683165 0.0003 6936
1786506685746 0.0003 6937
1786506688327 0.0003 6938
1786506690908 0.0003 6939
1786506693490 0.0003 6940
1786506696072 0.0003 6941
1786506698655 0.0003 6942
1786506701238 0.0003 6943
1786506703821 0.0003 6944
1786506706406 0.0003 6945
1786506708983 0.0003 6946
1786506711561 0.0003 6947
1786506714137 0.0003 6948
1786506716713 0.0003 6949
1786506719291 0.0003 6950
1786506721868 0.0003 6951
1786506724446 0.0003 6952
1786506727024 0.0003 6953
1786506729601 0.0003 6954
1786506732178 0.0003 6955
1786506734756 0.0003 6956
1786506737333 0.0003 6957
1786506739911 0.0003 6958
1786506742488 0.0003 6959
1786506745065 0.0003 6960
1786506747643 0.0003 6961
1786506750221 0.0003 6962
1786506752798 0.0003 6963
1786506755377 0.0003 6964
1786506757955 0.0003 6965
1786506760531 0.0003 6966
1786506763107 0.0003 6967
1786506765684 0.0003 6968
1786506768260 0.0003 6969
1786506770837 0.0003 6970
1786506773414 0.0003 6971
1786506775992 0.0003 6972
1786506778569 0.0003 6973
1786506781149 0.0003 6974
1786506783726 0.0003 6975
1786506786309 0.0003 6976
1786506788890 0.0003 6977
1786506791469 0.0003 6978
1786506794046 0.0003 6979
1786506796623 0.0003 6980
1786506799201 0.0003 6981
1786506801777 0.0003 6982
1786506804353 0.0003 6983
1786506806928 0.0003 6984
1786506809502 0.0003 6985
1786506812077 0.0003 6986
1786506814652 0.0003 6987
1786506817231 0.0003 6988
1786506819815 0.0003 6989
1786506822398 0.0003 6990
1786506824982 0.0003 6991
1786506827566 0.0003 6992
1786506830152 0.0003 6993
1786506832735 0.0003 6994
1786506835319 0.0003 6995
1786506837901 0.0003 6996
1786506840484 0.0003 6997
1786506843065 0.0003 6998
1786506845649 0.0003 6999
1786506849298 0.0003 7000
1786506851879 0.0003 7001
1786506854461 0.0003 7002
1786506857043 0.0003 7003
1786506859624 0.0003 7004
1786506862205 0.0003 7005
1786506864787 0.0003 7006
1786506867369 0.0003 7007
1786506869950 0.0003 7008
1786506872534 0.0003 7009
1786506875122 0.0003 7010
1786506877706 0.0003 7011
1786506880288 0.0003 7012
1786506882871 0.0003 7013
1786506885453 0.0003 7014
1786506888034 0.0003 7015
1786506890616 0.0003 7016
1786506893198 0.0003 7017
1786506895779 0.0003 7018
1786506898360 0.0003 7019
1786506900940 0.0003 7020
1786506903521 0.0003 7021
1786506906102 0.0003 7022
1786506908683 0.0003 7023
1786506911268 0.0003 7024
1786506913850 0.0003 7025
1786506916431 0.0003 7026
1786506919010 0.0003 7027
1786506921587 0.0003 7028
1786506924164 0.0003 7029
1786506926746 0.0003 7030
1786506929334 0.0003 7031
1786506931923 0.0003 7032
1786506934505 0.0003 7033
1786506937086 0.0003 7034
1786506939671 0.0003 7035
1786506942262 0.0003 7036
1786506944850 0.0003 7037
1786506947440 0.0003 7038
1786506950029 0.0003 7039
1786506952618 0.0003 7040
1786506955202 0.0003 7041
1786506957784 0.0003 7042
1786506960366 0.0003 7043
1786506962947 0.0003 7044
1786506965528 0.0003 7045
1786506968111 0.0003 7046
1786506970693 0.0003 7047
1786506973273 0.0003 7048
1786506975850 0.0003 7049
1786506978427 0.0003 7050
1786506981003 0.0003 7051
1786506983580 0.0003 7052
1786506986156 0.0003 7053
1786506988732 0.0003 7054
1786506991307 0.0003 7055
1786506993887 0.0003 7056
1786506996464 0.0003 7057
1786506999041 0.0003 7058
1786507001620 0.0003 7059
1786507004196 0.0003 7060
1786507006772 0.0003 7061
1786507009348 0.0003 7062
1786507011926 0.0003 7063
1786507014505 0.0003 7064
1786507017083 0.0003 7065
1786507019659 0.0003 7066
1786507022236 0.0003 7067
1786507024812 0.0003 7068
1786507027390 0.0003 7069
1786507029966 0.0003 7070
1786507032543 0.0003 7071
1786507035120 0.0003 7072
1786507037696 0.0003 7073
1786507040273 0.0003 7074
1786507042851 0.0003 7075
1786507045428 0.0003 7076
1786507048005 0.0003 7077
1786507050582 0.0003 7078
1786507053159 0.0003 7079
1786507055736 0.0003 7080
1786507058313 0.0003 7081
1786507060890 0.0003 7082
1786507063467 0.0003 7083
1786507066045 0.0003 7084
1786507068622 0.0003 7085
1786507071199 0.0003 7086
1786507073777 0.0003 7087
1786507076356 0.0003 7088
1786507078935 0.0003 7089
1786507081515 0.0003 7090
1786507084094 0.0003 7091
1786507086674 0.0003 7092
1786507089254 0.0003 7093
1786507091834 0.0003 7094
1786507094413 0.0003 7095
1786507096993 0.0003 7096
1786507099575 0.0003 7097
1786507102156 0.0003 7098
1786507104737 0.0003 7099
1786507107320 0.0003 7100
1786507109901 0.0003 7101
1786507112484 0.0003 7102
1786507115066 0.0003 7103
1786507117650 0.0003 7104
1786507120233 0.0003 7105
1786507122813 0.0003 7106
1786507125393 0.0003 7107
1786507127975 0.0003 7108
1786507130558 0.0003 7109
1786507133138 0.0003 7110
1786507135725 0.0003 7111
1786507138306 0.0003 7112
1786507140888 0.0003 7113
1786507143471 0.0003 7114
1786507146053 0.0003 7115
1786507148635 0.0003 7116
1786507151216 0.0003 7117
1786507153799 0.0003 7118
1786507156382 0.0003 7119
1786507158965 0.0003 7120
1786507161548 0.0003 7121
1786507164132 0.0003 7122
1786507166716 0.0003 7123
1786507169297 0.0003 7124
1786507171879 0.0003 7125
1786507174462 0.0003 7126
1786507177045 0.0003 7127
1786507179628 0.0003 7128
1786507182211 0.0003 7129
1786507184794 0.0003 7130
1786507187377 0.0003 7131
1786507189960 0.0003 7132
1786507192547 0.0003 7133
1786507195130 0.0003 7134
1786507197713 0.0003 7135
1786507200296 0.0003 7136
1786507202881 0.0003 7137
1786507205474 0.0003 7138
1786507208057 0.0003 7139
1786507210639 0.0003 7140
1786507213223 0.0003 7141
1786507215806 0.0003 7142
1786507218389 0.0003 7143
1786507220971 0.0003 7144
1786507223553 0.0003 7145
1786507226135 0.0003 7146
1786507228718 0.0003 7147
1786507231302 0.0003 7148
1786507233884 0.0003 7149
1786507236467 0.0003 7150
1786507239049 0.0003 7151
1786507241631 0.0003 7152
1786507244213 0.0003 7153
1786507246795 0.0003 7154
1786507249378 0.0003 7155
1786507251961 0.0003 7156
1786507254545 0.0003 7157
1786507257132 0.0003 7158
1786507259714 0.0003 7159
1786507262299 0.0003 7160
1786507264881 0.0003 7161
1786507267462 0.0003 7162
1786507270045 0.0003 7163
1786507272627 0.0003 7164
1786507275208 0.0003 7165
1786507277789 0.0003 7166
1786507280370 0.0003 7167
1786507282952 0.0003 7168
1786507285534 0.0003 7169
1786507288115 0.0003 7170
1786507290696 0.0003 7171
1786507293278 0.0003 7172
1786507295860 0.0003 7173
1786507298441 0.0003 7174
1786507301022 0.0003 7175
1786507303604 0.0003 7176
1786507306186 0.0003 7177
1786507308767 0.0003 7178
1786507311349 0.0003 7179
1786507313930 0.0003 7180
1786507316509 0.0003 7181
1786507319088 0.0003 7182
1786507321667 0.0003 7183
1786507324247 0.0003 7184
1786507326828 0.0003 7185
1786507329410 0.0003 7186
1786507331991 0.0003 7187
1786507334573 0.0003 7188
1786507337155 0.0003 7189
1786507339736 0.0003 7190
1786507342318 0.0003 7191
1786507344901 0.0003 7192
1786507347482 0.0003 7193
1786507350063 0.0003 7194
1786507352644 0.0003 7195
1786507355225 0.0003 7196
1786507357806 0.0003 7197
1786507360388 0.0003 7198
1786507362969 0.0003 7199
1786507365552 0.0003 7200
1786507368133 0.0003 7201
1786507370715 0.0003 7202
1786507373299 0.0003 7203
1786507375882 0.0003 7204
1786507378463 0.0003 7205
1786507381046 0.0003 7206
1786507383628 0.0003 7207
1786507386210 0.0003 7208
1786507388793 0.0003 7209
1786507391374 0.0003 7210
1786507393957 0.0003 7211
1786507396540 0.0003 7212
1786507399122 0.0003 7213
1786507401704 0.0003 7214
1786507404286 0.0003 7215
1786507406869 0.0003 7216
1786507409451 0.0003 7217
1786507412031 0.0003 7218
1786507414612 0.0003 7219
1786507417193 0.0003 7220
1786507419774 0.0003 7221
1786507422355 0.0003 7222
1786507424936 0.0003 7223
1786507427513 0.0003 7224
1786507430089 0.0003 7225
1786507432664 0.0003 7226
1786507435240 0.0003 7227
1786507437817 0.0003 7228
1786507440394 0.0003 7229
1786507442971 0.0003 7230
1786507445546 0.0003 7231
1786507448123 0.0003 7232
1786507450700 0.0003 7233
1786507453277 0.0003 7234
1786507455854 0.0003 7235
1786507458432 0.0003 7236
1786507461009 0.0003 7237
1786507463586 0.0003 7238
1786507466162 0.0003 7239
1786507468738 0.0003 7240
1786507471316 0.0003 7241
1786507473893 0.0003 7242
1786507476471 0.0003 7243
1786507479048 0.0003 7244
1786507481626 0.0003 7245
1786507484203 0.0003 7246
1786507486782 0.0003 7247
1786507489365 0.0003 7248
1786507491951 0.0003 7249
1786507494533 0.0003 7250
1786507497114 0.0003 7251
1786507499694 0.0003 7252
1786507502276 0.0003 7253
1786507504858 0.0003 7254
1786507507440 0.0003 7255
1786507510022 0.0003 7256
1786507512605 0.0003 7257
1786507515186 0.0003 7258
1786507517766 0.0003 7259
1786507520347 0.0003 7260
1786507522928 0.0003 7261
1786507525510 0.0003 7262
1786507528092 0.0003 7263
1786507530673 0.0003 7264
1786507533255 0.0003 7265
1786507535836 0.0003 7266
1786507538418 0.0003 7267
1786507540999 0.0003 7268
1786507543580 0.0003 7269
1786507546163 0.0003 7270
1786507548745 0.0003 7271
1786507551329 0.0003 7272
1786507553911 0.0003 7273
1786507556494 0.0003 7274
1786507559074 0.0003 7275
1786507561659 0.0003 7276
1786507564240 0.0003 7277
1786507566821 0.0003 7278
1786507569404 0.0003 7279
1786507571984 0.0003 7280
1786507574566 0.0003 7281
1786507577149 0.0003 7282
1786507579730 0.0003 7283
1786507582313 0.0003 7284
1786507584894 0.0003 7285
1786507587476 0.0003 7286
1786507590057 0.0003 7287
1786507592638 0.0003 7288
1786507595220 0.0003 7289
1786507597802 0.0003 7290
1786507600384 0.0003 7291
1786507602966 0.0003 7292
1786507605549 0.0003 7293
1786507608130 0.0003 7294
1786507610712 0.0003 7295
1786507613297 0.0003 7296
1786507615883 0.0003 7297
1786507618469 0.0003 7298
1786507621052 0.0003 7299
1786507623636 0.0003 7300
1786507626218 0.0003 7301
1786507628800 0.0003 7302
1786507631382 0.0003 7303
1786507633964 0.0003 7304
1786507636546 0.0003 7305
1786507639127 0.0003 7306
1786507641708 0.0003 7307
1786507644289 0.0003 7308
1786507646870 0.0003 7309
1786507649452 0.0003 7310
1786507652034 0.0003 7311
1786507654617 0.0003 7312
1786507657200 0.0003 7313
1786507659783 0.0003 7314
1786507662366 0.0003 7315
1786507664948 0.0003 7316
1786507667530 0.0003 7317
1786507670112 0.0003 7318
1786507672695 0.0003 7319
1786507675280 0.0003 7320
1786507677869 0.0003 7321
1786507680451 0.0003 7322
1786507683032 0.0003 7323
1786507685615 0.0003 7324
1786507688199 0.0003 7325
1786507690776 0.0003 7326
1786507693353 0.0003 7327
1786507695929 0.0003 7328
1786507698505 0.0003 7329
1786507701080 0.0003 7330
1786507703656 0.0003 7331
1786507706233 0.0003 7332
1786507708809 0.0003 7333
1786507711386 0.0003 7334
1786507713962 0.0003 7335
1786507716539 0.0003 7336
1786507719116 0.0003 7337
1786507721694 0.0003 7338
1786507724270 0.0003 7339
1786507726847 0.0003 7340
1786507729425 0.0003 7341
1786507732007 0.0003 7342
1786507734588 0.0003 7343
1786507737169 0.0003 7344
1786507739750 0.0003 7345
1786507742331 0.0003 7346
1786507744911 0.0003 7347
1786507747492 0.0003 7348
1786507750074 0.0003 7349
1786507752655 0.0003 7350
1786507755237 0.0003 7351
1786507757818 0.0003 7352
1786507760399 0.0003 7353
1786507762979 0.0003 7354
1786507765558 0.0003 7355
1786507768140 0.0003 7356
1786507770727 0.0003 7357
1786507773312 0.0003 7358
1786507775898 0.0003 7359
1786507778485 0.0003 7360
1786507781068 0.0003 7361
1786507783650 0.0003 7362
1786507786234 0.0003 7363
1786507788815 0.0003 7364
1786507791396 0.0003 7365
1786507793979 0.0003 7366
1786507796561 0.0003 7367
1786507799143 0.0003 7368
1786507801725 0.0003 7369
1786507804306 0.0003 7370
1786507806888 0.0003 7371
1786507809471 0.0003 7372
1786507812052 0.0003 7373
1786507814634 0.0003 7374
1786507817217 0.0003 7375
1786507819800 0.0003 7376
1786507822383 0.0003 7377
1786507824965 0.0003 7378
1786507827547 0.0003 7379
1786507830129 0.0003 7380
1786507832712 0.0003 7381
1786507835295 0.0003 7382
1786507837876 0.0003 7383
1786507840458 0.0003 7384
1786507843041 0.0003 7385
1786507845623 0.0003 7386
1786507848206 0.0003 7387
1786507850790 0.0003 7388
1786507853375 0.0003 7389
1786507855958 0.0003 7390
1786507858539 0.0003 7391
1786507861125 0.0003 7392
1786507863710 0.0003 7393
1786507866292 0.0003 7394
1786507868877 0.0003 7395
1786507871458 0.0003 7396
1786507874042 0.0003 7397
1786507876631 0.0003 7398
1786507879212 0.0003 7399
1786507881793 0.0003 7400
1786507884377 0.0003 7401
1786507886957 0.0003 7402
1786507889538 0.0003 7403
1786507892119 0.0003 7404
1786507894700 0.0003 7405
1786507897281 0.0003 7406
1786507899863 0.0003 7407
1786507902444 0.0003 7408
1786507905025 0.0003 7409
1786507907606 0.0003 7410
1786507910187 0.0003 7411
1786507912769 0.0003 7412
1786507915350 0.0003 7413
1786507917933 0.0003 7414
1786507920515 0.0003 7415
1786507923101 0.0003 7416
1786507925688 0.0003 7417
1786507928276 0.0003 7418
1786507930855 0.0003 7419
1786507933434 0.0003 7420
1786507936017 0.0003 7421
1786507938599 0.0003 7422
1786507941181 0.0003 7423
1786507943763 0.0003 7424
1786507946341 0.0003 7425
1786507948917 0.0003 7426
1786507951495 0.0003 7427
1786507954072 0.0003 7428
1786507956648 0.0003 7429
1786507959225 0.0003 7430
1786507961802 0.0003 7431
1786507964378 0.0003 7432
1786507966962 0.0003 7433
1786507969544 0.0003 7434
1786507972128 0.0003 7435
1786507974715 0.0003 7436
1786507977301 0.0003 7437
1786507979881 0.0003 7438
1786507982462 0.0003 7439
1786507985043 0.0003 7440
1786507987623 0.0003 7441
1786507990204 0.0003 7442
1786507992786 0.0003 7443
1786507995371 0.0003 7444
1786507997954 0.0003 7445
1786508000533 0.0003 7446
1786508003109 0.0003 7447
1786508005685 0.0003 7448
1786508008263 0.0003 7449
1786508010840 0.0003 7450
1786508013417 0.0003 7451
1786508015996 0.0003 7452
1786508018573 0.0003 7453
1786508021151 0.0003 7454
1786508023727 0.0003 7455
1786508026303 0.0003 7456
1786508028880 0.0003 7457
1786508031457 0.0003 7458
1786508034038 0.0003 7459
1786508036622 0.0003 7460
1786508039204 0.0003 7461
1786508041785 0.0003 7462
1786508044364 0.0003 7463
1786508046945 0.0003 7464
1786508049527 0.0003 7465
1786508052105 0.0003 7466
1786508054686 0.0003 7467
1786508057265 0.0003 7468
1786508059847 0.0003 7469
1786508062431 0.0003 7470
1786508065015 0.0003 7471
1786508067596 0.0003 7472
1786508070174 0.0003 7473
1786508072754 0.0003 7474
1786508075335 0.0003 7475
1786508077917 0.0003 7476
1786508080499 0.0003 7477
1786508083082 0.0003 7478
1786508085667 0.0003 7479
1786508088252 0.0003 7480
1786508090837 0.0003 7481
1786508093423 0.0003 7482
1786508096008 0.0003 7483
1786508098590 0.0003 7484
1786508101168 0.0003 7485
1786508103754 0.0003 7486
1786508106349 0.0003 7487
1786508108931 0.0003 7488
1786508111511 0.0003 7489
1786508114094 0.0003 7490
1786508116674 0.0003 7491
1786508119255 0.0003 7492
1786508121837 0.0003 7493
1786508124419 0.0003 7494
1786508127000 0.0003 7495
1786508129581 0.0003 7496
1786508132163 0.0003 7497
1786508134743 0.0003 7498
1786508137325 0.0003 7499
1786508141301 0.0003 7500
1786508143882 0.0003 7501
1786508146463 0.0003 7502
1786508149040 0.0003 7503
1786508151615 0.0003 7504
1786508154197 0.0003 7505
1786508156778 0.0003 7506
1786508159359 0.0003 7507
1786508161940 0.0003 7508
1786508164520 0.0003 7509
1786508167101 0.0003 7510
1786508169682 0.0003 7511
1786508172263 0.0003 7512
1786508174845 0.0003 7513
1786508177425 0.0003 7514
1786508180007 0.0003 7515
1786508182588 0.0003 7516
1786508185170 0.0003 7517
1786508187750 0.0003 7518
1786508190330 0.0003 7519
1786508192910 0.0003 7520
1786508195494 0.0003 7521
1786508198074 0.0003 7522
1786508200654 0.0003 7523
1786508203235 0.0003 7524
1786508205815 0.0003 7525
1786508208396 0.0003 7526
1786508210977 0.0003 7527
1786508213560 0.0003 7528
1786508216141 0.0003 7529
1786508218722 0.0003 7530
1786508221301 0.0003 7531
1786508223881 0.0003 7532
1786508226461 0.0003 7533
1786508229042 0.0003 7534
1786508231622 0.0003 7535
1786508234203 0.0003 7536
1786508236783 0.0003 7537
1786508239363 0.0003 7538
1786508241942 0.0003 7539
1786508244523 0.0003 7540
1786508247104 0.0003 7541
1786508249684 0.0003 7542
1786508252263 0.0003 7543
1786508254843 0.0003 7544
1786508257424 0.0003 7545
1786508260003 0.0003 7546
1786508262583 0.0003 7547
1786508265158 0.0003 7548
1786508267733 0.0003 7549
1786508270309 0.0003 7550
1786508272884 0.0003 7551
1786508275459 0.0003 7552
1786508278034 0.0003 7553
1786508280610 0.0003 7554
1786508283185 0.0003 7555
1786508285759 0.0003 7556
1786508288334 0.0003 7557
1786508290909 0.0003 7558
1786508293484 0.0003 7559
1786508296059 0.0003 7560
1786508298638 0.0003 7561
1786508301217 0.0003 7562
1786508303796 0.0003 7563
1786508306376 0.0003 7564
1786508308955 0.0003 7565
1786508311539 0.0003 7566
1786508314118 0.0003 7567
1786508316696 0.0003 7568
1786508319275 0.0003 7569
1786508321857 0.0003 7570
1786508324437 0.0003 7571
1786508327018 0.0003 7572
1786508329599 0.0003 7573
1786508332181 0.0003 7574
1786508334762 0.0003 7575
1786508337343 0.0003 7576
1786508339925 0.0003 7577
1786508342507 0.0003 7578
1786508345095 0.0003 7579
1786508347676 0.0003 7580
1786508350256 0.0003 7581
1786508352837 0.0003 7582
1786508355417 0.0003 7583
1786508357997 0.0003 7584
1786508360577 0.0003 7585
1786508363157 0.0003 7586
1786508365739 0.0003 7587
1786508368323 0.0003 7588
1786508370902 0.0003 7589
1786508373485 0.0003 7590
1786508376072 0.0003 7591
1786508378660 0.0003 7592
1786508381266 0.0003 7593
1786508383853 0.0003 7594
1786508386438 0.0003 7595
1786508389025 0.0003 7596
1786508391610 0.0003 7597
1786508394197 0.0003 7598
1786508396781 0.0003 7599
1786508399366 0.0003 7600
1786508401952 0.0003 7601
1786508404536 0.0003 7602
1786508407124 0.0003 7603
1786508409710 0.0003 7604
1786508412298 0.0003 7605
1786508414892 0.0003 7606
1786508417477 0.0003 7607
1786508420066 0.0003 7608
1786508422650 0.0003 7609
1786508425238 0.0003 7610
1786508427821 0.0003 7611
1786508430402 0.0003 7612
1786508432982 0.0003 7613
1786508435562 0.0003 7614
1786508438138 0.0003 7615
1786508440713 0.0003 7616
1786508443289 0.0003 7617
1786508445868 0.0003 7618
1786508448443 0.0003 7619
1786508451019 0.0003 7620
1786508453594 0.0003 7621
1786508456171 0.0003 7622
1786508458747 0.0003 7623
1786508461322 0.0003 7624
1786508463898 0.0003 7625
1786508466475 0.0003 7626
1786508469050 0.0003 7627
1786508471626 0.0003 7628
1786508474201 0.0003 7629
1786508476779 0.0003 7630
1786508479355 0.0003 7631
1786508481930 0.0003 7632
1786508484507 0.0003 7633
1786508487088 0.0003 7634
1786508489668 0.0003 7635
1786508492248 0.0003 7636
1786508494826 0.0003 7637
1786508497405 0.0003 7638
1786508499988 0.0003 7639
1786508502578 0.0003 7640
1786508505172 0.0003 7641
1786508507763 0.0003 7642
1786508510357 0.0003 7643
1786508512945 0.0003 7644
1786508515532 0.0003 7645
1786508518122 0.0003 7646
1786508520711 0.0003 7647
1786508523295 0.0003 7648
1786508525883 0.0003 7649
1786508528470 0.0003 7650
1786508531058 0.0003 7651
1786508533637 0.0003 7652
1786508536226 0.0003 7653
1786508538820 0.0003 7654
1786508541410 0.0003 7655
1786508543999 0.0003 7656
1786508546586 0.0003 7657
1786508549171 0.0003 7658
1786508551759 0.0003 7659
1786508554350 0.0003 7660
1786508556937 0.0003 7661
1786508559525 0.0003 7662
1786508562104 0.0003 7663
1786508564683 0.0003 7664
1786508567261 0.0003 7665
1786508569838 0.0003 7666
1786508572415 0.0003 7667
1786508574993 0.0003 7668
1786508577571 0.0003 7669
1786508580148 0.0003 7670
1786508582724 0.0003 7671
1786508585302 0.0003 7672
1786508587883 0.0003 7673
1786508590463 0.0003 7674
1786508593043 0.0003 7675
1786508595624 0.0003 7676
1786508598204 0.0003 7677
1786508600783 0.0003 7678
1786508603362 0.0003 7679
1786508605941 0.0003 7680
1786508608524 0.0003 7681
1786508611105 0.0003 7682
1786508613686 0.0003 7683
1786508616267 0.0003 7684
1786508618849 0.0003 7685
1786508621428 0.0003 7686
1786508624007 0.0003 7687
1786508626587 0.0003 7688
1786508629167 0.0003 7689
1786508631750 0.0003 7690
1786508634332 0.0003 7691
1786508636915 0.0003 7692
1786508639495 0.0003 7693
1786508642079 0.0003 7694
1786508644661 0.0003 7695
1786508647240 0.0003 7696
1786508649819 0.0003 7697
1786508652403 0.0003 7698
1786508654982 0.0003 7699
1786508657561 0.0003 7700
1786508660140 0.0003 7701
1786508662720 0.0003 7702
1786508665299 0.0003 7703
1786508667878 0.0003 7704
1786508670458 0.0003 7705
1786508673039 0.0003 7706
1786508675619 0.0003 7707
1786508678198 0.0003 7708
1786508680777 0.0003 7709
1786508683357 0.0003 7710
1786508685937 0.0003 7711
1786508688516 0.0003 7712
1786508691104 0.0003 7713
1786508693686 0.0003 7714
1786508696266 0.0003 7715
1786508698845 0.0003 7716
1786508701425 0.0003 7717
1786508704006 0.0003 7718
1786508706588 0.0003 7719
1786508709168 0.0003 7720
1786508711747 0.0003 7721
1786508714328 0.0003 7722
1786508716908 0.0003 7723
1786508719488 0.0003 7724
1786508722070 0.0003 7725
1786508724652 0.0003 7726
1786508727232 0.0003 7727
1786508729812 0.0003 7728
1786508732393 0.0003 7729
1786508734974 0.0003 7730
1786508737554 0.0003 7731
1786508740135 0.0003 7732
1786508742716 0.0003 7733
1786508745297 0.0003 7734
1786508747878 0.0003 7735
1786508750461 0.0003 7736
1786508753042 0.0003 7737
1786508755623 0.0003 7738
1786508758204 0.0003 7739
1786508760785 0.0003 7740
1786508763366 0.0003 7741
1786508765947 0.0003 7742
1786508768523 0.0003 7743
1786508771102 0.0003 7744
1786508773681 0.0003 7745
1786508776262 0.0003 7746
1786508778842 0.0003 7747
1786508781421 0.0003 7748
1786508784002 0.0003 7749
1786508786582 0.0003 7750
1786508789163 0.0003 7751
1786508791746 0.0003 7752
1786508794326 0.0003 7753
1786508796907 0.0003 7754
1786508799488 0.0003 7755
1786508802070 0.0003 7756
1786508804650 0.0003 7757
1786508807229 0.0003 7758
1786508809809 0.0003 7759
1786508812393 0.0003 7760
1786508814973 0.0003 7761
1786508817552 0.0003 7762
1786508820131 0.0003 7763
1786508822710 0.0003 7764
1786508825288 0.0003 7765
1786508827868 0.0003 7766
1786508830447 0.0003 7767
1786508833025 0.0003 7768
1786508835604 0.0003 7769
1786508838185 0.0003 7770
1786508840763 0.0003 7771
1786508843342 0.0003 7772
1786508845921 0.0003 7773
1786508848500 0.0003 7774
1786508851081 0.0003 7775
1786508853660 0.0003 7776
1786508856240 0.0003 7777
1786508858819 0.0003 7778
1786508861399 0.0003 7779
1786508863978 0.0003 7780
1786508866557 0.0003 7781
1786508869137 0.0003 7782
1786508871717 0.0003 7783
1786508874296 0.0003 7784
1786508876876 0.0003 7785
1786508879454 0.0003 7786
1786508882033 0.0003 7787
1786508884612 0.0003 7788
1786508887191 0.0003 7789
1786508889769 0.0003 7790
1786508892348 0.0003 7791
1786508894927 0.0003 7792
1786508897505 0.0003 7793
1786508900084 0.0003 7794
1786508902664 0.0003 7795
1786508905243 0.0003 7796
1786508907823 0.0003 7797
1786508910402 0.0003 7798
1786508912981 0.0003 7799
1786508915560 0.0003 7800
1786508918139 0.0003 7801
1786508920718 0.0003 7802
1786508923297 0.0003 7803
1786508925875 0.0003 7804
1786508928454 0.0003 7805
1786508931034 0.0003 7806
1786508933613 0.0003 7807
1786508936194 0.0003 7808
1786508938774 0.0003 7809
1786508941353 0.0003 7810
1786508943932 0.0003 7811
1786508946512 0.0003 7812
1786508949094 0.0003 7813
1786508951674 0.0003 7814
1786508954253 0.0003 7815
1786508956831 0.0003 7816
1786508959410 0.0003 7817
1786508961989 0.0003 7818
1786508964568 0.0003 7819
1786508967147 0.0003 7820
1786508969728 0.0003 7821
1786508972308 0.0003 7822
1786508974887 0.0003 7823
1786508977467 0.0003 7824
1786508980046 0.0003 7825
1786508982625 0.0003 7826
1786508985205 0.0003 7827
1786508987784 0.0003 7828
1786508990364 0.0003 7829
1786508992944 0.0003 7830
1786508995524 0.0003 7831
1786508998103 0.0003 7832
1786509000685 0.0003 7833
1786509003266 0.0003 7834
1786509005853 0.0003 7835
1786509008433 0.0003 7836
1786509011013 0.0003 7837
1786509013593 0.0003 7838
1786509016173 0.0003 7839
1786509018753 0.0003 7840
1786509021333 0.0003 7841
1786509023913 0.0003 7842
1786509026493 0.0003 7843
1786509029073 0.0003 7844
1786509031653 0.0003 7845
1786509034235 0.0003 7846
1786509036816 0.0003 7847
1786509039396 0.0003 7848
1786509041976 0.0003 7849
1786509044557 0.0003 7850
1786509047138 0.0003 7851
1786509049719 0.0003 7852
1786509052303 0.0003 7853
1786509054884 0.0003 7854
1786509057464 0.0003 7855
1786509060045 0.0003 7856
1786509062625 0.0003 7857
1786509065205 0.0003 7858
1786509067786 0.0003 7859
1786509070367 0.0003 7860
1786509072947 0.0003 7861
1786509075527 0.0003 7862
1786509078108 0.0003 7863
1786509080688 0.0003 7864
1786509083268 0.0003 7865
1786509085848 0.0003 7866
1786509088429 0.0003 7867
1786509091012 0.0003 7868
1786509093592 0.0003 7869
1786509096172 0.0003 7870
1786509098754 0.0003 7871
1786509101335 0.0003 7872
1786509103916 0.0003 7873
1786509106496 0.0003 7874
1786509109076 0.0003 7875
1786509111658 0.0003 7876
1786509114240 0.0003 7877
1786509116822 0.0003 7878
1786509119405 0.0003 7879
1786509121986 0.0003 7880
1786509124565 0.0003 7881
1786509127147 0.0003 7882
1786509129728 0.0003 7883
1786509132311 0.0003 7884
1786509134891 0.0003 7885
1786509137472 0.0003 7886
1786509140052 0.0003 7887
1786509142631 0.0003 7888
1786509145211 0.0003 7889
1786509147792 0.0003 7890
1786509150372 0.0003 7891
1786509152954 0.0003 7892
1786509155540 0.0003 7893
1786509158120 0.0003 7894
1786509160703 0.0003 7895
1786509163283 0.0003 7896
1786509165866 0.0003 7897
1786509168446 0.0003 7898
1786509171026 0.0003 7899
1786509173607 0.0003 7900
1786509176189 0.0003 7901
1786509178770 0.0003 7902
1786509181349 0.0003 7903
1786509183930 0.0003 7904
1786509186510 0.0003 7905
1786509189090 0.0003 7906
1786509191670 0.0003 7907
1786509194250 0.0003 7908
1786509196831 0.0003 7909
1786509199413 0.0003 7910
1786509201992 0.0003 7911
1786509204573 0.0003 7912
1786509207154 0.0003 7913
1786509209733 0.0003 7914
1786509212313 0.0003 7915
1786509214893 0.0003 7916
1786509217473 0.0003 7917
1786509220052 0.0003 7918
1786509222633 0.0003 7919
1786509225213 0.0003 7920
1786509227792 0.0003 7921
1786509230378 0.0003 7922
1786509232972 0.0003 7923
1786509235556 0.0003 7924
1786509238138 0.0003 7925
1786509240719 0.0003 7926
1786509243300 0.0003 7927
1786509245885 0.0003 7928
1786509248466 0.0003 7929
1786509251045 0.0003 7930
1786509253627 0.0003 7931
1786509256208 0.0003 7932
1786509258789 0.0003 7933
1786509261368 0.0003 7934
1786509263949 0.0003 7935
1786509266529 0.0003 7936
1786509269108 0.0003 7937
1786509271689 0.0003 7938
1786509274269 0.0003 7939
1786509276849 0.0003 7940
1786509279430 0.0003 7941
1786509282010 0.0003 7942
1786509284590 0.0003 7943
1786509287169 0.0003 7944
1786509289750 0.0003 7945
1786509292333 0.0003 7946
1786509294916 0.0003 7947
1786509297497 0.0003 7948
1786509300075 0.0003 7949
1786509302654 0.0003 7950
1786509305246 0.0003 7951
1786509307835 0.0003 7952
1786509310422 0.0003 7953
1786509313012 0.0003 7954
1786509315604 0.0003 7955
1786509318196 0.0003 7956
1786509320793 0.0003 7957
1786509323386 0.0003 7958
1786509325983 0.0003 7959
1786509328598 0.0003 7960
1786509331183 0.0003 7961
1786509333775 0.0003 7962
1786509336366 0.0003 7963
1786509338961 0.0003 7964
1786509341553 0.0003 7965
1786509344139 0.0003 7966
1786509346730 0.0003 7967
1786509349315 0.0003 7968
1786509351900 0.0003 7969
1786509354493 0.0003 7970
1786509357083 0.0003 7971
1786509359679 0.0003 7972
1786509362271 0.0003 7973
1786509364863 0.0003 7974
1786509367451 0.0003 7975
1786509370043 0.0003 7976
1786509372629 0.0003 7977
1786509375227 0.0003 7978
1786509377811 0.0003 7979
1786509380408 0.0003 7980
1786509382996 0.0003 7981
1786509385584 0.0003 7982
1786509388169 0.0003 7983
1786509390759 0.0003 7984
1786509393342 0.0003 7985
1786509395929 0.0003 7986
1786509398512 0.0003 7987
1786509401105 0.0003 7988
1786509403687 0.0003 7989
1786509406266 0.0003 7990
1786509408848 0.0003 7991
1786509411431 0.0003 7992
1786509414012 0.0003 7993
1786509416590 0.0003 7994
1786509419165 0.0003 7995
1786509421741 0.0003 7996
1786509424315 0.0003 7997
1786509426893 0.0003 7998
1786509429467 0.0003 7999
1786509434417 0.0003 8000
1786509436991 0.0003 8001
1786509439567 0.0003 8002
1786509442148 0.0003 8003
1786509444731 0.0003 8004
1786509447312 0.0003 8005
1786509449893 0.0003 8006
1786509452475 0.0003 8007
1786509455055 0.0003 8008
1786509457635 0.0003 8009
1786509460218 0.0003 8010
1786509462799 0.0003 8011
1786509465378 0.0003 8012
1786509467958 0.0003 8013
1786509470541 0.0003 8014
1786509473122 0.0003 8015
1786509475703 0.0003 8016
1786509478284 0.0003 8017
1786509480865 0.0003 8018
1786509483445 0.0003 8019
1786509486021 0.0003 8020
1786509488597 0.0003 8021
1786509491173 0.0003 8022
1786509493752 0.0003 8023
1786509496328 0.0003 8024
1786509498904 0.0003 8025
1786509501479 0.0003 8026
1786509504056 0.0003 8027
1786509506632 0.0003 8028
1786509509209 0.0003 8029
1786509511785 0.0003 8030
1786509514362 0.0003 8031
1786509516938 0.0003 8032
1786509519515 0.0003 8033
1786509522091 0.0003 8034
1786509524667 0.0003 8035
1786509527244 0.0003 8036
1786509529821 0.0003 8037
1786509532397 0.0003 8038
1786509534973 0.0003 8039
1786509537549 0.0003 8040
1786509540126 0.0003 8041
1786509542701 0.0003 8042
1786509545278 0.0003 8043
1786509547854 0.0003 8044
1786509550433 0.0003 8045
1786509553015 0.0003 8046
1786509555597 0.0003 8047
1786509558179 0.0003 8048
1786509560761 0.0003 8049
1786509563343 0.0003 8050
1786509565924 0.0003 8051
1786509568505 0.0003 8052
1786509571087 0.0003 8053
1786509573669 0.0003 8054
1786509576251 0.0003 8055
1786509578832 0.0003 8056
1786509581413 0.0003 8057
1786509583993 0.0003 8058
1786509586574 0.0003 8059
1786509589155 0.0003 8060
1786509591737 0.0003 8061
1786509594319 0.0003 8062
1786509596900 0.0003 8063
1786509599482 0.0003 8064
1786509602064 0.0003 8065
1786509604646 0.0003 8066
1786509607227 0.0003 8067
1786509609809 0.0003 8068
1786509612391 0.0003 8069
1786509614973 0.0003 8070
1786509617554 0.0003 8071
1786509620136 0.0003 8072
1786509622718 0.0003 8073
1786509625302 0.0003 8074
1786509627883 0.0003 8075
1786509630465 0.0003 8076
1786509633046 0.0003 8077
1786509635629 0.0003 8078
1786509638210 0.0003 8079
1786509640792 0.0003 8080
1786509643373 0.0003 8081
1786509645954 0.0003 8082
1786509648535 0.0003 8083
1786509651117 0.0003 8084
1786509653698 0.0003 8085
1786509656281 0.0003 8086
1786509658862 0.0003 8087
1786509661444 0.0003 8088
1786509664025 0.0003 8089
1786509666607 0.0003 8090
1786509669189 0.0003 8091
1786509671770 0.0003 8092
1786509674351 0.0003 8093
1786509676934 0.0003 8094
1786509679524 0.0003 8095
1786509682105 0.0003 8096
1786509684687 0.0003 8097
1786509687270 0.0003 8098
1786509689852 0.0003 8099
1786509692434 0.0003 8100
1786509695015 0.0003 8101
1786509697602 0.0003 8102
1786509700183 0.0003 8103
1786509702765 0.0003 8104
1786509705346 0.0003 8105
1786509707929 0.0003 8106
1786509710510 0.0003 8107
1786509713092 0.0003 8108
1786509715673 0.0003 8109
1786509718255 0.0003 8110
1786509720837 0.0003 8111
1786509723419 0.0003 8112
1786509726001 0.0003 8113
1786509728582 0.0003 8114
1786509731164 0.0003 8115
1786509733744 0.0003 8116
1786509736326 0.0003 8117
1786509738907 0.0003 8118
1786509741488 0.0003 8119
1786509744069 0.0003 8120
1786509746652 0.0003 8121
1786509749232 0.0003 8122
1786509751812 0.0003 8123
1786509754393 0.0003 8124
1786509756974 0.0003 8125
1786509759555 0.0003 8126
1786509762137 0.0003 8127
1786509764718 0.0003 8128
1786509767299 0.0003 8129
1786509769879 0.0003 8130
1786509772461 0.0003 8131
1786509775044 0.0003 8132
1786509777625 0.0003 8133
1786509780207 0.0003 8134
1786509782787 0.0003 8135
1786509785368 0.0003 8136
1786509787949 0.0003 8137
1786509790530 0.0003 8138
1786509793110 0.0003 8139
1786509795690 0.0003 8140
1786509798270 0.0003 8141
1786509800852 0.0003 8142
1786509803432 0.0003 8143
1786509806013 0.0003 8144
1786509808594 0.0003 8145
1786509811175 0.0003 8146
1786509813755 0.0003 8147
1786509816335 0.0003 8148
1786509818917 0.0003 8149
1786509821500 0.0003 8150
1786509824083 0.0003 8151
1786509826664 0.0003 8152
1786509829245 0.0003 8153
1786509831828 0.0003 8154
1786509834411 0.0003 8155
1786509836991 0.0003 8156
1786509839571 0.0003 8157
1786509842151 0.0003 8158
1786509844731 0.0003 8159
1786509847312 0.0003 8160
1786509849891 0.0003 8161
1786509852470 0.0003 8162
1786509855051 0.0003 8163
1786509857630 0.0003 8164
1786509860210 0.0003 8165
1786509862791 0.0003 8166
1786509865372 0.0003 8167
1786509867954 0.0003 8168
1786509870535 0.0003 8169
1786509873117 0.0003 8170
1786509875699 0.0003 8171
1786509878280 0.0003 8172
1786509880861 0.0003 8173
1786509883442 0.0003 8174
1786509886024 0.0003 8175
1786509888605 0.0003 8176
1786509891187 0.0003 8177
1786509893769 0.0003 8178
1786509896350 0.0003 8179
1786509898931 0.0003 8180
1786509901513 0.0003 8181
1786509904093 0.0003 8182
1786509906684 0.0003 8183
1786509909264 0.0003 8184
1786509911844 0.0003 8185
1786509914426 0.0003 8186
1786509917007 0.0003 8187
1786509919589 0.0003 8188
1786509922171 0.0003 8189
1786509924753 0.0003 8190
1786509927334 0.0003 8191
1786509929916 0.0003 8192
1786509932498 0.0003 8193
1786509935080 0.0003 8194
1786509937662 0.0003 8195
1786509940244 0.0003 8196
1786509942824 0.0003 8197
1786509945406 0.0003 8198
1786509947987 0.0003 8199
1786509950568 0.0003 8200
1786509953151 0.0003 8201
1786509955733 0.0003 8202
1786509958314 0.0003 8203
1786509960896 0.0003 8204
1786509963478 0.0003 8205
1786509966059 0.0003 8206
1786509968641 0.0003 8207
1786509971224 0.0003 8208
1786509973805 0.0003 8209
1786509976387 0.0003 8210
1786509978969 0.0003 8211
1786509981551 0.0003 8212
1786509984135 0.0003 8213
1786509986716 0.0003 8214
1786509989298 0.0003 8215
1786509991879 0.0003 8216
1786509994461 0.0003 8217
1786509997044 0.0003 8218
1786509999628 0.0003 8219
1786510002211 0.0003 8220
1786510004793 0.0003 8221
1786510007376 0.0003 8222
1786510009959 0.0003 8223
1786510012542 0.0003 8224
1786510015126 0.0003 8225
1786510017714 0.0003 8226
1786510020296 0.0003 8227
1786510022877 0.0003 8228
1786510025461 0.0003 8229
1786510028043 0.0003 8230
1786510030625 0.0003 8231
1786510033205 0.0003 8232
1786510035785 0.0003 8233
1786510038365 0.0003 8234
1786510040946 0.0003 8235
1786510043527 0.0003 8236
1786510046109 0.0003 8237
1786510048691 0.0003 8238
1786510051273 0.0003 8239
1786510053855 0.0003 8240
1786510056437 0.0003 8241
1786510059019 0.0003 8242
1786510061601 0.0003 8243
1786510064182 0.0003 8244
1786510066763 0.0003 8245
1786510069347 0.0003 8246
1786510071930 0.0003 8247
1786510074513 0.0003 8248
1786510077098 0.0003 8249
1786510079682 0.0003 8250
1786510082264 0.0003 8251
1786510084843 0.0003 8252
1786510087429 0.0003 8253
1786510090013 0.0003 8254
1786510092593 0.0003 8255
1786510095174 0.0003 8256
1786510097756 0.0003 8257
1786510100336 0.0003 8258
1786510102918 0.0003 8259
1786510105497 0.0003 8260
1786510108077 0.0003 8261
1786510110657 0.0003 8262
1786510113237 0.0003 8263
1786510115818 0.0003 8264
1786510118398 0.0003 8265
1786510120979 0.0003 8266
1786510123560 0.0003 8267
1786510126141 0.0003 8268
1786510128723 0.0003 8269
1786510131304 0.0003 8270
1786510133885 0.0003 8271
1786510136467 0.0003 8272
1786510139048 0.0003 8273
1786510141629 0.0003 8274
1786510144209 0.0003 8275
1786510146790 0.0003 8276
1786510149372 0.0003 8277
1786510151953 0.0003 8278
1786510154534 0.0003 8279
1786510157115 0.0003 8280
1786510159697 0.0003 8281
1786510162278 0.0003 8282
1786510164860 0.0003 8283
1786510167441 0.0003 8284
1786510170024 0.0003 8285
1786510172605 0.0003 8286
1786510175186 0.0003 8287
1786510177767 0.0003 8288
1786510180348 0.0003 8289
1786510182930 0.0003 8290
1786510185512 0.0003 8291
1786510188093 0.0003 8292
1786510190674 0.0003 8293
1786510193255 0.0003 8294
1786510195836 0.0003 8295
1786510198416 0.0003 8296
1786510200998 0.0003 8297
1786510203579 0.0003 8298
1786510206160 0.0003 8299
1786510208741 0.0003 8300
1786510211321 0.0003 8301
1786510213903 0.0003 8302
1786510216484 0.0003 8303
1786510219064 0.0003 8304
1786510221646 0.0003 8305
1786510224228 0.0003 8306
1786510226808 0.0003 8307
1786510229389 0.0003 8308
1786510231970 0.0003 8309
1786510234552 0.0003 8310
1786510237134 0.0003 8311
1786510239714 0.0003 8312
1786510242296 0.0003 8313
1786510244877 0.0003 8314
1786510247459 0.0003 8315
1786510250040 0.0003 8316
1786510252621 0.0003 8317
1786510255201 0.0003 8318
1786510257782 0.0003 8319
1786510260363 0.0003 8320
1786510262943 0.0003 8321
1786510265522 0.0003 8322
1786510268101 0.0003 8323
1786510270682 0.0003 8324
1786510273272 0.0003 8325
1786510275852 0.0003 8326
1786510278433 0.0003 8327
1786510281020 0.0003 8328
1786510283609 0.0003 8329
1786510286198 0.0003 8330
1786510288787 0.0003 8331
1786510291376 0.0003 8332
1786510293967 0.0003 8333
1786510296558 0.0003 8334
1786510299147 0.0003 8335
1786510301736 0.0003 8336
1786510304328 0.0003 8337
1786510306916 0.0003 8338
1786510309504 0.0003 8339
1786510312096 0.0003 8340
1786510314683 0.0003 8341
1786510317272 0.0003 8342
1786510319864 0.0003 8343
1786510322451 0.0003 8344
1786510325036 0.0003 8345
1786510327623 0.0003 8346
1786510330211 0.0003 8347
1786510332799 0.0003 8348
1786510335386 0.0003 8349
1786510337975 0.0003 8350
1786510340561 0.0003 8351
1786510343150 0.0003 8352
1786510345741 0.0003 8353
1786510348327 0.0003 8354
1786510350915 0.0003 8355
1786510353503 0.0003 8356
1786510356097 0.0003 8357
1786510358683 0.0003 8358
1786510361269 0.0003 8359
1786510363860 0.0003 8360
1786510366469 0.0003 8361
1786510369069 0.0003 8362
1786510371658 0.0003 8363
1786510374243 0.0003 8364
1786510376829 0.0003 8365
1786510379415 0.0003 8366
1786510381999 0.0003 8367
1786510384577 0.0003 8368
1786510387158 0.0003 8369
1786510389738 0.0003 8370
1786510392318 0.0003 8371
1786510394899 0.0003 8372
1786510397482 0.0003 8373
1786510400062 0.0003 8374
1786510402641 0.0003 8375
1786510405223 0.0003 8376
1786510407804 0.0003 8377
1786510410386 0.0003 8378
1786510412965 0.0003 8379
1786510415545 0.0003 8380
1786510418125 0.0003 8381
1786510420706 0.0003 8382
1786510423287 0.0003 8383
1786510425867 0.0003 8384
1786510428447 0.0003 8385
1786510431027 0.0003 8386
1786510433609 0.0003 8387
1786510436190 0.0003 8388
1786510438771 0.0003 8389
1786510441351 0.0003 8390
1786510443932 0.0003 8391
1786510446513 0.0003 8392
1786510449093 0.0003 8393
1786510451671 0.0003 8394
1786510454251 0.0003 8395
1786510456835 0.0003 8396
1786510459415 0.0003 8397
1786510461995 0.0003 8398
1786510464575 0.0003 8399
1786510467157 0.0003 8400
1786510469739 0.0003 8401
1786510472318 0.0003 8402
1786510474898 0.0003 8403
1786510477480 0.0003 8404
1786510480059 0.0003 8405
1786510482639 0.0003 8406
1786510485219 0.0003 8407
1786510487799 0.0003 8408
1786510490381 0.0003 8409
1786510492961 0.0003 8410
1786510495543 0.0003 8411
1786510498123 0.0003 8412
1786510500704 0.0003 8413
1786510503284 0.0003 8414
1786510505866 0.0003 8415
1786510508450 0.0003 8416
1786510511027 0.0003 8417
1786510513603 0.0003 8418
1786510516181 0.0003 8419
1786510518757 0.0003 8420
1786510521335 0.0003 8421
1786510523911 0.0003 8422
1786510526494 0.0003 8423
1786510529079 0.0003 8424
1786510531657 0.0003 8425
1786510534236 0.0003 8426
1786510536818 0.0003 8427
1786510539403 0.0003 8428
1786510541986 0.0003 8429
1786510544567 0.0003 8430
1786510547147 0.0003 8431
1786510549727 0.0003 8432
1786510552312 0.0003 8433
1786510554892 0.0003 8434
1786510557470 0.0003 8435
1786510560046 0.0003 8436
1786510562623 0.0003 8437
1786510565200 0.0003 8438
1786510567778 0.0003 8439
1786510570356 0.0003 8440
1786510572937 0.0003 8441
1786510575522 0.0003 8442
1786510578109 0.0003 8443
1786510580695 0.0003 8444
1786510583277 0.0003 8445
1786510585858 0.0003 8446
1786510588441 0.0003 8447
1786510591022 0.0003 8448
1786510593608 0.0003 8449
1786510596196 0.0003 8450
1786510598778 0.0003 8451
1786510601359 0.0003 8452
1786510603940 0.0003 8453
1786510606522 0.0003 8454
1786510609105 0.0003 8455
1786510611686 0.0003 8456
1786510614271 0.0003 8457
1786510616861 0.0003 8458
1786510619441 0.0003 8459
1786510622021 0.0003 8460
1786510624600 0.0003 8461
1786510627181 0.0003 8462
1786510629761 0.0003 8463
1786510632340 0.0003 8464
1786510634920 0.0003 8465
1786510637501 0.0003 8466
1786510640084 0.0003 8467
1786510642664 0.0003 8468
1786510645245 0.0003 8469
1786510647827 0.0003 8470
1786510650410 0.0003 8471
1786510652993 0.0003 8472
1786510655573 0.0003 8473
1786510658153 0.0003 8474
1786510660733 0.0003 8475
1786510663312 0.0003 8476
1786510665892 0.0003 8477
1786510668471 0.0003 8478
1786510671052 0.0003 8479
1786510673633 0.0003 8480
1786510676213 0.0003 8481
1786510678792 0.0003 8482
1786510681372 0.0003 8483
1786510683951 0.0003 8484
1786510686531 0.0003 8485
1786510689110 0.0003 8486
1786510691690 0.0003 8487
1786510694270 0.0003 8488
1786510696849 0.0003 8489
1786510699429 0.0003 8490
1786510702006 0.0003 8491
1786510704581 0.0003 8492
1786510707156 0.0003 8493
1786510709732 0.0003 8494
1786510712310 0.0003 8495
1786510714886 0.0003 8496
1786510717462 0.0003 8497
1786510720039 0.0003 8498
1786510722615 0.0003 8499
1786510726587 0.0003 8500
1786510729163 0.0003 8501
1786510731740 0.0003 8502
1786510734318 0.0003 8503
1786510736895 0.0003 8504
1786510739472 0.0003 8505
1786510742048 0.0003 8506
1786510744624 0.0003 8507
1786510747200 0.0003 8508
1786510749776 0.0003 8509
1786510752352 0.0003 8510
1786510754927 0.0003 8511
1786510757503 0.0003 8512
1786510760078 0.0003 8513
1786510762654 0.0003 8514
1786510765234 0.0003 8515
1786510767816 0.0003 8516
1786510770398 0.0003 8517
1786510772979 0.0003 8518
1786510775559 0.0003 8519
1786510778140 0.0003 8520
1786510780721 0.0003 8521
1786510783302 0.0003 8522
1786510785882 0.0003 8523
1786510788465 0.0003 8524
1786510791054 0.0003 8525
1786510793636 0.0003 8526
1786510796217 0.0003 8527
1786510798797 0.0003 8528
1786510801372 0.0003 8529
1786510803954 0.0003 8530
1786510806541 0.0003 8531
1786510809117 0.0003 8532
1786510811698 0.0003 8533
1786510814281 0.0003 8534
1786510816864 0.0003 8535
1786510819443 0.0003 8536
1786510822018 0.0003 8537
1786510824594 0.0003 8538
1786510827169 0.0003 8539
1786510829743 0.0003 8540
1786510832317 0.0003 8541
1786510834892 0.0003 8542
1786510837470 0.0003 8543
1786510840045 0.0003 8544
1786510842620 0.0003 8545
1786510845194 0.0003 8546
1786510847768 0.0003 8547
1786510850345 0.0003 8548
1786510852921 0.0003 8549
1786510855499 0.0003 8550
1786510858075 0.0003 8551
1786510860651 0.0003 8552
1786510863227 0.0003 8553
1786510865802 0.0003 8554
1786510868378 0.0003 8555
1786510870955 0.0003 8556
1786510873531 0.0003 8557
1786510876107 0.0003 8558
1786510878682 0.0003 8559
1786510881258 0.0003 8560
1786510883834 0.0003 8561
1786510886411 0.0003 8562
1786510888987 0.0003 8563
1786510891563 0.0003 8564
1786510894139 0.0003 8565
1786510896716 0.0003 8566
1786510899292 0.0003 8567
1786510901868 0.0003 8568
1786510904443 0.0003 8569
1786510907019 0.0003 8570
1786510909595 0.0003 8571
1786510912170 0.0003 8572
1786510914746 0.0003 8573
1786510917322 0.0003 8574
1786510919898 0.0003 8575
1786510922474 0.0003 8576
1786510925050 0.0003 8577
1786510927626 0.0003 8578
1786510930201 0.0003 8579
1786510932777 0.0003 8580
1786510935356 0.0003 8581
1786510937932 0.0003 8582
1786510940507 0.0003 8583
1786510943083 0.0003 8584
1786510945659 0.0003 8585
1786510948236 0.0003 8586
1786510950811 0.0003 8587
1786510953388 0.0003 8588
1786510955964 0.0003 8589
1786510958540 0.0003 8590
1786510961116 0.0003 8591
1786510963692 0.0003 8592
1786510966269 0.0003 8593
1786510968846 0.0003 8594
1786510971422 0.0003 8595
1786510973999 0.0003 8596
1786510976575 0.0003 8597
1786510979151 0.0003 8598
1786510981727 0.0003 8599
1786510984302 0.0003 8600
1786510986879 0.0003 8601
1786510989455 0.0003 8602
1786510992030 0.0003 8603
1786510994606 0.0003 8604
1786510997182 0.0003 8605
1786510999760 0.0003 8606
1786511002340 0.0003 8607
1786511004920 0.0003 8608
1786511007500 0.0003 8609
1786511010080 0.0003 8610
1786511012660 0.0003 8611
1786511015240 0.0003 8612
1786511017819 0.0003 8613
1786511020399 0.0003 8614
1786511022978 0.0003 8615
1786511025556 0.0003 8616
1786511028135 0.0003 8617
1786511030713 0.0003 8618
1786511033294 0.0003 8619
1786511035874 0.0003 8620
1786511038454 0.0003 8621
1786511041035 0.0003 8622
1786511043613 0.0003 8623
1786511046192 0.0003 8624
1786511048770 0.0003 8625
1786511051349 0.0003 8626
1786511053927 0.0003 8627
1786511056506 0.0003 8628
1786511059086 0.0003 8629
1786511061665 0.0003 8630
1786511064245 0.0003 8631
1786511066825 0.0003 8632
1786511069407 0.0003 8633
1786511071986 0.0003 8634
1786511074566 0.0003 8635
1786511077147 0.0003 8636
1786511079730 0.0003 8637
1786511082309 0.0003 8638
1786511084888 0.0003 8639
1786511087467 0.0003 8640
1786511090049 0.0003 8641
1786511092629 0.0003 8642
1786511095209 0.0003 8643
1786511097790 0.0003 8644
1786511100372 0.0003 8645
1786511102951 0.0003 8646
1786511105530 0.0003 8647
1786511108109 0.0003 8648
1786511110688 0.0003 8649
1786511113267 0.0003 8650
1786511115846 0.0003 8651
1786511118426 0.0003 8652
1786511121008 0.0003 8653
1786511123589 0.0003 8654
1786511126168 0.0003 8655
1786511128748 0.0003 8656
1786511131330 0.0003 8657
1786511133909 0.0003 8658
1786511136489 0.0003 8659
1786511139069 0.0003 8660
1786511141649 0.0003 8661
1786511144229 0.0003 8662
1786511146808 0.0003 8663
1786511149388 0.0003 8664
1786511151967 0.0003 8665
1786511154547 0.0003 8666
1786511157130 0.0003 8667
1786511159709 0.0003 8668
1786511162290 0.0003 8669
1786511164871 0.0003 8670
1786511167451 0.0003 8671
1786511170029 0.0003 8672
1786511172611 0.0003 8673
1786511175197 0.0003 8674
1786511177778 0.0003 8675
1786511180358 0.0003 8676
1786511182932 0.0003 8677
1786511185514 0.0003 8678
1786511188094 0.0003 8679
1786511190675 0.0003 8680
1786511193258 0.0003 8681
1786511195840 0.0003 8682
1786511198423 0.0003 8683
1786511201004 0.0003 8684
1786511203584 0.0003 8685
1786511206163 0.0003 8686
1786511208743 0.0003 8687
1786511211325 0.0003 8688
1786511213909 0.0003 8689
1786511216488 0.0003 8690
1786511219065 0.0003 8691
1786511221640 0.0003 8692
1786511224214 0.0003 8693
1786511226789 0.0003 8694
1786511229365 0.0003 8695
1786511231940 0.0003 8696
1786511234516 0.0003 8697
1786511237092 0.0003 8698
1786511239667 0.0003 8699
1786511242243 0.0003 8700
1786511244821 0.0003 8701
1786511247396 0.0003 8702
1786511249972 0.0003 8703
1786511252547 0.0003 8704
1786511255123 0.0003 8705
1786511257699 0.0003 8706
1786511260274 0.0003 8707
1786511262850 0.0003 8708
1786511265424 0.0003 8709
1786511267998 0.0003 8710
1786511270573 0.0003 8711
1786511273149 0.0003 8712
1786511275725 0.0003 8713
1786511278300 0.0003 8714
1786511280876 0.0003 8715
1786511283451 0.0003 8716
1786511286026 0.0003 8717
1786511288600 0.0003 8718
1786511291174 0.0003 8719
1786511293748 0.0003 8720
1786511296325 0.0003 8721
1786511298901 0.0003 8722
1786511301476 0.0003 8723
1786511304052 0.0003 8724
1786511306627 0.0003 8725
1786511309202 0.0003 8726
1786511311778 0.0003 8727
1786511314354 0.0003 8728
1786511316931 0.0003 8729
1786511319507 0.0003 8730
1786511322082 0.0003 8731
1786511324658 0.0003 8732
1786511327235 0.0003 8733
1786511329812 0.0003 8734
1786511332387 0.0003 8735
1786511334963 0.0003 8736
1786511337541 0.0003 8737
1786511340117 0.0003 8738
1786511342692 0.0003 8739
1786511345268 0.0003 8740
1786511347844 0.0003 8741
1786511350419 0.0003 8742
1786511352994 0.0003 8743
1786511355570 0.0003 8744
1786511358146 0.0003 8745
1786511360723 0.0003 8746
1786511363299 0.0003 8747
1786511365874 0.0003 8748
1786511368449 0.0003 8749
1786511371023 0.0003 8750
1786511373597 0.0003 8751
1786511376171 0.0003 8752
1786511378747 0.0003 8753
1786511381323 0.0003 8754
1786511383898 0.0003 8755
1786511386474 0.0003 8756
1786511389049 0.0003 8757
1786511391625 0.0003 8758
1786511394201 0.0003 8759
1786511396776 0.0003 8760
1786511399353 0.0003 8761
1786511401928 0.0003 8762
1786511404504 0.0003 8763
1786511407080 0.0003 8764
1786511409656 0.0003 8765
1786511412232 0.0003 8766
1786511414807 0.0003 8767
1786511417383 0.0003 8768
1786511419959 0.0003 8769
1786511422534 0.0003 8770
1786511425110 0.0003 8771
1786511427687 0.0003 8772
1786511430264 0.0003 8773
1786511432839 0.0003 8774
1786511435415 0.0003 8775
1786511437991 0.0003 8776
1786511440568 0.0003 8777
1786511443144 0.0003 8778
1786511445719 0.0003 8779
1786511448294 0.0003 8780
1786511450871 0.0003 8781
1786511453448 0.0003 8782
1786511456024 0.0003 8783
1786511458605 0.0003 8784
1786511461185 0.0003 8785
1786511463762 0.0003 8786
1786511466340 0.0003 8787
1786511468918 0.0003 8788
1786511471493 0.0003 8789
1786511474070 0.0003 8790
1786511476646 0.0003 8791
1786511479221 0.0003 8792
1786511481797 0.0003 8793
1786511484373 0.0003 8794
1786511486947 0.0003 8795
1786511489523 0.0003 8796
1786511492101 0.0003 8797
1786511494677 0.0003 8798
1786511497256 0.0003 8799
1786511499833 0.0003 8800
1786511502412 0.0003 8801
1786511504993 0.0003 8802
1786511507574 0.0003 8803
1786511510155 0.0003 8804
1786511512736 0.0003 8805
1786511515322 0.0003 8806
1786511517903 0.0003 8807
1786511520484 0.0003 8808
1786511523065 0.0003 8809
1786511525648 0.0003 8810
1786511528228 0.0003 8811
1786511530809 0.0003 8812
1786511533389 0.0003 8813
1786511535968 0.0003 8814
1786511538548 0.0003 8815
1786511541128 0.0003 8816
1786511543710 0.0003 8817
1786511546289 0.0003 8818
1786511548869 0.0003 8819
1786511551447 0.0003 8820
1786511554024 0.0003 8821
1786511556600 0.0003 8822
1786511559178 0.0003 8823
1786511561755 0.0003 8824
1786511564331 0.0003 8825
1786511566907 0.0003 8826
1786511569483 0.0003 8827
1786511572061 0.0003 8828
1786511574643 0.0003 8829
1786511577228 0.0003 8830
1786511579809 0.0003 8831
1786511582390 0.0003 8832
1786511584971 0.0003 8833
1786511587552 0.0003 8834
1786511590134 0.0003 8835
1786511592715 0.0003 8836
1786511595301 0.0003 8837
1786511597881 0.0003 8838
1786511600461 0.0003 8839
1786511603043 0.0003 8840
1786511605628 0.0003 8841
1786511608212 0.0003 8842
1786511610792 0.0003 8843
1786511613374 0.0003 8844
1786511615954 0.0003 8845
1786511618534 0.0003 8846
1786511621115 0.0003 8847
1786511623695 0.0003 8848
1786511626278 0.0003 8849
1786511628858 0.0003 8850
1786511631439 0.0003 8851
1786511634022 0.0003 8852
1786511636609 0.0003 8853
1786511639191 0.0003 8854
1786511641771 0.0003 8855
1786511644351 0.0003 8856
1786511646933 0.0003 8857
1786511649514 0.0003 8858
1786511652095 0.0003 8859
1786511654675 0.0003 8860
1786511657257 0.0003 8861
1786511659836 0.0003 8862
1786511662416 0.0003 8863
1786511664998 0.0003 8864
1786511667579 0.0003 8865
1786511670160 0.0003 8866
1786511672741 0.0003 8867
1786511675322 0.0003 8868
1786511677906 0.0003 8869
1786511680490 0.0003 8870
1786511683070 0.0003 8871
1786511685655 0.0003 8872
1786511688237 0.0003 8873
1786511690822 0.0003 8874
1786511693408 0.0003 8875
1786511695994 0.0003 8876
1786511698575 0.0003 8877
1786511701156 0.0003 8878
1786511703736 0.0003 8879
1786511706327 0.0003 8880
1786511708908 0.0003 8881
1786511711488 0.0003 8882
1786511714068 0.0003 8883
1786511716650 0.0003 8884
1786511719231 0.0003 8885
1786511721821 0.0003 8886
1786511724402 0.0003 8887
1786511726984 0.0003 8888
1786511729565 0.0003 8889
1786511732146 0.0003 8890
1786511734727 0.0003 8891
1786511737307 0.0003 8892
1786511739887 0.0003 8893
1786511742470 0.0003 8894
1786511745055 0.0003 8895
1786511747640 0.0003 8896
1786511750221 0.0003 8897
1786511752802 0.0003 8898
1786511755378 0.0003 8899
1786511757953 0.0003 8900
1786511760527 0.0003 8901
1786511763101 0.0003 8902
1786511765676 0.0003 8903
1786511768254 0.0003 8904
1786511770836 0.0003 8905
1786511773418 0.0003 8906
1786511776001 0.0003 8907
1786511778585 0.0003 8908
1786511781166 0.0003 8909
1786511783749 0.0003 8910
1786511786331 0.0003 8911
1786511788912 0.0003 8912
1786511791493 0.0003 8913
1786511794074 0.0003 8914
1786511796653 0.0003 8915
1786511799229 0.0003 8916
1786511801809 0.0003 8917
1786511804390 0.0003 8918
1786511806970 0.0003 8919
1786511809551 0.0003 8920
1786511812132 0.0003 8921
1786511814715 0.0003 8922
1786511817299 0.0003 8923
1786511819883 0.0003 8924
1786511822462 0.0003 8925
1786511825044 0.0003 8926
1786511827624 0.0003 8927
1786511830204 0.0003 8928
1786511832785 0.0003 8929
1786511835366 0.0003 8930
1786511837946 0.0003 8931
1786511840526 0.0003 8932
1786511843106 0.0003 8933
1786511845686 0.0003 8934
1786511848265 0.0003 8935
1786511850849 0.0003 8936
1786511853436 0.0003 8937
1786511856016 0.0003 8938
1786511858598 0.0003 8939
1786511861180 0.0003 8940
1786511863760 0.0003 8941
1786511866340 0.0003 8942
1786511868920 0.0003 8943
1786511871504 0.0003 8944
1786511874084 0.0003 8945
1786511876664 0.0003 8946
1786511879245 0.0003 8947
1786511881827 0.0003 8948
1786511884409 0.0003 8949
1786511886990 0.0003 8950
1786511889571 0.0003 8951
1786511892162 0.0003 8952
1786511894748 0.0003 8953
1786511897335 0.0003 8954
1786511899917 0.0003 8955
1786511902498 0.0003 8956
1786511905078 0.0003 8957
1786511907659 0.0003 8958
1786511910240 0.0003 8959
1786511912822 0.0003 8960
1786511915401 0.0003 8961
1786511917983 0.0003 8962
1786511920563 0.0003 8963
1786511923145 0.0003 8964
1786511925726 0.0003 8965
1786511928307 0.0003 8966
1786511930887 0.0003 8967
1786511933469 0.0003 8968
1786511936052 0.0003 8969
1786511938633 0.0003 8970
1786511941212 0.0003 8971
1786511943792 0.0003 8972
1786511946373 0.0003 8973
1786511948953 0.0003 8974
1786511951533 0.0003 8975
1786511954115 0.0003 8976
1786511956695 0.0003 8977
1786511959275 0.0003 8978
1786511961855 0.0003 8979
1786511964436 0.0003 8980
1786511967018 0.0003 8981
1786511969600 0.0003 8982
1786511972183 0.0003 8983
1786511974767 0.0003 8984
1786511977347 0.0003 8985
1786511979928 0.0003 8986
1786511982510 0.0003 8987
1786511985092 0.0003 8988
1786511987673 0.0003 8989
1786511990255 0.0003 8990
1786511992835 0.0003 8991
1786511995412 0.0003 8992
1786511997993 0.0003 8993
1786512000574 0.0003 8994
1786512003156 0.0003 8995
1786512005738 0.0003 8996
1786512008319 0.0003 8997
1786512010896 0.0003 8998
1786512013473 0.0003 8999
1786512017443 0.0003 9000
1786512020019 0.0003 9001
1786512022594 0.0003 9002
1786512025171 0.0003 9003
1786512027750 0.0003 9004
1786512030331 0.0003 9005
1786512032912 0.0003 9006
1786512035496 0.0003 9007
1786512038077 0.0003 9008
1786512040657 0.0003 9009
1786512043237 0.0003 9010
1786512045819 0.0003 9011
1786512048400 0.0003 9012
1786512050982 0.0003 9013
1786512053563 0.0003 9014
1786512056146 0.0003 9015
1786512058727 0.0003 9016
1786512061306 0.0003 9017
1786512063885 0.0003 9018
1786512066460 0.0003 9019
1786512069035 0.0003 9020
1786512071610 0.0003 9021
1786512074189 0.0003 9022
1786512076768 0.0003 9023
1786512079348 0.0003 9024
1786512081928 0.0003 9025
1786512084508 0.0003 9026
1786512087088 0.0003 9027
1786512089668 0.0003 9028
1786512092248 0.0003 9029
1786512094826 0.0003 9030
1786512097406 0.0003 9031
1786512099984 0.0003 9032
1786512102562 0.0003 9033
1786512105140 0.0003 9034
1786512107720 0.0003 9035
1786512110299 0.0003 9036
1786512112878 0.0003 9037
1786512115464 0.0003 9038
1786512118048 0.0003 9039
1786512120630 0.0003 9040
1786512123211 0.0003 9041
1786512125792 0.0003 9042
1786512128374 0.0003 9043
1786512130955 0.0003 9044
1786512133535 0.0003 9045
1786512136111 0.0003 9046
1786512138687 0.0003 9047
1786512141263 0.0003 9048
1786512143840 0.0003 9049
1786512146420 0.0003 9050
1786512149003 0.0003 9051
1786512151584 0.0003 9052
1786512154166 0.0003 9053
1786512156748 0.0003 9054
1786512159330 0.0003 9055
1786512161911 0.0003 9056
1786512164494 0.0003 9057
1786512167075 0.0003 9058
1786512169658 0.0003 9059
1786512172240 0.0003 9060
1786512174827 0.0003 9061
1786512177408 0.0003 9062
1786512179989 0.0003 9063
1786512182571 0.0003 9064
1786512185154 0.0003 9065
1786512187737 0.0003 9066
1786512190320 0.0003 9067
1786512192899 0.0003 9068
1786512195479 0.0003 9069
1786512198059 0.0003 9070
1786512200641 0.0003 9071
1786512203220 0.0003 9072
1786512205803 0.0003 9073
1786512208384 0.0003 9074
1786512210965 0.0003 9075
1786512213546 0.0003 9076
1786512216126 0.0003 9077
1786512218708 0.0003 9078
1786512221288 0.0003 9079
1786512223867 0.0003 9080
1786512226446 0.0003 9081
1786512229026 0.0003 9082
1786512231609 0.0003 9083
1786512234190 0.0003 9084
1786512236770 0.0003 9085
1786512239346 0.0003 9086
1786512241921 0.0003 9087
1786512244498 0.0003 9088
1786512247076 0.0003 9089
1786512249652 0.0003 9090
1786512252229 0.0003 9091
1786512254808 0.0003 9092
1786512257387 0.0003 9093
1786512259972 0.0003 9094
1786512262555 0.0003 9095
1786512265136 0.0003 9096
1786512267719 0.0003 9097
1786512270307 0.0003 9098
1786512272887 0.0003 9099
1786512275470 0.0003 9100
1786512278057 0.0003 9101
1786512280642 0.0003 9102
1786512283223 0.0003 9103
1786512285804 0.0003 9104
1786512288384 0.0003 9105
1786512290967 0.0003 9106
1786512293547 0.0003 9107
1786512296128 0.0003 9108
1786512298710 0.0003 9109
1786512301294 0.0003 9110
1786512303876 0.0003 9111
1786512306457 0.0003 9112
1786512309039 0.0003 9113
1786512311622 0.0003 9114
1786512314203 0.0003 9115
1786512316779 0.0003 9116
1786512319355 0.0003 9117
1786512321930 0.0003 9118
1786512324507 0.0003 9119
1786512327082 0.0003 9120
1786512329658 0.0003 9121
1786512332234 0.0003 9122
1786512334811 0.0003 9123
1786512337387 0.0003 9124
1786512339963 0.0003 9125
1786512342539 0.0003 9126
1786512345115 0.0003 9127
1786512347690 0.0003 9128
1786512350266 0.0003 9129
1786512352841 0.0003 9130
1786512355416 0.0003 9131
1786512357992 0.0003 9132
1786512360568 0.0003 9133
1786512363144 0.0003 9134
1786512365719 0.0003 9135
1786512368293 0.0003 9136
1786512370867 0.0003 9137
1786512373441 0.0003 9138
1786512376018 0.0003 9139
1786512378593 0.0003 9140
1786512381169 0.0003 9141
1786512383744 0.0003 9142
1786512386320 0.0003 9143
1786512388895 0.0003 9144
1786512391471 0.0003 9145
1786512394046 0.0003 9146
1786512396621 0.0003 9147
1786512399196 0.0003 9148
1786512401771 0.0003 9149
1786512404347 0.0003 9150
1786512406924 0.0003 9151
1786512409504 0.0003 9152
1786512412083 0.0003 9153
1786512414664 0.0003 9154
1786512417243 0.0003 9155
1786512419822 0.0003 9156
1786512422401 0.0003 9157
1786512424979 0.0003 9158
1786512427558 0.0003 9159
1786512430137 0.0003 9160
1786512432716 0.0003 9161
1786512435295 0.0003 9162
1786512437875 0.0003 9163
1786512440456 0.0003 9164
1786512443038 0.0003 9165
1786512445618 0.0003 9166
1786512448199 0.0003 9167
1786512450780 0.0003 9168
1786512453362 0.0003 9169
1786512455944 0.0003 9170
1786512458527 0.0003 9171
1786512461109 0.0003 9172
1786512463690 0.0003 9173
1786512466269 0.0003 9174
1786512468847 0.0003 9175
1786512471426 0.0003 9176
1786512474009 0.0003 9177
1786512476598 0.0003 9178
1786512479179 0.0003 9179
1786512481759 0.0003 9180
1786512484338 0.0003 9181
1786512486919 0.0003 9182
1786512489500 0.0003 9183
1786512492081 0.0003 9184
1786512494663 0.0003 9185
1786512497244 0.0003 9186
1786512499824 0.0003 9187
1786512502405 0.0003 9188
1786512504988 0.0003 9189
1786512507570 0.0003 9190
1786512510149 0.0003 9191
1786512512731 0.0003 9192
1786512515312 0.0003 9193
1786512517894 0.0003 9194
1786512520475 0.0003 9195
1786512523055 0.0003 9196
1786512525636 0.0003 9197
1786512528217 0.0003 9198
1786512530797 0.0003 9199
1786512533381 0.0003 9200
1786512535965 0.0003 9201
1786512538546 0.0003 9202
1786512541129 0.0003 9203
1786512543713 0.0003 9204
1786512546296 0.0003 9205
1786512548877 0.0003 9206
1786512551458 0.0003 9207
1786512554039 0.0003 9208
1786512556620 0.0003 9209
1786512559201 0.0003 9210
1786512561782 0.0003 9211
1786512564362 0.0003 9212
1786512566943 0.0003 9213
1786512569524 0.0003 9214
1786512572104 0.0003 9215
1786512574686 0.0003 9216
1786512577267 0.0003 9217
1786512579847 0.0003 9218
1786512582427 0.0003 9219
1786512585009 0.0003 9220
1786512587591 0.0003 9221
1786512590172 0.0003 9222
1786512592754 0.0003 9223
1786512595333 0.0003 9224
1786512597913 0.0003 9225
1786512600493 0.0003 9226
1786512603074 0.0003 9227
1786512605668 0.0003 9228
1786512608248 0.0003 9229
1786512610828 0.0003 9230
1786512613409 0.0003 9231
1786512615985 0.0003 9232
1786512618562 0.0003 9233
1786512621138 0.0003 9234
1786512623714 0.0003 9235
1786512626289 0.0003 9236
1786512628865 0.0003 9237
1786512631441 0.0003 9238
1786512634016 0.0003 9239
1786512636592 0.0003 9240
1786512639169 0.0003 9241
1786512641745 0.0003 9242
1786512644320 0.0003 9243
1786512646902 0.0003 9244
1786512649484 0.0003 9245
1786512652065 0.0003 9246
1786512654651 0.0003 9247
1786512657236 0.0003 9248
1786512659816 0.0003 9249
1786512662396 0.0003 9250
1786512664977 0.0003 9251
1786512667557 0.0003 9252
1786512670138 0.0003 9253
1786512672721 0.0003 9254
1786512675303 0.0003 9255
1786512677883 0.0003 9256
1786512680464 0.0003 9257
1786512683046 0.0003 9258
1786512685627 0.0003 9259
1786512688207 0.0003 9260
1786512690796 0.0003 9261
1786512693377 0.0003 9262
1786512695958 0.0003 9263
1786512698542 0.0003 9264
1786512701126 0.0003 9265
1786512703712 0.0003 9266
1786512706293 0.0003 9267
1786512708874 0.0003 9268
1786512711455 0.0003 9269
1786512714035 0.0003 9270
1786512716616 0.0003 9271
1786512719196 0.0003 9272
1786512721776 0.0003 9273
1786512724356 0.0003 9274
1786512726937 0.0003 9275
1786512729518 0.0003 9276
1786512732098 0.0003 9277
1786512734678 0.0003 9278
1786512737263 0.0003 9279
1786512739844 0.0003 9280
1786512742425 0.0003 9281
1786512745005 0.0003 9282
1786512747584 0.0003 9283
1786512750165 0.0003 9284
1786512752744 0.0003 9285
1786512755323 0.0003 9286
1786512757904 0.0003 9287
1786512760483 0.0003 9288
1786512763062 0.0003 9289
1786512765641 0.0003 9290
1786512768220 0.0003 9291
1786512770803 0.0003 9292
1786512773381 0.0003 9293
1786512775963 0.0003 9294
1786512778543 0.0003 9295
1786512781124 0.0003 9296
1786512783706 0.0003 9297
1786512786287 0.0003 9298
1786512788868 0.0003 9299
1786512791451 0.0003 9300
1786512794033 0.0003 9301
1786512796615 0.0003 9302
1786512799196 0.0003 9303
1786512801779 0.0003 9304
1786512804361 0.0003 9305
1786512806942 0.0003 9306
1786512809524 0.0003 9307
1786512812106 0.0003 9308
1786512814687 0.0003 9309
1786512817271 0.0003 9310
1786512819852 0.0003 9311
1786512822432 0.0003 9312
1786512825013 0.0003 9313
1786512827593 0.0003 9314
1786512830174 0.0003 9315
1786512832754 0.0003 9316
1786512835335 0.0003 9317
1786512837917 0.0003 9318
1786512840498 0.0003 9319
1786512843079 0.0003 9320
1786512845660 0.0003 9321
1786512848242 0.0003 9322
1786512850822 0.0003 9323
1786512853408 0.0003 9324
1786512855988 0.0003 9325
1786512858568 0.0003 9326
1786512861148 0.0003 9327
1786512863728 0.0003 9328
1786512866308 0.0003 9329
1786512868888 0.0003 9330
1786512871469 0.0003 9331
1786512874049 0.0003 9332
1786512876631 0.0003 9333
1786512879209 0.0003 9334
1786512881788 0.0003 9335
1786512884367 0.0003 9336
1786512886946 0.0003 9337
1786512889524 0.0003 9338
1786512892105 0.0003 9339
1786512894685 0.0003 9340
1786512897261 0.0003 9341
1786512899835 0.0003 9342
1786512902413 0.0003 9343
1786512904989 0.0003 9344
1786512907565 0.0003 9345
1786512910139 0.0003 9346
1786512912714 0.0003 9347
1786512915290 0.0003 9348
1786512917864 0.0003 9349
1786512920439 0.0003 9350
1786512923013 0.0003 9351
1786512925589 0.0003 9352
1786512928163 0.0003 9353
1786512930738 0.0003 9354
1786512933317 0.0003 9355
1786512935891 0.0003 9356
1786512938466 0.0003 9357
1786512941041 0.0003 9358
1786512943615 0.0003 9359
1786512946191 0.0003 9360
1786512948765 0.0003 9361
1786512951341 0.0003 9362
1786512953917 0.0003 9363
1786512956492 0.0003 9364
1786512959067 0.0003 9365
1786512961641 0.0003 9366
1786512964216 0.0003 9367
1786512966794 0.0003 9368
1786512969370 0.0003 9369
1786512971947 0.0003 9370
1786512974528 0.0003 9371
1786512977109 0.0003 9372
1786512979689 0.0003 9373
1786512982270 0.0003 9374
1786512984852 0.0003 9375
1786512987434 0.0003 9376
1786512990017 0.0003 9377
1786512992598 0.0003 9378
1786512995179 0.0003 9379
1786512997761 0.0003 9380
1786513000348 0.0003 9381
1786513002930 0.0003 9382
1786513005512 0.0003 9383
1786513008096 0.0003 9384
1786513010678 0.0003 9385
1786513013261 0.0003 9386
1786513015842 0.0003 9387
1786513018425 0.0003 9388
1786513021008 0.0003 9389
1786513023589 0.0003 9390
1786513026173 0.0003 9391
1786513028754 0.0003 9392
1786513031336 0.0003 9393
1786513033918 0.0003 9394
1786513036500 0.0003 9395
1786513039083 0.0003 9396
1786513041664 0.0003 9397
1786513044246 0.0003 9398
1786513046828 0.0003 9399
1786513049413 0.0003 9400
1786513051995 0.0003 9401
1786513054576 0.0003 9402
1786513057166 0.0003 9403
1786513059755 0.0003 9404
1786513062344 0.0003 9405
1786513064939 0.0003 9406
1786513067523 0.0003 9407
1786513070112 0.0003 9408
1786513072701 0.0003 9409
1786513075287 0.0003 9410
1786513077875 0.0003 9411
1786513080463 0.0003 9412
1786513083051 0.0003 9413
1786513085639 0.0003 9414
1786513088224 0.0003 9415
1786513090806 0.0003 9416
1786513093387 0.0003 9417
1786513095967 0.0003 9418
1786513098554 0.0003 9419
1786513101137 0.0003 9420
1786513103718 0.0003 9421
1786513106299 0.0003 9422
1786513108877 0.0003 9423
1786513111457 0.0003 9424
1786513114035 0.0003 9425
1786513116616 0.0003 9426
1786513119198 0.0003 9427
1786513121779 0.0003 9428
1786513124359 0.0003 9429
1786513126939 0.0003 9430
1786513129521 0.0003 9431
1786513132103 0.0003 9432
1786513134692 0.0003 9433
1786513137276 0.0003 9434
1786513139859 0.0003 9435
1786513142441 0.0003 9436
1786513145023 0.0003 9437
1786513147605 0.0003 9438
1786513150187 0.0003 9439
1786513152772 0.0003 9440
1786513155356 0.0003 9441
1786513157940 0.0003 9442
1786513160521 0.0003 9443
1786513163109 0.0003 9444
1786513165691 0.0003 9445
1786513168271 0.0003 9446
1786513170854 0.0003 9447
1786513173434 0.0003 9448
1786513176015 0.0003 9449
1786513178596 0.0003 9450
1786513181178 0.0003 9451
1786513183758 0.0003 9452
1786513186337 0.0003 9453
1786513188923 0.0003 9454
1786513191506 0.0003 9455
1786513194088 0.0003 9456
1786513196679 0.0003 9457
1786513199259 0.0003 9458
1786513201844 0.0003 9459
1786513204429 0.0003 9460
1786513207014 0.0003 9461
1786513209599 0.0003 9462
1786513212184 0.0003 9463
1786513214769 0.0003 9464
1786513217355 0.0003 9465
1786513219940 0.0003 9466
1786513222528 0.0003 9467
1786513225113 0.0003 9468
1786513227698 0.0003 9469
1786513230286 0.0003 9470
1786513232871 0.0003 9471
1786513235457 0.0003 9472
1786513238043 0.0003 9473
1786513240629 0.0003 9474
1786513243214 0.0003 9475
1786513245800 0.0003 9476
1786513248385 0.0003 9477
1786513250970 0.0003 9478
1786513253561 0.0003 9479
1786513256149 0.0003 9480
1786513258733 0.0003 9481
1786513261321 0.0003 9482
1786513263902 0.0003 9483
1786513266479 0.0003 9484
1786513269056 0.0003 9485
1786513271632 0.0003 9486
1786513274208 0.0003 9487
1786513276785 0.0003 9488
1786513279364 0.0003 9489
1786513281946 0.0003 9490
1786513284527 0.0003 9491
1786513287108 0.0003 9492
1786513289689 0.0003 9493
1786513292272 0.0003 9494
1786513294856 0.0003 9495
1786513297438 0.0003 9496
1786513300020 0.0003 9497
1786513302602 0.0003 9498
1786513305184 0.0003 9499
1786513308831 0.0003 9500
1786513311413 0.0003 9501
1786513313994 0.0003 9502
1786513316579 0.0003 9503
1786513319162 0.0003 9504
1786513321740 0.0003 9505
1786513324324 0.0003 9506
1786513326906 0.0003 9507
1786513329490 0.0003 9508
1786513332072 0.0003 9509
1786513334656 0.0003 9510
1786513337243 0.0003 9511
1786513339826 0.0003 9512
1786513342414 0.0003 9513
1786513344996 0.0003 9514
1786513347577 0.0003 9515
1786513350158 0.0003 9516
1786513352739 0.0003 9517
1786513355326 0.0003 9518
1786513357908 0.0003 9519
1786513360493 0.0003 9520
1786513363074 0.0003 9521
1786513365662 0.0003 9522
1786513368243 0.0003 9523
1786513370824 0.0003 9524
1786513373405 0.0003 9525
1786513375985 0.0003 9526
1786513378565 0.0003 9527
1786513381146 0.0003 9528
1786513383725 0.0003 9529
1786513386308 0.0003 9530
1786513388890 0.0003 9531
1786513391475 0.0003 9532
1786513394063 0.0003 9533
1786513396648 0.0003 9534
1786513399230 0.0003 9535
1786513401812 0.0003 9536
1786513404393 0.0003 9537
1786513406974 0.0003 9538
1786513409558 0.0003 9539
1786513412144 0.0003 9540
1786513414727 0.0003 9541
1786513417310 0.0003 9542
1786513419892 0.0003 9543
1786513422473 0.0003 9544
1786513425056 0.0003 9545
1786513427638 0.0003 9546
1786513430219 0.0003 9547
1786513432801 0.0003 9548
1786513435383 0.0003 9549
1786513437963 0.0003 9550
1786513440544 0.0003 9551
1786513443131 0.0003 9552
1786513445719 0.0003 9553
1786513448302 0.0003 9554
1786513450883 0.0003 9555
1786513453463 0.0003 9556
1786513456053 0.0003 9557
1786513458636 0.0003 9558
1786513461217 0.0003 9559
1786513463792 0.0003 9560
1786513466368 0.0003 9561
1786513468944 0.0003 9562
1786513471519 0.0003 9563
1786513474095 0.0003 9564
1786513476671 0.0003 9565
1786513479253 0.0003 9566
1786513481839 0.0003 9567
1786513484433 0.0003 9568
1786513487023 0.0003 9569
1786513489607 0.0003 9570
1786513492191 0.0003 9571
1786513494768 0.0003 9572
1786513497350 0.0003 9573
1786513499928 0.0003 9574
1786513502504 0.0003 9575
1786513505096 0.0003 9576
1786513507679 0.0003 9577
1786513510262 0.0003 9578
1786513512844 0.0003 9579
1786513515424 0.0003 9580
1786513518006 0.0003 9581
1786513520588 0.0003 9582
1786513523170 0.0003 9583
1786513525752 0.0003 9584
1786513528337 0.0003 9585
1786513530919 0.0003 9586
1786513533501 0.0003 9587
1786513536083 0.0003 9588
1786513538667 0.0003 9589
1786513541249 0.0003 9590
1786513543830 0.0003 9591
1786513546412 0.0003 9592
1786513548993 0.0003 9593
1786513551577 0.0003 9594
1786513554167 0.0003 9595
1786513556748 0.0003 9596
1786513559327 0.0003 9597
1786513561906 0.0003 9598
1786513564485 0.0003 9599
1786513567065 0.0003 9600
1786513569645 0.0003 9601
1786513572224 0.0003 9602
1786513574803 0.0003 9603
1786513577382 0.0003 9604
1786513579961 0.0003 9605
1786513582541 0.0003 9606
1786513585120 0.0003 9607
1786513587699 0.0003 9608
1786513590279 0.0003 9609
1786513592858 0.0003 9610
1786513595438 0.0003 9611
1786513598018 0.0003 9612
1786513600598 0.0003 9613
1786513603177 0.0003 9614
1786513605757 0.0003 9615
1786513608336 0.0003 9616
1786513610917 0.0003 9617
1786513613497 0.0003 9618
1786513616077 0.0003 9619
1786513618659 0.0003 9620
1786513621240 0.0003 9621
1786513623820 0.0003 9622
1786513626400 0.0003 9623
1786513628980 0.0003 9624
1786513631559 0.0003 9625
1786513634139 0.0003 9626
1786513636718 0.0003 9627
1786513639298 0.0003 9628
1786513641878 0.0003 9629
1786513644457 0.0003 9630
1786513647038 0.0003 9631
1786513649618 0.0003 9632
1786513652198 0.0003 9633
1786513654777 0.0003 9634
1786513657357 0.0003 9635
1786513659938 0.0003 9636
1786513662517 0.0003 9637
1786513665095 0.0003 9638
1786513667670 0.0003 9639
1786513670245 0.0003 9640
1786513672820 0.0003 9641
1786513675395 0.0003 9642
1786513677970 0.0003 9643
1786513680547 0.0003 9644
1786513683123 0.0003 9645
1786513685699 0.0003 9646
1786513688274 0.0003 9647
1786513690849 0.0003 9648
1786513693424 0.0003 9649
1786513696000 0.0003 9650
1786513698575 0.0003 9651
1786513701150 0.0003 9652
1786513703725 0.0003 9653
1786513706301 0.0003 9654
1786513708876 0.0003 9655
1786513711451 0.0003 9656
1786513714026 0.0003 9657
1786513716602 0.0003 9658
1786513719180 0.0003 9659
1786513721756 0.0003 9660
1786513724331 0.0003 9661
1786513726907 0.0003 9662
1786513729482 0.0003 9663
1786513732059 0.0003 9664
1786513734635 0.0003 9665
1786513737211 0.0003 9666
1786513739786 0.0003 9667
1786513742362 0.0003 9668
1786513744937 0.0003 9669
1786513747513 0.0003 9670
1786513750089 0.0003 9671
1786513752664 0.0003 9672
1786513755239 0.0003 9673
1786513757815 0.0003 9674
1786513760390 0.0003 9675
1786513762966 0.0003 9676
1786513765542 0.0003 9677
1786513768118 0.0003 9678
1786513770694 0.0003 9679
1786513773270 0.0003 9680
1786513775845 0.0003 9681
1786513778421 0.0003 9682
1786513780996 0.0003 9683
1786513783573 0.0003 9684
1786513786149 0.0003 9685
1786513788724 0.0003 9686
1786513791300 0.0003 9687
1786513793877 0.0003 9688
1786513796453 0.0003 9689
1786513799028 0.0003 9690
1786513801603 0.0003 9691
1786513804179 0.0003 9692
1786513806755 0.0003 9693
1786513809330 0.0003 9694
1786513811905 0.0003 9695
1786513814481 0.0003 9696
1786513817058 0.0003 9697
1786513819633 0.0003 9698
1786513822208 0.0003 9699
1786513824783 0.0003 9700
1786513827359 0.0003 9701
1786513829934 0.0003 9702
1786513832509 0.0003 9703
1786513835084 0.0003 9704
1786513837660 0.0003 9705
1786513840236 0.0003 9706
1786513842812 0.0003 9707
1786513845389 0.0003 9708
1786513847966 0.0003 9709
1786513850542 0.0003 9710
1786513853118 0.0003 9711
1786513855694 0.0003 9712
1786513858270 0.0003 9713
1786513860845 0.0003 9714
1786513863420 0.0003 9715
1786513865996 0.0003 9716
1786513868571 0.0003 9717
1786513871146 0.0003 9718
1786513873721 0.0003 9719
1786513876298 0.0003 9720
1786513878873 0.0003 9721
1786513881450 0.0003 9722
1786513884025 0.0003 9723
1786513886600 0.0003 9724
1786513889175 0.0003 9725
1786513891750 0.0003 9726
1786513894326 0.0003 9727
1786513896901 0.0003 9728
1786513899477 0.0003 9729
1786513902052 0.0003 9730
1786513904627 0.0003 9731
1786513907202 0.0003 9732
1786513909778 0.0003 9733
1786513912354 0.0003 9734
1786513914931 0.0003 9735
1786513917508 0.0003 9736
1786513920083 0.0003 9737
1786513922659 0.0003 9738
1786513925235 0.0003 9739
1786513927811 0.0003 9740
1786513930387 0.0003 9741
1786513932962 0.0003 9742
1786513935537 0.0003 9743
1786513938112 0.0003 9744
1786513940687 0.0003 9745
1786513943262 0.0003 9746
1786513945837 0.0003 9747
1786513948416 0.0003 9748
1786513950997 0.0003 9749
1786513953578 0.0003 9750
1786513956159 0.0003 9751
1786513958740 0.0003 9752
1786513961320 0.0003 9753
1786513963900 0.0003 9754
1786513966482 0.0003 9755
1786513969064 0.0003 9756
1786513971648 0.0003 9757
1786513974230 0.0003 9758
1786513976812 0.0003 9759
1786513979397 0.0003 9760
1786513981977 0.0003 9761
1786513984560 0.0003 9762
1786513987142 0.0003 9763
1786513989727 0.0003 9764
1786513992310 0.0003 9765
1786513994896 0.0003 9766
1786513997477 0.0003 9767
1786514000058 0.0003 9768
1786514002638 0.0003 9769
1786514005218 0.0003 9770
1786514007798 0.0003 9771
1786514010378 0.0003 9772
1786514012956 0.0003 9773
1786514015532 0.0003 9774
1786514018107 0.0003 9775
1786514020683 0.0003 9776
1786514023259 0.0003 9777
1786514025834 0.0003 9778
1786514028410 0.0003 9779
1786514030986 0.0003 9780
1786514033562 0.0003 9781
1786514036139 0.0003 9782
1786514038720 0.0003 9783
1786514041302 0.0003 9784
1786514043882 0.0003 9785
1786514046464 0.0003 9786
1786514049044 0.0003 9787
1786514051626 0.0003 9788
1786514054208 0.0003 9789
1786514056795 0.0003 9790
1786514059377 0.0003 9791
1786514061957 0.0003 9792
1786514064536 0.0003 9793
1786514067112 0.0003 9794
1786514069688 0.0003 9795
1786514072266 0.0003 9796
1786514074846 0.0003 9797
1786514077428 0.0003 9798
1786514080008 0.0003 9799
1786514082590 0.0003 9800
1786514085173 0.0003 9801
1786514087751 0.0003 9802
1786514090328 0.0003 9803
1786514092903 0.0003 9804
1786514095485 0.0003 9805
1786514098068 0.0003 9806
1786514100649 0.0003 9807
1786514103231 0.0003 9808
1786514105812 0.0003 9809
1786514108393 0.0003 9810
1786514110975 0.0003 9811
1786514113557 0.0003 9812
1786514116138 0.0003 9813
1786514118718 0.0003 9814
1786514121300 0.0003 9815
1786514123881 0.0003 9816
1786514126461 0.0003 9817
1786514129040 0.0003 9818
1786514131621 0.0003 9819
1786514134202 0.0003 9820
1786514136779 0.0003 9821
1786514139356 0.0003 9822
1786514141932 0.0003 9823
1786514144510 0.0003 9824
1786514147085 0.0003 9825
1786514149661 0.0003 9826
1786514152238 0.0003 9827
1786514154813 0.0003 9828
1786514157389 0.0003 9829
1786514159965 0.0003 9830
1786514162541 0.0003 9831
1786514165116 0.0003 9832
1786514167692 0.0003 9833
1786514170267 0.0003 9834
1786514172843 0.0003 9835
1786514175420 0.0003 9836
1786514177996 0.0003 9837
1786514180571 0.0003 9838
1786514183147 0.0003 9839
1786514185722 0.0003 9840
1786514188298 0.0003 9841
1786514190873 0.0003 9842
1786514193448 0.0003 9843
1786514196024 0.0003 9844
1786514198601 0.0003 9845
1786514201176 0.0003 9846
1786514203752 0.0003 9847
1786514206328 0.0003 9848
1786514208905 0.0003 9849
1786514211481 0.0003 9850
1786514214059 0.0003 9851
1786514216635 0.0003 9852
1786514219211 0.0003 9853
1786514221786 0.0003 9854
1786514224362 0.0003 9855
1786514226937 0.0003 9856
1786514229512 0.0003 9857
1786514232088 0.0003 9858
1786514234664 0.0003 9859
1786514237240 0.0003 9860
1786514239816 0.0003 9861
1786514242393 0.0003 9862
1786514244968 0.0003 9863
1786514247544 0.0003 9864
1786514250119 0.0003 9865
1786514252694 0.0003 9866
1786514255270 0.0003 9867
1786514257845 0.0003 9868
1786514260421 0.0003 9869
1786514262997 0.0003 9870
1786514265577 0.0003 9871
1786514268158 0.0003 9872
1786514270738 0.0003 9873
1786514273323 0.0003 9874
1786514275905 0.0003 9875
1786514278493 0.0003 9876
1786514281079 0.0003 9877
1786514283662 0.0003 9878
1786514286244 0.0003 9879
1786514288828 0.0003 9880
1786514291408 0.0003 9881
1786514293989 0.0003 9882
1786514296570 0.0003 9883
1786514299150 0.0003 9884
1786514301730 0.0003 9885
1786514304309 0.0003 9886
1786514306890 0.0003 9887
1786514309469 0.0003 9888
1786514312049 0.0003 9889
1786514314628 0.0003 9890
1786514317208 0.0003 9891
1786514319789 0.0003 9892
1786514322371 0.0003 9893
1786514324952 0.0003 9894
1786514327532 0.0003 9895
1786514330108 0.0003 9896
1786514332684 0.0003 9897
1786514335260 0.0003 9898
1786514337839 0.0003 9899
1786514340417 0.0003 9900
1786514342993 0.0003 9901
1786514345572 0.0003 9902
1786514348159 0.0003 9903
1786514350740 0.0003 9904
1786514353321 0.0003 9905
1786514355901 0.0003 9906
1786514358622 0.0003 9907
1786514361221 0.0003 9908
1786514364031 0.0003 9909
1786514367114 0.0003 9910
1786514369696 0.0003 9911
1786514372276 0.0003 9912
1786514374856 0.0003 9913
1786514377437 0.0003 9914
1786514380019 0.0003 9915
1786514382599 0.0003 9916
1786514385179 0.0003 9917
1786514387759 0.0003 9918
1786514390342 0.0003 9919
1786514392923 0.0003 9920
1786514395505 0.0003 9921
1786514398085 0.0003 9922
1786514400662 0.0003 9923
1786514403236 0.0003 9924
1786514405827 0.0003 9925
1786514408409 0.0003 9926
1786514410991 0.0003 9927
1786514413571 0.0003 9928
1786514416154 0.0003 9929
1786514418740 0.0003 9930
1786514421327 0.0003 9931
1786514423908 0.0003 9932
1786514426489 0.0003 9933
1786514429066 0.0003 9934
1786514431642 0.0003 9935
1786514434218 0.0003 9936
1786514436794 0.0003 9937
1786514439373 0.0003 9938
1786514441950 0.0003 9939
1786514444526 0.0003 9940
1786514447101 0.0003 9941
1786514449678 0.0003 9942
1786514452257 0.0003 9943
1786514454839 0.0003 9944
1786514457419 0.0003 9945
1786514460013 0.0003 9946
1786514462606 0.0003 9947
1786514465197 0.0003 9948
1786514467789 0.0003 9949
1786514470386 0.0003 9950
1786514472974 0.0003 9951
1786514475555 0.0003 9952
1786514478137 0.0003 9953
1786514480718 0.0003 9954
1786514483299 0.0003 9955
1786514485885 0.0003 9956
1786514488464 0.0003 9957
1786514491042 0.0003 9958
1786514493622 0.0003 9959
1786514496199 0.0003 9960
1786514498775 0.0003 9961
1786514501350 0.0003 9962
1786514503927 0.0003 9963
1786514506503 0.0003 9964
1786514509078 0.0003 9965
1786514511655 0.0003 9966
1786514514232 0.0003 9967
1786514516809 0.0003 9968
1786514519388 0.0003 9969
1786514521965 0.0003 9970
1786514524541 0.0003 9971
1786514527119 0.0003 9972
1786514529699 0.0003 9973
1786514532280 0.0003 9974
1786514534860 0.0003 9975
1786514537441 0.0003 9976
1786514540021 0.0003 9977
1786514542601 0.0003 9978
1786514545182 0.0003 9979
1786514547762 0.0003 9980
1786514550342 0.0003 9981
1786514552921 0.0003 9982
1786514555502 0.0003 9983
1786514558082 0.0003 9984
1786514560660 0.0003 9985
1786514563235 0.0003 9986
1786514565812 0.0003 9987
1786514568387 0.0003 9988
1786514570964 0.0003 9989
1786514573547 0.0003 9990
1786514576128 0.0003 9991
1786514578709 0.0003 9992
1786514581289 0.0003 9993
1786514583870 0.0003 9994
1786514586451 0.0003 9995
1786514589032 0.0003 9996
1786514591616 0.0003 9997
1786514594196 0.0003 9998
1786514596780 0.0003 9999
1786514601400 0.0003 10000
1786514603983 0.0003 10001
1786514606568 0.0003 10002
1786514609150 0.0003 10003
1786514611731 0.0003 10004
1786514614313 0.0003 10005
1786514616894 0.0003 10006
1786514619477 0.0003 10007
1786514622058 0.0003 10008
1786514624639 0.0003 10009
1786514627219 0.0003 10010
1786514629804 0.0003 10011
1786514632386 0.0003 10012
1786514634974 0.0003 10013
1786514637565 0.0003 10014
1786514640146 0.0003 10015
1786514642730 0.0003 10016
1786514645313 0.0003 10017
1786514647896 0.0003 10018
1786514650481 0.0003 10019
1786514653063 0.0003 10020
1786514655657 0.0003 10021
1786514658249 0.0003 10022
1786514660835 0.0003 10023
1786514663419 0.0003 10024
1786514666002 0.0003 10025
1786514668585 0.0003 10026
1786514671167 0.0003 10027
1786514673753 0.0003 10028
1786514676341 0.0003 10029
1786514678924 0.0003 10030
1786514681507 0.0003 10031
1786514684088 0.0003 10032
1786514686672 0.0003 10033
1786514689258 0.0003 10034
1786514691847 0.0003 10035
1786514694437 0.0003 10036
1786514697027 0.0003 10037
1786514699618 0.0003 10038
1786514702201 0.0003 10039
1786514704791 0.0003 10040
1786514707376 0.0003 10041
1786514709961 0.0003 10042
1786514712551 0.0003 10043
1786514715137 0.0003 10044
1786514717728 0.0003 10045
1786514720318 0.0003 10046
1786514722903 0.0003 10047
1786514725486 0.0003 10048
1786514728069 0.0003 10049
1786514730664 0.0003 10050
1786514733251 0.0003 10051
1786514735841 0.0003 10052
1786514738426 0.0003 10053
1786514741008 0.0003 10054
1786514743591 0.0003 10055
1786514746176 0.0003 10056
1786514748762 0.0003 10057
1786514751353 0.0003 10058
1786514753944 0.0003 10059
1786514756535 0.0003 10060
1786514759121 0.0003 10061
1786514761708 0.0003 10062
1786514764299 0.0003 10063
1786514766880 0.0003 10064
1786514769464 0.0003 10065
1786514772045 0.0003 10066
1786514774630 0.0003 10067
1786514777211 0.0003 10068
1786514779797 0.0003 10069
1786514782382 0.0003 10070
1786514784969 0.0003 10071
1786514787553 0.0003 10072
1786514790135 0.0003 10073
1786514792716 0.0003 10074
1786514795298 0.0003 10075
1786514797880 0.0003 10076
1786514800461 0.0003 10077
1786514803044 0.0003 10078
1786514805627 0.0003 10079
1786514808212 0.0003 10080
1786514810797 0.0003 10081
1786514813391 0.0003 10082
1786514815984 0.0003 10083
1786514818566 0.0003 10084
1786514821149 0.0003 10085
1786514823732 0.0003 10086
1786514826319 0.0003 10087
1786514828904 0.0003 10088
1786514831487 0.0003 10089
1786514834070 0.0003 10090
1786514836656 0.0003 10091
1786514839243 0.0003 10092
1786514841829 0.0003 10093
1786514844414 0.0003 10094
1786514846996 0.0003 10095
1786514849575 0.0003 10096
1786514852154 0.0003 10097
1786514854731 0.0003 10098
1786514857307 0.0003 10099
1786514859884 0.0003 10100
1786514862462 0.0003 10101
1786514865045 0.0003 10102
1786514867635 0.0003 10103
1786514870218 0.0003 10104
1786514872807 0.0003 10105
1786514875400 0.0003 10106
1786514877988 0.0003 10107
1786514880571 0.0003 10108
1786514883153 0.0003 10109
1786514885737 0.0003 10110
1786514888325 0.0003 10111
1786514890914 0.0003 10112
1786514893503 0.0003 10113
1786514896088 0.0003 10114
