1786493922882 2.8935422617942095 2000
1786493925456 2.57164190011099 2001
1786493928031 2.573739327955991 2002
1786493930608 2.5744252325966954 2003
1786493933187 2.5775498980656266 2004
1786493935766 2.577177724801004 2005
1786493938345 2.576991258189082 2006
1786493940924 2.577632400672883 2007
1786493943528 2.6025208276696503 2008
1786493946105 2.5749342418275774 2009
1786493948682 2.574795647058636 2010
1786493951259 2.57599465129897 2011
1786493953837 2.5755555951036513 2012
1786493956414 2.5757638020440936 2013
1786493958992 2.5759877311065793 2014
1786493961570 2.5760246329009533 2015
1786493964147 2.5759139377623796 2016
1786493966725 2.5762983532622457 2017
1786493969304 2.576916485093534 2018
1786493971882 2.57637206511572 2019
1786493974461 2.576994427945465 2020
1786493977041 2.5786126269958913 2021
1786493979619 2.5764521081000566 2022
1786493982199 2.57844005106017 2023
1786493984780 2.578940960112959 2024
1786493987360 2.5779943550005555 2025
1786493989939 2.577791728079319 2026
1786493992519 2.5780261559411883 2027
1786493995099 2.5783412479795516 2028
1786493997679 2.5779342129826546 2029
1786494000258 2.5777458059601486 2030
1786494002839 2.5787301417440176 2031
1786494005422 2.5814314112067223 2032
1786494008004 2.5800087889656425 2033
1786494010585 2.5793201429769397 2034
1786494013167 2.5806704428978264 2035
1786494015749 2.580440775025636 2036
1786494018331 2.5803027600049973 2037
1786494020914 2.5804064837284386 2038
1786494023495 2.5795112806372344 2039
1786494026077 2.5800989819690585 2040
1786494028661 2.5821954486891627 2041
1786494031242 2.579609863925725 2042
1786494033824 2.5800495808944106 2043
1786494036406 2.580758986994624 2044
1786494038988 2.579633025918156 2045
1786494041571 2.5808743997476995 2046
1786494044153 2.5805456792004406 2047
1786494046731 2.5761629682965577 2048
1786494049309 2.576473468914628 2049
1786494051893 2.5819925628602505 2050
1786494054477 2.582136817742139 2051
1786494057065 2.585861985106021 2052
1786494059647 2.580075222067535 2053
1786494062228 2.5793222039937973 2054
1786494064809 2.579827073030174 2055
1786494067392 2.580947043839842 2056
1786494069974 2.5807811967097223 2057
1786494072556 2.580148263834417 2058
1786494075140 2.5815879669971764 2059
1786494077719 2.577113331761211 2060
1786494080297 2.576768879778683 2061
1786494082874 2.5751109677366912 2062
1786494085452 2.5756264878436923 2063
1786494088029 2.575686019845307 2064
1786494090608 2.576764478813857 2065
1786494093185 2.5753579470328987 2066
1786494095762 2.575787464156747 2067
1786494098339 2.575158789753914 2068
1786494100917 2.575914428103715 2069
1786494103494 2.575170821044594 2070
1786494106072 2.57632499281317 2071
1786494108650 2.5763216437771916 2072
1786494111232 2.579914975911379 2073
1786494113813 2.579457039013505 2074
1786494116395 2.5803115097805858 2075
1786494118977 2.579877314157784 2076
1786494121558 2.5796704962849617 2077
1786494124140 2.580376491881907 2078
1786494126722 2.580106843262911 2079
1786494129305 2.5804008138366044 2080
1786494131887 2.5804402348585427 2081
1786494134469 2.5804227041080594 2082
1786494137051 2.5798652940429747 2083
1786494139633 2.580808529164642 2084
1786494142214 2.579508630093187 2085
1786494144796 2.580138314049691 2086
1786494147377 2.579376966226846 2087
1786494149958 2.5787732140161097 2088
1786494152540 2.5802245778031647 2089
1786494155122 2.5799964889883995 2090
1786494157705 2.5819498603232205 2091
1786494160288 2.581193021964282 2092
1786494162870 2.579723979346454 2093
1786494165452 2.5803834833204746 2094
1786494168035 2.580857410095632 2095
1786494170616 2.5800770721398294 2096
1786494173204 2.5854743709787726 2097
1786494175781 2.575484281871468 2098
1786494178362 2.579587424173951 2099
1786494180945 2.580879791174084 2100
1786494183528 2.5805607503280044 2101
1786494186110 2.5806884639896452 2102
1786494188688 2.576286011841148 2103
1786494191267 2.576622194144875 2104
1786494193846 2.577501706779003 2105
1786494196424 2.576072954107076 2106
1786494199002 2.575997431296855 2107
1786494201581 2.577732435427606 2108
1786494204166 2.582982318010181 2109
1786494206752 2.5842985971830785 2110
1786494209334 2.5801237439736724 2111
1786494211916 2.5801996858790517 2112
1786494214500 2.5818914379924536 2113
1786494217082 2.57990639610216 2114
1786494219666 2.5824887710623443 2115
1786494222249 2.581190522760153 2116
1786494224831 2.579514240846038 2117
1786494227412 2.579840773716569 2118
1786494229999 2.5850011031143367 2119
1786494232586 2.5847741942852736 2120
1786494235174 2.5857439800165594 2121
1786494237757 2.5818798379041255 2122
1786494240340 2.5807239660061896 2123
1786494242923 2.5810203356668353 2124
1786494245505 2.5803061802871525 2125
1786494248087 2.580656643025577 2126
1786494250669 2.5800956217572093 2127
1786494253251 2.5805418891832232 2128
1786494255834 2.5808643610216677 2129
1786494258417 2.5809622136875987 2130
1786494260999 2.580331141129136 2131
1786494263581 2.580301980022341 2132
1786494266163 2.5808245888911188 2133
1786494268746 2.5807753768749535 2134
1786494271331 2.583184885792434 2135
1786494273914 2.5812947670929134 2136
1786494276496 2.580888892058283 2137
1786494279078 2.580163775011897 2138
1786494281661 2.5812992160208523 2139
1786494284244 2.5807674969546497 2140
1786494286826 2.580676422920078 2141
1786494289409 2.580833489075303 2142
1786494291991 2.5806258618831635 2143
1786494294570 2.5767569090239704 2144
1786494297154 2.582032303791493 2145
1786494299736 2.579787291120738 2146
1786494302314 2.5770679702982306 2147
1786494304894 2.577938653063029 2148
1786494307476 2.5794872301630676 2149
1786494310054 2.5765517321415246 2150
1786494312631 2.5755593250505626 2151
1786494315209 2.5756715699099004 2152
1786494317786 2.575697680003941 2153
1786494320365 2.5766198337078094 2154
1786494322945 2.578159690834582 2155
1786494325524 2.5771832149475813 2156
1786494328102 2.576761239208281 2157
1786494330680 2.5761586572043598 2158
1786494333259 2.5772909792140126 2159
1786494335839 2.5779958246275783 2160
1786494338419 2.5784664819948375 2161
1786494340998 2.5763144730590284 2162
1786494343575 2.5760422027669847 2163
1786494346155 2.5777800269424915 2164
1786494348734 2.5770131987519562 2165
1786494351312 2.5767629300244153 2166
1786494353900 2.586194477044046 2167
1786494356485 2.5825675539672375 2168
1786494359068 2.581387179903686 2169
1786494361651 2.5804396951571107 2170
1786494364233 2.5811782320961356 2171
1786494366816 2.581025375984609 2172
1786494369400 2.5817008023150265 2173
1786494371982 2.58026740886271 2174
1786494374564 2.5809163921512663 2175
1786494377147 2.580402893014252 2176
1786494379728 2.5800719219259918 2177
1786494382312 2.581518334336579 2178
1786494384895 2.5814889138564467 2179
1786494387481 2.584234055131674 2180
1786494390064 2.581395769957453 2181
1786494392649 2.5833330918103456 2182
1786494395232 2.581209002994001 2183
1786494397817 2.5827992116101086 2184
1786494400401 2.5813803491182625 2185
1786494402984 2.58193346997723 2186
1786494405568 2.5816575801 2187
1786494408150 2.580728385131806 2188
1786494410734 2.582109286915511 2189
1786494413320 2.583450926002115 2190
1786494415905 2.583018018864095 2191
1786494418488 2.581771223805845 2192
1786494421071 2.5804808870889246 2193
1786494423652 2.5795971541665494 2194
1786494426234 2.580399112775922 2195
1786494428816 2.579710538033396 2196
1786494431398 2.580460926052183 2197
1786494433980 2.58024275675416 2198
1786494436562 2.5800781711004674 2199
1786494439141 2.57745164539665 2200
1786494441718 2.574951712973416 2201
1786494444294 2.5750484061427414 2202
1786494446871 2.575165200047195 2203
1786494449448 2.574820148292929 2204
1786494452025 2.5751299103721976 2205
1786494454602 2.5754384212195873 2206
1786494457181 2.5775427180342376 2207
1786494459758 2.5749998441897333 2208
1786494462335 2.575310865882784 2209
1786494464912 2.5751344501040876 2210
1786494467491 2.5769518269225955 2211
1786494470068 2.575475092045963 2212
1786494472646 2.5759285893291235 2213
1786494475223 2.575009824708104 2214
1786494477802 2.577030188869685 2215
1786494480379 2.5756283379159868 2216
1786494482956 2.5752360341139138 2217
1786494485533 2.5750684570521116 2218
1786494488112 2.5766527950763702 2219
1786494490689 2.5753425983712077 2220
1786494493266 2.5750220958143473 2221
1786494495842 2.575063707306981 2222
1786494498419 2.575193911790848 2223
1786494500997 2.5760455927811563 2224
1786494503574 2.575224991887808 2225
1786494506151 2.5748379989527166 2226
1786494508729 2.5758474161848426 2227
1786494511305 2.5747835468500853 2228
1786494513882 2.574657322373241 2229
1786494516458 2.5750436959788203 2230
1786494519035 2.5751377888955176 2231
1786494521612 2.5752473543398082 2232
1786494524189 2.5748881800100207 2233
1786494526766 2.5749434223398566 2234
1786494529344 2.5759118678979576 2235
1786494531924 2.5785992173478007 2236
1786494534511 2.584889078978449 2237
1786494537093 2.5799238360486925 2238
1786494539675 2.5803086599335074 2239
1786494542256 2.5792230698280036 2240
1786494544838 2.580152885057032 2241
1786494547422 2.582383937202394 2242
1786494550003 2.5796500956639647 2243
1786494552586 2.580675723962486 2244
1786494555168 2.5805219360627234 2245
1786494557750 2.5798811158165336 2246
1786494560332 2.5805446598678827 2247
1786494562916 2.582195340655744 2248
1786494565504 2.585212531965226 2249
1786494568092 2.5862656109966338 2250
1786494570680 2.5862952317111194 2251
1786494573264 2.582458620890975 2252
1786494575847 2.580495048314333 2253
1786494578430 2.581501665059477 2254
1786494581013 2.580771068111062 2255
1786494583597 2.582433450035751 2256
1786494586180 2.580948885064572 2257
1786494588761 2.5801028041169047 2258
1786494591349 2.5858877766877413 2259
1786494593934 2.582604955881834 2260
1786494596515 2.579252833034843 2261
1786494599098 2.581403471995145 2262
1786494601688 2.5885104928165674 2263
1786494604270 2.57988567603752 2264
1786494606861 2.5893802661448717 2265
1786494609443 2.579946328420192 2266
1786494612021 2.576226902194321 2267
1786494614598 2.575480062980205 2268
1786494617177 2.576617375947535 2269
1786494619762 2.5833776448853314 2270
1786494622341 2.577775269281119 2271
1786494624926 2.5825536441989243 2272
1786494627508 2.5806440240703523 2273
1786494630090 2.580337652936578 2274
1786494632674 2.5818398776464164 2275
1786494635259 2.5829676599241793 2276
1786494637842 2.5809338144026697 2277
1786494640424 2.580225259065628 2278
1786494643008 2.582977100275457 2279
1786494645591 2.5809001130983233 2280
1786494648174 2.5808639521710575 2281
1786494650759 2.5827895030379295 2282
1786494653345 2.5843687909655273 2283
1786494655937 2.5905996412038803 2284
1786494658525 2.5854782317765057 2285
1786494661107 2.580680835992098 2286
1786494663690 2.581487295217812 2287
1786494666274 2.5813824608922005 2288
1786494668855 2.579910826869309 2289
1786494671437 2.5794842122122645 2290
1786494674019 2.580555701162666 2291
1786494676601 2.580342713277787 2292
1786494679183 2.5797555311582983 2293
1786494681764 2.579969388898462 2294
1786494684346 2.5798004432581365 2295
1786494686929 2.581411541905254 2296
1786494689509 2.5785069251433015 2297
1786494692087 2.5757257929071784 2298
1786494694664 2.5754050510004163 2299
1786494697246 2.580345313064754 2300
1786494699828 2.5794937913306057 2301
1786494702409 2.5793585972860456 2302
1786494704991 2.580651855096221 2303
1786494707574 2.58137949090451 2304
1786494710162 2.5859384490177035 2305
1786494712750 2.585881676990539 2306
1786494715334 2.5826038760133088 2307
1786494717918 2.581911920104176 2308
1786494720502 2.5821095379069448 2309
1786494723084 2.5805920120328665 2310
1786494725667 2.580228297971189 2311
1786494728250 2.5813637007959187 2312
1786494730833 2.5810994100756943 2313
1786494733415 2.580488048028201 2314
1786494735998 2.581327789928764 2315
1786494738580 2.5801640362478793 2316
1786494741165 2.583497328683734 2317
1786494743747 2.579254482872784 2318
1786494746327 2.578735542949289 2319
1786494748910 2.581403822172433 2320
1786494751492 2.5800268724560738 2321
1786494754073 2.5790018728002906 2322
1786494756654 2.5794750307686627 2323
1786494759235 2.578810435719788 2324
1786494761821 2.5842637782916427 2325
1786494764402 2.579595075920224 2326
1786494766984 2.579498291015625 2327
1786494769568 2.5828512660227716 2328
1786494772155 2.584946001879871 2329
1786494774740 2.582980350125581 2330
1786494777326 2.5842106151394546 2331
1786494779904 2.5763198453933 2332
1786494782483 2.5764428093098104 2333
1786494785061 2.576495880726725 2334
1786494787639 2.5760126132518053 2335
1786494790216 2.575621908996254 2336
1786494792794 2.576166199054569 2337
1786494795373 2.5763347349129617 2338
1786494797950 2.575854718219489 2339
1786494800535 2.5825533950701356 2340
1786494803119 2.582434910349548 2341
1786494805702 2.580590632278472 2342
1786494808284 2.5807331670075655 2343
1786494810868 2.581735613755882 2344
1786494813451 2.5814919751137495 2345
1786494816035 2.5817583347670734 2346
1786494818619 2.5825316440314054 2347
1786494821203 2.581588178873062 2348
1786494823788 2.583841602317989 2349
1786494826371 2.580543120857328 2350
1786494828953 2.5811375021003187 2351
1786494831536 2.5806550541892648 2352
1786494834118 2.5801989771425724 2353
1786494836703 2.582886157091707 2354
1786494839286 2.581279446836561 2355
1786494841868 2.5807149563916028 2356
1786494844451 2.5808231700211763 2357
1786494847038 2.585470651742071 2358
1786494849622 2.58156006783247 2359
1786494852205 2.5811818139627576 2360
1786494854787 2.5807935688644648 2361
1786494857373 2.5842376071959734 2362
1786494859960 2.5850393157452345 2363
1786494862598 2.6359332711435854 2364
1786494865181 2.5815213159658015 2365
1786494867765 2.5823293863795698 2366
1786494870348 2.5812805369496346 2367
1786494872930 2.579733671154827 2368
1786494875513 2.5807079658843577 2369
1786494878095 2.580557051114738 2370
1786494880677 2.57971601979807 2371
1786494883258 2.5798588348552585 2372
1786494885840 2.580231098923832 2373
1786494888422 2.5798964370042086 2374
1786494891003 2.579419779125601 2375
1786494893586 2.580857581924647 2376
1786494896169 2.5817543151788414 2377
1786494898750 2.5793518158607185 2378
1786494901332 2.580138524994254 2379
1786494903913 2.5793360359966755 2380
1786494906496 2.5807053656317294 2381
1786494909077 2.579185950104147 2382
1786494911659 2.5799599387682974 2383
1786494914240 2.579348675906658 2384
1786494916821 2.5799043867737055 2385
1786494919402 2.579126788303256 2386
1786494921984 2.5796973798424006 2387
1786494924567 2.5812451760284603 2388
1786494927151 2.5822645029984415 2389
1786494929733 2.58039375487715 2390
1786494932319 2.5842791381292045 2391
1786494934903 2.5821116669103503 2392
1786494937486 2.5807449077256024 2393
1786494940067 2.579458791296929 2394
1786494942648 2.5790331452153623 2395
1786494945230 2.579649016726762 2396
1786494947814 2.5828347438946366 2397
1786494950399 2.5829395689070225 2398
1786494952986 2.585236973129213 2399
1786494955568 2.58012920524925 2400
1786494958151 2.5815493166446686 2401
1786494960734 2.5804981091059744 2402
1786494963316 2.58042013598606 2403
1786494965899 2.5809461451135576 2404
1786494968481 2.580984126776457 2405
1786494971063 2.5798416640609503 2406
1786494973645 2.579968559090048 2407
1786494976226 2.5796530582010746 2408
1786494978808 2.580287981312722 2409
1786494981389 2.5793261262588203 2410
1786494983971 2.58014870621264 2411
1786494986553 2.5801358851604164 2412
1786494989135 2.580451786983758 2413
1786494991718 2.580871783196926 2414
1786494994301 2.5814150529913604 2415
1786494996883 2.5807042359374464 2416
1786494999465 2.5795663842000067 2417
1786495002046 2.5799495787359774 2418
1786495004628 2.5804141648113728 2419
1786495007210 2.5799400182440877 2420
1786495009793 2.581049159169197 2421
1786495012375 2.5798119041137397 2422
1786495014957 2.580796469002962 2423
1786495017540 2.5807224470190704 2424
1786495020121 2.5793057740665972 2425
1786495022702 2.5790328639559448 2426
1786495025284 2.580322423018515 2427
1786495027867 2.5810317383147776 2428
1786495030449 2.580210148356855 2429
1786495033031 2.580409076064825 2430
1786495035613 2.5801540156826377 2431
1786495038194 2.57980989292264 2432
1786495040776 2.5798828559927642 2433
1786495043357 2.579532753210515 2434
1786495045939 2.579934347886592 2435
1786495048520 2.57972839102149 2436
1786495051102 2.5798716959543526 2437
1786495053684 2.5803777743130922 2438
1786495056266 2.5800335612148046 2439
1786495058848 2.5808358718641102 2440
1786495061431 2.5809571952559054 2441
1786495064013 2.5801037536002696 2442
1786495066595 2.5800275108776987 2443
1786495069177 2.5805265796370804 2444
1786495071761 2.582337466068566 2445
1786495074343 2.5799925001338124 2446
1786495076924 2.579649127088487 2447
1786495079506 2.580398725345731 2448
1786495082089 2.5804436169564724 2449
1786495084670 2.579707299824804 2450
1786495087256 2.583853641990572 2451
1786495089839 2.5813387790694833 2452
1786495092422 2.5809982172213495 2453
1786495095004 2.5805920916609466 2454
1786495097587 2.5804126746952534 2455
1786495100168 2.580004849936813 2456
1786495102750 2.5803405633196235 2457
1786495105333 2.5804190249182284 2458
1786495107916 2.581317618023604 2459
1786495110498 2.580700065009296 2460
1786495113081 2.5806628251448274 2461
1786495115664 2.5815243870019913 2462
1786495118247 2.5812841881997883 2463
1786495120829 2.5802913811057806 2464
1786495123413 2.5818996909074485 2465
1786495125995 2.5806098016910255 2466
1786495128577 2.5793894180096686 2467
1786495131161 2.5826835688203573 2468
1786495133744 2.5807757191359997 2469
1786495136326 2.5801041638478637 2470
1786495138908 2.581052348949015 2471
1786495141491 2.58079083962366 2472
1786495144073 2.5804401957429945 2473
1786495146656 2.5812590257264674 2474
1786495149239 2.580936975311488 2475
1786495151822 2.581383361015469 2476
1786495154405 2.5806143321096897 2477
1786495156989 2.5822785338386893 2478
1786495159571 2.5798618253320456 2479
1786495162153 2.580438806209713 2480
1786495164735 2.5800938638858497 2481
1786495167320 2.582945669069886 2482
1786495169904 2.5822967449203134 2483
1786495172486 2.580906292889267 2484
1786495175069 2.5808409908786416 2485
1786495177653 2.582094036974013 2486
1786495180237 2.5822561038658023 2487
1786495182819 2.5797273200005293 2488
1786495185400 2.579986280295998 2489
1786495187983 2.5807157368399203 2490
1786495190567 2.581779155880213 2491
1786495193148 2.579901146236807 2492
1786495195735 2.5848574191331863 2493
1786495198318 2.580792689230293 2494
1786495200901 2.581044928636402 2495
1786495203483 2.5805033682845533 2496
1786495206066 2.581287387292832 2497
1786495208649 2.5814211922697723 2498
1786495211233 2.582093867007643 2499
1786495215206 2.580027651041746 2500
1786495217788 2.5800350508652627 2501
1786495220369 2.5795193719677627 2502
1786495222952 2.5809215242043138 2503
1786495225535 2.581187474075705 2504
1786495228118 2.5807968098670244 2505
1786495230700 2.5807581576518714 2506
1786495233283 2.5805303188972175 2507
1786495235866 2.5811355928890407 2508
1786495238448 2.5804450870491564 2509
1786495241030 2.5803043409250677 2510
1786495243612 2.580565121024847 2511
1786495246195 2.58067151485011 2512
1786495248777 2.580800218973309 2513
1786495251360 2.5806308039464056 2514
1786495253943 2.581355379894376 2515
1786495256525 2.5803340231068432 2516
1786495259107 2.580228959210217 2517
1786495261689 2.5803672238253057 2518
1786495264273 2.5815012459643185 2519
1786495266855 2.5809907359071076 2520
1786495269438 2.5810869904235005 2521
1786495272022 2.58231965592131 2522
1786495274606 2.58132940903306 2523
1786495277189 2.5810486688278615 2524
1786495279771 2.580218177754432 2525
1786495282353 2.5807632077485323 2526
1786495284943 2.588030616287142 2527
1786495287533 2.5883996598422527 2528
1786495290123 2.5873707509599626 2529
1786495292710 2.5850382950156927 2530
1786495295296 2.5848637791350484 2531
1786495297879 2.580713056959212 2532
1786495300461 2.5800660331733525 2533
1786495303046 2.5831170049495995 2534
1786495305630 2.582157090306282 2535
1786495308213 2.5808571218512952 2536
1786495310796 2.581815087236464 2537
1786495313379 2.5811276817694306 2538
1786495315971 2.5894828899763525 2539
1786495318561 2.5881166090257466 2540
1786495321144 2.581925790756941 2541
1786495323728 2.5812299852259457 2542
1786495326313 2.583256419748068 2543
1786495328896 2.5813211794011295 2544
1786495331478 2.5798966963775456 2545
1786495334059 2.5800353321246803 2546
1786495336641 2.5800756928510964 2547
1786495339225 2.5814812551252544 2548
1786495341807 2.580403934698552 2549
1786495344390 2.581006146967411 2550
1786495346975 2.583680256269872 2551
1786495349562 2.5842509968206286 2552
1786495352144 2.58021504804492 2553
1786495354726 2.580500978976488 2554
1786495357310 2.582284754142165 2555
1786495359892 2.580415404867381 2556
1786495362475 2.580535209737718 2557
1786495365060 2.5833372427150607 2558
1786495367641 2.5796323562972248 2559
1786495370227 2.5837293872609735 2560
1786495372817 2.5883348672650754 2561
1786495375399 2.580045622307807 2562
1786495377980 2.5789672820828855 2563
1786495380557 2.57496733404696 2564
1786495383133 2.5746294129639864 2565
1786495385716 2.581533365882933 2566
1786495388298 2.57926418306306 2567
1786495390879 2.5798442442901433 2568
1786495393460 2.5787772149778903 2569
1786495396040 2.578552857041359 2570
1786495398621 2.578706511761993 2571
1786495401201 2.5789605621248484 2572
1786495403782 2.5787007617764175 2573
1786495406362 2.578326037619263 2574
1786495408942 2.57855675695464 2575
1786495411527 2.582533523440361 2576
1786495414108 2.579711729194969 2577
1786495416690 2.579993710387498 2578
1786495419273 2.5809846469201148 2579
1786495421853 2.5788167770951986 2580
1786495424434 2.5784626728855073 2581
1786495427015 2.5796502577140927 2582
1786495429597 2.580541480332613 2583
1786495432182 2.5829310677945614 2584
1786495434764 2.5794975319877267 2585
1786495437345 2.5798509041778743 2586
1786495439927 2.5803494132123888 2587
1786495442510 2.5806160126812756 2588
1786495445093 2.5818811492063105 2589
1786495447680 2.5850620567798615 2590
1786495450266 2.583589921705425 2591
1786495452846 2.578427602071315 2592
1786495455428 2.5797023591585457 2593
1786495458010 2.5801959368400276 2594
1786495460593 2.581122661009431 2595
1786495463174 2.5794773511588573 2596
1786495465755 2.5798484343104064 2597
1786495468337 2.580236329231411 2598
1786495470919 2.5793379661627114 2599
1786495473500 2.5799373579211533 2600
1786495476082 2.5795396929606795 2601
1786495478663 2.579460700042546 2602
1786495481246 2.5808689421974123 2603
1786495483829 2.5818499089218676 2604
1786495486411 2.580311152152717 2605
1786495488993 2.5803943746723235 2606
1786495491574 2.578957831952721 2607
1786495494156 2.580080603249371 2608
1786495496737 2.579202810768038 2609
1786495499318 2.5786223099566996 2610
1786495501899 2.5792931336909533 2611
1786495504482 2.5818101870827377 2612
1786495507076 2.5914251105859876 2613
1786495509656 2.578730664215982 2614
1786495512245 2.586747239343822 2615
1786495514826 2.5795021718367934 2616
1786495517408 2.580583521630615 2617
1786495519999 2.5884072398766875 2618
1786495522590 2.589609573595226 2619
1786495525181 2.588577536866069 2620
1786495527758 2.57513131108135 2621
1786495530334 2.5744964270852506 2622
1786495532910 2.574512468185276 2623
1786495535487 2.574246689211577 2624
1786495538065 2.5765591841191053 2625
1786495540642 2.575384819880128 2626
1786495543220 2.575737554114312 2627
1786495545802 2.58072019694373 2628
1786495548385 2.5807399870827794 2629
1786495550971 2.5839428259059787 2630
1786495553554 2.581227494869381 2631
1786495556141 2.5853060660883784 2632
1786495558728 2.58528293389827 2633
1786495561315 2.585291135124862 2634
1786495563904 2.586517330724746 2635
1786495566488 2.5823861081153154 2636
1786495569068 2.5784109318628907 2637
1786495571648 2.578132061753422 2638
1786495574229 2.5795116224326193 2639
1786495576811 2.579620086122304 2640
1786495579392 2.578827197663486 2641
1786495581978 2.5850914483889937 2642
1786495584560 2.5793028939515352 2643
1786495587142 2.580486779101193 2644
1786495589725 2.5809926567599177 2645
1786495592306 2.5797259197570384 2646
1786495594889 2.581312798894942 2647
1786495597472 2.5805726312100887 2648
1786495600055 2.5816556019708514 2649
1786495602638 2.581304449122399 2650
1786495605221 2.580702496226877 2651
1786495607804 2.58119543408975 2652
1786495610388 2.5819294210523367 2653
1786495612971 2.5818436378613114 2654
1786495615557 2.583585062995553 2655
1786495618139 2.5810167570598423 2656
1786495620722 2.5804873686283827 2657
1786495623305 2.5811302210204303 2658
1786495625887 2.5807075360789895 2659
1786495628471 2.5819529718719423 2660
1786495631054 2.5807986999861896 2661
1786495633636 2.580402045045048 2662
1786495636217 2.579056535381824 2663
1786495638799 2.5801492361351848 2664
1786495641380 2.579739899840206 2665
1786495643962 2.5795997348614037 2666
1786495646544 2.5802191281691194 2667
1786495649127 2.5810914798639715 2668
1786495651710 2.5813325699418783 2669
1786495654293 2.5815675081685185 2670
1786495656876 2.580704615917057 2671
1786495659458 2.5801548063755035 2672
1786495662039 2.579383496660739 2673
1786495664623 2.5821056878194213 2674
1786495667207 2.581899859942496 2675
1786495669788 2.579724410083145 2676
1786495672373 2.5827104998752475 2677
1786495674955 2.5798453548923135 2678
1786495677536 2.579907277133316 2679
1786495680120 2.5817425437271595 2680
1786495682702 2.580180225893855 2681
1786495685284 2.5801836368627846 2682
1786495687865 2.5789364110678434 2683
1786495690446 2.5794917210005224 2684
1786495693028 2.5803573527373374 2685
1786495695609 2.5791494389995933 2686
1786495698190 2.579262786079198 2687
1786495700772 2.580199969932437 2688
1786495703353 2.5788845331408083 2689
1786495705933 2.5785046890378 2690
1786495708514 2.57983936695382 2691
1786495711095 2.5788349509239197 2692
1786495713678 2.581053620669991 2693
1786495716259 2.578893942758441 2694
1786495718839 2.578824100084603 2695
1786495721421 2.579676871187985 2696
1786495724002 2.579741782974452 2697
1786495726583 2.5790687492117286 2698
1786495729164 2.5789816761389375 2699
1786495731745 2.5795826776884496 2700
1786495734325 2.5780628426000476 2701
1786495736900 2.5736241918057203 2702
1786495739477 2.5743224783800542 2703
1786495742053 2.574739753268659 2704
1786495744630 2.5748544270172715 2705
1786495747208 2.5768503500148654 2706
1786495749784 2.5741980532184243 2707
1786495752360 2.5739918956533074 2708
1786495754936 2.57415564218536 2709
1786495757512 2.573866371065378 2710
1786495760088 2.5742090540006757 2711
1786495762664 2.5742224641144276 2712
1786495765240 2.5745497359894216 2713
1786495767817 2.5744592431001365 2714
1786495770392 2.5736526041291654 2715
1786495772968 2.5740820388309658 2716
1786495775545 2.5756650660187006 2717
1786495778121 2.57401949679479 2718
1786495780698 2.575442058034241 2719
1786495783274 2.5740606379695237 2720
1786495785850 2.574141792021692 2721
1786495788426 2.574054708238691 2722
1786495791002 2.5744382119737566 2723
1786495793579 2.574410011060536 2724
1786495796157 2.57619259506464 2725
1786495798733 2.574587957933545 2726
1786495801313 2.5781963379122317 2727
1786495803899 2.5842920090071857 2728
1786495806482 2.580827983096242 2729
1786495809065 2.5806537959724665 2730
1786495811650 2.583129897248 2731
1786495814233 2.5813800832256675 2732
1786495816814 2.579881619196385 2733
1786495819397 2.58044718997553 2734
1786495821979 2.5805667932145298 2735
1786495824561 2.5798055068589747 2736
1786495827142 2.579332378692925 2737
1786495829723 2.5798764880746603 2738
1786495832305 2.57993482099846 2739
1786495834887 2.5797439333982766 2740
1786495837468 2.580140668898821 2741
1786495840050 2.5800841469317675 2742
1786495842632 2.5804636999964714 2743
1786495845216 2.581550849135965 2744
1786495847798 2.5808947449550033 2745
1786495850385 2.584996393881738 2746
1786495852962 2.5749454107135534 2747
1786495855539 2.5752166812308133 2748
1786495858117 2.5760541609488428 2749
1786495860693 2.5740276467986405 2750
1786495863269 2.574605317786336 2751
1786495865846 2.574768374208361 2752
1786495868422 2.5744688529521227 2753
1786495870998 2.5744707328267395 2754
1786495873575 2.5747348531149328 2755
1786495876151 2.574072578921914 2756
1786495878728 2.575334274210036 2757
1786495881305 2.575210750102997 2758
1786495883881 2.5747173819690943 2759
1786495886458 2.57458834676072 2760
1786495889034 2.5748216956853867 2761
1786495891610 2.574142121244222 2762
1786495894186 2.574379269964993 2763
1786495896763 2.5743427090346813 2764
1786495899339 2.574154881760478 2765
1786495901914 2.5735904811881483 2766
1786495904490 2.574521064758301 2767
1786495907066 2.5741182011552155 2768
1786495909643 2.575390846002847 2769
1786495912221 2.5759067949838936 2770
1786495914798 2.574789545033127 2771
1786495917374 2.5749057293869555 2772
1786495919951 2.5746977319940925 2773
1786495922527 2.5746548301540315 2774
1786495925103 2.573840470984578 2775
1786495927680 2.5747167821973562 2776
1786495930257 2.575482239946723 2777
1786495932834 2.5749259698204696 2778
1786495935410 2.574302036780864 2779
1786495937986 2.5744812432676554 2780
1786495940562 2.5741517008282244 2781
1786495943139 2.5755487820133567 2782
1786495945715 2.574334247969091 2783
1786495948293 2.5757537498138845 2784
1786495950870 2.5751674282364547 2785
1786495953447 2.5749637610279024 2786
1786495956024 2.575565823353827 2787
1786495958601 2.5749671710655093 2788
1786495961178 2.5748727871105075 2789
1786495963753 2.573676605243236 2790
1786495966329 2.574221724178642 2791
1786495968905 2.5742329149506986 2792
1786495971484 2.5774461310356855 2793
1786495974061 2.575089095160365 2794
1786495976642 2.5785916815511882 2795
1786495979223 2.5793253891170025 2796
1786495981805 2.5801254771649837 2797
1786495984385 2.578535339795053 2798
1786495986966 2.579075689893216 2799
1786495989547 2.5794324530288577 2800
1786495992128 2.579619170166552 2801
1786495994709 2.5791182410903275 2802
1786495997290 2.5795390866696835 2803
1786495999870 2.578182897064835 2804
1786496002452 2.5798879889771342 2805
1786496005033 2.579038318246603 2806
1786496007614 2.5799998329021037 2807
1786496010196 2.579586328007281 2808
1786496012777 2.5797529839910567 2809
1786496015358 2.579039768781513 2810
1786496017939 2.579026618041098 2811
1786496020520 2.579133861232549 2812
1786496023100 2.5787909789942205 2813
1786496025681 2.5796150593087077 2814
1786496028262 2.5783726540394127 2815
1786496030842 2.578673374839127 2816
1786496033423 2.5791566530242562 2817
1786496036004 2.579315118957311 2818
1786496038586 2.5801712688989937 2819
1786496041169 2.5813882127404213 2820
1786496043749 2.578585922252387 2821
1786496046331 2.57968832179904 2822
1786496048912 2.579229315277189 2823
1786496051494 2.5801295679993927 2824
1786496054076 2.580163698643446 2825
1786496056658 2.58071644930169 2826
1786496059240 2.5802938230335712 2827
1786496061822 2.579954281914979 2828
1786496064403 2.579775265417993 2829
1786496066985 2.579489265102893 2830
1786496069566 2.579806035850197 2831
1786496072148 2.5797054930590093 2832
1786496074730 2.5808431641198695 2833
1786496077313 2.5809542071074247 2834
1786496079895 2.580351096112281 2835
1786496082476 2.578861760906875 2836
1786496085056 2.5782224689610302 2837
1786496087637 2.579557887278497 2838
1786496090218 2.578677676152438 2839
1786496092798 2.578361433930695 2840
1786496095378 2.5783422430977225 2841
1786496097959 2.5795127446763217 2842
1786496100539 2.5781829678453505 2843
1786496103118 2.577814203687012 2844
1786496105699 2.578758438117802 2845
1786496108281 2.580748579930514 2846
1786496110862 2.579101180192083 2847
1786496113442 2.578445496968925 2848
1786496116023 2.5791165311820805 2849
1786496118603 2.5784232360310853 2850
1786496121183 2.5778834871016443 2851
1786496123763 2.578828471247107 2852
1786496126344 2.5785293602384627 2853
1786496128925 2.5801860601641238 2854
1786496131506 2.5787799092940986 2855
1786496134086 2.578033091966063 2856
1786496136666 2.57864150358364 2857
1786496139247 2.5788663616403937 2858
1786496141827 2.5784783978015184 2859
1786496144407 2.5788924428634346 2860
1786496146987 2.578229779843241 2861
1786496149568 2.578715797048062 2862
1786496152149 2.578863421920687 2863
1786496154729 2.579005586914718 2864
1786496157313 2.5819107117131352 2865
1786496159898 2.583545542322099 2866
1786496162484 2.5839041443541646 2867
1786496165067 2.580911406315863 2868
1786496167650 2.581499546766281 2869
1786496170226 2.5741550819948316 2870
1786496172803 2.5747516839765012 2871
1786496175379 2.5739488741382957 2872
1786496177954 2.573903562966734 2873
1786496180530 2.5739042828790843 2874
1786496183106 2.573850891087204 2875
1786496185682 2.574182623066008 2876
1786496188258 2.574096079915762 2877
1786496190834 2.574564027134329 2878
1786496193410 2.5745287048630416 2879
1786496195987 2.5744300018996 2880
1786496198563 2.5744301513768733 2881
1786496201140 2.5756849669851363 2882
1786496203721 2.5788821429014206 2883
1786496206303 2.5802066209726036 2884
1786496208883 2.578670484945178 2885
1786496211466 2.5814697560854256 2886
1786496214051 2.5826552687212825 2887
1786496216633 2.5801576199010015 2888
1786496219214 2.579403012059629 2889
1786496221796 2.579729804303497 2890
1786496224377 2.5797326932661235 2891
1786496226959 2.580140017904341 2892
1786496229541 2.5797403841279447 2893
1786496232122 2.5798853090964258 2894
1786496234703 2.5789351952262223 2895
1786496237285 2.580108177382499 2896
1786496239866 2.579228324815631 2897
1786496242447 2.579493195284158 2898
1786496245027 2.57886948203668 2899
1786496247608 2.5790658397600055 2900
1786496250190 2.579956010915339 2901
1786496252772 2.5800375952385366 2902
1786496255354 2.5802002297714353 2903
1786496257935 2.5791510930284858 2904
1786496260516 2.5789660760201514 2905
1786496263097 2.579742023255676 2906
1786496265678 2.578691916074604 2907
1786496268258 2.5789490551687777 2908
1786496270846 2.5863275909796357 2909
1786496273434 2.585702389013022 2910
1786496276019 2.5837125978432596 2911
1786496278602 2.5804829709231853 2912
1786496281184 2.5809771278873086 2913
1786496283767 2.5807311991229653 2914
1786496286349 2.580236910842359 2915
1786496288931 2.579921629745513 2916
1786496291513 2.5801440877839923 2917
1786496294095 2.58051952207461 2918
1786496296677 2.580575603991747 2919
1786496299260 2.5804424388334155 2920
1786496301841 2.579827186651528 2921
1786496304424 2.5814723558723927 2922
1786496307007 2.5804883199743927 2923
1786496309591 2.582702890969813 2924
1786496312174 2.580821722280234 2925
1786496314758 2.581964054144919 2926
1786496317340 2.580231372267008 2927
1786496319921 2.5797647638246417 2928
1786496322503 2.5796224889345467 2929
1786496325087 2.5823780191130936 2930
1786496327672 2.582104119937867 2931
1786496330254 2.5807755310088396 2932
1786496332839 2.583169777877629 2933
1786496335422 2.580967389047146 2934
1786496338002 2.578375254292041 2935
1786496340582 2.577594256028533 2936
1786496343161 2.5780026712454855 2937
1786496345742 2.5788212497718632 2938
1786496348322 2.5780113809742033 2939
1786496350902 2.5784052363596857 2940
1786496353481 2.5777205512858927 2941
1786496356061 2.577818054240197 2942
1786496358641 2.5782799813896418 2943
1786496361221 2.578595843166113 2944
1786496363801 2.5774625008925796 2945
1786496366380 2.577851244714111 2946
1786496368963 2.5809294059872627 2947
1786496371544 2.5793241588398814 2948
1786496374124 2.5782894012518227 2949
1786496376703 2.577738432213664 2950
1786496379284 2.5792938582599163 2951
1786496381865 2.578577592037618 2952
1786496384445 2.5781289963051677 2953
1786496387027 2.5804621097631752 2954
1786496389610 2.581655482761562 2955
1786496392194 2.5815358092077076 2956
1786496394775 2.57880645012483 2957
1786496397356 2.579640590120107 2958
1786496399937 2.5787821491248906 2959
1786496402518 2.57983855670318 2960
1786496405111 2.5905450540594757 2961
1786496407694 2.581885420717299 2962
1786496410278 2.5818661311641335 2963
1786496412861 2.581201025750488 2964
1786496415442 2.578875851817429 2965
1786496418023 2.5789156439714134 2966
1786496420604 2.5801125266589224 2967
1786496423186 2.579882549121976 2968
1786496425766 2.5780696026049554 2969
1786496428348 2.5800342839211226 2970
1786496430930 2.5803356152027845 2971
1786496433517 2.5849854429252446 2972
1786496436100 2.581789858173579 2973
1786496438681 2.5790876797400415 2974
1786496441263 2.5797603838145733 2975
1786496443845 2.5797817250713706 2976
1786496446426 2.579116760753095 2977
1786496449009 2.581719695124775 2978
1786496451597 2.5861024139449 2979
1786496454183 2.5840317886322737 2980
1786496456766 2.580619534943253 2981
1786496459345 2.5770012051798403 2982
1786496461922 2.575254731811583 2983
1786496464499 2.5753858159296215 2984
1786496467077 2.5761189833283424 2985
1786496469654 2.575230680871755 2986
1786496472231 2.5752293299883604 2987
1786496474809 2.575554132927209 2988
1786496477385 2.574931179638952 2989
1786496479963 2.575305133126676 2990
1786496482539 2.5751389069482684 2991
1786496485117 2.575527691282332 2992
1786496487693 2.5748277259990573 2993
1786496490270 2.5748386471532285 2994
1786496492847 2.575217000208795 2995
1786496495424 2.575271502137184 2996
1786496498001 2.574544626288116 2997
1786496500579 2.576221136841923 2998
1786496503162 2.58119095582515 2999
1786496507140 2.5815900010056794 3000
1786496509722 2.5805722242221236 3001
1786496512304 2.580051274970174 3002
1786496514887 2.5808821050450206 3003
1786496517469 2.5805841740220785 3004
1786496520052 2.580988188739866 3005
1786496522634 2.580186659935862 3006
1786496525215 2.5797872450202703 3007
1786496527798 2.580686948262155 3008
1786496530380 2.579711881931871 3009
1786496532967 2.585986278951168 3010
1786496535546 2.57647294504568 3011
1786496538122 2.5746275782585144 3012
1786496540698 2.5742358341813087 3013
1786496543274 2.5741189010441303 3014
1786496545856 2.5803780471906066 3015
1786496548438 2.579894518945366 3016
1786496551019 2.5789401452057064 3017
1786496553600 2.5795222660526633 3018
1786496556182 2.5797346332110465 3019
1786496558764 2.5802228008396924 3020
1786496561345 2.5794710740447044 3021
1786496563926 2.5792698967270553 3022
1786496566510 2.581501577049494 3023
1786496569091 2.5795392063446343 3024
1786496571674 2.5811412343755364 3025
1786496574255 2.578848541714251 3026
1786496576837 2.580055695027113 3027
1786496579417 2.578911993652582 3028
1786496581998 2.579036968294531 3029
1786496584579 2.5787090472877026 3030
1786496587162 2.5810867520049214 3031
1786496589742 2.5789876161143184 3032
1786496592330 2.5854362989775836 3033
1786496594910 2.5779073173180223 3034
1786496597487 2.5753663149662316 3035
1786496600064 2.575695306994021 3036
1786496602641 2.575181088875979 3037
1786496605223 2.5793299386277795 3038
1786496607804 2.5799478008411825 3039
1786496610387 2.5809727679006755 3040
1786496612972 2.5834213569760323 3041
1786496615554 2.5797247029840946 3042
1786496618136 2.5800867369398475 3043
1786496620719 2.5813868939876556 3044
1786496623301 2.580090935807675 3045
1786496625887 2.5845241472125053 3046
1786496628475 2.585344246122986 3047
1786496631058 2.581799728795886 3048
1786496633648 2.5876107681542635 3049
1786496636236 2.586428774986416 3050
1786496638826 2.5874734232202172 3051
1786496641414 2.58699988713488 3052
1786496644001 2.58469492290169 3053
1786496646588 2.584652162156999 3054
1786496649175 2.585130318067968 3055
1786496651767 2.590089817997068 3056
1786496654350 2.5813490618020296 3057
1786496656932 2.5798380970954895 3058
1786496659515 2.581181535962969 3059
1786496662098 2.5814786572009325 3060
1786496664681 2.5807885117828846 3061
1786496667262 2.5797175029292703 3062
1786496669844 2.579608608968556 3063
1786496672427 2.581298359669745 3064
1786496675009 2.5804338390007615 3065
1786496677593 2.5820964290760458 3066
1786496680175 2.579960012342781 3067
1786496682763 2.5867544771172106 3068
1786496685346 2.580344325862825 3069
1786496687927 2.5799004388973117 3070
1786496690509 2.579951710999012 3071
1786496693091 2.5798646579496562 3072
1786496695673 2.580972087569535 3073
1786496698252 2.5760613307356834 3074
1786496700828 2.5747182522900403 3075
1786496703405 2.575326293706894 3076
1786496705982 2.5753885060548782 3077
1786496708560 2.5753118339926004 3078
1786496711136 2.5744771738536656 3079
1786496713713 2.575593533925712 3080
1786496716290 2.5748866191133857 3081
1786496718867 2.5754808499477804 3082
1786496721444 2.5749512598849833 3083
1786496724021 2.57533256476745 3084
1786496726599 2.5760592012666166 3085
1786496729176 2.5752036701887846 3086
1786496731753 2.5748102758079767 3087
1786496734330 2.574791784863919 3088
1786496736907 2.5751211172901094 3089
1786496739483 2.5742575358599424 3090
1786496742060 2.575246731285006 3091
1786496744640 2.578623242676258 3092
1786496747220 2.577752022072673 3093
1786496749798 2.576113203074783 3094
1786496752379 2.5798479169607162 3095
1786496754962 2.5803342051804066 3096
1786496757547 2.584037628956139 3097
1786496760131 2.5816414821892977 3098
1786496762715 2.5822610552422702 3099
1786496765297 2.58020982099697 3100
1786496767880 2.5809778380207717 3101
1786496770463 2.5807951018214226 3102
1786496773044 2.5797253330238163 3103
1786496775627 2.581282630097121 3104
1786496778210 2.58108773175627 3105
1786496780798 2.585781521629542 3106
1786496783380 2.579965562094003 3107
1786496785961 2.579739633947611 3108
1786496788542 2.5795422070659697 3109
1786496791122 2.578178357332945 3110
1786496793698 2.57388909207657 3111
1786496796280 2.5800118036568165 3112
1786496798861 2.579599568154663 3113
1786496801442 2.578938964754343 3114
1786496804024 2.5799128296785057 3115
1786496806601 2.575705067720264 3116
1786496809181 2.5778126940131187 3117
1786496811764 2.58123721787706 3118
1786496814348 2.5818851706571877 3119
1786496816930 2.5801631789654493 3120
1786496819510 2.577352896798402 3121
1786496822092 2.5808531241491437 3122
1786496824672 2.5781562170013785 3123
1786496827255 2.5804558689706028 3124
1786496829833 2.5766275809146464 3125
1786496832414 2.5792185650207102 3126
1786496834996 2.5801053969189525 3127
1786496837577 2.578577752225101 3128
1786496840155 2.576389622874558 3129
1786496842732 2.5754952002316713 3130
1786496845309 2.574601307976991 3131
1786496847885 2.574372380040586 3132
1786496850462 2.574800075031817 3133
1786496853038 2.5742625459097326 3134
1786496855614 2.5744772432371974 3135
1786496858190 2.5743718687444925 3136
1786496860775 2.5827091708779335 3137
1786496863358 2.580851973965764 3138
1786496865943 2.583588412962854 3139
1786496868524 2.5790844899602234 3140
1786496871105 2.579182962886989 3141
1786496873689 2.5819866550154984 3142
1786496876269 2.5782930119894445 3143
1786496878851 2.5798118668608367 3144
1786496881432 2.579851457849145 3145
1786496884014 2.5798261165618896 3146
1786496886595 2.5790732889436185 3147
1786496889173 2.5766264419071376 3148
1786496891751 2.5753626045770943 3149
1786496894329 2.5766564519144595 3150
1786496896905 2.574282946996391 3151
1786496899482 2.5745766567997634 3152
1786496902058 2.5746812797151506 3153
1786496904635 2.5756190051324666 3154
1786496907213 2.5753815257921815 3155
1786496909790 2.5751195061020553 3156
1786496912366 2.5745321149006486 3157
1786496914942 2.574649800080806 3158
1786496917519 2.5745825269259512 3159
1786496920095 2.5742451860569417 3160
1786496922672 2.575180889107287 3161
1786496925250 2.576597270090133 3162
1786496927827 2.57494713133201 3163
1786496930403 2.5742227537557483 3164
1786496932983 2.5772672640159726 3165
1786496935564 2.579735974315554 3166
1786496938145 2.578812620136887 3167
1786496940725 2.57843218697235 3168
1786496943305 2.5786342034116387 3169
1786496945886 2.5793395792134106 3170
1786496948467 2.5786562240682542 3171
1786496951048 2.5793430493213236 3172
1786496953631 2.5811541653238237 3173
1786496956209 2.57555837277323 3174
1786496958787 2.5765788801945746 3175
1786496961364 2.5752325002104044 3176
1786496963942 2.575801230967045 3177
1786496966519 2.5753341149538755 3178
1786496969096 2.5749947419390082 3179
1786496971673 2.575194990262389 3180
1786496974254 2.5797726148739457 3181
1786496976832 2.5754146678373218 3182
1786496979413 2.579657741356641 3183
1786496981993 2.5785586908459663 3184
1786496984574 2.5787054458633065 3185
1786496987158 2.5821538707241416 3186
1786496989742 2.5821917429566383 3187
1786496992328 2.5834047361277044 3188
1786496994912 2.5823454782366753 3189
1786496997496 2.582603967282921 3190
1786497000079 2.5805728239938617 3191
1786497002660 2.5793844209983945 3192
1786497005244 2.581772717181593 3193
1786497007829 2.583015542011708 3194
1786497010417 2.586263058707118 3195
1786497013001 2.582008235156536 3196
1786497015585 2.5822857660241425 3197
1786497018169 2.5821579708717763 3198
1786497020753 2.5821772711351514 3199
1786497023337 2.582342578098178 3200
1786497025923 2.583767609205097 3201
1786497028507 2.5820799083448946 3202
1786497031092 2.582988601643592 3203
1786497033669 2.5752069796435535 3204
1786497036246 2.5748660382814705 3205
1786497038822 2.574810895137489 3206
1786497041399 2.574788864236325 3207
1786497043976 2.5746131488122046 3208
1786497046552 2.57454876601696 3209
1786497049129 2.5749297398142517 3210
1786497051713 2.58226810535416 3211
1786497054298 2.5834171366877854 3212
1786497056884 2.584299789275974 3213
1786497059468 2.5818653902970254 3214
1786497062052 2.581618831027299 3215
1786497064636 2.582143090199679 3216
1786497067216 2.5784129360690713 3217
1786497069792 2.5745137347839773 3218
1786497072369 2.5750319538637996 3219
1786497074946 2.574543816037476 3220
1786497077523 2.5758653040975332 3221
1786497080108 2.582483903039247 3222
1786497082692 2.581862810999155 3223
1786497085276 2.5820724982768297 3224
1786497087859 2.5817779870703816 3225
1786497090445 2.5835311813279986 3226
1786497093029 2.5826772903092206 3227
1786497095613 2.5816771439276636 3228
1786497098196 2.5812026257626712 3229
1786497100781 2.5828072149306536 3230
1786497103365 2.582609408069402 3231
1786497105945 2.5779119771905243 3232
1786497108523 2.5758331422694027 3233
1786497111102 2.57719337195158 3234
1786497113679 2.575657016132027 3235
1786497116257 2.5756258349865675 3236
1786497118834 2.5753904161974788 3237
1786497121411 2.5751840588636696 3238
1786497123990 2.5766489119268954 3239
1786497126567 2.57543110800907 3240
1786497129144 2.5756612862460315 3241
1786497131721 2.5752350208349526 3242
1786497134298 2.5749020888470113 3243
1786497136875 2.574975952040404 3244
1786497139452 2.5749757708981633 3245
1786497142031 2.576970003079623 3246
1786497144611 2.578120505437255 3247
1786497147190 2.5777834826149046 3248
1786497149769 2.577302224934101 3249
1786497152352 2.5804721699096262 3250
1786497154934 2.580375635996461 3251
1786497157512 2.5764252729713917 3252
1786497160090 2.5755085512064397 3253
1786497162667 2.575188779272139 3254
1786497165246 2.576907350681722 3255
1786497167827 2.579260766040534 3256
1786497170409 2.5800417349673808 3257
1786497172992 2.581237378064543 3258
1786497175580 2.58591512683779 3259
1786497178161 2.5796077991835773 3260
1786497180738 2.574965280946344 3261
1786497183315 2.5755124213173985 3262
1786497185893 2.5755750429816544 3263
1786497188470 2.575779171194881 3264
1786497191047 2.5749254198744893 3265
1786497193624 2.575021532829851 3266
1786497196201 2.5751865692436695 3267
1786497198778 2.575133576989174 3268
1786497201355 2.575062034651637 3269
1786497203932 2.575223249848932 3270
1786497206509 2.575345884077251 3271
1786497209086 2.575006642844528 3272
1786497211663 2.5753585253842175 3273
1786497214240 2.5752178910188377 3274
1786497216818 2.57659363001585 3275
1786497219403 2.582779134158045 3276
1786497221987 2.5821548411622643 3277
1786497224571 2.581691224128008 3278
1786497227155 2.5821816818788648 3279
1786497229737 2.58079176209867 3280
1786497232315 2.576018299907446 3281
1786497234901 2.5832386510446668 3282
1786497237487 2.5845731389708817 3283
1786497240068 2.5794172822497785 3284
1786497242650 2.579721982590854 3285
1786497245232 2.579861527774483 3286
1786497247813 2.5792779671028256 3287
1786497250394 2.5793379098176956 3288
1786497252976 2.5801237570121884 3289
1786497255557 2.579472833778709 3290
1786497258139 2.5799524318426847 3291
1786497260721 2.580777322407812 3292
1786497263304 2.5802854830399156 3293
1786497265885 2.579915190115571 3294
1786497268467 2.5800725957378745 3295
1786497271049 2.580288713797927 3296
1786497273632 2.5808718749321997 3297
1786497276214 2.5800635549239814 3298
1786497278796 2.5805089520290494 3299
1786497281380 2.5816989638842642 3300
1786497283964 2.5820696582086384 3301
1786497286554 2.588681777007878 3302
1786497289144 2.5874502332881093 3303
1786497291731 2.5851008179597557 3304
1786497294317 2.5842524068430066 3305
1786497296899 2.580226991325617 3306
1786497299481 2.580379266757518 3307
1786497302065 2.5818705298006535 3308
1786497304649 2.5821008789353073 3309
1786497307242 2.591974826063961 3310
1786497309824 2.5796300899237394 3311
1786497312407 2.5811665449291468 3312
1786497314989 2.5801454288884997 3313
1786497317571 2.580189449712634 3314
1786497320156 2.5829357001930475 3315
1786497322745 2.5872156941331923 3316
1786497325327 2.5799329509027302 3317
1786497327908 2.5798962488770485 3318
1786497330490 2.5799993029795587 3319
1786497333077 2.5847231736406684 3320
1786497335660 2.5814784169197083 3321
1786497338248 2.5858148732222617 3322
1786497340834 2.5842051850631833 3323
1786497343416 2.580120027065277 3324
1786497345999 2.5814589662477374 3325
1786497348582 2.5814417051151395 3326
1786497351170 2.58555178437382 3327
1786497353759 2.5867455173283815 3328
1786497356338 2.577868975698948 3329
1786497358915 2.5746661610901356 3330
1786497361491 2.5745371147058904 3331
1786497364068 2.5746001577936113 3332
1786497366644 2.574646399822086 3333
1786497369220 2.574336958117783 3334
1786497371797 2.574404989834875 3335
1786497374373 2.574521784670651 3336
1786497376949 2.5743159581907094 3337
1786497379525 2.5746707799844444 3338
1786497382102 2.5746856406331062 3339
1786497384680 2.576263398863375 3340
1786497387256 2.57445952296257 3341
1786497389832 2.574366989079863 3342
1786497392408 2.5742572462186217 3343
1786497394984 2.5741194002330303 3344
1786497397560 2.5739050530828536 3345
1786497400136 2.574091938789934 3346
1786497402711 2.573495738208294 3347
1786497405287 2.573658184148371 3348
1786497407862 2.573966054711491 3349
1786497410438 2.573796208947897 3350
1786497413014 2.5739647150039673 3351
1786497415590 2.573892162181437 3352
1786497418167 2.5755691728554666 3353
1786497420743 2.574082389008254 3354
1786497423318 2.5737898987717927 3355
1786497425894 2.5738851819187403 3356
1786497428471 2.5751515980809927 3357
1786497431047 2.5742306648753583 3358
1786497433627 2.578222518786788 3359
1786497436209 2.579861158039421 3360
1786497438792 2.581444814801216 3361
1786497441375 2.581311550922692 3362
1786497443958 2.580765100661665 3363
1786497446539 2.579241346102208 3364
1786497449121 2.5799133498221636 3365
1786497451704 2.5817871084436774 3366
1786497454287 2.580744231119752 3367
1786497456869 2.580477461218834 3368
1786497459453 2.581938332878053 3369
1786497462035 2.5802289620041847 3370
1786497464620 2.5832797209732234 3371
1786497467199 2.576867970172316 3372
1786497469779 2.578505629207939 3373
1786497472365 2.5837658988311887 3374
1786497474947 2.5808972758241 3375
1786497477530 2.580779790878296 3376
1786497480114 2.581556568853557 3377
1786497482696 2.580754519905895 3378
1786497485278 2.5804366492666304 3379
1786497487861 2.58042453834787 3380
1786497490444 2.582005815114826 3381
1786497493029 2.58250241400674 3382
1786497495612 2.5810485812835395 3383
1786497498194 2.5805482822470367 3384
1786497500776 2.580011493060738 3385
1786497503359 2.580860854126513 3386
1786497505941 2.5802514129318297 3387
1786497508522 2.579871237743646 3388
1786497511104 2.579436262138188 3389
1786497513685 2.5800246139988303 3390
1786497516267 2.579816035926342 3391
1786497518848 2.578679144848138 3392
1786497521429 2.579611679073423 3393
1786497524010 2.579343969002366 3394
1786497526591 2.5788979129865766 3395
1786497529173 2.5805893051438034 3396
1786497531755 2.5801780689507723 3397
1786497534338 2.5807574409991503 3398
1786497536919 2.579618060030043 3399
1786497539501 2.5802837829105556 3400
1786497542086 2.5826892307959497 3401
1786497544664 2.5758233820088208 3402
1786497547240 2.5748043949715793 3403
1786497549817 2.575198529753834 3404
1786497552394 2.574322168249637 3405
1786497554972 2.5768879810348153 3406
1786497557550 2.575625994708389 3407
1786497560127 2.575259640812874 3408
1786497562704 2.5756297651678324 3409
1786497565281 2.5752728222869337 3410
1786497567864 2.58046808000654 3411
1786497570446 2.5799586619250476 3412
1786497573029 2.5818295190110803 3413
1786497575613 2.5821027192287147 3414
1786497578197 2.5821350999176502 3415
1786497580781 2.581654583103955 3416
1786497583362 2.5798397082835436 3417
1786497585944 2.5800535548478365 3418
1786497588525 2.578934364952147 3419
1786497591108 2.58064814703539 3420
1786497593696 2.586035231128335 3421
1786497596278 2.580582163762301 3422
1786497598860 2.579728303011507 3423
1786497601442 2.5806183055974543 3424
1786497604026 2.5823106071911752 3425
1786497606616 2.587935899849981 3426
1786497609199 2.580730468966067 3427
1786497611783 2.582964400295168 3428
1786497614367 2.5819010618142784 3429
1786497616950 2.58088295487687 3430
1786497619534 2.58192977309227 3431
1786497622115 2.5789809660054743 3432
1786497624696 2.5795417558401823 3433
1786497627277 2.579769724048674 3434
1786497629859 2.5794894341379404 3435
1786497632440 2.5789473252370954 3436
1786497635021 2.5795125560835004 3437
1786497637602 2.5796423498541117 3438
1786497640184 2.5798026057891548 3439
1786497642765 2.5794170307926834 3440
1786497645346 2.5793501902371645 3441
1786497647931 2.5826303279027343 3442
1786497650513 2.5800546347163618 3443
1786497653095 2.5800157440826297 3444
1786497655675 2.578960154671222 3445
1786497658258 2.5812361473217607 3446
1786497660840 2.579320138320327 3447
1786497663420 2.5787079771980643 3448
1786497666000 2.578321131877601 3449
1786497668582 2.57952949590981 3450
1786497671162 2.5780328921973705 3451
1786497673742 2.579023967962712 3452
1786497676323 2.5784779782406986 3453
1786497678908 2.583305682055652 3454
1786497681489 2.5794300120323896 3455
1786497684070 2.578800570219755 3456
1786497686651 2.579368649981916 3457
1786497689234 2.580914056394249 3458
1786497691823 2.587858997285366 3459
1786497694415 2.5894212941639125 3460
1786497696999 2.5825175140053034 3461
1786497699584 2.583159417845309 3462
1786497702174 2.5877827745862305 3463
1786497704763 2.587327857967466 3464
1786497707346 2.5812158971093595 3465
1786497709927 2.579193173907697 3466
1786497712511 2.58212613966316 3467
1786497715095 2.582134909927845 3468
1786497717676 2.5792104336433113 3469
1786497720258 2.5802189810201526 3470
1786497722841 2.58129345998168 3471
1786497725423 2.5792660363949835 3472
1786497728004 2.579206224065274 3473
1786497730585 2.5794505029916763 3474
1786497733167 2.580859283916652 3475
1786497735748 2.5790514880791306 3476
1786497738330 2.5800588252022862 3477
1786497740912 2.5796028091572225 3478
1786497743493 2.5799396112561226 3479
1786497746076 2.5812474791891873 3480
1786497748658 2.5799104901961982 3481
1786497751238 2.5786287733353674 3482
1786497753822 2.581367053091526 3483
1786497756403 2.5791550129652023 3484
1786497758984 2.5800194940529764 3485
1786497761566 2.579668822232634 3486
1786497764147 2.5792662370949984 3487
1786497766728 2.578854741062969 3488
1786497769309 2.579834546893835 3489
1786497771893 2.581734035629779 3490
1786497774478 2.58293832000345 3491
1786497777061 2.5815085382200778 3492
1786497779643 2.5798781691119075 3493
1786497782224 2.5792307248339057 3494
1786497784805 2.5792164248414338 3495
1786497787386 2.579797006212175 3496
1786497789968 2.580013253260404 3497
1786497792549 2.5787755488418043 3498
1786497795131 2.580256773158908 3499
1786497799105 2.579537486191839 3500
1786497801685 2.5784679679200053 3501
1786497804265 2.577910187654197 3502
1786497806845 2.578823001123965 3503
1786497809426 2.578352054115385 3504
1786497812007 2.5792367551475763 3505
1786497814588 2.579696882981807 3506
1786497817171 2.580717239063233 3507
1786497819753 2.5801280681043863 3508
1786497822335 2.5807248689234257 3509
1786497824918 2.581116854213178 3510
1786497827501 2.580810143146664 3511
1786497830083 2.5804931609891355 3512
1786497832665 2.5798682481981814 3513
1786497835245 2.578634122852236 3514
1786497837830 2.5826807310804725 3515
1786497840411 2.578958014957607 3516
1786497842993 2.581040970981121 3517
1786497845576 2.5803518863394856 3518
1786497848157 2.5798687087371945 3519
1786497850739 2.5804190281778574 3520
1786497853322 2.5804830309934914 3521
1786497855904 2.5805539339780807 3522
1786497858486 2.58021063124761 3523
1786497861067 2.5790694202296436 3524
1786497863648 2.578958766069263 3525
1786497866228 2.578914914280176 3526
1786497868809 2.579030147753656 3527
1786497871389 2.578623253852129 3528
1786497873970 2.5788710420019925 3529
1786497876552 2.5796401100233197 3530
1786497879132 2.5787040861323476 3531
1786497881713 2.5787706188857555 3532
1786497884292 2.5778434448875487 3533
1786497886873 2.5789164141751826 3534
1786497889455 2.580174269154668 3535
1786497892037 2.5804452397860587 3536
1786497894620 2.5809855689294636 3537
1786497897202 2.5803884668275714 3538
1786497899785 2.580677387304604 3539
1786497902367 2.580001164227724 3540
1786497904948 2.580121757928282 3541
1786497907529 2.5787395569495857 3542
1786497910111 2.580222541000694 3543
1786497912694 2.5807402902282774 3544
1786497915276 2.5805289316922426 3545
1786497917858 2.5806687669828534 3546
1786497920441 2.5807237797416747 3547
1786497923026 2.5829032082110643 3548
1786497925608 2.5806197957135737 3549
1786497928190 2.5802339911460876 3550
1786497930776 2.5837327181361616 3551
1786497933359 2.5815461790189147 3552
1786497935936 2.5751766180619597 3553
1786497938514 2.576423783786595 3554
1786497941094 2.5782259991392493 3555
1786497943675 2.5782817020080984 3556
1786497946254 2.5774101386778057 3557
1786497948834 2.5782512803561985 3558
1786497951416 2.579802786000073 3559
1786497954001 2.583609093911946 3560
1786497956586 2.582625257782638 3561
1786497959168 2.5810838821344078 3562
1786497961751 2.580623554997146 3563
1786497964334 2.5810945429839194 3564
1786497966918 2.5819339328445494 3565
1786497969501 2.580990368966013 3566
1786497972084 2.5817812480963767 3567
1786497974673 2.5865138079971075 3568
1786497977256 2.5812489190138876 3569
1786497979842 2.58489345991984 3570
1786497982425 2.580836582928896 3571
1786497985007 2.580047035124153 3572
1786497987588 2.578585581853986 3573
1786497990169 2.579618329182267 3574
1786497992751 2.579707742203027 3575
1786497995334 2.581147364806384 3576
1786497997915 2.5793519890867174 3577
1786498000497 2.5804707598872483 3578
1786498003078 2.578551411163062 3579
1786498005659 2.579498514998704 3580
1786498008242 2.581473955884576 3581
1786498010828 2.5833718851208687 3582
1786498013411 2.5817028740420938 3583
1786498015994 2.5809496068395674 3584
1786498018577 2.5809698179364204 3585
1786498021161 2.5821943120099604 3586
1786498023744 2.5818683495745063 3587
1786498026328 2.5819894457235932 3588
1786498028913 2.5832172986119986 3589
1786498031498 2.5825871960259974 3590
1786498034082 2.582454941701144 3591
1786498036666 2.5824263701215386 3592
1786498039251 2.582475902978331 3593
1786498041836 2.5834411177784204 3594
1786498044421 2.583210258744657 3595
1786498047006 2.5836321939714253 3596
1786498049589 2.5809451369568706 3597
1786498052174 2.5828554360195994 3598
1786498054760 2.583586293272674 3599
1786498057350 2.5884482581168413 3600
1786498059938 2.5856356569565833 3601
1786498062525 2.585404818877578 3602
1786498065109 2.5819453429430723 3603
1786498067697 2.585874234791845 3604
1786498070279 2.5803326750174165 3605
1786498072863 2.5821603210642934 3606
1786498075446 2.5809356565587223 3607
1786498078030 2.5821668123826385 3608
1786498080612 2.5808747047558427 3609
1786498083196 2.5820013959892094 3610
1786498085779 2.581362721975893 3611
1786498088363 2.5824799528345466 3612
1786498090944 2.5790079766884446 3613
1786498093529 2.5826084669679403 3614
1786498096116 2.585142479278147 3615
1786498098697 2.5798690379597247 3616
1786498101279 2.5802946239709854 3617
1786498103861 2.580275723244995 3618
1786498106444 2.580874535255134 3619
1786498109026 2.579678300768137 3620
1786498111608 2.5803366051986814 3621
1786498114190 2.5804725298658013 3622
1786498116772 2.5805262131616473 3623
1786498119356 2.581669852603227 3624
1786498121939 2.5809844681061804 3625
1786498124521 2.579982353374362 3626
1786498127106 2.5839263149537146 3627
1786498129688 2.579476905055344 3628
1786498132272 2.582742772065103 3629
1786498134855 2.5807524607516825 3630
1786498137437 2.5803835270926356 3631
1786498140019 2.5804412490688264 3632
1786498142601 2.5792927681468427 3633
1786498145182 2.5797806750051677 3634
1786498147764 2.579772464931011 3635
1786498150347 2.581787498202175 3636
1786498152930 2.581046551000327 3637
1786498155513 2.5804007779806852 3638
1786498158095 2.5799962538294494 3639
1786498160676 2.579179803840816 3640
1786498163260 2.5821867622435093 3641
1786498165842 2.580634756013751 3642
1786498168424 2.580143537838012 3643
1786498171008 2.581993466243148 3644
1786498173591 2.581304411403835 3645
1786498176172 2.578608752693981 3646
1786498178753 2.579605268780142 3647
1786498181334 2.5796317402273417 3648
1786498183915 2.5791454021818936 3649
1786498186498 2.5807968419976532 3650
1786498189080 2.580252891872078 3651
1786498191662 2.580876064952463 3652
1786498194246 2.5819151629693806 3653
1786498196828 2.5804459992796183 3654
1786498199409 2.5790012166835368 3655
1786498201992 2.5805467423051596 3656
1786498204574 2.5801796591840684 3657
1786498207160 2.583924334961921 3658
1786498209744 2.582138880621642 3659
1786498212325 2.579896688926965 3660
1786498214907 2.5801571388728917 3661
1786498217487 2.578225519042462 3662
1786498220067 2.5776781090535223 3663
1786498222649 2.580569833982736 3664
1786498225231 2.5798962097615004 3665
1786498227817 2.58439558185637 3666
1786498230402 2.5823320583440363 3667
1786498232985 2.5812420179136097 3668
1786498235568 2.5814556358382106 3669
1786498238152 2.5824033501558006 3670
1786498240735 2.5813485919497907 3671
1786498243319 2.5813782326877117 3672
1786498245904 2.5832228092476726 3673
1786498248486 2.5805389820598066 3674
1786498251076 2.587706252001226 3675
1786498253664 2.587094308808446 3676
1786498256247 2.580523682292551 3677
1786498258828 2.5795656382106245 3678
1786498261413 2.5827578930184245 3679
1786498263995 2.5799750327132642 3680
1786498266579 2.5821230802685022 3681
1786498269175 2.5947091947309673 3682
1786498271754 2.576821507886052 3683
1786498274332 2.5765602686442435 3684
1786498276910 2.576066231355071 3685
1786498279489 2.5763623220846057 3686
1786498282067 2.5761180431582034 3687
1786498284644 2.575968678109348 3688
1786498287223 2.5765515379607677 3689
1786498289800 2.5757671897299588 3690
1786498292381 2.578859531786293 3691
1786498294963 2.5800854871049523 3692
1786498297546 2.5814105542376637 3693
1786498300129 2.5811291630379856 3694
1786498302718 2.5865937122143805 3695
1786498305300 2.5801611286588013 3696
1786498307882 2.580591083969921 3697
1786498310464 2.579891259316355 3698
1786498313044 2.5778314447961748 3699
1786498315624 2.578923863824457 3700
1786498318210 2.5835382407531142 3701
1786498320791 2.5799840134568512 3702
1786498323373 2.5796803920529783 3703
1786498325955 2.5801487085409462 3704
1786498328536 2.5791409919038415 3705
1786498331117 2.5793615700677037 3706
1786498333698 2.579641089774668 3707
1786498336283 2.582903068047017 3708
1786498338865 2.5802538730204105 3709
1786498341447 2.5797817148268223 3710
1786498344028 2.579387290868908 3711
1786498346609 2.578999686986208 3712
1786498349191 2.5798866488039494 3713
1786498351772 2.5788974831812084 3714
1786498354353 2.579373880289495 3715
1786498356935 2.58031346462667 3716
1786498359517 2.5806591869331896 3717
1786498362100 2.5804868610575795 3718
1786498364681 2.579485835041851 3719
1786498367263 2.5805991049855947 3720
1786498369847 2.5815003383904696 3721
1786498372430 2.5817543561570346 3722
1786498375013 2.581009389832616 3723
1786498377595 2.580228861887008 3724
1786498380177 2.580114127136767 3725
1786498382759 2.580340975895524 3726
1786498385342 2.5802685730159283 3727
1786498387924 2.580244111828506 3728
1786498390506 2.580201991368085 3729
1786498393089 2.581226586829871 3730
1786498395670 2.579784404952079 3731
1786498398251 2.579126321710646 3732
1786498400834 2.5807090089656413 3733
1786498403415 2.5793824209831655 3734
1786498405997 2.58054038323462 3735
1786498408580 2.580899585969746 3736
1786498411161 2.5784434960223734 3737
1786498413742 2.5792506760917604 3738
1786498416322 2.578839110676199 3739
1786498418903 2.5788120198994875 3740
1786498421485 2.580272692721337 3741
1786498424067 2.5798398070037365 3742
1786498426650 2.581061141099781 3743
1786498429234 2.5824567419476807 3744
1786498431818 2.5819900752976537 3745
1786498434405 2.5847921767272055 3746
1786498436989 2.5821280400268734 3747
1786498439573 2.5818710210733116 3748
1786498442156 2.5812050667591393 3749
1786498444739 2.581406593788415 3750
1786498447325 2.5837167878635228 3751
1786498449915 2.588114587124437 3752
1786498452511 2.5943179610185325 3753
1786498455096 2.5837974096648395 3754
1786498457684 2.586056641768664 3755
1786498460271 2.584323350340128 3756
1786498462858 2.5854348987340927 3757
1786498465443 2.583371164742857 3758
1786498468028 2.5835399609059095 3759
1786498470618 2.588040912989527 3760
1786498473204 2.5836035436950624 3761
1786498475789 2.583706078119576 3762
1786498478377 2.5860214601270854 3763
1786498480964 2.5851836409419775 3764
1786498483550 2.5832584011368454 3765
1786498486137 2.585021084640175 3766
1786498488721 2.5822002119384706 3767
1786498491306 2.5838907044380903 3768
1786498493893 2.5845902487635612 3769
1786498496477 2.5820591980591416 3770
1786498499059 2.580789702013135 3771
1786498501642 2.5806693979538977 3772
1786498504225 2.581487587187439 3773
1786498506808 2.5813677329570055 3774
1786498509390 2.580067206174135 3775
1786498511974 2.5824168398976326 3776
1786498514558 2.581167194992304 3777
1786498517140 2.5802357820793986 3778
1786498519721 2.579350280109793 3779
1786498522303 2.580821862909943 3780
1786498524886 2.5806149262934923 3781
1786498527469 2.5818033879622817 3782
1786498530053 2.5812938502058387 3783
1786498532636 2.581723975017667 3784
1786498535220 2.5817248160019517 3785
1786498537805 2.5835094708018005 3786
1786498540390 2.582945629954338 3787
1786498542973 2.5813553617335856 3788
1786498545556 2.581025450024754 3789
1786498548139 2.581137814093381 3790
1786498550723 2.581990865059197 3791
1786498553307 2.582806384190917 3792
1786498555895 2.5855211531743407 3793
1786498558481 2.584968352224678 3794
1786498561067 2.5841873344033957 3795
1786498563654 2.5847704163752496 3796
1786498566240 2.5838473830372095 3797
1786498568826 2.5839586458168924 3798
1786498571410 2.5826031770557165 3799
1786498573995 2.5826704599894583 3800
1786498576580 2.58356226189062 3801
1786498579164 2.582288975827396 3802
1786498581748 2.582209493033588 3803
1786498584335 2.5846215398050845 3804
1786498586923 2.5861594160087407 3805
1786498589512 2.5878202063031495 3806
1786498592097 2.5831128950230777 3807
1786498594684 2.5851578903384507 3808
1786498597270 2.5834133666940033 3809
1786498599855 2.5838121408596635 3810
1786498602442 2.5848131580278277 3811
1786498605028 2.5837541189976037 3812
1786498607614 2.584933090955019 3813
1786498610206 2.589308879803866 3814
1786498612794 2.586876221932471 3815
1786498615379 2.5831367163918912 3816
1786498617962 2.5804261290468276 3817
1786498620545 2.5812387876212597 3818
1786498623128 2.581873510964215 3819
1786498625714 2.5839558858424425 3820
1786498628298 2.5825117737986147 3821
1786498630881 2.581139394082129 3822
1786498633464 2.581207547336817 3823
1786498636050 2.583607313223183 3824
1786498638631 2.579617174807936 3825
1786498641210 2.5766392052173615 3826
1786498643788 2.5761758177541196 3827
1786498646369 2.5796402753330767 3828
1786498648955 2.583699584007263 3829
1786498651541 2.583798388019204 3830
1786498654123 2.5809345222078264 3831
1786498656707 2.582191969268024 3832
1786498659294 2.584904779214412 3833
1786498661882 2.5858578737825155 3834
1786498664471 2.587324538268149 3835
1786498667059 2.586530108936131 3836
1786498669646 2.5844682627357543 3837
1786498672229 2.581367467995733 3838
1786498674811 2.5798715339042246 3839
1786498677393 2.580290229059756 3840
1786498679974 2.5799172949045897 3841
1786498682556 2.5800838521681726 3842
1786498685139 2.5805007070302963 3843
1786498687721 2.580232156906277 3844
1786498690303 2.5805343380197883 3845
1786498692889 2.5841649207286537 3846
1786498695477 2.5857099080458283 3847
1786498698062 2.5831141429953277 3848
1786498700650 2.5871117901988328 3849
1786498703236 2.5833943029865623 3850
1786498705818 2.580790128093213 3851
1786498708396 2.575959430076182 3852
1786498710974 2.5755680948495865 3853
1786498713552 2.5762829608283937 3854
1786498716131 2.576843602117151 3855
1786498718713 2.5802213358692825 3856
1786498721294 2.5799003951251507 3857
1786498723876 2.579714227002114 3858
1786498726458 2.5801346036605537 3859
1786498729040 2.58083001896739 3860
1786498731619 2.5770576000213623 3861
1786498734200 2.5792733123525977 3862
1786498736779 2.576855333056301 3863
1786498739356 2.5746323307976127 3864
1786498741932 2.5744258440099657 3865
1786498744509 2.575075476896018 3866
1786498747087 2.576269661076367 3867
1786498749664 2.57550220284611 3868
1786498752242 2.5758630773052573 3869
1786498754820 2.576188557781279 3870
1786498757397 2.575719840824604 3871
1786498759976 2.5770162688568234 3872
1786498762558 2.5801056418567896 3873
1786498765147 2.586412584874779 3874
1786498767729 2.580686372704804 3875
1786498770313 2.5816735196858644 3876
1786498772899 2.5847950149327517 3877
1786498775482 2.580500015988946 3878
1786498778064 2.580787747632712 3879
1786498780645 2.5787682328373194 3880
1786498783228 2.581004195846617 3881
1786498785814 2.5840277671813965 3882
1786498788396 2.580535037908703 3883
1786498790981 2.5829152148216963 3884
1786498793567 2.58493314916268 3885
1786498796150 2.580847088713199 3886
1786498798734 2.5820164419710636 3887
1786498801318 2.5816655103117228 3888
1786498803901 2.581558304838836 3889
1786498806488 2.5849572410807014 3890
1786498809073 2.582972297910601 3891
1786498811657 2.58265188569203 3892
1786498814240 2.5814789631403983 3893
1786498816824 2.58162044826895 3894
1786498819408 2.5824612989090383 3895
1786498821992 2.5821715691126883 3896
1786498824575 2.5812247740104795 3897
1786498827160 2.58341351384297 3898
1786498829746 2.5839471640065312 3899
1786498832331 2.5832633888348937 3900
1786498834915 2.581820196006447 3901
1786498837498 2.5816823500208557 3902
1786498840081 2.58102541603148 3903
1786498842663 2.5802711276337504 3904
1786498845246 2.581232252996415 3905
1786498847830 2.5815728758461773 3906
1786498850416 2.5844514020718634 3907
1786498852999 2.581457501742989 3908
1786498855584 2.582992588635534 3909
1786498858167 2.5806596730835736 3910
1786498860749 2.580774276982993 3911
1786498863333 2.5818817168474197 3912
1786498865916 2.5810442669317126 3913
1786498868499 2.5812801751308143 3914
1786498871080 2.579425017349422 3915
1786498873659 2.5766520551405847 3916
1786498876237 2.576397796161473 3917
1786498878815 2.5761555870994925 3918
1786498881394 2.5767657295800745 3919
1786498883972 2.5764014557935297 3920
1786498886550 2.576413257047534 3921
1786498889131 2.5793815148063004 3922
1786498891713 2.5799864479340613 3923
1786498894293 2.578567525371909 3924
1786498896875 2.5798282218165696 3925
1786498899455 2.5783796682953835 3926
1786498902035 2.5781310298480093 3927
1786498904615 2.578261085320264 3928
1786498907196 2.5786734600551426 3929
1786498909778 2.5799134760163724 3930
1786498912359 2.5799253061413765 3931
1786498914942 2.5811269199475646 3932
1786498917523 2.578514873981476 3933
1786498920103 2.578117799013853 3934
1786498922683 2.5784912421368062 3935
1786498925264 2.5790785336866975 3936
1786498927846 2.580475476104766 3937
1786498930430 2.5823407848365605 3938
1786498933013 2.5812001219019294 3939
1786498935595 2.5802320567891 3940
1786498938177 2.579753239173442 3941
1786498940761 2.5830219690687954 3942
1786498943345 2.582049733027816 3943
1786498945929 2.581826066132635 3944
1786498948512 2.581129439175129 3945
1786498951097 2.5832896190695465 3946
1786498953681 2.5817505521699786 3947
1786498956263 2.5809717839583755 3948
1786498958847 2.5816521691158414 3949
1786498961431 2.5817757030017674 3950
1786498964015 2.581986181437969 3951
1786498966597 2.5807334650307894 3952
1786498969182 2.582987607922405 3953
1786498971767 2.5827433089725673 3954
1786498974349 2.580587800126523 3955
1786498976948 2.596759594976902 3956
1786498979530 2.58033180097118 3957
1786498982123 2.591569514013827 3958
1786498984714 2.58856661291793 3959
1786498987301 2.5849515008740127 3960
1786498989888 2.58557325322181 3961
1786498992473 2.583267968147993 3962
1786498995061 2.586414083838463 3963
1786498997644 2.5807628873735666 3964
1786499000226 2.5803795917890966 3965
1786499002811 2.582434837706387 3966
1786499005393 2.580212485976517 3967
1786499007975 2.5800017178989947 3968
1786499010558 2.5816720286384225 3969
1786499013143 2.5832826090045273 3970
1786499015728 2.582778891082853 3971
1786499018311 2.5816980712115765 3972
1786499020895 2.582068745046854 3973
1786499023480 2.5833114800043404 3974
1786499026063 2.580742125865072 3975
1786499028647 2.5828637541271746 3976
1786499031233 2.583634771872312 3977
1786499033816 2.581111429259181 3978
1786499036398 2.5802873889915645 3979
1786499038981 2.5808942508883774 3980
1786499041563 2.5809892849065363 3981
1786499044145 2.5802676086314023 3982
1786499046727 2.5799390259198844 3983
1786499049310 2.5812260028906167 3984
1786499051892 2.580113203264773 3985
1786499054477 2.5834180139936507 3986
1786499057058 2.579132547136396 3987
1786499059642 2.5821277974173427 3988
1786499062232 2.5881135961972177 3989
1786499064818 2.584154740907252 3990
1786499067397 2.5769036738201976 3991
1786499069975 2.5758884670212865 3992
1786499072552 2.5753649082034826 3993
1786499075130 2.576109654735774 3994
1786499077708 2.5766757461242378 3995
1786499080286 2.5754664721898735 3996
1786499082863 2.575655947905034 3997
1786499085441 2.5756826689466834 3998
1786499088018 2.57583607500419 3999
1786499092950 2.5752078918740153 4000
1786499095529 2.5775423077866435 4001
1786499098109 2.577609700150788 4002
1786499100688 2.5775330080650747 4003
1786499103267 2.576801630202681 4004
1786499105858 2.5890381410717964 4005
1786499108439 2.5789604797028005 4006
1786499111019 2.5790534429252148 4007
1786499113599 2.5774274738505483 4008
1786499116178 2.578067858237773 4009
1786499118759 2.5782804847694933 4010
1786499121338 2.577760076150298 4011
1786499123918 2.578073517885059 4012
1786499126501 2.5810957988724113 4013
1786499129082 2.5791244758293033 4014
1786499131662 2.578469451982528 4015
1786499134242 2.578251244034618 4016
1786499136822 2.578090637922287 4017
1786499139404 2.579663216136396 4018
1786499141983 2.577590050175786 4019
1786499144564 2.579237099736929 4020
1786499147144 2.578022646252066 4021
1786499149723 2.5776089802384377 4022
1786499152307 2.5818885979242623 4023
1786499154892 2.5827138079330325 4024
1786499157472 2.5790174519643188 4025
1786499160054 2.5793506549671292 4026
1786499162634 2.5786586990579963 4027
1786499165214 2.577785816974938 4028
1786499167793 2.577471155207604 4029
1786499170372 2.577279668767005 4030
1786499172952 2.578598846681416 4031
1786499175532 2.5780379357747734 4032
1786499178112 2.5783540778793395 4033
1786499180692 2.5779232918284833 4034
1786499183273 2.5788730569183826 4035
1786499185853 2.5785893560387194 4036
1786499188434 2.5791182657703757 4037
1786499191015 2.5792187401093543 4038
1786499193599 2.5818030736409128 4039
1786499196179 2.578839966095984 4040
1786499198759 2.577593858819455 4041
1786499201339 2.578478622250259 4042
1786499203919 2.578264134004712 4043
1786499206499 2.5780975581146777 4044
1786499209082 2.5805381080135703 4045
1786499211663 2.579075414221734 4046
1786499214243 2.5783830489963293 4047
1786499216822 2.577811047900468 4048
1786499219404 2.5792782423086464 4049
1786499221984 2.5787512715905905 4050
1786499224566 2.579505870118737 4051
1786499227148 2.5809030109085143 4052
1786499229730 2.579138956964016 4053
1786499232310 2.5784663218073547 4054
1786499234896 2.5847459631040692 4055
1786499237484 2.585866364184767 4056
1786499240073 2.5864725769497454 4057
1786499242661 2.586482116021216 4058
1786499245249 2.585928306914866 4059
1786499247836 2.5855909236706793 4060
1786499250425 2.5862126466818154 4061
1786499253010 2.583094661589712 4062
1786499255595 2.58312186319381 4063
1786499258184 2.5877318922430277 4064
1786499260772 2.5854037976823747 4065
1786499263359 2.5852277809754014 4066
1786499265946 2.5855227410793304 4067
1786499268533 2.58520642016083 4068
1786499271121 2.5862719588913023 4069
1786499273703 2.5798972849734128 4070
1786499276284 2.5786432391032577 4071
1786499278866 2.5809836047701538 4072
1786499281451 2.5823576049879193 4073
1786499284031 2.5780836581252515 4074
1786499286612 2.5793977957218885 4075
1786499289192 2.5781880621798337 4076
1786499291773 2.579497670289129 4077
1786499294355 2.580048040021211 4078
1786499296936 2.5793674257583916 4079
1786499299517 2.5787639929912984 4080
1786499302097 2.578286055009812 4081
1786499304678 2.5788847878575325 4082
1786499307259 2.5794734791852534 4083
1786499309840 2.579270051792264 4084
1786499312421 2.579141537193209 4085
1786499315005 2.581637818366289 4086
1786499317589 2.582701758015901 4087
1786499320173 2.5823461152613163 4088
1786499322757 2.5821948889642954 4089
1786499325340 2.5808995622210205 4090
1786499327921 2.578515934292227 4091
1786499330501 2.5783702889457345 4092
1786499333084 2.5816898909397423 4093
1786499335665 2.578685140237212 4094
1786499338245 2.5785412839613855 4095
1786499340827 2.5796541259624064 4096
1786499343407 2.5789454001933336 4097
1786499345989 2.579514579847455 4098
1786499348570 2.5792088392190635 4099
1786499351152 2.58046661503613 4100
1786499353733 2.579163108021021 4101
1786499356314 2.579102085903287 4102
1786499358895 2.5786017971113324 4103
1786499361474 2.57805388700217 4104
1786499364055 2.5786498389206827 4105
1786499366636 2.579074105247855 4106
1786499369217 2.5790866049937904 4107
1786499371799 2.580344800837338 4108
1786499374380 2.579335414338857 4109
1786499376963 2.5817479020915926 4110
1786499379544 2.5788974980823696 4111
1786499382127 2.5805321680381894 4112
1786499384707 2.5790828252211213 4113
1786499387289 2.5794703289866447 4114
1786499389874 2.5828789942897856 4115
1786499392457 2.581594306975603 4116
1786499395039 2.57998513802886 4117
1786499397621 2.580041268840432 4118
1786499400203 2.5802874988876283 4119
1786499402784 2.5798603240400553 4120
1786499405365 2.57869003014639 4121
1786499407947 2.57993993582204 4122
1786499410530 2.581267565023154 4123
1786499413111 2.5789764798246324 4124
1786499415693 2.5800555599853396 4125
1786499418273 2.578849875833839 4126
1786499420854 2.578985230997205 4127
1786499423434 2.5780972177162766 4128
1786499426014 2.5784992426633835 4129
1786499428595 2.5788146848790348 4130
1786499431176 2.5792247098870575 4131
1786499433759 2.580731565132737 4132
1786499436340 2.5798766440711915 4133
1786499438920 2.577943593263626 4134
1786499441500 2.578623036853969 4135
1786499444080 2.578158990945667 4136
1786499446660 2.5777808758430183 4137
1786499449239 2.5776619627140462 4138
1786499451821 2.5793112232349813 4139
1786499454401 2.578762711957097 4140
1786499456983 2.5801243828609586 4141
1786499459563 2.577916151843965 4142
1786499462142 2.5777627560310066 4143
1786499464722 2.5779796042479575 4144
1786499467302 2.578149890061468 4145
1786499469881 2.5774701358750463 4146
1786499472465 2.582173377741128 4147
1786499475047 2.5801151231862605 4148
1786499477627 2.5782204922288656 4149
1786499480207 2.578135180287063 4150
1786499482787 2.5776020898483694 4151
1786499485366 2.577977303881198 4152
1786499487957 2.5886772270314395 4153
1786499490537 2.578531143721193 4154
1786499493119 2.5796994669362903 4155
1786499495705 2.584164891857654 4156
1786499498286 2.5800360897555947 4157
1786499500867 2.5787838539108634 4158
1786499503448 2.579122306779027 4159
1786499506028 2.578466761857271 4160
1786499508609 2.578924519009888 4161
1786499511196 2.58479421492666 4162
1786499513783 2.5849695107899606 4163
1786499516366 2.581850345712155 4164
1786499518957 2.5884511400945485 4165
1786499521538 2.579661945812404 4166
1786499524118 2.5783678982406855 4167
1786499526699 2.5784585122019053 4168
1786499529283 2.5824437676928937 4169
1786499531866 2.5807894081808627 4170
1786499534446 2.5786457881331444 4171
1786499537027 2.5785738858394325 4172
1786499539607 2.578488102648407 4173
1786499542187 2.578606297262013 4174
1786499544768 2.578273195307702 4175
1786499547348 2.5785956871695817 4176
1786499549928 2.5784722920507193 4177
1786499552510 2.5799757172353566 4178
1786499555090 2.577569829300046 4179
1786499557669 2.577953603118658 4180
1786499560249 2.578356907237321 4181
1786499562830 2.578889988362789 4182
1786499565412 2.5803537308238447 4183
1786499567993 2.578944878652692 4184
1786499570573 2.5780067346058786 4185
1786499573157 2.582390666939318 4186
1786499575739 2.5794991701841354 4187
1786499578319 2.57857087533921 4188
1786499580900 2.5787315820343792 4189
1786499583480 2.578601246699691 4190
1786499586064 2.58173420233652 4191
1786499588644 2.5787042612209916 4192
1786499591224 2.5786486780270934 4193
1786499593805 2.5791507568210363 4194
1786499596386 2.57851035380736 4195
1786499598966 2.5783771690912545 4196
1786499601546 2.578525484073907 4197
1786499604127 2.578664609231055 4198
1786499606707 2.578471991699189 4199
1786499609287 2.5788608668372035 4200
1786499611868 2.5782248130999506 4201
1786499614448 2.578654258977622 4202
1786499617029 2.5790500538423657 4203
1786499619610 2.579761379864067 4204
1786499622190 2.578002284746617 4205
1786499624771 2.5788337849080563 4206
1786499627351 2.5783435269258916 4207
1786499629931 2.5785222542472184 4208
1786499632517 2.583518027793616 4209
1786499635098 2.5795535021461546 4210
1786499637683 2.5830712923780084 4211
1786499640263 2.578415430150926 4212
1786499642844 2.5790644539520144 4213
1786499645425 2.5785717549733818 4214
1786499648010 2.583394472952932 4215
1786499650596 2.584410371258855 4216
1786499653180 2.58176626265049 4217
1786499655760 2.578872226178646 4218
1786499658341 2.578885887749493 4219
1786499660921 2.578214682638645 4220
1786499663502 2.578690430149436 4221
1786499666082 2.579024212900549 4222
1786499668662 2.5778991309925914 4223
1786499671243 2.579029651824385 4224
1786499673823 2.5786454188637435 4225
1786499676405 2.5798061406239867 4226
1786499678986 2.5786901800893247 4227
1786499681566 2.5782061321660876 4228
1786499684147 2.579889864195138 4229
1786499686728 2.578430111054331 4230
1786499689308 2.5787134408019483 4231
1786499691889 2.5787875237874687 4232
1786499694471 2.579966516699642 4233
1786499697056 2.5839593335986137 4234
1786499699640 2.5813638889230788 4235
1786499702220 2.5783704482018948 4236
1786499704801 2.5793774756602943 4237
1786499707382 2.579292952083051 4238
1786499709963 2.578646228183061 4239
1786499712545 2.5800426700152457 4240
1786499715126 2.5792605611495674 4241
1786499717708 2.580325069837272 4242
1786499720288 2.5786869199946523 4243
1786499722869 2.578766972757876 4244
1786499725449 2.578397340141237 4245
1786499728030 2.5794192170724273 4246
1786499730610 2.5782330431975424 4247
1786499733191 2.578755903057754 4248
1786499735772 2.5790538638830185 4249
1786499738352 2.5783329769037664 4250
1786499740932 2.578542524948716 4251
1786499743512 2.5779759441502392 4252
1786499746092 2.57811271911487 4253
1786499748673 2.5795543417334557 4254
1786499751255 2.5798123911954463 4255
1786499753835 2.578359578270465 4256
1786499756416 2.5786747098900378 4257
1786499758997 2.5797423790208995 4258
1786499761578 2.5788640156388283 4259
1786499764163 2.5834150537848473 4260
1786499766744 2.5791039150208235 4261
1786499769328 2.5818848880007863 4262
1786499771908 2.5786328678950667 4263
1786499774489 2.578777852933854 4264
1786499777070 2.5788564970716834 4265
1786499779652 2.580629002302885 4266
1786499782234 2.5797431492246687 4267
1786499784815 2.5797945610247552 4268
1786499787396 2.5787305920384824 4269
1786499789976 2.5784953432157636 4270
1786499792556 2.5780168850906193 4271
1786499795135 2.5776415313594043 4272
1786499797715 2.577738845255226 4273
1786499800295 2.578354157973081 4274
1786499802876 2.5788030051626265 4275
1786499805456 2.5785066639073193 4276
1786499808037 2.5787450619973242 4277
1786499810621 2.582322003785521 4278
1786499813210 2.5869324230588973 4279
1786499815804 2.5925717810168862 4280
1786499818386 2.579524951055646 4281
1786499820967 2.5800469503737986 4282
1786499823548 2.5785014531575143 4283
1786499826129 2.5789856109768152 4284
1786499828709 2.57890029810369 4285
1786499831290 2.5791041548363864 4286
1786499833872 2.580361241940409 4287
1786499836453 2.5783150061033666 4288
1786499839033 2.578170530963689 4289
1786499841613 2.578806303907186 4290
1786499844196 2.5809356719255447 4291
1786499846783 2.5853212038055062 4292
1786499849376 2.591151598840952 4293
1786499851970 2.5915196519345045 4294
1786499854554 2.5822319900617003 4295
1786499857136 2.5803704517893493 4296
1786499859717 2.5783937890082598 4297
1786499862297 2.5788123751990497 4298
1786499864877 2.577980814035982 4299
1786499867457 2.577731864992529 4300
1786499870041 2.582044803071767 4301
1786499872629 2.5868674009107053 4302
1786499875214 2.5830908617936075 4303
1786499877796 2.579533150885254 4304
1786499880377 2.57925549056381 4305
1786499882958 2.579257080797106 4306
1786499885540 2.58046110579744 4307
1786499888121 2.5786000969819725 4308
1786499890702 2.579306402243674 4309
1786499893284 2.5801454638130963 4310
1786499895866 2.580742046236992 4311
1786499898448 2.579555642325431 4312
1786499901030 2.5802035462111235 4313
1786499903613 2.5813787188380957 4314
1786499906194 2.5797145180404186 4315
1786499908776 2.5796926766633987 4316
1786499911361 2.583532898221165 4317
1786499913944 2.5804766761139035 4318
1786499916524 2.578461332246661 4319
1786499919105 2.579223020002246 4320
1786499921686 2.579245531000197 4321
1786499924268 2.58028099918738 4322
1786499926848 2.578422280959785 4323
1786499929428 2.5781705011613667 4324
1786499932010 2.579414806794375 4325
1786499934594 2.582361596170813 4326
1786499937174 2.5784672019071877 4327
1786499939757 2.581341797951609 4328
1786499942339 2.5794545491226017 4329
1786499944921 2.5799013948999345 4330
1786499947505 2.5827038078568876 4331
1786499950086 2.579612793866545 4332
1786499952670 2.5814201813191175 4333
1786499955254 2.582167398184538 4334
1786499957836 2.5799520472064614 4335
1786499960417 2.57972130831331 4336
1786499962998 2.5792431998997927 4337
1786499965580 2.5799597669392824 4338
1786499968161 2.579685976728797 4339
1786499970743 2.5802078465931118 4340
1786499973330 2.5851453067734838 4341
1786499975915 2.5830979216843843 4342
1786499978498 2.581249504350126 4343
1786499981080 2.5793737648054957 4344
1786499983662 2.580943252891302 4345
1786499986244 2.5796679267659783 4346
1786499988825 2.57913039624691 4347
1786499991406 2.579169526696205 4348
1786499993989 2.58120922325179 4349
1786499996571 2.580214955843985 4350
1786499999152 2.5794820403680205 4351
1786500001733 2.5791809083893895 4352
1786500004317 2.5822444511577487 4353
1786500006907 2.5881370077840984 4354
1786500009488 2.5791766582988203 4355
1786500012072 2.5817552832886577 4356
1786500014653 2.5795391323044896 4357
1786500017233 2.5781742711551487 4358
1786500019814 2.5789769599214196 4359
1786500022395 2.579021612647921 4360
1786500024975 2.5784652819857 4361
1786500027556 2.5796367041766644 4362
1786500030136 2.578194962348789 4363
1786500032718 2.579855913296342 4364
1786500035298 2.578211751766503 4365
1786500037878 2.5781684210523963 4366
1786500040458 2.578515234403312 4367
1786500043039 2.5786233278922737 4368
1786500045621 2.580362881999463 4369
1786500048201 2.5778088378719985 4370
1786500050782 2.5794425681233406 4371
1786500053361 2.5770390392281115 4372
1786500055936 2.5735328099690378 4373
1786500058518 2.5797631698660553 4374
1786500061100 2.580562889110297 4375
1786500063687 2.585427578072995 4376
1786500066270 2.5808328087441623 4377
1786500068852 2.58026439929381 4378
1786500071433 2.5789017183706164 4379
1786500074015 2.5800064681097865 4380
1786500076597 2.58048611599952 4381
1786500079179 2.5797765203751624 4382
1786500081759 2.5784666119143367 4383
1786500084340 2.5789082678966224 4384
1786500086922 2.580127823166549 4385
1786500089502 2.578605707269162 4386
1786500092083 2.578419180586934 4387
1786500094665 2.58077032584697 4388
1786500097245 2.5782623142004013 4389
1786500099827 2.579593843780458 4390
1786500102408 2.578909177798778 4391
1786500104989 2.5792136788368225 4392
1786500107570 2.579250620678067 4393
1786500110154 2.58303715987131 4394
1786500112738 2.581370908766985 4395
1786500115318 2.57807355793193 4396
1786500117898 2.5783828790299594 4397
1786500120478 2.578170120716095 4398
1786500123058 2.5781242097727954 4399
1786500125637 2.5775756486691535 4400
1786500128217 2.5782594750635326 4401
1786500130798 2.5788859268650413 4402
1786500133379 2.5795845529064536 4403
1786500135963 2.5821115360595286 4404
1786500138547 2.5820758645422757 4405
1786500141132 2.5825189910829067 4406
1786500143723 2.5900592487305403 4407
1786500146314 2.5890373908914626 4408
1786500148898 2.581376028712839 4409
1786500151482 2.582411556970328 4410
1786500154064 2.579744648654014 4411
1786500156646 2.5807937481440604 4412
1786500159228 2.5795828527770936 4413
1786500161808 2.5784080089069903 4414
1786500164388 2.5784081001766026 4415
1786500166968 2.5783408381976187 4416
1786500169548 2.578262013848871 4417
1786500172133 2.5832621888257563 4418
1786500174713 2.5783136058598757 4419
1786500177297 2.582146557047963 4420
1786500179882 2.5826181238517165 4421
1786500182466 2.581964800134301 4422
1786500185047 2.579121405724436 4423
1786500187628 2.5791392968967557 4424
1786500190208 2.579102715011686 4425
1786500192793 2.5824901699088514 4426
1786500195376 2.5810001050122082 4427
1786500197958 2.581000365316868 4428
1786500200540 2.57955926284194 4429
1786500203120 2.5785929560661316 4430
1786500205700 2.5780887878499925 4431
1786500208281 2.578785953577608 4432
1786500210860 2.5774091128259897 4433
1786500213441 2.579587352927774 4434
1786500216023 2.579843091778457 4435
1786500218605 2.579732468817383 4436
1786500221188 2.5819660308770835 4437
1786500223770 2.5794713678769767 4438
1786500226351 2.57972997892648 4439
1786500228933 2.579853712115437 4440
1786500231514 2.578750691842288 4441
1786500234097 2.5820464743301272 4442
1786500236679 2.580006938893348 4443
1786500239262 2.5812642448581755 4444
1786500241846 2.5820027221925557 4445
1786500244428 2.579926996026188 4446
1786500247010 2.580438633915037 4447
1786500249592 2.579842733219266 4448
1786500252174 2.579986008349806 4449
1786500254756 2.5803614212200046 4450
1786500257339 2.5816321880556643 4451
1786500259920 2.5792254698462784 4452
1786500262502 2.5798621834255755 4453
1786500265084 2.580157513730228 4454
1786500267666 2.580382233019918 4455
1786500270247 2.5794429876841605 4456
1786500272830 2.5801909854635596 4457
1786500275411 2.5799045842140913 4458
1786500277993 2.5798336919397116 4459
1786500280573 2.5787375615909696 4460
1786500283156 2.580853429157287 4461
1786500285739 2.580932862125337 4462
1786500288320 2.579311373177916 4463
1786500290900 2.5781825711019337 4464
1786500293481 2.579148547258228 4465
1786500296062 2.5789001476950943 4466
1786500298643 2.57978507084772 4467
1786500301233 2.588173599448055 4468
1786500303825 2.5900254268199205 4469
1786500306418 2.5904217306524515 4470
1786500309010 2.5904554929584265 4471
1786500311602 2.5900950101204216 4472
1786500314195 2.590876008849591 4473
1786500316787 2.5901598217897117 4474
1786500319378 2.5897522470913827 4475
1786500321970 2.589420954696834 4476
1786500324561 2.5898670707829297 4477
1786500327153 2.5898221600800753 4478
1786500329745 2.5904420632869005 4479
1786500332327 2.579466788098216 4480
1786500334915 2.586205756291747 4481
1786500337500 2.5832916293293238 4482
1786500340082 2.5806789328344166 4483
1786500342671 2.5869453442282975 4484
1786500345254 2.5815722160041332 4485
1786500347836 2.5793839152902365 4486
1786500350420 2.5825694729574025 4487
1786500353011 2.5891021830029786 4488
1786500355602 2.5892025968059897 4489
1786500358193 2.5889468071982265 4490
1786500360784 2.588531862013042 4491
1786500363374 2.5886572068557143 4492
1786500365961 2.5845295852050185 4493
1786500368548 2.585478730034083 4494
1786500371141 2.590678690932691 4495
1786500373734 2.5915297721512616 4496
1786500376325 2.5895465700887144 4497
1786500378915 2.587144371122122 4498
1786500381496 2.579493709374219 4499
1786500385476 2.5808510798960924 4500
1786500388058 2.580469465814531 4501
1786500390641 2.5811571311205626 4502
1786500393224 2.5807842276990414 4503
1786500395807 2.581384299788624 4504
1786500398390 2.580579210072756 4505
1786500400972 2.580517917405814 4506
1786500403553 2.5788947576656938 4507
1786500406135 2.58008249104023 4508
1786500408715 2.579072903841734 4509
1786500411300 2.5829360359348357 4510
1786500413890 2.5883058425970376 4511
1786500416484 2.591418107971549 4512
1786500419065 2.5790402330458164 4513
1786500421642 2.576092403847724 4514
1786500424219 2.5749184316955507 4515
1786500426796 2.5748576587066054 4516
1786500429372 2.5747538949362934 4517
1786500431956 2.581785313785076 4518
1786500434532 2.5743253687396646 4519
1786500437109 2.574704243801534 4520
1786500439684 2.5729934410192072 4521
1786500442264 2.5789063279516995 4522
1786500444840 2.5740200779400766 4523
1786500447417 2.574829868040979 4524
1786500449993 2.5747724659740925 4525
1786500452570 2.574697222560644 4526
1786500455146 2.5747069041244686 4527
1786500457723 2.5752632739022374 4528
1786500460301 2.5756380576640368 4529
1786500462883 2.5806220010854304 4530
1786500465465 2.5804007332772017 4531
1786500468048 2.5809560627676547 4532
1786500470632 2.582068694755435 4533
1786500473216 2.582262692041695 4534
1786500475797 2.5789623907767236 4535
1786500478378 2.578748543281108 4536
1786500480959 2.5799891180358827 4537
1786500483542 2.580814457964152 4538
1786500486125 2.5814336906187236 4539
1786500488709 2.5816064570099115 4540
1786500491294 2.5827843309380114 4541
1786500493875 2.5794630791060627 4542
1786500496458 2.5808214182034135 4543
1786500499040 2.5808526100590825 4544
1786500501622 2.5802787388674915 4545
1786500504205 2.5810763579793274 4546
1786500506788 2.580936202313751 4547
1786500509370 2.579380434937775 4548
1786500511952 2.5804071528837085 4549
1786500514533 2.5795944039709866 4550
1786500517115 2.580270618200302 4551
1786500519696 2.5791022456251085 4552
1786500522277 2.5791241358965635 4553
1786500524856 2.5774978562258184 4554
1786500527436 2.5777839072979987 4555
1786500530016 2.578876247163862 4556
1786500532601 2.5826727161183953 4557
1786500535182 2.579558902885765 4558
1786500537766 2.581957111135125 4559
1786500540347 2.578895158134401 4560
1786500542927 2.578857985790819 4561
1786500545508 2.5787530816160142 4562
1786500548087 2.577370861079544 4563
1786500550666 2.5770437899045646 4564
1786500553246 2.57797759398818 4565
1786500555827 2.5793480640277267 4566
1786500558407 2.578848395962268 4567
1786500560989 2.5794871696271002 4568
1786500563570 2.5792172895744443 4569
1786500566150 2.5788719970732927 4570
1786500568729 2.5773961832746863 4571
1786500571310 2.578593975864351 4572
1786500573890 2.5779336327686906 4573
1786500576469 2.5778094180859625 4574
1786500579052 2.5811046389862895 4575
1786500581634 2.5804995368234813 4576
1786500584214 2.5777104143053293 4577
1786500586793 2.576696556992829 4578
1786500589372 2.578132219146937 4579
1786500591956 2.5816956306807697 4580
1786500594544 2.5865935906767845 4581
1786500597134 2.587912849150598 4582
1786500599718 2.581909618806094 4583
1786500602302 2.5821476173587143 4584
1786500604886 2.582139187026769 4585
1786500607471 2.5832927892915905 4586
1786500610055 2.581679780036211 4587
1786500612641 2.58425661502406 4588
1786500615225 2.5819481196813285 4589
1786500617808 2.581641848664731 4590
1786500620392 2.582109245005995 4591
1786500622974 2.579738159198314 4592
1786500625555 2.5786899803206325 4593
1786500628137 2.5800176388584077 4594
1786500630718 2.58001329889521 4595
1786500633299 2.5786944897845387 4596
1786500635881 2.579988898243755 4597
1786500638463 2.580273157916963 4598
1786500641045 2.579968897625804 4599
1786500643627 2.5804945761337876 4600
1786500646212 2.582957686856389 4601
1786500648795 2.5811457806266844 4602
1786500651378 2.581259255297482 4603
1786500653959 2.579404405783862 4604
1786500656540 2.5794165967963636 4605
1786500659122 2.5794181870296597 4606
1786500661704 2.5807307050563395 4607
1786500664287 2.5805614488199353 4608
1786500666869 2.5801330441609025 4609
1786500669451 2.5809714142233133 4610
1786500672035 2.581650469917804 4611
1786500674617 2.5808344790712 4612
1786500677198 2.5782425738871098 4613
1786500679779 2.5798872341401875 4614
1786500682361 2.5797440889291465 4615
1786500684943 2.580262147821486 4616
1786500687526 2.5810225256718695 4617
1786500690108 2.5801380132324994 4618
1786500692690 2.58091845177114 4619
1786500695272 2.580073450691998 4620
1786500697855 2.580402012914419 4621
1786500700437 2.5807145750150084 4622
1786500703019 2.579784171190113 4623
1786500705600 2.5795742217451334 4624
1786500708180 2.578534143976867 4625
1786500710764 2.5821304861456156 4626
1786500713351 2.5842682952061296 4627
1786500715932 2.579590513370931 4628
1786500718516 2.58182951528579 4629
1786500721100 2.582351393997669 4630
1786500723682 2.580264718271792 4631
1786500726265 2.5814309013076127 4632
1786500728848 2.581092609092593 4633
1786500731432 2.5818654568865895 4634
1786500734019 2.5853510848246515 4635
1786500736601 2.5802652779966593 4636
1786500739184 2.5813866588287055 4637
1786500741767 2.5813060658983886 4638
1786500744351 2.581905129365623 4639
1786500746934 2.581284085288644 4640
1786500749517 2.580854808911681 4641
1786500752099 2.58059605024755 4642
1786500754681 2.580067150760442 4643
1786500757263 2.58026732923463 4644
1786500759847 2.581713900901377 4645
1786500762434 2.5856822482310236 4646
1786500765019 2.582650335971266 4647
1786500767603 2.5827961922623217 4648
1786500770188 2.582947547081858 4649
1786500772768 2.578228543046862 4650
1786500775353 2.583337831776589 4651
1786500777935 2.5795958838425577 4652
1786500780516 2.579732968006283 4653
1786500783098 2.579875273630023 4654
1786500785681 2.5805771201848984 4655
1786500788264 2.5813196171075106 4656
1786500790849 2.583194825798273 4657
1786500793431 2.5798779539763927 4658
1786500796011 2.578076507896185 4659
1786500798593 2.580703584011644 4660
1786500801176 2.581633127760142 4661
1786500803758 2.5801906948909163 4662
1786500806342 2.582021142821759 4663
1786500808925 2.580801147967577 4664
1786500811508 2.580992314964533 4665
1786500814091 2.5810915692709386 4666
1786500816673 2.5807133349590003 4667
1786500819254 2.5788388960063457 4668
1786500821835 2.5796576850116253 4669
1786500824418 2.5810208660550416 4670
1786500827001 2.5807689470238984 4671
1786500829583 2.5806946139782667 4672
1786500832166 2.5813004071824253 4673
1786500834750 2.581454000901431 4674
1786500837333 2.5818868977949023 4675
1786500839916 2.5810785782523453 4676
1786500842499 2.5812096232548356 4677
1786500845081 2.580253188032657 4678
1786500847666 2.5824488578364253 4679
1786500850249 2.5814845329150558 4680
1786500852831 2.580399172846228 4681
1786500855414 2.5809697839431465 4682
1786500857996 2.5800196388736367 4683
1786500860580 2.5824976502917707 4684
1786500863163 2.5807826668024063 4685
1786500865747 2.5822801520116627 4686
1786500868330 2.5816436586901546 4687
1786500870913 2.580704123713076 4688
1786500873494 2.5800477601587772 4689
1786500876075 2.578707050997764 4690
1786500878657 2.580054610967636 4691
1786500881242 2.5830371202901006 4692
1786500883825 2.581237730104476 4693
1786500886407 2.580117641016841 4694
1786500888989 2.5809681210666895 4695
1786500891575 2.583665049634874 4696
1786500894162 2.585661601740867 4697
1786500896747 2.582191566005349 4698
1786500899330 2.5813783961348236 4699
1786500901912 2.5808787276037037 4700
1786500904496 2.581738530192524 4701
1786500907090 2.592064335010946 4702
1786500909671 2.5795954219065607 4703
1786500912254 2.5806728107854724 4704
1786500914836 2.579952314030379 4705
1786500917419 2.581261312123388 4706
1786500920002 2.581220949999988 4707
1786500922589 2.585461563896388 4708
1786500925172 2.581019434146583 4709
1786500927754 2.580923500005156 4710
1786500930338 2.582069010939449 4711
1786500932926 2.5858042272739112 4712
1786500935510 2.582733415067196 4713
1786500938094 2.5818303218111396 4714
1786500940672 2.575693320017308 4715
1786500943248 2.5739826881326735 4716
1786500945826 2.5761606972664595 4717
1786500948403 2.575406029820442 4718
1786500950980 2.57543357135728 4719
1786500953560 2.57832445576787 4720
1786500956139 2.576594762969762 4721
1786500958716 2.5756504987366498 4722
1786500961294 2.5759425088763237 4723
1786500963877 2.581466529984027 4724
1786500966455 2.576270251069218 4725
1786500969035 2.57798553397879 4726
1786500971618 2.581255201715976 4727
1786500974205 2.584572521969676 4728
1786500976787 2.5804117708466947 4729
1786500979369 2.5802739961072803 4730
1786500981951 2.579760846681893 4731
1786500984533 2.5802528960630298 4732
1786500987115 2.580193232744932 4733
1786500989696 2.5791201540268958 4734
1786500992277 2.5796774136833847 4735
1786500994859 2.5800174167379737 4736
1786500997441 2.5805602371692657 4737
1786501000022 2.579313412308693 4738
1786501002605 2.5804682029411197 4739
1786501005186 2.580075278878212 4740
1786501007767 2.578881116118282 4741
1786501010350 2.5813358039595187 4742
1786501012932 2.579873101785779 4743
1786501015509 2.575130369979888 4744
1786501018090 2.5787776419892907 4745
1786501020671 2.5796994250267744 4746
1786501023254 2.5805737571790814 4747
1786501025835 2.5792513992637396 4748
1786501028417 2.5806603198871017 4749
1786501030999 2.579595600720495 4750
1786501033580 2.5796659640036523 4751
1786501036162 2.579935234040022 4752
1786501038743 2.5789922196418047 4753
1786501041323 2.578900536056608 4754
1786501043905 2.5795046389102936 4755
1786501046486 2.5798197500407696 4756
1786501049067 2.5791193139739335 4757
1786501051648 2.5791164338588715 4758
1786501054229 2.579387123696506 4759
1786501056810 2.579152996186167 4760
1786501059392 2.5796938249841332 4761
1786501061975 2.5811767391860485 4762
1786501064556 2.5797521066851914 4763
1786501067139 2.580520385876298 4764
1786501069722 2.581177189014852 4765
1786501072306 2.5825730399228632 4766
1786501074888 2.580272856168449 4767
1786501077472 2.5813571847975254 4768
1786501080058 2.584161187056452 4769
1786501082643 2.584044413175434 4770
1786501085229 2.5840118010528386 4771
1786501087814 2.5828103688545525 4772
1786501090396 2.5805581570602953 4773
1786501092980 2.582141963765025 4774
1786501095566 2.584257521200925 4775
1786501098147 2.5785693349316716 4776
1786501100727 2.5789167168550193 4777
1786501103309 2.5794541658833623 4778
1786501105890 2.579145346302539 4779
1786501108472 2.5802049641497433 4780
1786501111053 2.5792852411977947 4781
1786501113634 2.5793127920478582 4782
1786501116217 2.580972141120583 4783
1786501118798 2.5797163657844067 4784
1786501121380 2.579500637948513 4785
1786501123961 2.579120344016701 4786
1786501126542 2.579990855883807 4787
1786501129125 2.5805929778143764 4788
1786501131706 2.5793868750333786 4789
1786501134287 2.5791320647113025 4790
1786501136868 2.5795556800439954 4791
1786501139449 2.5792892309837043 4792
1786501142030 2.578812893014401 4793
1786501144611 2.5787375709041953 4794
1786501147192 2.579472277313471 4795
1786501149773 2.5791994780302048 4796
1786501152355 2.580296737141907 4797
1786501154941 2.584373534657061 4798
1786501157524 2.5807541739195585 4799
1786501160108 2.5819805678911507 4800
1786501162690 2.5804035114124417 4801
1786501165272 2.5805325559340417 4802
1786501167854 2.5801857030019164 4803
1786501170439 2.582374162040651 4804
1786501173023 2.5821710652671754 4805
1786501175607 2.5821959860622883 4806
1786501178190 2.581671246793121 4807
1786501180774 2.5813722359016538 4808
1786501183357 2.581330453976989 4809
1786501185938 2.5793376620858908 4810
1786501188520 2.580456262920052 4811
1786501191104 2.5814767400734127 4812
1786501193689 2.5833129272796214 4813
1786501196274 2.583083378151059 4814
1786501198856 2.580886099021882 4815
1786501201440 2.581881394609809 4816
1786501204023 2.580562316812575 4817
1786501206605 2.5810582847334445 4818
1786501209189 2.581496270839125 4819
1786501211772 2.580921850167215 4820
1786501214355 2.5812205909751356 4821
1786501216938 2.581859574187547 4822
1786501219523 2.582587569952011 4823
1786501222106 2.5811982401646674 4824
1786501224687 2.5798183199949563 4825
1786501227275 2.5858615981414914 4826
1786501229858 2.5809150100685656 4827
1786501232440 2.5805726470425725 4828
1786501235022 2.579691625200212 4829
1786501237604 2.58044059202075 4830
1786501240187 2.5806330600753427 4831
1786501242772 2.5834605316631496 4832
1786501245353 2.5796505343168974 4833
1786501247936 2.5804867539554834 4834
1786501250517 2.579794089309871 4835
1786501253099 2.5800053160637617 4836
1786501255680 2.5793348317965865 4837
1786501258263 2.580724402796477 4838
1786501260844 2.5800181766971946 4839
1786501263428 2.5822158767841756 4840
1786501266011 2.58019504416734 4841
1786501268593 2.5803730404004455 4842
1786501271174 2.5789186567999423 4843
1786501273757 2.5811406280845404 4844
1786501276339 2.5805646968074143 4845
1786501278921 2.5798342707566917 4846
1786501281502 2.5792728001251817 4847
1786501284084 2.58081987593323 4848
1786501286669 2.582870881073177 4849
1786501289251 2.579595562070608 4850
1786501291829 2.5762982917949557 4851
1786501294410 2.579414975363761 4852
1786501296995 2.583071898203343 4853
1786501299579 2.5824964768253267 4854
1786501302160 2.578751801047474 4855
1786501304741 2.579913553316146 4856
1786501307324 2.5809567710384727 4857
1786501309908 2.5820840620435774 4858
1786501312492 2.582320800051093 4859
1786501315075 2.5813281442970037 4860
1786501317662 2.584928144700825 4861
1786501320243 2.5790507318452 4862
1786501322821 2.575863527134061 4863
1786501325401 2.5783395157195628 4864
1786501327979 2.57631268305704 4865
1786501330557 2.5758633357472718 4866
1786501333135 2.5766903371550143 4867
1786501335712 2.575191891286522 4868
1786501338289 2.574780937284231 4869
1786501340868 2.576926133595407 4870
1786501343452 2.582409483846277 4871
1786501346039 2.5856140796095133 4872
1786501348622 2.580607207957655 4873
1786501351204 2.580669540911913 4874
1786501353789 2.5822654189541936 4875
1786501356372 2.581613344140351 4876
1786501358956 2.5820949831977487 4877
1786501361538 2.5806835805997252 4878
1786501364122 2.5812475122511387 4879
1786501366705 2.581704338081181 4880
1786501369289 2.581869964953512 4881
1786501371870 2.5797215858474374 4882
1786501374449 2.576474758796394 4883
1786501377026 2.5756569490768015 4884
1786501379602 2.5737700313329697 4885
1786501382178 2.5744852358475327 4886
1786501384755 2.574522728100419 4887
1786501387335 2.5785375931300223 4888
1786501389916 2.5789127871394157 4889
1786501392496 2.5785988150164485 4890
1786501395075 2.577057289890945 4891
1786501397656 2.579163006041199 4892
1786501400237 2.579448447097093 4893
1786501402817 2.5787515407428145 4894
1786501405398 2.578816952649504 4895
1786501407979 2.5788454147987068 4896
1786501410559 2.578746841289103 4897
1786501413140 2.5791238537058234 4898
1786501415721 2.579213927965611 4899
1786501418302 2.579322671983391 4900
1786501420885 2.580857217311859 4901
1786501423468 2.5810365336947143 4902
1786501426051 2.5809231786988676 4903
1786501428634 2.5820564408786595 4904
1786501431216 2.579413975123316 4905
1786501433797 2.5795725299976766 4906
1786501436377 2.578441428951919 4907
1786501438958 2.5793592832051218 4908
1786501441539 2.5785229727625847 4909
1786501444119 2.5783258760347962 4910
1786501446700 2.579382224008441 4911
1786501449282 2.5801187912002206 4912
1786501451863 2.5792013476602733 4913
1786501454444 2.579966224730015 4914
1786501457030 2.5834638718515635 4915
1786501459612 2.580465594306588 4916
1786501462192 2.5786123159341514 4917
1786501464773 2.578673157840967 4918
1786501467355 2.5800496079027653 4919
1786501469945 2.5881786830723286 4920
1786501472534 2.5876870355568826 4921
1786501475124 2.5879253926686943 4922
1786501477710 2.5837128409184515 4923
1786501480293 2.5820065392181277 4924
1786501482876 2.5809294702485204 4925
1786501485460 2.582047581207007 4926
1786501488043 2.580697131808847 4927
1786501490626 2.581807552371174 4928
1786501493209 2.5813410650007427 4929
1786501495793 2.581542353145778 4930
1786501498377 2.5821320838294923 4931
1786501500960 2.581476879771799 4932
1786501503543 2.5807347730733454 4933
1786501506126 2.581149498000741 4934
1786501508712 2.5848639830946922 4935
1786501511296 2.582029429730028 4936
1786501513881 2.5823989240452647 4937
1786501516464 2.5815969849936664 4938
1786501519047 2.5810716347768903 4939
1786501521634 2.5848782337270677 4940
1786501524221 2.585193885024637 4941
1786501526803 2.5804857737384737 4942
1786501529387 2.5820822417736053 4943
1786501531974 2.5855769691988826 4944
1786501534563 2.586290644016117 4945
1786501537151 2.586685218848288 4946
1786501539738 2.585306948982179 4947
1786501542329 2.588967061135918 4948
1786501544918 2.5869580591097474 4949
1786501547507 2.587132005020976 4950
1786501550095 2.586011183913797 4951
1786501552686 2.589438658207655 4952
1786501555272 2.5837391722016037 4953
1786501557861 2.587311891838908 4954
1786501560447 2.5843562241643667 4955
1786501563030 2.580570977181196 4956
1786501565610 2.57744793407619 4957
1786501568188 2.576454648282379 4958
1786501570767 2.577818297315389 4959
1786501573352 2.5823187907226384 4960
1786501575934 2.580058688763529 4961
1786501578513 2.5776743120513856 4962
1786501581095 2.5799828357994556 4963
1786501583675 2.5779738831333816 4964
1786501586255 2.5781199182383716 4965
1786501588837 2.581040494143963 4966
1786501591420 2.5805481770075858 4967
1786501594003 2.5808427473530173 4968
1786501596585 2.580172361806035 4969
1786501599169 2.5824509453959763 4970
1786501601758 2.587217668071389 4971
1786501604344 2.5840382631868124 4972
1786501606927 2.5815466516651213 4973
1786501609511 2.5818596840836108 4974
1786501612098 2.5851158211007714 4975
1786501614689 2.588843906763941 4976
1786501617277 2.586245122831315 4977
1786501619867 2.5887402929365635 4978
1786501622457 2.587676773779094 4979
1786501625046 2.5870971539989114 4980
1786501627635 2.58679650304839 4981
1786501630224 2.5870331008918583 4982
1786501632813 2.5876840646378696 4983
1786501635401 2.586216371972114 4984
1786501637990 2.587048971094191 4985
1786501640582 2.589813913218677 4986
1786501643172 2.5881769829429686 4987
1786501645760 2.5857337140478194 4988
1786501648348 2.586575025226921 4989
1786501650938 2.5870593120343983 4990
1786501653531 2.591613506898284 4991
1786501656127 2.5939512820914388 4992
1786501658713 2.583582835737616 4993
1786501661296 2.581465199124068 4994
1786501663879 2.581534772180021 4995
1786501666462 2.5812398619018495 4996
1786501669047 2.5824318239465356 4997
1786501671635 2.586066287010908 4998
1786501674219 2.5825520493090153 4999
1786501678183 2.578167680185288 5000
1786501680764 2.579078422859311 5001
1786501683344 2.5773308998905122 5002
1786501685927 2.581528461072594 5003
1786501688506 2.577195385005325 5004
1786501691087 2.579422375652939 5005
1786501693671 2.58193392585963 5006
1786501696254 2.581113636959344 5007
1786501698836 2.579581811092794 5008
1786501701421 2.583480652887374 5009
1786501704006 2.582828878890723 5010
1786501706594 2.5868282741867006 5011
1786501709187 2.5904697659425437 5012
1786501711775 2.586380697786808 5013
1786501714367 2.589550312142819 5014
1786501716958 2.5897778612561524 5015
1786501719549 2.5888349865563214 5016
1786501722138 2.5866255569271743 5017
1786501724728 2.5878702416084707 5018
1786501727318 2.5889206901192665 5019
1786501729910 2.589687217026949 5020
1786501732501 2.5888008349575102 5021
1786501735089 2.5867754821665585 5022
1786501737681 2.5904115843586624 5023
1786501740275 2.5912541039288044 5024
1786501742866 2.5893497760407627 5025
1786501745450 2.581668937113136 5026
1786501748029 2.5775193558074534 5027
1786501750606 2.575406190007925 5028
1786501753185 2.577399142086506 5029
1786501755763 2.575366738718003 5030
1786501758340 2.5756939710117877 5031
1786501760918 2.5759219680912793 5032
1786501763495 2.574885461013764 5033
1786501766071 2.5746960840187967 5034
1786501768648 2.575131650082767 5035
1786501771225 2.575148670002818 5036
1786501773802 2.5753892990760505 5037
1786501776380 2.575314315967262 5038
1786501778961 2.579192727804184 5039
1786501781544 2.581687367055565 5040
1786501784131 2.5846377946436405 5041
1786501786713 2.5804528831504285 5042
1786501789294 2.5792644498869777 5043
1786501791880 2.5839860811829567 5044
1786501794464 2.582797607872635 5045
1786501797050 2.5837664529681206 5046
1786501799635 2.582993485033512 5047
1786501802223 2.585890230257064 5048
1786501804812 2.5872852308675647 5049
1786501807412 2.59816406480968 5050
1786501810001 2.587651033885777 5051
1786501812590 2.5868898457847536 5052
1786501815179 2.5873498232103884 5053
1786501817769 2.5876454738900065 5054
1786501820359 2.5878224200569093 5055
1786501822947 2.586360546760261 5056
1786501825535 2.5859773228876293 5057
1786501828124 2.5870581422932446 5058
1786501830712 2.585906110238284 5059
1786501833300 2.5863007651641965 5060
1786501835881 2.5785942361690104 5061
1786501838464 2.581090895924717 5062
1786501841050 2.5842895922251046 5063
1786501843633 2.581056473776698 5064
1786501846216 2.581770101096481 5065
1786501848799 2.58094147965312 5066
1786501851386 2.585216844920069 5067
1786501853971 2.5830518971197307 5068
1786501856554 2.581236211117357 5069
1786501859136 2.5797215760685503 5070
1786501861716 2.5783757669851184 5071
1786501864301 2.5832751551643014 5072
1786501866885 2.5818182919174433 5073
1786501869466 2.5791174741461873 5074
1786501872047 2.579317041672766 5075
1786501874632 2.5833555678837 5076
1786501877227 2.593361250590533 5077
1786501879823 2.5941899409517646 5078
1786501882415 2.589252990670502 5079
1786501885002 2.5857437844388187 5080
1786501887589 2.5850970009341836 5081
1786501890178 2.587107294239104 5082
1786501892766 2.5861308588646352 5083
1786501895357 2.5884750429540873 5084
1786501897945 2.5862585930153728 5085
1786501900533 2.585465233772993 5086
1786501903121 2.586648256983608 5087
1786501905709 2.585806166753173 5088
1786501908299 2.588048138190061 5089
1786501910885 2.5846325550228357 5090
1786501913473 2.5855831778608263 5091
1786501916062 2.587065444793552 5092
1786501918649 2.5857444792054594 5093
1786501921238 2.586352491285652 5094
1786501923826 2.586705893278122 5095
1786501926415 2.5870923157781363 5096
1786501929005 2.5880346493795514 5097
1786501931592 2.5854350486770272 5098
1786501934174 2.579929976258427 5099
1786501936756 2.5803223899565637 5100
1786501939342 2.5839987392537296 5101
1786501941925 2.5811747000552714 5102
1786501944516 2.589065094012767 5103
1786501947096 2.5781969958916306 5104
1786501949684 2.5862077358178794 5105
1786501952273 2.5871403077617288 5106
1786501954859 2.5835200119763613 5107
1786501957446 2.585420537739992 5108
1786501960030 2.582502556964755 5109
1786501962612 2.579573324881494 5110
1786501965196 2.58225170802325 5111
1786501967777 2.5790133853442967 5112
1786501970359 2.580782666336745 5113
1786501972944 2.5826592007651925 5114
1786501975532 2.58629420818761 5115
1786501978113 2.5795011916197836 5116
1786501980695 2.5803659320808947 5117
1786501983282 2.5848728893324733 5118
1786501985866 2.582027960103005 5119
1786501988449 2.5813268651254475 5120
1786501991037 2.586195545271039 5121
1786501993626 2.5864036921411753 5122
1786501996214 2.5862687178887427 5123
1786501998801 2.5858990238048136 5124
1786502001389 2.585538282059133 5125
1786502003977 2.586564547382295 5126
1786502006565 2.585975747089833 5127
1786502009152 2.5854608989320695 5128
1786502011737 2.582735344301909 5129
1786502014322 2.582747135311365 5130
1786502016904 2.580784225836396 5131
1786502019486 2.580112002789974 5132
1786502022071 2.5828431779518723 5133
1786502024653 2.580536426976323 5134
1786502027235 2.57975343009457 5135
1786502029817 2.5797155499458313 5136
1786502032400 2.581102278083563 5137
1786502034983 2.581552983261645 5138
1786502037564 2.578559228684753 5139
1786502040140 2.5745052378624678 5140
1786502042716 2.5743687129579484 5141
1786502045293 2.574743166100234 5142
1786502047872 2.5769394426606596 5143
1786502050447 2.5739898001775146 5144
1786502053027 2.577709759119898 5145
1786502055603 2.574189396109432 5146
1786502058179 2.5741275348700583 5147
1786502060760 2.5791062880307436 5148
1786502063337 2.5753923477604985 5149
1786502065914 2.574995855335146 5150
1786502068491 2.5756386178545654 5151
1786502071068 2.5749719347804785 5152
1786502073646 2.5754476613365114 5153
1786502076223 2.575440891087055 5154
1786502078808 2.5832302519120276 5155
1786502081391 2.5814655907452106 5156
1786502083977 2.583603355102241 5157
1786502086558 2.5797937721945345 5158
1786502089140 2.579422488808632 5159
1786502091723 2.5815616231411695 5160
1786502094307 2.5824446249753237 5161
1786502096891 2.5815861439332366 5162
1786502099477 2.5845016855746508 5163
1786502102066 2.587450268212706 5164
1786502104654 2.5856707468628883 5165
1786502107240 2.5832744729705155 5166
1786502109822 2.5810079840011895 5167
1786502112405 2.5802208771929145 5168
1786502114990 2.583541721571237 5169
1786502117577 2.5848433980718255 5170
1786502120170 2.5911581278778613 5171
1786502122760 2.587877162732184 5172
1786502125348 2.586848147213459 5173
1786502127938 2.5869854032061994 5174
1786502130521 2.581330604851246 5175
1786502133104 2.5808755201287568 5176
1786502135685 2.579068847000599 5177
1786502138266 2.5794606199488044 5178
1786502140848 2.579991168808192 5179
1786502143429 2.579437930136919 5180
1786502146012 2.5795617839321494 5181
1786502148594 2.5800429098308086 5182
1786502151175 2.579298594966531 5183
1786502153756 2.5792300519533455 5184
1786502156340 2.582744744140655 5185
1786502158918 2.575379758141935 5186
1786502161494 2.5748212076723576 5187
1786502164071 2.5748976417817175 5188
1786502166648 2.5756386374123394 5189
1786502169225 2.575074467808008 5190
1786502171802 2.57458392996341 5191
1786502174377 2.573310746345669 5192
1786502176957 2.578336051199585 5193
1786502179540 2.581241872161627 5194
1786502182124 2.5813449448905885 5195
1786502184704 2.5789260216988623 5196
1786502187288 2.581901354715228 5197
1786502189873 2.5829922729171813 5198
1786502192458 2.582677911967039 5199
1786502195044 2.5845387470908463 5200
1786502197631 2.584814646281302 5201
1786502200215 2.582150544039905 5202
1786502202799 2.581996429245919 5203
1786502205380 2.579416648019105 5204
1786502207964 2.5825096759945154 5205
1786502210553 2.5870372839272022 5206
1786502213138 2.58253076672554 5207
1786502215722 2.5824157930910587 5208
1786502218306 2.5818906552158296 5209
1786502220891 2.582987274043262 5210
1786502223476 2.58371361810714 5211
1786502226062 2.58386603416875 5212
1786502228643 2.579571594018489 5213
1786502231224 2.5788482590578496 5214
1786502233805 2.5790803469717503 5215
1786502236386 2.5799990091472864 5216
1786502238968 2.579897846095264 5217
1786502241548 2.5786583330482244 5218
1786502244128 2.578180425800383 5219
1786502246709 2.578847868833691 5220
1786502249288 2.5776217863895 5221
1786502251868 2.578043730929494 5222
1786502254449 2.5786637226119637 5223
1786502257030 2.579298533964902 5224
1786502259610 2.5787082039751112 5225
1786502262192 2.580559488851577 5226
1786502264774 2.5801333230920136 5227
1786502267357 2.5811237492598593 5228
1786502269938 2.5784808262251318 5229
1786502272515 2.575419790111482 5230
1786502275093 2.5763625716790557 5231
1786502277677 2.5817258791066706 5232
1786502280258 2.5793900480493903 5233
1786502282838 2.578647332265973 5234
1786502285420 2.579953067936003 5235
1786502288006 2.584082431625575 5236
1786502290593 2.584558767732233 5237
1786502293180 2.5855997540056705 5238
1786502295769 2.5871862987987697 5239
1786502298353 2.581785151269287 5240
1786502300932 2.577220052946359 5241
1786502303511 2.576930081937462 5242
1786502306093 2.5800100690685213 5243
1786502308685 2.5896534048952162 5244
1786502311274 2.587534031830728 5245
1786502313868 2.5923234382644296 5246
1786502316456 2.5861774338409305 5247
1786502319045 2.586169153917581 5248
1786502321634 2.587335183750838 5249
1786502324223 2.5875206207856536 5250
1786502326812 2.5866802013479173 5251
1786502329400 2.5865245261229575 5252
1786502331987 2.5844753151759505 5253
1786502334574 2.585422518197447 5254
1786502337162 2.5862038847990334 5255
1786502339752 2.5879187053069472 5256
1786502342340 2.586464293766767 5257
1786502344934 2.59138861624524 5258
1786502347523 2.5871229777112603 5259
1786502350116 2.5916834962554276 5260
1786502352707 2.5888821189291775 5261
1786502355295 2.585871933028102 5262
1786502357883 2.585769159719348 5263
1786502360472 2.5868743187747896 5264
1786502363061 2.5873821061104536 5265
1786502365648 2.584776184987277 5266
1786502368232 2.5819366462528706 5267
1786502370826 2.592948558740318 5268
1786502373416 2.5875047901645303 5269
1786502376001 2.5829592016525567 5270
1786502378584 2.5814113789238036 5271
1786502381165 2.5792079819366336 5272
1786502383745 2.578155375085771 5273
1786502386326 2.57921360200271 5274
1786502388906 2.5779877393506467 5275
1786502391485 2.577461941167712 5276
1786502394067 2.5801494540646672 5277
1786502396651 2.5826727119274437 5278
1786502399235 2.5816524368710816 5279
1786502401817 2.5803222097456455 5280
1786502404398 2.5795540339313447 5281
1786502406979 2.579108238685876 5282
1786502409561 2.580180455930531 5283
1786502412144 2.5812977640889585 5284
1786502414732 2.5865472671575844 5285
1786502417317 2.582817758433521 5286
1786502419898 2.5793426162563264 5287
1786502422479 2.579074106644839 5288
1786502425060 2.5792934643104672 5289
1786502427641 2.5790067738853395 5290
1786502430228 2.585741428658366 5291
1786502432815 2.5855793338268995 5292
1786502435402 2.5844604638405144 5293
1786502437990 2.5866373497992754 5294
1786502440577 2.5847692652605474 5295
1786502443166 2.5866533699445426 5296
1786502445751 2.5836206949315965 5297
1786502448338 2.58451969595626 5298
1786502450928 2.588283897843212 5299
1786502453518 2.5884450231678784 5300
1786502456106 2.5855013611726463 5301
1786502458694 2.586068781092763 5302
1786502461282 2.5869930018670857 5303
1786502463872 2.587533961981535 5304
1786502466463 2.5890063932165504 5305
1786502469050 2.5854287878610194 5306
1786502471637 2.5844356729649007 5307
1786502474225 2.5865310770459473 5308
1786502476815 2.587972957175225 5309
1786502479404 2.5876828958280385 5310
1786502481992 2.58532744506374 5311
1786502484574 2.58103045495227 5312
1786502487153 2.576325571164489 5313
1786502489733 2.5784831270575523 5314
1786502492322 2.587028313893825 5315
1786502494911 2.587049444206059 5316
1786502497500 2.5867850547656417 5317
1786502500083 2.5811913111247122 5318
1786502502667 2.5827536047436297 5319
1786502505251 2.5819064448587596 5320
1786502507832 2.5791736701503396 5321
1786502510413 2.5783617720007896 5322
1786502512990 2.5756014860235155 5323
1786502515574 2.581875725183636 5324
1786502518157 2.5815242319367826 5325
1786502520740 2.5808836203068495 5326
1786502523321 2.579513461794704 5327
1786502525902 2.579291914124042 5328
1786502528483 2.5790801071561873 5329
1786502531064 2.5789120011031628 5330
1786502533644 2.57811596384272 5331
1786502536223 2.576935793273151 5332
1786502538803 2.578020130749792 5333
1786502541383 2.5784795358777046 5334
1786502543965 2.579936717171222 5335
1786502546546 2.579597415868193 5336
1786502549127 2.5790037750266492 5337
1786502551712 2.583264383021742 5338
1786502554300 2.5858094124123454 5339
1786502556890 2.588426223024726 5340
1786502559478 2.586069940123707 5341
1786502562062 2.5822940692305565 5342
1786502564648 2.584217685740441 5343
1786502567235 2.5844027120620012 5344
1786502569822 2.5853785760700703 5345
1786502572414 2.5898101506754756 5346
1786502575003 2.587313443887979 5347
1786502577591 2.586133743170649 5348
1786502580179 2.585838481783867 5349
1786502582766 2.5861168522387743 5350
1786502585356 2.5879452261142433 5351
1786502587945 2.586799515876919 5352
1786502590530 2.5827898173592985 5353
1786502593114 2.5815041013993323 5354
1786502595702 2.5869343308731914 5355
1786502598290 2.5856151445768774 5356
1786502600877 2.585397476796061 5357
1786502603462 2.582788535859436 5358
1786502606043 2.5791643103584647 5359
1786502608634 2.5892558712512255 5360
1786502611217 2.5814817808568478 5361
1786502613805 2.585938446223736 5362
1786502616389 2.5821287031285465 5363
1786502618970 2.5797033379785717 5364
1786502621553 2.580478155054152 5365
1786502624135 2.5802212059497833 5366
1786502626714 2.577693118248135 5367
1786502629295 2.5785309579223394 5368
1786502631878 2.5810805461369455 5369
1786502634460 2.580118882935494 5370
1786502637044 2.582291868980974 5371
1786502639624 2.57811467256397 5372
1786502642210 2.5847695246338844 5373
1786502644796 2.5839124149642885 5374
1786502647384 2.5859040450304747 5375
1786502649971 2.585104866884649 5376
1786502652558 2.585597723722458 5377
1786502655145 2.5844249627552927 5378
1786502657736 2.588866227772087 5379
1786502660323 2.5854671099223197 5380
1786502662910 2.585430837702006 5381
1786502665498 2.5857366588898003 5382
1786502668079 2.579232002142817 5383
1786502670663 2.581834113225341 5384
1786502673249 2.584267857018858 5385
1786502675837 2.585834562778473 5386
1786502678425 2.586241397075355 5387
1786502681011 2.5842651878483593 5388
1786502683597 2.5840681311674416 5389
1786502686182 2.5828499286435544 5390
1786502688767 2.583920334931463 5391
1786502691355 2.585756898857653 5392
1786502693940 2.582567488308996 5393
1786502696528 2.5857711997814476 5394
1786502699116 2.586108832154423 5395
1786502701702 2.5841767648234963 5396
1786502704291 2.58732503419742 5397
1786502706884 2.591113157104701 5398
1786502709475 2.589140386786312 5399
1786502712062 2.5852111112326384 5400
1786502714644 2.5802850290201604 5401
1786502717224 2.578292170073837 5402
1786502719805 2.5786822931841016 5403
1786502722385 2.579089506994933 5404
1786502724968 2.58096647169441 5405
1786502727549 2.5794407399371266 5406
1786502730130 2.5783600718714297 5407
1786502732711 2.5797890820540488 5408
1786502735292 2.5790244853124022 5409
1786502737876 2.5817927322350442 5410
1786502740457 2.5790647668763995 5411
1786502743037 2.578438603784889 5412
1786502745617 2.578164634760469 5413
1786502748197 2.5783898029476404 5414
1786502750780 2.581307573709637 5415
1786502753363 2.5814548297785223 5416
1786502755944 2.5787774468772113 5417
1786502758528 2.5826795832253993 5418
1786502761113 2.583192480262369 5419
1786502763701 2.5852914126589894 5420
1786502766287 2.584907270036638 5421
1786502768874 2.584673661738634 5422
1786502771464 2.5887467633001506 5423
1786502774056 2.589531311299652 5424
1786502776644 2.5862453570589423 5425
1786502779232 2.5855402117595077 5426
1786502781820 2.586649070959538 5427
1786502784407 2.58502459526062 5428
1786502786995 2.585539612453431 5429
1786502789582 2.5854953210800886 5430
1786502792170 2.586359760258347 5431
1786502794758 2.586162263993174 5432
1786502797345 2.5850178343243897 5433
1786502799935 2.5874327677302063 5434
1786502802527 2.590481743682176 5435
1786502805116 2.5871862890198827 5436
1786502807703 2.5850552450865507 5437
1786502810292 2.587083165999502 5438
1786502812880 2.585687137208879 5439
1786502815469 2.58773522824049 5440
1786502818057 2.586028728634119 5441
1786502820644 2.585045244079083 5442
1786502823232 2.5859893281012774 5443
1786502825821 2.586589108686894 5444
1786502828409 2.5867352527566254 5445
1786502830997 2.5862167654559016 5446
1786502833586 2.5868096561171114 5447
1786502836172 2.584370550699532 5448
1786502838761 2.586980062071234 5449
1786502841347 2.5839003552682698 5450
1786502843934 2.5845369971357286 5451
1786502846521 2.584913759957999 5452
1786502849107 2.5850141528062522 5453
1786502851694 2.5846819621510804 5454
1786502854280 2.584175114054233 5455
1786502856867 2.585313104093075 5456
1786502859456 2.5873591448180377 5457
1786502862049 2.5899272952228785 5458
1786502864636 2.5849588909186423 5459
1786502867225 2.5872198599390686 5460
1786502869812 2.5849587311968207 5461
1786502872397 2.5828920700587332 5462
1786502874978 2.5796994687989354 5463
1786502877559 2.5788357881829143 5464
1786502880139 2.5784367048181593 5465
1786502882720 2.5790978078730404 5466
1786502885300 2.578739465214312 5467
1786502887882 2.5801194831728935 5468
1786502890464 2.5796535070985556 5469
1786502893046 2.5806076899170876 5470
1786502895628 2.579602454788983 5471
1786502898209 2.579079037066549 5472
1786502900790 2.5789450430311263 5473
1786502903371 2.580190734937787 5474
1786502905952 2.5782627877779305 5475
1786502908532 2.5783267109654844 5476
1786502911112 2.578288699965924 5477
1786502913693 2.579095938242972 5478
1786502916275 2.5805040770210326 5479
1786502918856 2.57873433502391 5480
1786502921437 2.579884995240718 5481
1786502924019 2.5802629981189966 5482
1786502926600 2.579112147912383 5483
1786502929183 2.580509186722338 5484
1786502931764 2.579864783678204 5485
1786502934345 2.578973933123052 5486
1786502936929 2.582128443289548 5487
1786502939512 2.580523827113211 5488
1786502942095 2.5815455527044833 5489
1786502944677 2.580226017162204 5490
1786502947258 2.579398678150028 5491
1786502949843 2.5829045600257814 5492
1786502952425 2.579634146299213 5493
1786502955006 2.579165989998728 5494
1786502957587 2.57956579932943 5495
1786502960169 2.5800881180912256 5496
1786502962750 2.579442045185715 5497
1786502965336 2.5838619829155505 5498
1786502967925 2.5869252239353955 5499
1786502971920 2.583991858176887 5500
1786502974506 2.5841657649725676 5501
1786502977092 2.584298259112984 5502
1786502979675 2.581374963745475 5503
1786502982263 2.5862479489296675 5504
1786502984854 2.5883541950024664 5505
1786502987444 2.588290792889893 5506
1786502990031 2.5846229810267687 5507
1786502992618 2.5856630578637123 5508
1786502995205 2.584292669314891 5509
1786502997792 2.585143589414656 5510
1786503000379 2.5855696848593652 5511
1786503002968 2.5866110823117197 5512
1786503005554 2.58457314921543 5513
1786503008141 2.584809327032417 5514
1786503010729 2.585501371882856 5515
1786503013316 2.585017204284668 5516
1786503015904 2.586792748887092 5517
1786503018490 2.5836599259637296 5518
1786503021077 2.5848803697153926 5519
1786503023666 2.58807357493788 5520
1786503026253 2.5845047659240663 5521
1786503028839 2.5841495040804148 5522
1786503031427 2.585583694744855 5523
1786503034015 2.586747207213193 5524
1786503036603 2.5856975987553596 5525
1786503039190 2.585476472042501 5526
1786503041775 2.5831236871890724 5527
1786503044356 2.5784620991908014 5528
1786503046936 2.5784733188338578 5529
1786503049517 2.5788518227636814 5530
1786503052097 2.578187498729676 5531
1786503054679 2.5807352610863745 5532
1786503057265 2.5843195100314915 5533
1786503059845 2.5774972839280963 5534
1786503062426 2.579530636779964 5535
1786503065006 2.578739379066974 5536
1786503067587 2.578954776749015 5537
1786503070167 2.577823626343161 5538
1786503072748 2.5794578450731933 5539
1786503075328 2.57836882583797 5540
1786503077907 2.577293077018112 5541
1786503080486 2.5775490356609225 5542
1786503083069 2.5805291337892413 5543
1786503085649 2.578480729367584 5544
1786503088228 2.577649608720094 5545
1786503090813 2.5832037492655218 5546
1786503093396 2.5808067941106856 5547
1786503095978 2.579616980161518 5548
1786503098557 2.577789115253836 5549
1786503101136 2.576868071220815 5550
1786503103714 2.576254309155047 5551
1786503106292 2.5760331209748983 5552
1786503108869 2.5756840892136097 5553
1786503111447 2.5756413768976927 5554
1786503114025 2.576798559166491 5555
1786503116612 2.5850254562683403 5556
1786503119194 2.5798566890880466 5557
1786503121777 2.5807003900408745 5558
1786503124360 2.581335083115846 5559
1786503126949 2.587412201333791 5560
1786503129541 2.5898793400265276 5561
1786503132132 2.5896302312612534 5562
1786503134725 2.590495761949569 5563
1786503137308 2.581102474126965 5564
1786503139888 2.578088756185025 5565
1786503142466 2.5761082940734923 5566
1786503145044 2.5762860411778092 5567
1786503147624 2.578429366927594 5568
1786503150206 2.5805494938977063 5569
1786503152790 2.5818319199606776 5570
1786503155379 2.586764147039503 5571
1786503157970 2.588662556372583 5572
1786503160559 2.5871966937556863 5573
1786503163143 2.581976574845612 5574
1786503165726 2.5813478231430054 5575
1786503168307 2.579459764994681 5576
1786503170885 2.5755609050393105 5577
1786503173461 2.574529946781695 5578
1786503176037 2.5745165566913784 5579
1786503178614 2.5751105179078877 5580
1786503181190 2.5741952350363135 5581
1786503183766 2.5736085339449346 5582
1786503186343 2.575323925819248 5583
1786503188919 2.5746371620334685 5584
1786503191495 2.574097292032093 5585
1786503194072 2.575169090181589 5586
1786503196649 2.575088978279382 5587
1786503199226 2.575314244721085 5588
1786503201803 2.5750156952999532 5589
1786503204379 2.574235517065972 5590
1786503206956 2.5744751053862274 5591
1786503209532 2.574177384842187 5592
1786503212111 2.577597447670996 5593
1786503214690 2.5765208899974823 5594
1786503217272 2.580639427062124 5595
1786503219860 2.5858543547801673 5596
1786503222445 2.583505901042372 5597
1786503225031 2.5836996966972947 5598
1786503227616 2.583717448171228 5599
1786503230202 2.5839253361336887 5600
1786503232790 2.58575856173411 5601
1786503235375 2.583539901766926 5602
1786503237964 2.5866965050809085 5603
1786503240557 2.5918169589713216 5604
1786503243146 2.586581610608846 5605
1786503245733 2.5847891559824347 5606
1786503248320 2.5848698997870088 5607
1786503250903 2.5812474489212036 5608
1786503253486 2.5809549586847425 5609
1786503256070 2.582328408025205 5610
1786503258654 2.582424060907215 5611
1786503261238 2.581803198903799 5612
1786503263819 2.5791744040325284 5613
1786503266400 2.5788595527410507 5614
1786503268980 2.577991671860218 5615
1786503271564 2.5822882470674813 5616
1786503274148 2.582214434631169 5617
1786503276735 2.585232662037015 5618
1786503279321 2.58466676203534 5619
1786503281912 2.58832916431129 5620
1786503284499 2.5856039160862565 5621
1786503287087 2.585600605700165 5622
1786503289676 2.587655740324408 5623
1786503292262 2.58357204310596 5624
1786503294844 2.5803525070659816 5625
1786503297425 2.5798418880440295 5626
1786503300008 2.580193460918963 5627
1786503302588 2.578300822991878 5628
1786503305171 2.581633012741804 5629
1786503307753 2.5795454178005457 5630
1786503310334 2.5797786973416805 5631
1786503312916 2.579526036977768 5632
1786503315497 2.579826978035271 5633
1786503318078 2.5789532060734928 5634
1786503320658 2.578561171889305 5635
1786503323239 2.578738779295236 5636
1786503325820 2.57947582565248 5637
1786503328401 2.5790562508627772 5638
1786503330984 2.580694408621639 5639
1786503333564 2.5787221281789243 5640
1786503336145 2.5785962929949164 5641
1786503338727 2.581067902967334 5642
1786503341318 2.5892893793061376 5643
1786503343906 2.5861317650415003 5644
1786503346493 2.584490696899593 5645
1786503349080 2.5850014239549637 5646
1786503351669 2.5870569879189134 5647
1786503354255 2.5842154058627784 5648
1786503356851 2.59402783960104 5649
1786503359446 2.5931034958921373 5650
1786503362042 2.5943410298787057 5651
1786503364641 2.596012530848384 5652
1786503367233 2.5900339148938656 5653
1786503369815 2.580196170601994 5654
1786503372396 2.579595500137657 5655
1786503374978 2.5794433248229325 5656
1786503377560 2.58060559630394 5657
1786503380140 2.5784402382560074 5658
1786503382724 2.581689205020666 5659
1786503385307 2.5808847257867455 5660
1786503387891 2.581982414703816 5661
1786503390476 2.5836384259164333 5662
1786503393065 2.587274526245892 5663
1786503395653 2.5857215910218656 5664
1786503398241 2.585685318801552 5665
1786503400828 2.584665852598846 5666
1786503403416 2.5865886509418488 5667
1786503406002 2.583932246081531 5668
1786503408589 2.5851630703546107 5669
1786503411176 2.585359137970954 5670
1786503413764 2.5861319452524185 5671
1786503416352 2.58665054384619 5672
1786503418938 2.5838725636713207 5673
1786503421525 2.584278468042612 5674
1786503424111 2.5844072429463267 5675
1786503426698 2.584801926743239 5676
1786503429290 2.590200022328645 5677
1786503431873 2.5812041368335485 5678
1786503434456 2.5812401492148638 5679
1786503437042 2.583935895934701 5680
1786503439628 2.5846491721458733 5681
1786503442216 2.5860516419634223 5682
1786503444804 2.5854843207634985 5683
1786503447392 2.5864165257662535 5684
1786503449978 2.584186756052077 5685
1786503452570 2.5895229768939316 5686
1786503455161 2.5890430100262165 5687
1786503457747 2.5841774442233145 5688
1786503460328 2.57908125128597 5689
1786503462909 2.5798649797216058 5690
1786503465490 2.578605044167489 5691
1786503468070 2.5781791592016816 5692
1786503470651 2.579344881232828 5693
1786503473232 2.579047449864447 5694
1786503475815 2.5818811217322946 5695
1786503478397 2.579399812966585 5696
1786503480978 2.5794357238337398 5697
1786503483560 2.5800685361027718 5698
1786503486141 2.5793336601927876 5699
1786503488721 2.5779711310751736 5700
1786503491301 2.5779844210483134 5701
1786503493881 2.5786684062331915 5702
1786503496462 2.578986118081957 5703
1786503499042 2.5777037609368563 5704
1786503501621 2.577496754936874 5705
1786503504201 2.578198680188507 5706
1786503506782 2.579279408790171 5707
1786503509363 2.578943525906652 5708
1786503511944 2.5789914280176163 5709
1786503514525 2.579881410114467 5710
1786503517107 2.5796497017145157 5711
1786503519688 2.57901897886768 5712
1786503522271 2.5816023219376802 5713
1786503524854 2.58077296288684 5714
1786503527437 2.5813891049474478 5715
1786503530021 2.5818146890960634 5716
1786503532604 2.5810204511508346 5717
1786503535189 2.583548791706562 5718
1786503537777 2.585863816086203 5719
1786503540364 2.5850550159811974 5720
1786503542953 2.587125189602375 5721
1786503545540 2.5846091099083424 5722
1786503548128 2.5865511908195913 5723
1786503550716 2.585798542946577 5724
1786503553303 2.5852258233353496 5725
1786503555890 2.585501352790743 5726
1786503558480 2.5879201288335025 5727
1786503561072 2.589652852155268 5728
1786503563659 2.5857626418583095 5729
1786503566247 2.5855121822096407 5730
1786503568834 2.5856667277403176 5731
1786503571417 2.5805904157459736 5732
1786503573999 2.580203832127154 5733
1786503576579 2.578210539650172 5734
1786503579160 2.579435843974352 5735
1786503581740 2.578709137160331 5736
1786503584321 2.5792919592931867 5737
1786503586901 2.578249981161207 5738
1786503589487 2.5839382763952017 5739
1786503592071 2.58219204377383 5740
1786503594654 2.5813658428378403 5741
1786503597243 2.587289866991341 5742
1786503599831 2.585973338689655 5743
1786503602419 2.586148365866393 5744
1786503605006 2.584581549745053 5745
1786503607599 2.5911350660026073 5746
1786503610180 2.5795514890924096 5747
1786503612762 2.579474185127765 5748
1786503615350 2.5867385268211365 5749
1786503617937 2.585060076788068 5750
1786503620523 2.584248007275164 5751
1786503623115 2.590325566008687 5752
1786503625704 2.586861020885408 5753
1786503628295 2.588621894828975 5754
1786503630883 2.5864914879202843 5755
1786503633472 2.5871785720810294 5756
1786503636067 2.592602518387139 5757
1786503638658 2.589032848831266 5758
1786503641249 2.5896542822010815 5759
1786503643852 2.5998762398958206 5760
1786503646448 2.5930364639498293 5761
1786503649039 2.5895529380068183 5762
1786503651630 2.588857213035226 5763
1786503654221 2.5895101870410144 5764
1786503656815 2.5917635983787477 5765
1786503659398 2.5807958329096437 5766
1786503661978 2.578778310213238 5767
1786503664564 2.5836536861024797 5768
1786503667146 2.5803938093595207 5769
1786503669728 2.5796315409243107 5770
1786503672307 2.577685310970992 5771
1786503674887 2.578315624035895 5772
1786503677467 2.5785665130242705 5773
1786503680048 2.5789819876663387 5774
1786503682628 2.578546902164817 5775
1786503685208 2.578308552969247 5776
1786503687790 2.579315049573779 5777
1786503690371 2.5795055660419166 5778
1786503692954 2.5809326278977096 5779
1786503695535 2.579709374345839 5780
1786503698116 2.5791769246570766 5781
1786503700698 2.5800438560545444 5782
1786503703279 2.578816331923008 5783
1786503705860 2.579688302706927 5784
1786503708444 2.582321567926556 5785
1786503711028 2.582100010011345 5786
1786503713610 2.579933322034776 5787
1786503716191 2.5795238469727337 5788
1786503718773 2.5798767702654004 5789
1786503721354 2.5785974231548607 5790
1786503723935 2.5799196818843484 5791
1786503726517 2.5799815841019154 5792
1786503729099 2.5795741290785372 5793
1786503731679 2.5786522664129734 5794
1786503734263 2.581744197756052 5795
1786503736843 2.5783033133484423 5796
1786503739424 2.579225576017052 5797
1786503742004 2.5779879419133067 5798
1786503744584 2.578467040322721 5799
1786503747164 2.5777990049682558 5800
1786503749744 2.578118877019733 5801
1786503752325 2.579500305932015 5802
1786503754905 2.577714901883155 5803
1786503757486 2.579894381109625 5804
1786503760066 2.5780947259627283 5805
1786503762646 2.5783981271088123 5806
1786503765226 2.5784266381524503 5807
1786503767807 2.578497250098735 5808
1786503770389 2.5810055010952055 5809
1786503772971 2.5792591483332217 5810
1786503775552 2.579534118063748 5811
1786503778134 2.580083606764674 5812
1786503780715 2.5791084826923907 5813
1786503783295 2.5786528158932924 5814
1786503785876 2.579105782788247 5815
1786503788457 2.5791346728801727 5816
1786503791039 2.580010593868792 5817
1786503793621 2.579867110121995 5818
1786503796198 2.575010974891484 5819
1786503798775 2.5754520799964666 5820
1786503801351 2.574217056389898 5821
1786503803928 2.575167859904468 5822
1786503806505 2.5753127560019493 5823
1786503809082 2.5746565721929073 5824
1786503811658 2.574245107360184 5825
1786503814235 2.5749773532152176 5826
1786503816811 2.5747309452854097 5827
1786503819391 2.5780731551349163 5828
1786503821972 2.578581183217466 5829
1786503824553 2.579805157147348 5830
1786503827134 2.579406311735511 5831
1786503829716 2.5796523820608854 5832
1786503832297 2.5791572453454137 5833
1786503834878 2.5789176146499813 5834
1786503837461 2.5814639166928828 5835
1786503840044 2.5812681899406016 5836
1786503842633 2.5865303804166615 5837
1786503845214 2.579155724029988 5838
1786503847796 2.580834944266826 5839
1786503850384 2.5857544410973787 5840
1786503852966 2.5808594152331352 5841
1786503855549 2.581083863042295 5842
1786503858138 2.586622793227434 5843
1786503860726 2.5866535240784287 5844
1786503863312 2.58371403766796 5845
1786503865894 2.5799268120899796 5846
1786503868475 2.5795511677861214 5847
1786503871057 2.580317586194724 5848
1786503873640 2.580715029966086 5849
1786503876221 2.5786618259735405 5850
1786503878802 2.5794267039746046 5851
1786503881386 2.5821646619588137 5852
1786503883969 2.581199528183788 5853
1786503886552 2.5816629640758038 5854
1786503889139 2.584869699086994 5855
1786503891723 2.582399860024452 5856
1786503894304 2.5786144849844277 5857
1786503896885 2.579316730145365 5858
1786503899465 2.578413687646389 5859
1786503902046 2.5787902497686446 5860
1786503904626 2.578819912392646 5861
1786503907206 2.5784706291742623 5862
1786503909790 2.581413315143436 5863
1786503912370 2.5779855623841286 5864
1786503914950 2.578044153749943 5865
1786503917529 2.5781553583219647 5866
1786503920110 2.578997549135238 5867
1786503922693 2.581238459330052 5868
1786503925274 2.578771430067718 5869
1786503927854 2.5785681032575667 5870
1786503930435 2.5791958146728575 5871
1786503933016 2.578986878041178 5872
1786503935601 2.5826927819289267 5873
1786503938187 2.585132368840277 5874
1786503940768 2.5781534677371383 5875
1786503943349 2.5793132297694683 5876
1786503945929 2.578347365371883 5877
1786503948508 2.577986292075366 5878
1786503951091 2.580469280947 5879
1786503953676 2.5834085871465504 5880
1786503956261 2.5827959650196135 5881
1786503958843 2.5804774621501565 5882
1786503961428 2.583207270130515 5883
1786503964009 2.5787641699425876 5884
1786503966589 2.5783656160347164 5885
1786503969171 2.5800163550302386 5886
1786503971752 2.578932395670563 5887
1786503974333 2.5793342711403966 5888
1786503976914 2.5790908611379564 5889
1786503979494 2.578551686834544 5890
1786503982077 2.5808575986884534 5891
1786503984659 2.580026989802718 5892
1786503987250 2.5892002480104566 5893
1786503989831 2.5789943928830326 5894
1786503992413 2.5800424101762474 5895
1786503994998 2.5835328358225524 5896
1786503997580 2.579604263883084 5897
1786504000163 2.5815895358100533 5898
1786504002746 2.5806006197817624 5899
1786504005327 2.5798794850707054 5900
1786504007909 2.5804545949213207 5901
1786504010496 2.5850846711546183 5902
1786504013087 2.588899248279631 5903
1786504015672 2.582719035912305 5904
1786504018254 2.5804533259943128 5905
1786504020836 2.580642942339182 5906
1786504023418 2.5799853377975523 5907
1786504026001 2.5811707209795713 5908
1786504028582 2.5788101572543383 5909
1786504031165 2.580787198152393 5910
1786504033746 2.5797927607782185 5911
1786504036327 2.5786454398185015 5912
1786504038908 2.579758880659938 5913
1786504041490 2.5797368502244353 5914
1786504044072 2.580933482851833 5915
1786504046655 2.580548459198326 5916
1786504049236 2.57973515894264 5917
1786504051819 2.5810389863327146 5918
1786504054401 2.5801426339894533 5919
1786504056983 2.5804586252197623 5920
1786504059565 2.579831323120743 5921
1786504062146 2.5790042229928076 5922
1786504064727 2.579278543125838 5923
1786504067309 2.580710425041616 5924
1786504069890 2.579341735225171 5925
1786504072471 2.5795580432750285 5926
1786504075052 2.5784923853352666 5927
1786504077633 2.579138468950987 5928
1786504080214 2.579384746029973 5929
1786504082795 2.579376467037946 5930
1786504085377 2.581023666076362 5931
1786504087959 2.579617894720286 5932
1786504090541 2.5801558252424 5933
1786504093121 2.578530775848776 5934
1786504095702 2.57958530401811 5935
1786504098283 2.5788389169611037 5936
1786504100864 2.578885659109801 5937
1786504103444 2.5787710547447205 5938
1786504106026 2.5796732772141695 5939
1786504108607 2.579986269120127 5940
1786504111188 2.5789835220202804 5941
1786504113769 2.5795188820920885 5942
1786504116350 2.5790415052324533 5943
1786504118932 2.5801040730439126 5944
1786504121514 2.5795859643258154 5945
1786504124095 2.5795495929196477 5946
1786504126679 2.582011951133609 5947
1786504129260 2.579603584948927 5948
1786504131841 2.579761960078031 5949
1786504134425 2.58184271492064 5950
1786504137005 2.57798751629889 5951
1786504139582 2.575123033951968 5952
1786504142164 2.5799359967932105 5953
1786504144745 2.578966830857098 5954
1786504147326 2.5796568864025176 5955
1786504149907 2.5793688469566405 5956
1786504152487 2.5774421473033726 5957
1786504155063 2.5745978760533035 5958
1786504157639 2.5741690089926124 5959
1786504160216 2.5744594600982964 5960
1786504162791 2.573712513782084 5961
1786504165367 2.574375146999955 5962
1786504167945 2.5759333930909634 5963
1786504170521 2.5741668501868844 5964
1786504173098 2.5747851417399943 5965
1786504175675 2.5752084171399474 5966
1786504178253 2.5758853019215167 5967
1786504180829 2.5742417527362704 5968
1786504183406 2.5756170409731567 5969
1786504185982 2.574428010266274 5970
1786504188560 2.575362272094935 5971
1786504191138 2.5762911662459373 5972
1786504193718 2.578200325369835 5973
1786504196295 2.5755251278169453 5974
1786504198872 2.5752881299704313 5975
1786504201448 2.5742688728496432 5976
1786504204029 2.579023163765669 5977
1786504206610 2.579443998169154 5978
1786504209192 2.5794285680167377 5979
1786504211773 2.579077056143433 5980
1786504214354 2.5800675111822784 5981
1786504216936 2.5797457192093134 5982
1786504219516 2.578430983237922 5983
1786504222097 2.5794282779097557 5984
1786504224678 2.579120236914605 5985
1786504227260 2.57981278328225 5986
1786504229840 2.5791047671809793 5987
1786504232422 2.580037579871714 5988
1786504235002 2.578349780291319 5989
1786504237584 2.5795056307688355 5990
1786504240168 2.5821953769773245 5991
1786504242755 2.585121503099799 5992
1786504245335 2.578660371247679 5993
1786504247919 2.5816447478719056 5994
1786504250503 2.581970718689263 5995
1786504253083 2.578568957746029 5996
1786504255664 2.5795527528971434 5997
1786504258246 2.5792653430253267 5998
1786504260827 2.5794641501270235 5999
1786504265453 2.5795882851816714 6000
1786504268033 2.577498788945377 6001
1786504270614 2.5799469868652523 6002
1786504273194 2.5783931212499738 6003
1786504275775 2.5783567200414836 6004
1786504278355 2.5785555969923735 6005
1786504280937 2.580487526021898 6006
1786504283522 2.583522715140134 6007
1786504286103 2.5787608050741255 6008
1786504288684 2.578984873369336 6009
1786504291265 2.5799976689741015 6010
1786504293848 2.5805367780849338 6011
1786504296429 2.579672897234559 6012
1786504299010 2.5794533588923514 6013
1786504301591 2.5791986701078713 6014
1786504304173 2.5797315700910985 6015
1786504306752 2.577406126074493 6016
1786504309333 2.579106287099421 6017
1786504311912 2.5778216002509 6018
1786504314495 2.5802781390957534 6019
1786504317074 2.577976866159588 6020
1786504319654 2.5781330917961895 6021
1786504322234 2.5782875479198992 6022
1786504324816 2.579506662208587 6023
1786504327396 2.5782587360590696 6024
1786504329976 2.579036003910005 6025
1786504332558 2.579666477162391 6026
1786504335140 2.580540438182652 6027
1786504337722 2.5796782071702182 6028
1786504340303 2.5792843336239457 6029
1786504342884 2.579878283664584 6030
1786504345467 2.580932561773807 6031
1786504348049 2.579925056081265 6032
1786504350629 2.5781043209135532 6033
1786504353209 2.5784809538163245 6034
1786504355789 2.5789809729903936 6035
1786504358371 2.5796980881132185 6036
1786504360953 2.579950758256018 6037
1786504363534 2.5793536957353354 6038
1786504366115 2.579297454096377 6039
1786504368696 2.5798214618116617 6040
1786504371282 2.583780444227159 6041
1786504373863 2.579012914095074 6042
1786504376443 2.5787190631963313 6043
1786504379025 2.579995519015938 6044
1786504381607 2.5800530603155494 6045
1786504384189 2.5797589500434697 6046
1786504386772 2.581700660288334 6047
1786504389354 2.5800402308814228 6048
1786504391936 2.580644031986594 6049
1786504394517 2.579141618683934 6050
1786504397098 2.5793991978280246 6051
1786504399680 2.5792693928815424 6052
1786504402261 2.579629764892161 6053
1786504404843 2.5800222898833454 6054
1786504407427 2.582569931168109 6055
1786504410008 2.57984339306131 6056
1786504412591 2.5807428658008575 6057
1786504415172 2.579037785064429 6058
1786504417754 2.58075406588614 6059
1786504420336 2.5797922909259796 6060
1786504422916 2.578385021071881 6061
1786504425496 2.5780179579742253 6062
1786504428076 2.5784452138468623 6063
1786504430658 2.580629671923816 6064
1786504433238 2.57853353722021 6065
1786504435820 2.5798539239913225 6066
1786504438402 2.579450029414147 6067
1786504440983 2.5793012036010623 6068
1786504443562 2.5775996930897236 6069
1786504446144 2.580498677212745 6070
1786504448725 2.5786075689829886 6071
1786504451305 2.5779635161161423 6072
1786504453885 2.5787607338279486 6073
1786504456467 2.5795916537754238 6074
1786504459047 2.5789974331855774 6075
1786504461628 2.578898990061134 6076
1786504464209 2.57914056815207 6077
1786504466791 2.5802270267158747 6078
1786504469373 2.5802251170389354 6079
1786504471954 2.5790665461681783 6080
1786504474535 2.5793184749782085 6081
1786504477116 2.5796249052509665 6082
1786504479700 2.5819664490409195 6083
1786504482281 2.579170668963343 6084
1786504484863 2.5798004120588303 6085
1786504487445 2.5804051533341408 6086
1786504490028 2.5809971541166306 6087
1786504492612 2.5820666230283678 6088
1786504495194 2.5808450989425182 6089
1786504497776 2.5799721982330084 6090
1786504500358 2.579643436241895 6091
1786504502940 2.5800835718400776 6092
1786504505534 2.5923960525542498 6093
1786504508119 2.5830515581183136 6094
1786504510708 2.587510677985847 6095
1786504513294 2.5840084617957473 6096
1786504515876 2.5801379433833063 6097
1786504518457 2.5793512649834156 6098
1786504521039 2.579631745349616 6099
1786504523620 2.579751609824598 6100
1786504526201 2.5793693070299923 6101
1786504528783 2.5802642377093434 6102
1786504531366 2.580699273850769 6103
1786504533948 2.580162074882537 6104
1786504536531 2.5810926780104637 6105
1786504539114 2.580746015999466 6106
1786504541695 2.5795684927143157 6107
1786504544278 2.5808681999333203 6108
1786504546859 2.5796033646911383 6109
1786504549442 2.5809229016304016 6110
1786504552024 2.5800283798016608 6111
1786504554605 2.5793367852456868 6112
1786504557186 2.579088327009231 6113
1786504559767 2.579093687236309 6114
1786504562348 2.5792165813036263 6115
1786504564928 2.578599999193102 6116
1786504567509 2.579403138253838 6117
1786504570090 2.578549497295171 6118
1786504572671 2.5794639703817666 6119
1786504575252 2.5791169768199325 6120
1786504577834 2.580218017101288 6121
1786504580415 2.5794552587904036 6122
1786504582997 2.579726209398359 6123
1786504585578 2.579057414550334 6124
1786504588158 2.578373999800533 6125
1786504590739 2.57965293712914 6126
1786504593320 2.579196849837899 6127
1786504595902 2.5795519831590354 6128
1786504598483 2.5796894980594516 6129
1786504601064 2.5787917650304735 6130
1786504603646 2.5803449312224984 6131
1786504606229 2.5807952769100666 6132
1786504608812 2.581561345141381 6133
1786504611396 2.5822288589552045 6134
1786504613982 2.5841937488876283 6135
1786504616564 2.5801040031947196 6136
1786504619145 2.5793846170417964 6137
1786504621723 2.5765083129517734 6138
1786504624303 2.5780672593973577 6139
1786504626883 2.577747638337314 6140
1786504629463 2.578243515919894 6141
1786504632044 2.579501010943204 6142
1786504634625 2.578956892248243 6143
1786504637207 2.5799207859672606 6144
1786504639788 2.579371136147529 6145
1786504642369 2.579465290065855 6146
1786504644948 2.5775982118211687 6147
1786504647529 2.578561837784946 6148
1786504650109 2.578371720854193 6149
1786504652690 2.579195010010153 6150
1786504655272 2.5797238792292774 6151
1786504657852 2.578760374803096 6152
1786504660434 2.579468439798802 6153
1786504663014 2.5784074822440743 6154
1786504665595 2.5793207553215325 6155
1786504668176 2.5791784590110183 6156
1786504670760 2.582619372289628 6157
1786504673342 2.580034821294248 6158
1786504675927 2.5825863908976316 6159
1786504678508 2.579672907013446 6160
1786504681088 2.5780962710268795 6161
1786504683668 2.577841091901064 6162
1786504686246 2.57636502943933 6163
1786504688822 2.574499632231891 6164
1786504691398 2.5744824213907123 6165
1786504693975 2.574822702910751 6166
1786504696551 2.574506751727313 6167
1786504699128 2.574263093061745 6168
1786504701704 2.574317764956504 6169
1786504704280 2.5743738072924316 6170
1786504706857 2.574892275966704 6171
1786504709434 2.5756179322488606 6172
1786504712011 2.574648846872151 6173
1786504714587 2.5745710050687194 6174
1786504717164 2.5751533550210297 6175
1786504719741 2.5748272542841733 6176
1786504722317 2.5747346999123693 6177
1786504724894 2.5745985549874604 6178
1786504727470 2.57485835487023 6179
1786504730048 2.5754950172267854 6180
1786504732631 2.5814340403303504 6181
1786504735217 2.584230079781264 6182
1786504737799 2.5800561606884003 6183
1786504740382 2.5812444440089166 6184
1786504742964 2.580382923129946 6185
1786504745546 2.580161164049059 6186
1786504748130 2.581786182243377 6187
1786504750712 2.5805807197466493 6188
1786504753294 2.5792337809689343 6189
1786504755876 2.5803380799479783 6190
1786504758457 2.579140678048134 6191
1786504761039 2.580425103660673 6192
1786504763620 2.579158239066601 6193
1786504766201 2.5791275780647993 6194
1786504768782 2.5792359206825495 6195
1786504771362 2.578274087049067 6196
1786504773944 2.5807353747077286 6197
1786504776525 2.5787864946760237 6198
1786504779105 2.5788798187859356 6199
1786504781686 2.578897699713707 6200
1786504784268 2.5800252999179065 6201
1786504786848 2.5788259068503976 6202
1786504789430 2.580610750708729 6203
1786504792011 2.578850497957319 6204
1786504794591 2.5781683530658484 6205
1786504797175 2.5818968368694186 6206
1786504799757 2.5806151111610234 6207
1786504802336 2.577378195244819 6208
1786504804918 2.5796336359344423 6209
1786504807501 2.580797617789358 6210
1786504810081 2.578629110008478 6211
1786504812662 2.5786714907735586 6212
1786504815243 2.5794309489428997 6213
1786504817824 2.579026744235307 6214
1786504820404 2.5788693879731 6215
1786504822985 2.5785482567735016 6216
1786504825565 2.578443042933941 6217
1786504828146 2.578935971017927 6218
1786504830727 2.5790936262346804 6219
1786504833308 2.5791935897432268 6220
1786504835889 2.5792663330212235 6221
1786504838472 2.5814056997187436 6222
1786504841054 2.5799098359420896 6223
1786504843634 2.578878899104893 6224
1786504846216 2.5796430963091552 6225
1786504848798 2.5807311153039336 6226
1786504851385 2.5852663279511034 6227
1786504853973 2.5857025729492307 6228
1786504856555 2.5804823860526085 6229
1786504859138 2.581039016135037 6230
1786504861721 2.5804917868226767 6231
1786504864304 2.581315625924617 6232
1786504866888 2.582633313257247 6233
1786504869471 2.5805814303457737 6234
1786504872053 2.580333210993558 6235
1786504874634 2.580134383868426 6236
1786504877214 2.5778047698549926 6237
1786504879797 2.580841838847846 6238
1786504882377 2.5784641741774976 6239
1786504884956 2.5775172701105475 6240
1786504887537 2.578375481069088 6241
1786504890120 2.581735251005739 6242
1786504892698 2.576489054132253 6243
1786504895274 2.574179430026561 6244
1786504897850 2.574065376073122 6245
1786504900426 2.573701832909137 6246
1786504903002 2.574180350638926 6247
1786504905579 2.575501427985728 6248
1786504908155 2.574297684710473 6249
1786504910731 2.5742143117822707 6250
1786504913307 2.5744248889386654 6251
1786504915885 2.5754090836271644 6252
1786504918461 2.574129717890173 6253
1786504921036 2.574054416269064 6254
1786504923612 2.5737305246293545 6255
1786504926189 2.5754641368985176 6256
1786504928765 2.5740226949565113 6257
1786504931341 2.5738180382177234 6258
1786504933917 2.574108988046646 6259
1786504936494 2.5750783625990152 6260
1786504939068 2.572744789067656 6261
1786504941642 2.5723836859688163 6262
1786504944219 2.5751811456866562 6263
1786504946799 2.5782685368321836 6264
1786504949379 2.5779260443523526 6265
1786504951959 2.5780895901843905 6266
1786504954539 2.5783661399036646 6267
1786504957119 2.578354828990996 6268
1786504959699 2.578378881327808 6269
1786504962279 2.577374035026878 6270
1786504964861 2.5805871901102364 6271
1786504967444 2.5807511061429977 6272
1786504970029 2.583258036058396 6273
1786504972614 2.583236824721098 6274
1786504975195 2.579577253665775 6275
1786504977778 2.580980773549527 6276
1786504980361 2.5807037139311433 6277
1786504982943 2.5808771098963916 6278
1786504985525 2.5803269506432116 6279
1786504988109 2.581716099753976 6280
1786504990690 2.5789048387669027 6281
1786504993272 2.580340911168605 6282
1786504995853 2.5793456453830004 6283
1786504998435 2.5806751027703285 6284
1786505001017 2.5801633642986417 6285
1786505003598 2.5794855812564492 6286
1786505006179 2.578578674700111 6287
1786505008759 2.5787402587011456 6288
1786505011340 2.5792771982960403 6289
1786505013921 2.5787031683139503 6290
1786505016502 2.579414472915232 6291
1786505019083 2.5787770501337945 6292
1786505021663 2.578937215730548 6293
1786505024244 2.5792540567927063 6294
1786505026825 2.578622934874147 6295
1786505029405 2.578259731642902 6296
1786505031986 2.5792835182510316 6297
1786505034569 2.58095965674147 6298
1786505037151 2.580292933154851 6299
1786505039731 2.5780247538350523 6300
1786505042311 2.5782193411141634 6301
1786505044891 2.578849423211068 6302
1786505047472 2.5791824744082987 6303
1786505050052 2.5777676049619913 6304
1786505052632 2.578175879083574 6305
1786505055213 2.579154223203659 6306
1786505057794 2.579264686908573 6307
1786505060375 2.5794002022594213 6308
1786505062956 2.5792776071466506 6309
1786505065540 2.582635425031185 6310
1786505068126 2.5839560609310865 6311
1786505070710 2.581546206958592 6312
1786505073292 2.580560911912471 6313
1786505075873 2.5795348370447755 6314
1786505078455 2.580102477222681 6315
1786505081036 2.578542221803218 6316
1786505083617 2.579453154001385 6317
1786505086198 2.578835992142558 6318
1786505088779 2.5795349972322583 6319
1786505091363 2.582477228716016 6320
1786505093944 2.5790230091661215 6321
1786505096526 2.5795537065714598 6322
1786505099106 2.5791321019642055 6323
1786505101683 2.574550242163241 6324
1786505104258 2.573771805036813 6325
1786505106835 2.574191718827933 6326
1786505109411 2.574742189142853 6327
1786505111992 2.5787874809466302 6328
1786505114571 2.5775207062251866 6329
1786505117147 2.574493610765785 6330
1786505119722 2.5731432628817856 6331
1786505122298 2.574139758013189 6332
1786505124873 2.572723167948425 6333
1786505127448 2.5728720226325095 6334
1786505130022 2.573113852646202 6335
1786505132597 2.5730203189887106 6336
1786505135173 2.5733986822888255 6337
1786505137747 2.5727261789143085 6338
1786505140322 2.5726037337444723 6339
1786505142897 2.5734069319441915 6340
1786505145471 2.5725418720394373 6341
1786505148046 2.572906875051558 6342
1786505150622 2.574205459561199 6343
1786505153198 2.5743568558245897 6344
1786505155774 2.5741840600967407 6345
1786505158350 2.5737506938166916 6346
1786505160926 2.574287042953074 6347
1786505163504 2.5762153998948634 6348
1786505166081 2.5753508009947836 6349
1786505168657 2.5740052331238985 6350
1786505171232 2.5740186837501824 6351
1786505173810 2.575378221925348 6352
1786505176385 2.5740388850681484 6353
1786505178961 2.574181999079883 6354
1786505181542 2.579099461901933 6355
1786505184126 2.5822035097517073 6356
1786505186709 2.5804636287502944 6357
1786505189291 2.580075806006789 6358
1786505191872 2.579614868853241 6359
1786505194456 2.5816869316622615 6360
1786505197039 2.5813565109856427 6361
1786505199626 2.5859011388383806 6362
1786505202208 2.580036145169288 6363
1786505204793 2.582299503032118 6364
1786505207374 2.5792683782055974 6365
1786505209956 2.5803229841403663 6366
1786505212537 2.5796441501006484 6367
1786505215121 2.582130496855825 6368
1786505217699 2.5760592059232295 6369
1786505220276 2.5745445219799876 6370
1786505222852 2.5747637199237943 6371
1786505225432 2.578240141738206 6372
1786505228010 2.575610850006342 6373
1786505230591 2.579776095226407 6374
1786505233174 2.580624605063349 6375
1786505235756 2.5807440290227532 6376
1786505238336 2.5781732788309455 6377
1786505240916 2.5781243569217622 6378
1786505243498 2.5795394270680845 6379
1786505246078 2.578636335209012 6380
1786505248657 2.5771331726573408 6381
1786505251236 2.577060640323907 6382
1786505253815 2.5775599968619645 6383
1786505256396 2.5787152778357267 6384
1786505258977 2.5795080857351422 6385
1786505261559 2.579928840044886 6386
1786505264141 2.579835847951472 6387
1786505266721 2.579044899903238 6388
1786505269302 2.5785826230421662 6389
1786505271882 2.578909224830568 6390
1786505274465 2.5804875888861716 6391
1786505277046 2.579879069235176 6392
1786505279627 2.5784304179251194 6393
1786505282207 2.5785568519495428 6394
1786505284788 2.57898460701108 6395
1786505287369 2.5797359133139253 6396
1786505289949 2.578535471111536 6397
1786505292530 2.5790868210606277 6398
1786505295112 2.580093455966562 6399
1786505297693 2.5789744569920003 6400
1786505300273 2.578269282821566 6401
1786505302853 2.5783185036852956 6402
1786505305436 2.5812701769173145 6403
1786505308017 2.578951275907457 6404
1786505310597 2.578062134794891 6405
1786505313176 2.5776553307659924 6406
1786505315756 2.5775392269715667 6407
1786505318336 2.57899404829368 6408
1786505320915 2.5771906138397753 6409
1786505323496 2.5783752161078155 6410
1786505326075 2.5779783627949655 6411
1786505328655 2.5782481119967997 6412
1786505331237 2.5798128359019756 6413
1786505333817 2.578806960955262 6414
1786505336397 2.578158169053495 6415
1786505338980 2.581407222431153 6416
1786505341561 2.578658805694431 6417
1786505344141 2.57879801094532 6418
1786505346722 2.578539961948991 6419
1786505349303 2.5793951619416475 6420
1786505351883 2.5787986810319126 6421
1786505354464 2.578411596827209 6422
1786505357044 2.5791301922872663 6423
1786505359625 2.578378366306424 6424
1786505362206 2.5794748552143574 6425
1786505364787 2.5794014018028975 6426
1786505367368 2.579511485993862 6427
1786505369949 2.579052009154111 6428
1786505372529 2.5786072043702006 6429
1786505375110 2.579054188914597 6430
1786505377691 2.579288807697594 6431
1786505380272 2.578503090888262 6432
1786505382852 2.5788169018924236 6433
1786505385432 2.578439479228109 6434
1786505388013 2.5792177547700703 6435
1786505390593 2.578416258096695 6436
1786505393174 2.5788578018546104 6437
1786505395755 2.5789307057857513 6438
1786505398336 2.579724562820047 6439
1786505400916 2.5783877559006214 6440
1786505403498 2.5796522609889507 6441
1786505406087 2.587851157411933 6442
1786505408667 2.577890648972243 6443
1786505411247 2.577731193974614 6444
1786505413827 2.5783275049179792 6445
1786505416408 2.579290977679193 6446
1786505418989 2.5795135963708162 6447
1786505421569 2.578741909004748 6448
1786505424152 2.5805688318796456 6449
1786505426733 2.57955489680171 6450
1786505429316 2.5813063490204513 6451
1786505431897 2.579260286875069 6452
1786505434479 2.580340074840933 6453
1786505437062 2.5806613359600306 6454
1786505439643 2.5794852850958705 6455
1786505442226 2.580997108016163 6456
1786505444807 2.579171553719789 6457
1786505447389 2.5806170948781073 6458
1786505449973 2.581380891148001 6459
1786505452561 2.586989628151059 6460
1786505455145 2.5817522746510804 6461
1786505457727 2.580170279368758 6462
1786505460309 2.5803708457387984 6463
1786505462892 2.581172344274819 6464
1786505465476 2.581749693956226 6465
1786505468058 2.5800013528205454 6466
1786505470640 2.5806908369995654 6467
1786505473223 2.58127626683563 6468
1786505475807 2.581802175845951 6469
1786505478390 2.5808984339237213 6470
1786505480973 2.581962672062218 6471
1786505483556 2.5808591130189598 6472
1786505486139 2.5811718138866127 6473
1786505488722 2.5811943537555635 6474
1786505491305 2.581642020959407 6475
1786505493890 2.5829840670339763 6476
1786505496475 2.5824343389831483 6477
1786505499059 2.5821657381020486 6478
1786505501641 2.5803471649996936 6479
1786505504224 2.5815090658143163 6480
1786505506807 2.5807018079794943 6481
1786505509389 2.580856713000685 6482
1786505511971 2.5799297699704766 6483
1786505514550 2.5775524568744004 6484
1786505517130 2.5779089997522533 6485
1786505519707 2.5752098760567605 6486
1786505522284 2.574720138218254 6487
1786505524860 2.5742332120426 6488
1786505527438 2.5757554238662124 6489
1786505530013 2.574062515050173 6490
1786505532591 2.575180054176599 6491
1786505535170 2.5774382231757045 6492
1786505537747 2.574815592262894 6493
1786505540325 2.5764214778319 6494
1786505542902 2.575434383004904 6495
1786505545485 2.5809492259286344 6496
1786505548067 2.580344184767455 6497
1786505550649 2.579885969404131 6498
1786505553232 2.5811874638311565 6499
1786505557208 2.5816607107408345 6500
1786505559789 2.578998957760632 6501
1786505562371 2.580608535092324 6502
1786505564953 2.5794730340130627 6503
1786505567535 2.580801611300558 6504
1786505570118 2.581101031973958 6505
1786505572700 2.5803282940760255 6506
1786505575281 2.5795234367251396 6507
1786505577865 2.5818928088992834 6508
1786505580446 2.57891104510054 6509
1786505583027 2.5793845006264746 6510
1786505585608 2.5795543268322945 6511
1786505588189 2.579428302589804 6512
1786505590771 2.5798544380813837 6513
1786505593354 2.5809336751699448 6514
1786505595936 2.580042724031955 6515
1786505598518 2.5805480922572315 6516
1786505601100 2.580164487939328 6517
1786505603682 2.580698198173195 6518
1786505606264 2.580176799092442 6519
1786505608846 2.580546661745757 6520
1786505611428 2.579397662077099 6521
1786505614010 2.58090230403468 6522
1786505616595 2.5825503319501877 6523
1786505619180 2.583818865939975 6524
1786505621765 2.582482370082289 6525
1786505624348 2.5815198458731174 6526
1786505626931 2.581082290969789 6527
1786505629514 2.5816845819354057 6528
1786505632097 2.580759239848703 6529
1786505634679 2.5806006039492786 6530
1786505637262 2.5813128990121186 6531
1786505639848 2.583822856657207 6532
1786505642430 2.5798647380433977 6533
1786505645012 2.5803763372823596 6534
1786505647595 2.581149262841791 6535
1786505650176 2.579733043909073 6536
1786505652759 2.5810605199076235 6537
1786505655345 2.583495695143938 6538
1786505657934 2.5874684848822653 6539
1786505660525 2.588947365991771 6540
1786505663107 2.580441188067198 6541
1786505665689 2.5803672950714827 6542
1786505668270 2.579130202997476 6543
1786505670852 2.580041834153235 6544
1786505673434 2.580290223006159 6545
1786505676015 2.578135137911886 6546
1786505678597 2.5795383169315755 6547
1786505681179 2.580353974830359 6548
1786505683761 2.579743874259293 6549
1786505686343 2.5802637822926044 6550
1786505688925 2.5801639989949763 6551
1786505691508 2.5812192452140152 6552
1786505694090 2.580345254857093 6553
1786505696676 2.5845865230076015 6554
1786505699258 2.5803754557855427 6555
1786505701840 2.580141948070377 6556
1786505704424 2.58148360485211 6557
1786505707009 2.5831235218793154 6558
1786505709592 2.5817637238651514 6559
1786505712174 2.5800952962599695 6560
1786505714756 2.580483320169151 6561
1786505717339 2.5809391350485384 6562
1786505719926 2.5852087852545083 6563
1786505722508 2.5803967560641468 6564
1786505725092 2.5817362130619586 6565
1786505727674 2.5804407177492976 6566
1786505730257 2.580775880254805 6567
1786505732837 2.57863426534459 6568
1786505735418 2.5795615082606673 6569
1786505738000 2.579897060059011 6570
1786505740581 2.5791482529602945 6571
1786505743163 2.5798281473107636 6572
1786505745743 2.578329114243388 6573
1786505748323 2.578827521763742 6574
1786505750906 2.5813218289986253 6575
1786505753489 2.5804775790311396 6576
1786505756069 2.578423738013953 6577
1786505758651 2.579871828202158 6578
1786505761232 2.579573748167604 6579
1786505763812 2.577961951959878 6580
1786505766392 2.578089897055179 6581
1786505768974 2.579947880934924 6582
1786505771555 2.580056313890964 6583
1786505774138 2.5807514991611242 6584
1786505776720 2.5805847430601716 6585
1786505779301 2.5785171412862837 6586
1786505781882 2.579630060121417 6587
1786505784463 2.5789329251274467 6588
1786505787044 2.5794159518554807 6589
1786505789627 2.5812278161756694 6590
1786505792211 2.5825189808383584 6591
1786505794795 2.5815754691138864 6592
1786505797377 2.580891704186797 6593
1786505799960 2.580402446910739 6594
1786505802544 2.5827642087824643 6595
1786505805125 2.5791260320693254 6596
1786505807706 2.5788024412468076 6597
1786505810288 2.5803563660010695 6598
1786505812870 2.5799601608887315 6599
1786505815453 2.581180934328586 6600
1786505818034 2.5797698348760605 6601
1786505820617 2.581305149011314 6602
1786505823203 2.583690161816776 6603
1786505825787 2.582023323047906 6604
1786505828373 2.584393896628171 6605
1786505830957 2.581770434975624 6606
1786505833548 2.5893558599054813 6607
1786505836136 2.585949521046132 6608
1786505838721 2.5837071030400693 6609
1786505841303 2.579265207052231 6610
1786505843885 2.5809805071912706 6611
1786505846468 2.5806670864112675 6612
1786505849050 2.5804848200641572 6613
1786505851635 2.5825497321784496 6614
1786505854219 2.5822159410454333 6615
1786505856813 2.5918679777532816 6616
1786505859397 2.582938485778868 6617
1786505861980 2.5806410261429846 6618
1786505864562 2.5800778758712113 6619
1786505867147 2.5832753577269614 6620
1786505869730 2.5816404498182237 6621
1786505872313 2.580924155190587 6622
1786505874904 2.5891781938262284 6623
1786505877490 2.584345204755664 6624
1786505880072 2.579959070775658 6625
1786505882654 2.5797933964058757 6626
1786505885237 2.5812451262027025 6627
1786505887821 2.582005924079567 6628
1786505890406 2.5832854877226055 6629
1786505892989 2.5817261431366205 6630
1786505895571 2.580167609266937 6631
1786505898154 2.581298717763275 6632
1786505900737 2.5808257618919015 6633
1786505903319 2.5801381072960794 6634
1786505905902 2.5812889179214835 6635
1786505908485 2.580728769302368 6636
1786505911066 2.5794097329489887 6637
1786505913658 2.589847926981747 6638
1786505916242 2.582439227961004 6639
1786505918829 2.585417462978512 6640
1786505921413 2.5818805787712336 6641
1786505923996 2.580931675620377 6642
1786505926580 2.582286502700299 6643
1786505929164 2.582414337899536 6644
1786505931748 2.5821329378522933 6645
1786505934331 2.5812641070224345 6646
1786505936912 2.5794908949173987 6647
1786505939492 2.577570638153702 6648
1786505942073 2.578920755069703 6649
1786505944656 2.5812041549943388 6650
1786505947237 2.5794938961043954 6651
1786505949822 2.583695631939918 6652
1786505952406 2.5812429659999907 6653
1786505954984 2.576150448061526 6654
1786505957562 2.576978516764939 6655
1786505960140 2.57603888399899 6656
1786505962717 2.5748550929129124 6657
1786505965296 2.576885913964361 6658
1786505967883 2.5850849109701812 6659
1786505970466 2.5812415261752903 6660
1786505973047 2.5790286888368428 6661
1786505975629 2.5810530204325914 6662
1786505978212 2.5804734490811825 6663
1786505980794 2.5808862540870905 6664
1786505983376 2.579353950917721 6665
1786505985959 2.5820075240917504 6666
1786505988538 2.576843162998557 6667
1786505991117 2.5767570990137756 6668
1786505993699 2.5805223206989467 6669
1786505996284 2.5832134559750557 6670
1786505998867 2.580833151936531 6671
1786506001452 2.582883794326335 6672
1786506004033 2.580002912785858 6673
1786506006616 2.5803096340969205 6674
1786506009206 2.588100536260754 6675
1786506011787 2.579773224890232 6676
1786506014369 2.579869478009641 6677
1786506016951 2.5807115780189633 6678
1786506019532 2.5783550050109625 6679
1786506022115 2.5811563138850033 6680
1786506024695 2.5785501622594893 6681
1786506027276 2.5788551629520953 6682
1786506029857 2.57989598903805 6683
1786506032439 2.5794228739105165 6684
1786506035020 2.579806787427515 6685
1786506037602 2.579977422952652 6686
1786506040182 2.577969213016331 6687
1786506042765 2.5810923823155463 6688
1786506045352 2.585117071866989 6689
1786506047933 2.5792611981742084 6690
1786506050517 2.582001973874867 6691
1786506053101 2.5822154809720814 6692
1786506055689 2.5862282821908593 6693
1786506058272 2.5809981781058013 6694
1786506060855 2.581320350058377 6695
1786506063439 2.582849013619125 6696
1786506066021 2.579462554771453 6697
1786506068602 2.579197385814041 6698
1786506071182 2.578461170196533 6699
1786506073764 2.5800200239755213 6700
1786506076345 2.5795328179374337 6701
1786506078927 2.5801211781799793 6702
1786506081509 2.5800455952994525 6703
1786506084090 2.5794776449911296 6704
1786506086672 2.580048345029354 6705
1786506089253 2.5793744209222496 6706
1786506091836 2.5810165000148118 6707
1786506094415 2.577963931951672 6708
1786506096994 2.576660115737468 6709
1786506099573 2.5773050603456795 6710
1786506102153 2.578769681043923 6711
1786506104734 2.579000928904861 6712
1786506107315 2.579169045202434 6713
1786506109899 2.58163288095966 6714
1786506112482 2.5816621519625187 6715
1786506115064 2.579570399131626 6716
1786506117645 2.579562268219888 6717
1786506120231 2.584490160923451 6718
1786506122815 2.5818754290230572 6719
1786506125400 2.5827477797865868 6720
1786506127980 2.578289904166013 6721
1786506130563 2.58082421310246 6722
1786506133145 2.580164979211986 6723
1786506135726 2.578774510882795 6724
1786506138306 2.5783774671144783 6725
1786506140886 2.578240731731057 6726
1786506143466 2.5786094148643315 6727
1786506146047 2.5794382449239492 6728
1786506148628 2.5789620080031455 6729
1786506151209 2.5790215102024376 6730
1786506153790 2.5792946689762175 6731
1786506156371 2.579025669954717 6732
1786506158951 2.5780088640749454 6733
1786506161531 2.5787588097155094 6734
1786506164113 2.5801189481280744 6735
1786506166691 2.575336250010878 6736
1786506169269 2.5767238889820874 6737
1786506171855 2.583524296991527 6738
1786506174437 2.580359635874629 6739
1786506177019 2.580695488024503 6740
1786506179606 2.5850410195998847 6741
1786506182189 2.5812572981230915 6742
1786506184772 2.580786222126335 6743
1786506187356 2.5823290650732815 6744
1786506189938 2.580624785274267 6745
1786506192521 2.580598554108292 6746
1786506195106 2.5832253769040108 6747
1786506197688 2.579727273900062 6748
1786506200265 2.575130494311452 6749
1786506202842 2.5754717150703073 6750
1786506205419 2.57579681603238 6751
1786506207998 2.5764019479975104 6752
1786506210574 2.574323184788227 6753
1786506213151 2.5753594120033085 6754
1786506215729 2.5756508111953735 6755
1786506218306 2.5757476948201656 6756
1786506220885 2.5773437907919288 6757
1786506223468 2.58036401681602 6758
1786506226049 2.579599129036069 6759
1786506228631 2.5806954079307616 6760
1786506231213 2.5799172311089933 6761
1786506233794 2.579311708919704 6762
1786506236376 2.5794706949964166 6763
1786506238958 2.5809310358017683 6764
1786506241541 2.580322884954512 6765
1786506244122 2.5798949198797345 6766
1786506246705 2.58044524025172 6767
1786506249287 2.580684878397733 6768
1786506251868 2.5791119020432234 6769
1786506254448 2.5782101713120937 6770
1786506257029 2.578641666099429 6771
1786506259609 2.5787809612229466 6772
1786506262192 2.5805203220807016 6773
1786506264770 2.5764871309511364 6774
1786506267345 2.573790255934 6775
1786506269922 2.5745601430535316 6776
1786506272503 2.5790529712103307 6777
1786506275086 2.5812511378899217 6778
1786506277668 2.580020315013826 6779
1786506280251 2.5811900049448013 6780
1786506282834 2.580964167136699 6781
1786506285415 2.580001794267446 6782
1786506287998 2.580422187689692 6783
1786506290581 2.581398291978985 6784
1786506293169 2.5865391017869115 6785
1786506295752 2.5805188617669046 6786
1786506298335 2.5819238713011146 6787
1786506300919 2.58155335765332 6788
1786506303503 2.58222395228222 6789
1786506306096 2.5909285261295736 6790
1786506308677 2.579624131321907 6791
1786506311260 2.5808065021410584 6792
1786506313843 2.581223037093878 6793
1786506316425 2.5807247585617006 6794
1786506319008 2.580697108991444 6795
1786506321592 2.582469250075519 6796
1786506324174 2.579941321630031 6797
1786506326756 2.5799869429320097 6798
1786506329338 2.580482999794185 6799
1786506331923 2.5834633046761155 6800
1786506334508 2.5826911283656955 6801
1786506337091 2.580978397745639 6802
1786506339674 2.581480666063726 6803
1786506342259 2.5829528169706464 6804
1786506344845 2.584278604015708 6805
1786506347428 2.580689957831055 6806
1786506350011 2.5817955574020743 6807
1786506352594 2.5806750068441033 6808
1786506355171 2.5753479106351733 6809
1786506357751 2.5778236580081284 6810
1786506360331 2.578590684104711 6811
1786506362913 2.580051815137267 6812
1786506365504 2.589128453284502 6813
1786506368091 2.585206456016749 6814
1786506370672 2.5793569618836045 6815
1786506373255 2.580672916956246 6816
1786506375836 2.5792676280252635 6817
1786506378419 2.5807337700389326 6818
1786506381001 2.580717929173261 6819
1786506383584 2.58065990684554 6820
1786506386166 2.580749109853059 6821
1786506388749 2.580637185834348 6822
1786506391332 2.5807964419946074 6823
1786506393917 2.582950077019632 6824
1786506396499 2.5802702931687236 6825
1786506399081 2.5800883369520307 6826
1786506401662 2.5800090241245925 6827
1786506404246 2.582171498797834 6828
1786506406829 2.580915526021272 6829
1786506409418 2.586542882025242 6830
1786506412001 2.5815160372294486 6831
1786506414586 2.5833173589780927 6832
1786506417169 2.580613954924047 6833
1786506419752 2.5815013758838177 6834
1786506422339 2.5848852153867483 6835
1786506424920 2.579758495092392 6836
1786506427502 2.580237451940775 6837
1786506430084 2.5803509461693466 6838
1786506432666 2.5798273170366883 6839
1786506435249 2.581018989905715 6840
1786506437831 2.5802436121739447 6841
1786506440413 2.5805236217565835 6842
1786506442995 2.5804562689736485 6843
1786506445580 2.5829620882868767 6844
1786506448163 2.5804285681806505 6845
1786506450744 2.579608258791268 6846
1786506453330 2.583985032979399 6847
1786506455913 2.5815648082643747 6848
1786506458496 2.5811911351047456 6849
1786506461084 2.5855393074452877 6850
1786506463666 2.580866424366832 6851
1786506466248 2.579752434976399 6852
1786506468831 2.581652411259711 6853
1786506471420 2.586615326348692 6854
1786506474007 2.5851310933940113 6855
1786506476593 2.58400283427909 6856
1786506479186 2.5916529409587383 6857
1786506481779 2.5912284068763256 6858
1786506484363 2.581427474040538 6859
1786506486944 2.579211866017431 6860
1786506489525 2.5798872001469135 6861
1786506492107 2.5803150748834014 6862
1786506494689 2.579635481350124 6863
1786506497271 2.5799612728878856 6864
1786506499853 2.580821223091334 6865
1786506502435 2.5797533350996673 6866
1786506505018 2.5816831029951572 6867
1786506507602 2.581979172769934 6868
1786506510183 2.579400331713259 6869
1786506512765 2.57938029197976 6870
1786506515347 2.5804711901582778 6871
1786506517931 2.581888639833778 6872
1786506520510 2.577416333835572 6873
1786506523090 2.5780288353562355 6874
1786506525670 2.578556173015386 6875
1786506528251 2.5794300930574536 6876
1786506530837 2.5834984062239528 6877
1786506533428 2.58942266413942 6878
1786506536010 2.580214371904731 6879
1786506538591 2.5792475882917643 6880
1786506541168 2.5752850687131286 6881
1786506543746 2.5755848097614944 6882
1786506546330 2.5817746156826615 6883
1786506548915 2.5838318979367614 6884
1786506551497 2.5801707501523197 6885
1786506554082 2.58237193711102 6886
1786506556665 2.58167106192559 6887
1786506559250 2.5830991631373763 6888
1786506561831 2.579409873113036 6889
1786506564413 2.579940401017666 6890
1786506566995 2.5804496789351106 6891
1786506569578 2.580758891068399 6892
1786506572159 2.579810827039182 6893
1786506574741 2.58000682387501 6894
1786506577324 2.580950466915965 6895
1786506579909 2.5827912418171763 6896
1786506582490 2.5793170197866857 6897
1786506585072 2.580284162890166 6898
1786506587653 2.579823557753116 6899
1786506590236 2.580577724147588 6900
1786506592818 2.580189931206405 6901
1786506595399 2.5798492692410946 6902
1786506597981 2.579769236035645 6903
1786506600563 2.5798792499117553 6904
1786506603144 2.579549428075552 6905
1786506605725 2.5795701388269663 6906
1786506608307 2.5799591932445765 6907
1786506610889 2.5797366448678076 6908
1786506613471 2.580017255153507 6909
1786506616052 2.5796127202920616 6910
1786506618633 2.5790522708557546 6911
1786506621215 2.5803653770126402 6912
1786506623796 2.579575818963349 6913
1786506626378 2.5797927458770573 6914
1786506628959 2.5792134567163885 6915
1786506631543 2.582401277963072 6916
1786506634124 2.579350711312145 6917
1786506636707 2.5810295999981463 6918
1786506639289 2.579642910975963 6919
1786506641869 2.578959047794342 6920
1786506644450 2.5790133089758456 6921
1786506647030 2.5783024737611413 6922
1786506649611 2.578535031992942 6923
1786506652190 2.577742493711412 6924
1786506654770 2.5778731391765177 6925
1786506657350 2.578005064278841 6926
1786506659930 2.5790645801462233 6927
1786506662512 2.5798665788024664 6928
1786506665093 2.5790455802343786 6929
1786506667676 2.580865983851254 6930
1786506670257 2.579075301066041 6931
1786506672839 2.580698848236352 6932
1786506675420 2.579223826993257 6933
1786506678001 2.579609469976276 6934
1786506680582 2.5791845247149467 6935
1786506683165 2.5810324200429022 6936
1786506685746 2.5789151648059487 6937
1786506688327 2.5791646037250757 6938
1786506690908 2.579431973863393 6939
1786506693490 2.580622415058315 6940
1786506696072 2.579676643013954 6941
1786506698655 2.5816649217158556 6942
1786506701238 2.580715329386294 6943
1786506703821 2.5811735251918435 6944
1786506706406 2.5832284269854426 6945
1786506708983 2.5754201328381896 6946
1786506711561 2.5755575676448643 6947
1786506714137 2.574152998626232 6948
1786506716713 2.5749097960069776 6949
1786506719291 2.5755079868249595 6950
1786506721868 2.5756924133747816 6951
1786506724446 2.575734213925898 6952
1786506727024 2.5761620989069343 6953
1786506729601 2.5753161697648466 6954
1786506732178 2.575570957735181 6955
1786506734756 2.575744945090264 6956
1786506737333 2.575557607691735 6957
1786506739911 2.575367751996964 6958
1786506742488 2.575389001984149 6959
1786506745065 2.575666882097721 6960
1786506747643 2.576348155736923 6961
1786506750221 2.5754495947621763 6962
1786506752798 2.57579338690266 6963
1786506755377 2.576431968715042 6964
1786506757955 2.5769537771120667 6965
1786506760531 2.573857108131051 6966
1786506763107 2.574452288914472 6967
1786506765684 2.5748589341528714 6968
1786506768260 2.5744933411478996 6969
1786506770837 2.574791871011257 6970
1786506773414 2.575616471003741 6971
1786506775992 2.5757483150810003 6972
1786506778569 2.5755614689551294 6973
1786506781149 2.578015794046223 6974
1786506783726 2.574791820719838 6975
1786506786309 2.5816577216610312 6976
1786506788890 2.5790643212385476 6977
1786506791469 2.5767451087012887 6978
1786506794046 2.575625389814377 6979
1786506796623 2.5746928080916405 6980
1786506799201 2.5764347380027175 6981
1786506801777 2.5743131153285503 6982
1786506804353 2.574160549789667 6983
1786506806928 2.572859873995185 6984
1786506809502 2.5729847089387476 6985
1786506812077 2.5732717281207442 6986
1786506814652 2.5730848321691155 6987
1786506817231 2.57657916424796 6988
1786506819815 2.5826005451381207 6989
1786506822398 2.5810355902649462 6990
1786506824982 2.5818513091653585 6991
1786506827566 2.58228191267699 6992
1786506830152 2.583709284197539 6993
1786506832735 2.581924440804869 6994
1786506835319 2.5813182899728417 6995
1786506837901 2.5806877678260207 6996
1786506840484 2.581463165115565 6997
1786506843065 2.5790691608563066 6998
1786506845649 2.5815186467953026 6999
1786506849298 2.583150074351579 7000
1786506851879 2.5789128351025283 7001
1786506854461 2.5799671630375087 7002
1786506857043 2.57990608131513 7003
1786506859624 2.579249977134168 7004
1786506862205 2.5795283671468496 7005
1786506864787 2.5802044309675694 7006
1786506867369 2.5795319881290197 7007
1786506869950 2.579464945010841 7008
1786506872534 2.582547552883625 7009
1786506875122 2.5861657899804413 7010
1786506877706 2.5817744857631624 7011
1786506880288 2.5801749699749053 7012
1786506882871 2.581445054151118 7013
1786506885453 2.579954902175814 7014
1786506888034 2.5796849317848682 7015
1786506890616 2.5793839120306075 7016
1786506893198 2.580562073737383 7017
1786506895779 2.5795921101234853 7018
1786506898360 2.5788878053426743 7019
1786506900940 2.5783417858183384 7020
1786506903521 2.5792210563085973 7021
1786506906102 2.579666722100228 7022
1786506908683 2.5786750582046807 7023
1786506911268 2.5833689710125327 7024
1786506913850 2.5803790972568095 7025
1786506916431 2.578778861090541 7026
1786506919010 2.5773661118000746 7027
1786506921587 2.5754206739366055 7028
1786506924164 2.574951056856662 7029
1786506926746 2.5800279448740184 7030
1786506929334 2.58600115403533 7031
1786506931923 2.587368880864233 7032
1786506934505 2.580270153004676 7033
1786506937086 2.5792902992106974 7034
1786506939671 2.5826086648739874 7035
1786506942262 2.5886020637117326 7036
1786506944850 2.586893684696406 7037
1786506947440 2.5874386238865554 7038
1786506950029 2.5873066200874746 7039
1786506952618 2.5875591677613556 7040
1786506955202 2.5817161737941206 7041
1786506957784 2.580293723847717 7042
1786506960366 2.58035479625687 7043
1786506962947 2.579041310120374 7044
1786506965528 2.5794794959947467 7045
1786506968111 2.581054750364274 7046
1786506970693 2.5794339538551867 7047
1786506973273 2.578400078229606 7048
1786506975850 2.575225716922432 7049
1786506978427 2.574857803992927 7050
1786506981003 2.574684307910502 7051
1786506983580 2.574634286109358 7052
1786506986156 2.5749242161400616 7053
1786506988732 2.57325569819659 7054
1786506991307 2.5734348939731717 7055
1786506993887 2.578379867132753 7056
1786506996464 2.5754891759715974 7057
1786506999041 2.5751535035669804 7058
1786507001620 2.5765087408944964 7059
1786507004196 2.574505361262709 7060
1786507006772 2.573766005691141 7061
1786507009348 2.5741125671193004 7062
1786507011926 2.5766245760023594 7063
1786507014505 2.5769933280535042 7064
1786507017083 2.5758402179926634 7065
1786507019659 2.574478100053966 7066
1786507022236 2.5748546537943184 7067
1786507024812 2.5748645537532866 7068
1786507027390 2.5755181671120226 7069
1786507029966 2.57408079598099 7070
1786507032543 2.575401262845844 7071
1786507035120 2.574853783007711 7072
1786507037696 2.5747607299126685 7073
1786507040273 2.5753200403414667 7074
1786507042851 2.575435934122652 7075
1786507045428 2.575293139088899 7076
1786507048005 2.575054571032524 7077
1786507050582 2.5752669777721167 7078
1786507053159 2.575248367153108 7079
1786507055736 2.5757224541157484 7080
1786507058313 2.5750549300573766 7081
1786507060890 2.5745921041816473 7082
1786507063467 2.575068946927786 7083
1786507066045 2.576428908854723 7084
1786507068622 2.575050048995763 7085
1786507071199 2.575350619852543 7086
1786507073777 2.5765989841893315 7087
1786507076356 2.5765215321443975 7088
1786507078935 2.57750745723024 7089
1786507081515 2.577794706914574 7090
1786507084094 2.5773961418308318 7091
1786507086674 2.578536483924836 7092
1786507089254 2.5781778199598193 7093
1786507091834 2.5773761617019773 7094
1786507094413 2.5774748059920967 7095
1786507096993 2.578189230989665 7096
1786507099575 2.5807865341193974 7097
1786507102156 2.5789167671464384 7098
1786507104737 2.5793295609764755 7099
1786507107320 2.5805588359944522 7100
1786507109901 2.579968144185841 7101
1786507112484 2.580449221190065 7102
1786507115066 2.580811684951186 7103
1786507117650 2.5821219021454453 7104
1786507120233 2.580480362754315 7105
1786507122813 2.5784879722632468 7106
1786507125393 2.578674737829715 7107
1786507127975 2.579848411027342 7108
1786507130558 2.5808472060598433 7109
1786507133138 2.5789659777656198 7110
1786507135725 2.5843609306029975 7111
1786507138306 2.5794274448417127 7112
1786507140888 2.580296677071601 7113
1786507143471 2.5812258389778435 7114
1786507146053 2.580548365134746 7115
1786507148635 2.5797738968394697 7116
1786507151216 2.5792227583006024 7117
1786507153799 2.5806655292399228 7118
1786507156382 2.58132967306301 7119
1786507158965 2.5818550218828022 7120
1786507161548 2.5805479651317 7121
1786507164132 2.5825126855634153 7122
1786507166716 2.581600333098322 7123
1786507169297 2.579751316923648 7124
1786507171879 2.580492053180933 7125
1786507174462 2.580513034015894 7126
1786507177045 2.5814292961731553 7127
1786507179628 2.581507639028132 7128
1786507182211 2.5805874573998153 7129
1786507184794 2.5810513640753925 7130
1786507187377 2.581226458773017 7131
1786507189960 2.581676485016942 7132
1786507192547 2.5847530253231525 7133
1786507195130 2.5812729923054576 7134
1786507197713 2.5816286229528487 7135
1786507200296 2.580872687045485 7136
1786507202881 2.5833931057713926 7137
1786507205474 2.5910814609378576 7138
1786507208057 2.580769603140652 7139
1786507210639 2.580260535236448 7140
1786507213223 2.5823011975735426 7141
1786507215806 2.581101054791361 7142
1786507218389 2.580522295087576 7143
1786507220971 2.580596927087754 7144
1786507223553 2.580594056751579 7145
1786507226135 2.5800109459087253 7146
1786507228718 2.5811506868340075 7147
1786507231302 2.581381635274738 7148
1786507233884 2.580968779977411 7149
1786507236467 2.5803915802389383 7150
1786507239049 2.5802423036657274 7151
1786507241631 2.5802449849434197 7152
1786507244213 2.5806238879449666 7153
1786507246795 2.5802162042818964 7154
1786507249378 2.5809500999748707 7155
1786507251961 2.581178817898035 7156
1786507254545 2.5821149512194097 7157
1786507257132 2.5850536660291255 7158
1786507259714 2.580103360116482 7159
1786507262299 2.5833262051455677 7160
1786507264881 2.5799260241910815 7161
1786507267462 2.5796542740426958 7162
1786507270045 2.5804732628166676 7163
1786507272627 2.580572545994073 7164
1786507275208 2.579102943185717 7165
1786507277789 2.579213066957891 7166
1786507280370 2.5789466686546803 7167
1786507282952 2.5801164801232517 7168
1786507285534 2.580647627823055 7169
1786507288115 2.579275529831648 7170
1786507290696 2.579141305293888 7171
1786507293278 2.5798845617100596 7172
1786507295860 2.5805228338576853 7173
1786507298441 2.5790378716774285 7174
1786507301022 2.579245198983699 7175
1786507303604 2.5798257291316986 7176
1786507306186 2.580286875832826 7177
1786507308767 2.57926756888628 7178
1786507311349 2.579946632962674 7179
1786507313930 2.5791715271770954 7180
1786507316509 2.5772578879259527 7181
1786507319088 2.577233336865902 7182
1786507321667 2.577443794813007 7183
1786507324247 2.577937562018633 7184
1786507326828 2.579613931942731 7185
1786507329410 2.5802953164093196 7186
1786507331991 2.5790613619610667 7187
1786507334573 2.580169641878456 7188
1786507337155 2.579625981859863 7189
1786507339736 2.57949919719249 7190
1786507342318 2.5805337238125503 7191
1786507344901 2.580638867802918 7192
1786507347482 2.579188867006451 7193
1786507350063 2.579159905202687 7194
1786507352644 2.5793269611895084 7195
1786507355225 2.579000760335475 7196
1786507357806 2.5791259449906647 7197
1786507360388 2.5801697820425034 7198
1786507362969 2.579648152925074 7199
1786507365552 2.5810874439775944 7200
1786507368133 2.578949098009616 7201
1786507370715 2.580493363086134 7202
1786507373299 2.581604212988168 7203
1786507375882 2.58155459119007 7204
1786507378463 2.5795371890999377 7205
1786507381046 2.5811549657955766 7206
1786507383628 2.5800623376853764 7207
1786507386210 2.580209764186293 7208
1786507388793 2.580819794908166 7209
1786507391374 2.5795894912444055 7210
1786507393957 2.581133096013218 7211
1786507396540 2.5811282261274755 7212
1786507399122 2.5796177722513676 7213
1786507401704 2.5803531580604613 7214
1786507404286 2.5798368002288043 7215
1786507406869 2.5812566997483373 7216
1786507409451 2.5802679546177387 7217
1786507412031 2.5781629607081413 7218
1786507414612 2.579083693213761 7219
1786507417193 2.5795387597754598 7220
1786507419774 2.5793734728358686 7221
1786507422355 2.5792124080471694 7222
1786507424936 2.578417948912829 7223
1786507427513 2.5751973437145352 7224
1786507430089 2.57410856615752 7225
1786507432664 2.5739546702243388 7226
1786507435240 2.5734285106882453 7227
1786507437817 2.5750171481631696 7228
1786507440394 2.5753653310239315 7229
1786507442971 2.575106701813638 7230
1786507445546 2.573932128958404 7231
1786507448123 2.574487229809165 7232
1786507450700 2.575636350084096 7233
1786507453277 2.575125842820853 7234
1786507455854 2.5750112482346594 7235
1786507458432 2.576221630908549 7236
1786507461009 2.5749323153868318 7237
1786507463586 2.5747888698242605 7238
1786507466162 2.574729016982019 7239
1786507468738 2.5740408529527485 7240
1786507471316 2.576563733164221 7241
1786507473893 2.57475756900385 7242
1786507476471 2.5757621149532497 7243
1786507479048 2.575621479190886 7244
1786507481626 2.5759800830855966 7245
1786507484203 2.5750611289404333 7246
1786507486782 2.5775571991689503 7247
1786507489365 2.5803640079684556 7248
1786507491951 2.5846802731975913 7249
1786507494533 2.579830109141767 7250
1786507497114 2.5791684058494866 7251
1786507499694 2.5789033169858158 7252
1786507502276 2.5797517569735646 7253
1786507504858 2.5803858200088143 7254
1786507507440 2.5798460310325027 7255
1786507510022 2.5807471428997815 7256
1786507512605 2.5808212351985276 7257
1786507515186 2.5786602082662284 7258
1786507517766 2.5786367771215737 7259
1786507520347 2.578770881984383 7260
1786507522928 2.5798409297131 7261
1786507525510 2.580220002681017 7262
1786507528092 2.579724196344614 7263
1786507530673 2.5791079541668296 7264
1786507533255 2.580091578885913 7265
1786507535836 2.5799697851762176 7266
1786507538418 2.5794767970219254 7267
1786507540999 2.5796607327647507 7268
1786507543580 2.5791820674203336 7269
1786507546163 2.581457317341119 7270
1786507548745 2.5801513511687517 7271
1786507551329 2.581703197211027 7272
1786507553911 2.579687084071338 7273
1786507556494 2.5814558868296444 7274
1786507559074 2.5788571550510824 7275
1786507561659 2.5824086307547987 7276
1786507564240 2.5793718229979277 7277
1786507566821 2.5796480029821396 7278
1786507569404 2.5803043162450194 7279
1786507571984 2.5789281968027353 7280
1786507574566 2.580200983211398 7281
1786507577149 2.58043260127306 7282
1786507579730 2.5796511829830706 7283
1786507582313 2.58083452610299 7284
1786507584894 2.5795199288986623 7285
1786507587476 2.5801219302229583 7286
1786507590057 2.5792010268196464 7287
1786507592638 2.579057391732931 7288
1786507595220 2.580073657911271 7289
1786507597802 2.5800983887165785 7290
1786507600384 2.580542624928057 7291
1786507602966 2.5802878458052874 7292
1786507605549 2.5807562922127545 7293
1786507608130 2.5795975918881595 7294
1786507610712 2.579818348865956 7295
1786507613297 2.5832586721517146 7296
1786507615883 2.5846162103116512 7297
1786507618469 2.5840981020592153 7298
1786507621052 2.5807042899541557 7299
1786507623636 2.5821351618506014 7300
1786507626218 2.580550965387374 7301
1786507628800 2.579885571729392 7302
1786507631382 2.5801011589355767 7303
1786507633964 2.5800220570527017 7304
1786507636546 2.579799307975918 7305
1786507639127 2.5792915099300444 7306
1786507641708 2.5794885070063174 7307
1786507644289 2.5787950423546135 7308
1786507646870 2.5796067216433585 7309
1786507649452 2.5803065560758114 7310
1786507652034 2.5800093659199774 7311
1786507654617 2.581378285307437 7312
1786507657200 2.5811550468206406 7313
1786507659783 2.58066568011418 7314
1786507662366 2.5809624698013067 7315
1786507664948 2.5802431339398026 7316
1786507667530 2.5804609218612313 7317
1786507670112 2.5801553609780967 7318
1786507672695 2.5813548541627824 7319
1786507675280 2.583464249037206 7320
1786507677869 2.586456945631653 7321
1786507680451 2.5801627817563713 7322
1786507683032 2.579591181129217 7323
1786507685615 2.5812155888415873 7324
1786507688199 2.582260677125305 7325
1786507690776 2.5751353218220174 7326
1786507693353 2.5753116686828434 7327
1786507695929 2.573295646812767 7328
1786507698505 2.5744751789607108 7329
1786507701080 2.5731295701116323 7330
1786507703656 2.5746553749777377 7331
1786507706233 2.5747617790475488 7332
1786507708809 2.574508890043944 7333
1786507711386 2.5746668251231313 7334
1786507713962 2.5747063271701336 7335
1786507716539 2.5747691285796463 7336
1786507719116 2.5749806971289217 7337
1786507721694 2.5761058763600886 7338
1786507724270 2.5748523427173495 7339
1786507726847 2.5747277778573334 7340
1786507729425 2.5760573050938547 7341
1786507732007 2.579678155016154 7342
1786507734588 2.5795740098692477 7343
1786507737169 2.579027500934899 7344
1786507739750 2.5798739320598543 7345
1786507742331 2.57836876809597 7346
1786507744911 2.5788225941359997 7347
1786507747492 2.5785477440804243 7348
1786507750074 2.5809722407720983 7349
1786507752655 2.578840575180948 7350
1786507755237 2.5804777527228 7351
1786507757818 2.5785038331523538 7352
1786507760399 2.5791128943674266 7353
1786507762979 2.578256124164909 7354
1786507765558 2.5778023479506373 7355
1786507768140 2.580096638761461 7356
1786507770727 2.5844502546824515 7357
1786507773312 2.5832967930473387 7358
1786507775898 2.584724954329431 7359
1786507778485 2.5853134649805725 7360
1786507781068 2.580243573989719 7361
1786507783650 2.5809715199284256 7362
1786507786234 2.5816589850001037 7363
1786507788815 2.5790931126102805 7364
1786507791396 2.579905991908163 7365
1786507793979 2.5802585552446544 7366
1786507796561 2.5802668249234557 7367
1786507799143 2.5800590282306075 7368
1786507801725 2.5802641646005213 7369
1786507804306 2.579764307010919 7370
1786507806888 2.5803362182341516 7371
1786507809471 2.580175841692835 7372
1786507812052 2.5801610806956887 7373
1786507814634 2.5800224863924086 7374
1786507817217 2.58027177490294 7375
1786507819800 2.5815987228415906 7376
1786507822383 2.5806347890757024 7377
1786507824965 2.5807810639962554 7378
1786507827547 2.5802591051906347 7379
1786507830129 2.5801768619567156 7380
1786507832712 2.5808273451402783 7381
1786507835295 2.580899527762085 7382
1786507837876 2.5797577369958162 7383
1786507840458 2.5803673290647566 7384
1786507843041 2.5803569480776787 7385
1786507845623 2.580719782039523 7386
1786507848206 2.580934328958392 7387
1786507850790 2.58163887495175 7388
1786507853375 2.5834921300411224 7389
1786507855958 2.581452497281134 7390
1786507858539 2.579547659959644 7391
1786507861125 2.5832342910580337 7392
1786507863710 2.583462509326637 7393
1786507866292 2.580432239919901 7394
1786507868877 2.582702031824738 7395
1786507871458 2.5797911481931806 7396
1786507874042 2.581916274037212 7397
1786507876631 2.5864880168810487 7398
1786507879212 2.5794969578273594 7399
1786507881793 2.579251738730818 7400
1786507884377 2.5817326181568205 7401
1786507886957 2.5789129370823503 7402
1786507889538 2.578937627375126 7403
1786507892119 2.5788612850010395 7404
1786507894700 2.579212488140911 7405
1786507897281 2.579092443920672 7406
1786507899863 2.5799052719958127 7407
1786507902444 2.5794073548167944 7408
1786507905025 2.57906900299713 7409
1786507907606 2.579257308971137 7410
1786507910187 2.579107923898846 7411
1786507912769 2.579868011176586 7412
1786507915350 2.579619051888585 7413
1786507917933 2.5815414302051067 7414
1786507920515 2.579807498957962 7415
1786507923101 2.584166344255209 7416
1786507925688 2.585407747887075 7417
1786507928276 2.58568753907457 7418
1786507930855 2.5769929587841034 7419
1786507933434 2.5776110501028597 7420
1786507936017 2.5809194492176175 7421
1786507938599 2.580396970268339 7422
1786507941181 2.580514623783529 7423
1786507943763 2.5802096342667937 7424
1786507946341 2.575514506082982 7425
1786507948917 2.574548641219735 7426
1786507951495 2.5754948249086738 7427
1786507954072 2.5748152611777186 7428
1786507956648 2.575038328766823 7429
1786507959225 2.5745966830290854 7430
1786507961802 2.5748155107721686 7431
1786507964378 2.574380975216627 7432
1786507966962 2.5824938947334886 7433
1786507969544 2.579884752165526 7434
1786507972128 2.582048298791051 7435
1786507974715 2.585307904984802 7436
1786507977301 2.584124763030559 7437
1786507979881 2.5780284563079476 7438
1786507982462 2.5792200970463455 7439
1786507985043 2.5786727289669216 7440
1786507987623 2.5786440670490265 7441
1786507990204 2.579271930269897 7442
1786507992786 2.5801511108875275 7443
1786507995371 2.582852927967906 7444
1786507997954 2.580921738874167 7445
1786508000533 2.5775835290551186 7446
1786508003109 2.5745243108831346 7447
1786508005685 2.5742778819985688 7448
1786508008263 2.5753833912312984 7449
1786508010840 2.57566114095971 7450
1786508013417 2.575371590908617 7451
1786508015996 2.5762820141389966 7452
1786508018573 2.5754034221172333 7453
1786508021151 2.5764118279330432 7454
1786508023727 2.5744486483745277 7455
1786508026303 2.574395305942744 7456
1786508028880 2.5745065598748624 7457
1786508031457 2.5755030158907175 7458
1786508034038 2.5787925929762423 7459
1786508036622 2.5822223448194563 7460
1786508039204 2.580530504696071 7461
1786508041785 2.5791618558578193 7462
1786508044364 2.576525521930307 7463
1786508046945 2.5793237616308033 7464
1786508049527 2.580181651748717 7465
1786508052105 2.57655684184283 7466
1786508054686 2.5793355819769204 7467
1786508057265 2.5766688473522663 7468
1786508059847 2.580107058864087 7469
1786508062431 2.582294076681137 7470
1786508065015 2.581629553809762 7471
1786508067596 2.5788968661800027 7472
1786508070174 2.5762470117770135 7473
1786508072754 2.5782429329119623 7474
1786508075335 2.5796018219552934 7475
1786508077917 2.580354668200016 7476
1786508080499 2.579780768137425 7477
1786508083082 2.5814527170732617 7478
1786508085667 2.582902579102665 7479
1786508088252 2.5829320801422 7480
1786508090837 2.583338005002588 7481
1786508093423 2.584278748370707 7482
1786508096008 2.5830235239118338 7483
1786508098590 2.580125267151743 7484
1786508101168 2.5753738498315215 7485
1786508103754 2.5848686578683555 7486
1786508106349 2.592500500846654 7487
1786508108931 2.5798967811279 7488
1786508111511 2.578593194950372 7489
1786508114094 2.5808943170122802 7490
1786508116674 2.578699028119445 7491
1786508119255 2.5794967068359256 7492
1786508121837 2.579346551094204 7493
1786508124419 2.5804702709428966 7494
1786508127000 2.5793866217136383 7495
1786508129581 2.579548547975719 7496
1786508132163 2.579715763684362 7497
1786508134743 2.578770700842142 7498
1786508137325 2.5799270211718976 7499
1786508141301 2.5796096408739686 7500
1786508143882 2.5790193900465965 7501
1786508146463 2.5794611051678658 7502
1786508149040 2.5746165020391345 7503
1786508151615 2.573920147959143 7504
1786508154197 2.5793447312898934 7505
1786508156778 2.579717414919287 7506
1786508159359 2.5791306640021503 7507
1786508161940 2.578585513867438 7508
1786508164520 2.578457908704877 7509
1786508167101 2.579167414922267 7510
1786508169682 2.5792305571958423 7511
1786508172263 2.5795017471536994 7512
1786508174845 2.5797269446775317 7513
1786508177425 2.57861167518422 7514
1786508180007 2.5798653890378773 7515
1786508182588 2.5794529248960316 7516
1786508185170 2.579737965017557 7517
1786508187750 2.5787440896965563 7518
1786508190330 2.5784093979746103 7519
1786508192910 2.5780568956397474 7520
1786508195494 2.5816487236879766 7521
1786508198074 2.578787181992084 7522
1786508200654 2.577986503019929 7523
1786508203235 2.5792043558321893 7524
1786508205815 2.5783217949792743 7525
1786508208396 2.5786026348359883 7526
1786508210977 2.579164325259626 7527
1786508213560 2.5819796952418983 7528
1786508216141 2.578965848311782 7529
1786508218722 2.578966987784952 7530
1786508221301 2.5773330591619015 7531
1786508223881 2.57775044394657 7532
1786508226461 2.5789502658881247 7533
1786508229042 2.5788253131322563 7534
1786508231622 2.5781251080334187 7535
1786508234203 2.5789622766897082 7536
1786508236783 2.578163198661059 7537
1786508239363 2.5783211551606655 7538
1786508241942 2.5773360091261566 7539
1786508244523 2.579359531868249 7540
1786508247104 2.5787325291894376 7541
1786508249684 2.5784395677037537 7542
1786508252263 2.5773518099449575 7543
1786508254843 2.5780798560008407 7544
1786508257424 2.5787760210223496 7545
1786508260003 2.5777952559292316 7546
1786508262583 2.577397401910275 7547
1786508265158 2.5733094750903547 7548
1786508267733 2.573683359194547 7549
1786508270309 2.573879255913198 7550
1786508272884 2.573409848846495 7551
1786508275459 2.5725459586828947 7552
1786508278034 2.573520513251424 7553
1786508280610 2.5737376208417118 7554
1786508283185 2.573191330768168 7555
1786508285759 2.572698933072388 7556
1786508288334 2.5730004543438554 7557
1786508290909 2.5732725840061903 7558
1786508293484 2.5730142248794436 7559
1786508296059 2.573247184045613 7560
1786508298638 2.5777696552686393 7561
1786508301217 2.577259555924684 7562
1786508303796 2.5771087710745633 7563
1786508306376 2.5777802760712802 7564
1786508308955 2.5775039456784725 7565
1786508311539 2.5822547152638435 7566
1786508314118 2.5766818560659885 7567
1786508316696 2.576896924059838 7568
1786508319275 2.5770498290657997 7569
1786508321857 2.5801288885995746 7570
1786508324437 2.5782564021646976 7571
1786508327018 2.578866763971746 7572
1786508329599 2.579320610035211 7573
1786508332181 2.5798980710096657 7574
1786508334762 2.57907123118639 7575
1786508337343 2.5792058161459863 7576
1786508339925 2.5801001880317926 7577
1786508342507 2.5807486013509333 7578
1786508345095 2.5857207882218063 7579
1786508347676 2.5793252009898424 7580
1786508350256 2.578422447666526 7581
1786508352837 2.5786643060855567 7582
1786508355417 2.5781742087565362 7583
1786508357997 2.5784466289915144 7584
1786508360577 2.578415838070214 7585
1786508363157 2.5777016021311283 7586
1786508365739 2.580467000603676 7587
1786508368323 2.5817539170384407 7588
1786508370902 2.5776772419922054 7589
1786508373485 2.580626196693629 7590
1786508376072 2.5851355479098856 7591
1786508378660 2.5866340710781515 7592
1786508381266 2.6034567318856716 7593
1786508383853 2.585218890104443 7594
1786508386438 2.583830111194402 7595
1786508389025 2.5849878322333097 7596
1786508391610 2.582757292781025 7597
1786508394197 2.5855939742177725 7598
1786508396781 2.5823760493658483 7599
1786508399366 2.583149866666645 7600
1786508401952 2.584287046920508 7601
1786508404536 2.5814840281382203 7602
1786508407124 2.586206405889243 7603
1786508409710 2.583771978970617 7604
1786508412298 2.5863866517320275 7605
1786508414892 2.592021433170885 7606
1786508417477 2.5831822478212416 7607
1786508420066 2.587370266672224 7608
1786508422650 2.5822053533047438 7609
1786508425238 2.5861505940556526 7610
1786508427821 2.581238678190857 7611
1786508430402 2.579099192749709 7612
1786508432982 2.5785251120105386 7613
1786508435562 2.577963462099433 7614
1786508438138 2.5736399576999247 7615
1786508440713 2.5738954967819154 7616
1786508443289 2.573938747867942 7617
1786508445868 2.577042309101671 7618
1786508448443 2.572922351770103 7619
1786508451019 2.5739626986905932 7620
1786508453594 2.5738212331198156 7621
1786508456171 2.5752110141329467 7622
1786508458747 2.5735553740523756 7623
1786508461322 2.5739999199286103 7624
1786508463898 2.5737036699429154 7625
1786508466475 2.574992374982685 7626
1786508469050 2.573622766882181 7627
1786508471626 2.573762530926615 7628
1786508474201 2.573901587165892 7629
1786508476779 2.575926149263978 7630
1786508479355 2.5739800496958196 7631
1786508481930 2.573638088069856 7632
1786508484507 2.574435985647142 7633
1786508487088 2.5798386591486633 7634
1786508489668 2.578204980120063 7635
1786508492248 2.5778122772462666 7636
1786508494826 2.5761338961310685 7637
1786508497405 2.5777002316899598 7638
1786508499988 2.5806036749854684 7639
1786508502578 2.5881794560700655 7640
1786508505172 2.5919370311312377 7641
1786508507763 2.5900333230383694 7642
1786508510357 2.591088819783181 7643
1786508512945 2.5859369058161974 7644
1786508515532 2.5856604259461164 7645
1786508518122 2.5880991243757308 7646
1786508520711 2.587043915875256 7647
1786508523295 2.5820660078898072 7648
1786508525883 2.5861089820973575 7649
1786508528470 2.5857171285897493 7650
1786508531058 2.585677278228104 7651
1786508533637 2.5776458200998604 7652
1786508536226 2.5871476801112294 7653
1786508538820 2.592240191064775 7654
1786508541410 2.5880084200762212 7655
1786508543999 2.5870089647360146 7656
1786508546586 2.5844824137166142 7657
1786508549171 2.5830850349739194 7658
1786508551759 2.586098582018167 7659
1786508554350 2.5893924087285995 7660
1786508556937 2.5849217902868986 7661
1786508559525 2.5863612019456923 7662
1786508562104 2.577398120891303 7663
1786508564683 2.57693751482293 7664
1786508567261 2.575827434659004 7665
1786508569838 2.575834666378796 7666
1786508572415 2.5754579631611705 7667
1786508574993 2.575707190670073 7668
1786508577571 2.575803594663739 7669
1786508580148 2.575366148725152 7670
1786508582724 2.574646863155067 7671
1786508585302 2.5760183222591877 7672
1786508587883 2.5786068439483643 7673
1786508590463 2.5790463308803737 7674
1786508593043 2.578273693099618 7675
1786508595624 2.5783928469754755 7676
1786508598204 2.578326764050871 7677
1786508600783 2.5774551830254495 7678
1786508603362 2.5775804477743804 7679
1786508605941 2.5768096609972417 7680
1786508608524 2.5812474489212036 7681
1786508611105 2.579132843762636 7682
1786508613686 2.5792754483409226 7683
1786508616267 2.578792391810566 7684
1786508618849 2.579932721797377 7685
1786508621428 2.5778076271526515 7686
1786508624007 2.577356670051813 7687
1786508626587 2.5782849928364158 7688
1786508629167 2.5783041534014046 7689
1786508631750 2.580778921954334 7690
1786508634332 2.580503722652793 7691
1786508636915 2.58047930104658 7692
1786508639495 2.578836003318429 7693
1786508642079 2.581934852991253 7694
1786508644661 2.5798301082104445 7695
1786508647240 2.577456023078412 7696
1786508649819 2.5774905551224947 7697
1786508652403 2.581610911991447 7698
1786508654982 2.5776846017688513 7699
1786508657561 2.5772606870159507 7700
1786508660140 2.5772915980778635 7701
1786508662720 2.5776428407989442 7702
1786508665299 2.5773135288618505 7703
1786508667878 2.5774370529688895 7704
1786508670458 2.5778485969640315 7705
1786508673039 2.579980014357716 7706
1786508675619 2.577602619305253 7707
1786508678198 2.5771772828884423 7708
1786508680777 2.577919790055603 7709
1786508683357 2.5776886017993093 7710
1786508685937 2.5784795698709786 7711
1786508688516 2.577635900117457 7712
1786508691104 2.585850692819804 7713
1786508693686 2.5799687430262566 7714
1786508696266 2.5784145682118833 7715
1786508698845 2.5775791676715016 7716
1786508701425 2.5776236900128424 7717
1786508704006 2.5790133788250387 7718
1786508706588 2.580381518229842 7719
1786508709168 2.577950811944902 7720
1786508711747 2.5777792651206255 7721
1786508714328 2.5785707840695977 7722
1786508716908 2.578769890591502 7723
1786508719488 2.577694521751255 7724
1786508722070 2.580182271078229 7725
1786508724652 2.580386429093778 7726
1786508727232 2.5784476888366044 7727
1786508729812 2.5778669877909124 7728
1786508732393 2.578923035878688 7729
1786508734974 2.5790641312487423 7730
1786508737554 2.5780521449632943 7731
1786508740135 2.5796598428860307 7732
1786508742716 2.578912126366049 7733
1786508745297 2.5795891601592302 7734
1786508747878 2.5792134357616305 7735
1786508750461 2.5813031108118594 7736
1786508753042 2.57863103505224 7737
1786508755623 2.5794870359823108 7738
1786508758204 2.578769070096314 7739
1786508760785 2.5789774982258677 7740
1786508763366 2.5795687888748944 7741
1786508765947 2.5790040493011475 7742
1786508768523 2.5743750338442624 7743
1786508771102 2.576686426065862 7744
1786508773681 2.578016014304012 7745
1786508776262 2.578268211800605 7746
1786508778842 2.578303853981197 7747
1786508781421 2.577851907815784 7748
1786508784002 2.5783852469176054 7749
1786508786582 2.578538683243096 7750
1786508789163 2.579118142835796 7751
1786508791746 2.5808234428986907 7752
1786508794326 2.578406367916614 7753
1786508796907 2.579278667923063 7754
1786508799488 2.5796179310418665 7755
1786508802070 2.579747396055609 7756
1786508804650 2.5785926138050854 7757
1786508807229 2.5765971429646015 7758
1786508809809 2.5783793670125306 7759
1786508812393 2.5817533070221543 7760
1786508814973 2.5781536689028144 7761
1786508817552 2.5775760379619896 7762
1786508820131 2.5769242853857577 7763
1786508822710 2.577366200275719 7764
1786508825288 2.5765842930413783 7765
1786508827868 2.577448092866689 7766
1786508830447 2.5772007550112903 7767
1786508833025 2.576980157289654 7768
1786508835604 2.577065119985491 7769
1786508838185 2.5785442828200758 7770
1786508840763 2.576555361971259 7771
1786508843342 2.5774873849004507 7772
1786508845921 2.577438202686608 7773
1786508848500 2.577056518755853 7774
1786508851081 2.578558432869613 7775
1786508853660 2.577922869939357 7776
1786508856240 2.5780442650429904 7777
1786508858819 2.5773723907768726 7778
1786508861399 2.577356549911201 7779
1786508863978 2.57728434773162 7780
1786508866557 2.5776124387048185 7781
1786508869137 2.5780978961847723 7782
1786508871717 2.5780658652074635 7783
1786508874296 2.577578167896718 7784
1786508876876 2.5773258889093995 7785
1786508879454 2.577047719154507 7786
1786508882033 2.577105161268264 7787
1786508884612 2.576585113070905 7788
1786508887191 2.577058678958565 7789
1786508889769 2.5766518050804734 7790
1786508892348 2.5767162078991532 7791
1786508894927 2.577456884086132 7792
1786508897505 2.5766606852412224 7793
1786508900084 2.576962905935943 7794
1786508902664 2.57769446214661 7795
1786508905243 2.5781116066500545 7796
1786508907823 2.5772611857391894 7797
1786508910402 2.5772402556613088 7798
1786508912981 2.577703853137791 7799
1786508915560 2.5773462699726224 7800
1786508918139 2.5767195583321154 7801
1786508920718 2.5775450468063354 7802
1786508923297 2.576680765952915 7803
1786508925875 2.5767677989788353 7804
1786508928454 2.5770605192519724 7805
1786508931034 2.5782043803483248 7806
1786508933613 2.577370190061629 7807
1786508936194 2.5785391316749156 7808
1786508938774 2.578871414065361 7809
1786508941353 2.577129192184657 7810
1786508943932 2.5773776210844517 7811
1786508946512 2.577770004980266 7812
1786508949094 2.580578584689647 7813
1786508951674 2.577618130017072 7814
1786508954253 2.576903753913939 7815
1786508956831 2.576833690982312 7816
1786508959410 2.57707505999133 7817
1786508961989 2.57704948913306 7818
1786508964568 2.5774880037643015 7819
1786508967147 2.5770353390835226 7820
1786508969728 2.5788889047689736 7821
1786508972308 2.578223630785942 7822
1786508974887 2.577179912943393 7823
1786508977467 2.57812504703179 7824
1786508980046 2.5771213909611106 7825
1786508982625 2.5775431669317186 7826
1786508985205 2.577937109861523 7827
1786508987784 2.5773536898195744 7828
1786508990364 2.5784994610585272 7829
1786508992944 2.5775979389436543 7830
1786508995524 2.57838497729972 7831
1786508998103 2.5771152121014893 7832
1786509000685 2.5803157263435423 7833
1786509003266 2.5792377069592476 7834
1786509005853 2.5854723900556564 7835
1786509008433 2.5774487433955073 7836
1786509011013 2.5785083123482764 7837
1786509013593 2.5785941341891885 7838
1786509016173 2.577737582847476 7839
1786509018753 2.5786415659822524 7840
1786509021333 2.5778488176874816 7841
1786509023913 2.578260832000524 7842
1786509026493 2.578257441986352 7843
1786509029073 2.577845868188888 7844
1786509031653 2.5783321550115943 7845
1786509034235 2.580153059680015 7846
1786509036816 2.5786568471230567 7847
1786509039396 2.5780225340276957 7848
1786509041976 2.579044660087675 7849
1786509044557 2.5788014312274754 7850
1786509047138 2.578726898878813 7851
1786509049719 2.5799989150837064 7852
1786509052303 2.581263159401715 7853
1786509054884 2.5794053128920496 7854
1786509057464 2.578684187028557 7855
1786509060045 2.5784127176739275 7856
1786509062625 2.579043370205909 7857
1786509065205 2.5780733060091734 7858
1786509067786 2.5791059429757297 7859
1786509070367 2.578416148200631 7860
1786509072947 2.579018239863217 7861
1786509075527 2.5779522508382797 7862
1786509078108 2.5785494628362358 7863
1786509080688 2.5783437751233578 7864
1786509083268 2.578728419262916 7865
1786509085848 2.578084866050631 7866
1786509088429 2.5789834992028773 7867
1786509091012 2.580807562917471 7868
1786509093592 2.5784212280996144 7869
1786509096172 2.578567073214799 7870
1786509098754 2.5800131647847593 7871
1786509101335 2.5789968981407583 7872
1786509103916 2.578782681375742 7873
1786509106496 2.5780674261040986 7874
1786509109076 2.578501691110432 7875
1786509111658 2.580442710313946 7876
1786509114240 2.5796616128645837 7877
1786509116822 2.5808841763064265 7878
1786509119405 2.5806983900256455 7879
1786509121986 2.5788486138917506 7880
1786509124565 2.577807526104152 7881
1786509127147 2.5799029213376343 7882
1786509129728 2.5793305202387273 7883
1786509132311 2.5810032496228814 7884
1786509134891 2.5786710968241096 7885
1786509137472 2.5782547132112086 7886
1786509140052 2.5785304619930685 7887
1786509142631 2.577851756941527 7888
1786509145211 2.5781097169965506 7889
1786509147792 2.5787994121201336 7890
1786509150372 2.5780221531167626 7891
1786509152954 2.580254744272679 7892
1786509155540 2.583882432896644 7893
1786509158120 2.5789661277085543 7894
1786509160703 2.5806539682671428 7895
1786509163283 2.5783434049226344 7896
1786509165866 2.5807675612159073 7897
1786509168446 2.578774210996926 7898
1786509171026 2.578022194094956 7899
1786509173607 2.5792170269414783 7900
1786509176189 2.579325459897518 7901
1786509178770 2.5793339712545276 7902
1786509181349 2.5779713918454945 7903
1786509183930 2.5784590588882565 7904
1786509186510 2.578156759031117 7905
1786509189090 2.5781192569993436 7906
1786509191670 2.578861744143069 7907
1786509194250 2.578097667079419 7908
1786509196831 2.579079451970756 7909
1786509199413 2.5797261651605368 7910
1786509201992 2.5780029729939997 7911
1786509204573 2.5787056577391922 7912
1786509207154 2.579055200330913 7913
1786509209733 2.5778248170390725 7914
1786509212313 2.578376666177064 7915
1786509214893 2.577734894119203 7916
1786509217473 2.5776803717017174 7917
1786509220052 2.578152759000659 7918
1786509222633 2.5785081810317934 7919
1786509225213 2.5781136667355895 7920
1786509227792 2.5779440910555422 7921
1786509230378 2.583635274320841 7922
1786509232972 2.5927088977769017 7923
1786509235556 2.5817516068927944 7924
1786509238138 2.580466820858419 7925
1786509240719 2.579104862641543 7926
1786509243300 2.5789361959323287 7927
1786509245885 2.5833976450376213 7928
1786509248466 2.579274388961494 7929
1786509251045 2.5773604097776115 7930
1786509253627 2.5801007780246437 7931
1786509256208 2.5785669730976224 7932
1786509258789 2.5793111003004014 7933
1786509261368 2.5776226688176394 7934
1786509263949 2.5783966472372413 7935
1786509266529 2.5781759996898472 7936
1786509269108 2.577874658163637 7937
1786509271689 2.5786354360170662 7938
1786509274269 2.5780757651664317 7939
1786509276849 2.578491961117834 7940
1786509279430 2.579167843796313 7941
1786509282010 2.577798455953598 7942
1786509284590 2.5779793625697494 7943
1786509287169 2.5775095550343394 7944
1786509289750 2.579472635872662 7945
1786509292333 2.581173355691135 7946
1786509294916 2.581460025627166 7947
1786509297497 2.578443119302392 7948
1786509300075 2.5761556872166693 7949
1786509302654 2.577362180221826 7950
1786509305246 2.5899084778502584 7951
1786509307835 2.587066726759076 7952
1786509310422 2.5852003199979663 7953
1786509313012 2.588060532230884 7954
1786509315604 2.5907095270231366 7955
1786509318196 2.5898228851146996 7956
1786509320793 2.594525832682848 7957
1786509323386 2.591660019941628 7958
1786509325983 2.594690448138863 7959
1786509328598 2.6132884728722274 7960
1786509331183 2.583337852731347 7961
1786509333775 2.5901798480190337 7962
1786509336366 2.5889213532209396 7963
1786509338961 2.592819482088089 7964
1786509341553 2.589825936127454 7965
1786509344139 2.584319388959557 7966
1786509346730 2.5892749461345375 7967
1786509349315 2.5833749547600746 7968
1786509351900 2.5832640011794865 7969
1786509354493 2.591653950046748 7970
1786509357083 2.5877491710707545 7971
1786509359679 2.5939943329431117 7972
1786509362271 2.590123536065221 7973
1786509364863 2.5898523163050413 7974
1786509367451 2.5867329738102853 7975
1786509370043 2.5898606972768903 7976
1786509372629 2.583873252850026 7977
1786509375227 2.5963370869867504 7978
1786509377811 2.582461932208389 7979
1786509380408 2.5952036273665726 7980
1786509382996 2.5853130938485265 7981
1786509385584 2.586335450876504 7982
1786509388169 2.583023393061012 7983
1786509390759 2.588786467909813 7984
1786509393342 2.5807342007756233 7985
1786509395929 2.585136987734586 7986
1786509398512 2.5808348949067295 7987
1786509401105 2.591119651682675 7988
1786509403687 2.580000873655081 7989
1786509406266 2.5779595905914903 7990
1786509408848 2.5799045311287045 7991
1786509411431 2.581174156162888 7992
1786509414012 2.578935675788671 7993
1786509416590 2.57657094206661 7994
1786509419165 2.5730669470503926 7995
1786509421741 2.5732905552722514 7996
1786509424315 2.5730298459529877 7997
1786509426893 2.575283236335963 7998
1786509429467 2.5727941980585456 7999
1786509434417 2.5738664460368454 8000
1786509436991 2.572435245383531 8001
1786509439567 2.5738499350845814 8002
1786509442148 2.5786838880740106 8003
1786509444731 2.581656952854246 8004
1786509447312 2.578839063178748 8005
1786509449893 2.5796882333233953 8006
1786509452475 2.579512496944517 8007
1786509455055 2.5786377559415996 8008
1786509457635 2.578418388031423 8009
1786509460218 2.5805060332641006 8010
1786509462799 2.579087991733104 8011
1786509465378 2.5780629850924015 8012
1786509467958 2.578144888859242 8013
1786509470541 2.580368097871542 8014
1786509473122 2.5795915499329567 8015
1786509475703 2.5790073690004647 8016
1786509478284 2.579510106705129 8017
1786509480865 2.578824262134731 8018
1786509483445 2.5786466361023486 8019
1786509486021 2.5744133251719177 8020
1786509488597 2.5742362989112735 8021
1786509491173 2.5739475982263684 8022
1786509493752 2.5767252780497074 8023
1786509496328 2.574130325112492 8024
1786509498904 2.574183326214552 8025
1786509501479 2.5738947661593556 8026
1786509504056 2.575020265765488 8027
1786509506632 2.5744099551811814 8028
1786509509209 2.574366853106767 8029
1786509511785 2.5741720269434154 8030
1786509514362 2.575237833894789 8031
1786509516938 2.57458577118814 8032
1786509519515 2.57486650114879 8033
1786509522091 2.574119793716818 8034
1786509524667 2.5745662511326373 8035
1786509527244 2.575593526940793 8036
1786509529821 2.5746059720404446 8037
1786509532397 2.574487928301096 8038
1786509534973 2.57446042727679 8039
1786509537549 2.5742390691302717 8040
1786509540126 2.5743573140352964 8041
1786509542701 2.5736188860610127 8042
1786509545278 2.5749818752519786 8043
1786509547854 2.5740040112286806 8044
1786509550433 2.5774746439419687 8045
1786509553015 2.580253034364432 8046
1786509555597 2.580367507878691 8047
1786509558179 2.580558244138956 8048
1786509560761 2.5799312121234834 8049
1786509563343 2.5800462560728192 8050
1786509565924 2.5795400380156934 8051
1786509568505 2.5792191768996418 8052
1786509571087 2.5800443957559764 8053
1786509573669 2.5801985510624945 8054
1786509576251 2.580238722730428 8055
1786509578832 2.57894850615412 8056
1786509581413 2.5792446569539607 8057
1786509583993 2.5787961212918162 8058
1786509586574 2.579370761755854 8059
1786509589155 2.5792582677677274 8060
1786509591737 2.580159360077232 8061
1786509594319 2.5796945239417255 8062
1786509596900 2.5792964599095285 8063
1786509599482 2.580434779636562 8064
1786509602064 2.5797513062134385 8065
1786509604646 2.580641097854823 8066
1786509607227 2.579379042610526 8067
1786509609809 2.580165709834546 8068
1786509612391 2.5796682429499924 8069
1786509614973 2.580771411769092 8070
1786509617554 2.579059770796448 8071
1786509620136 2.580003933981061 8072
1786509622718 2.580221632961184 8073
1786509625302 2.582390849944204 8074
1786509627883 2.57962819095701 8075
1786509630465 2.5796804931014776 8076
1786509633046 2.5794420652091503 8077
1786509635629 2.5811045840382576 8078
1786509638210 2.5793883027508855 8079
1786509640792 2.5799563731998205 8080
1786509643373 2.5792537783272564 8081
1786509645954 2.579167105257511 8082
1786509648535 2.579992725048214 8083
1786509651117 2.5799451232887805 8084
1786509653698 2.5793391512706876 8085
1786509656281 2.580745480954647 8086
1786509658862 2.5796624133363366 8087
1786509661444 2.5798033168539405 8088
1786509664025 2.5792234372347593 8089
1786509666607 2.580693979281932 8090
1786509669189 2.579824497923255 8091
1786509671770 2.5791639941744506 8092
1786509674351 2.580044205766171 8093
1786509676934 2.581235728226602 8094
1786509679524 2.5878409040160477 8095
1786509682105 2.579424023628235 8096
1786509684687 2.579886350315064 8097
1786509687270 2.5807534619234502 8098
1786509689852 2.5809547379612923 8099
1786509692434 2.5800193548202515 8100
1786509695015 2.579508967231959 8101
1786509697602 2.584438601974398 8102
1786509700183 2.579844598658383 8103
1786509702765 2.579781857319176 8104
1786509705346 2.579535787925124 8105
1786509707929 2.580531053710729 8106
1786509710510 2.5796032696962357 8107
1786509713092 2.579740475397557 8108
1786509715673 2.579820377752185 8109
1786509718255 2.5795948202721775 8110
1786509720837 2.580067596398294 8111
1786509723419 2.5808575353585184 8112
1786509726001 2.5800238559022546 8113
1786509728582 2.57931257924065 8114
1786509731164 2.5796428909525275 8115
1786509733744 2.578620275016874 8116
1786509736326 2.5799122522585094 8117
1786509738907 2.579238557256758 8118
1786509741488 2.5794343343004584 8119
1786509744069 2.5790447210893035 8120
1786509746652 2.5813587927259505 8121
1786509749232 2.5784527687355876 8122
1786509751812 2.5777565352618694 8123
1786509754393 2.5788405537605286 8124
1786509756974 2.579411462880671 8125
1786509759555 2.5790370302274823 8126
1786509762137 2.5801857011392713 8127
1786509764718 2.579441553913057 8128
1786509767299 2.578991438727826 8129
1786509769879 2.5789136551320553 8130
1786509772461 2.5795819191262126 8131
1786509775044 2.58154173893854 8132
1786509777625 2.5791116431355476 8133
1786509780207 2.5795928896404803 8134
1786509782787 2.578455839306116 8135
1786509785368 2.579351831227541 8136
1786509787949 2.579240456689149 8137
1786509790530 2.579000489320606 8138
1786509793110 2.578211850952357 8139
1786509795690 2.578050755430013 8140
1786509798270 2.5791016621515155 8141
1786509800852 2.579641472082585 8142
1786509803432 2.5789114348590374 8143
1786509806013 2.57883782312274 8144
1786509808594 2.579020929057151 8145
1786509811175 2.5793429906480014 8146
1786509813755 2.578479129821062 8147
1786509816335 2.5780131742358208 8148
1786509818917 2.5801315088756382 8149
1786509821500 2.5814674771390855 8150
1786509824083 2.5806330060586333 8151
1786509826664 2.579512506723404 8152
1786509829245 2.5791812548413873 8153
1786509831828 2.580986308865249 8154
1786509834411 2.5814820379018784 8155
1786509836991 2.578549401834607 8156
1786509839571 2.5782046103850007 8157
1786509842151 2.5782290818169713 8158
1786509844731 2.57783208694309 8159
1786509847312 2.578785581048578 8160
1786509849891 2.5777653050608933 8161
1786509852470 2.5773644796572626 8162
1786509855051 2.578734280075878 8163
1786509857630 2.57771574286744 8164
1786509860210 2.577678871806711 8165
1786509862791 2.579065430909395 8166
1786509865372 2.5794644551351666 8167
1786509867954 2.580389577895403 8168
1786509870535 2.579357441049069 8169
1786509873117 2.5805475041270256 8170
1786509875699 2.5795580679550767 8171
1786509878280 2.5793876429088414 8172
1786509880861 2.5788344428874552 8173
1786509883442 2.5793213597498834 8174
1786509886024 2.580032416153699 8175
1786509888605 2.5792675176635385 8176
1786509891187 2.5803295862860978 8177
1786509893769 2.5800655470229685 8178
1786509896350 2.579581320285797 8179
1786509898931 2.5794175630435348 8180
1786509901513 2.5799060012213886 8181
1786509904093 2.578333475161344 8182
1786509906684 2.589582486078143 8183
1786509909264 2.577903490047902 8184
1786509911844 2.578586934134364 8185
1786509914426 2.5793438707478344 8186
1786509917007 2.579540528357029 8187
1786509919589 2.580528042744845 8188
1786509922171 2.5800013840198517 8189
1786509924753 2.5798006169497967 8190
1786509927334 2.579677752684802 8191
1786509929916 2.5805386239662766 8192
1786509932498 2.579709444195032 8193
1786509935080 2.580405429005623 8194
1786509937662 2.580116649158299 8195
1786509940244 2.579856430180371 8196
1786509942824 2.579032590147108 8197
1786509945406 2.5799555517733097 8198
1786509947987 2.579429783858359 8199
1786509950568 2.579293238930404 8200
1786509953151 2.580749320797622 8201
1786509955733 2.58045721007511 8202
1786509958314 2.579364671371877 8203
1786509960896 2.580196001101285 8204
1786509963478 2.579376022797078 8205
1786509966059 2.579625200945884 8206
1786509968641 2.5797973168082535 8207
1786509971224 2.581642583012581 8208
1786509973805 2.57897493802011 8209
1786509976387 2.5809571780264378 8210
1786509978969 2.5799349220469594 8211
1786509981551 2.5796394711360335 8212
1786509984135 2.582019586581737 8213
1786509986716 2.5798593391664326 8214
1786509989298 2.5795298367738724 8215
1786509991879 2.579624140635133 8216
1786509994461 2.5801260489970446 8217
1786509997044 2.5813265121541917 8218
1786509999628 2.5816832948476076 8219
1786510002211 2.58100015996024 8220
1786510004793 2.5798314078710973 8221
1786510007376 2.5817121262662113 8222
1786510009959 2.580699000041932 8223
1786510012542 2.581646522972733 8224
1786510015126 2.581804028712213 8225
1786510017714 2.586866830009967 8226
1786510020296 2.579689563252032 8227
1786510022877 2.578800972085446 8228
1786510025461 2.5823648888617754 8229
1786510028043 2.580564495176077 8230
1786510030625 2.5792535478249192 8231
1786510033205 2.578535122796893 8232
1786510035785 2.5785906240344048 8233
1786510038365 2.577659300994128 8234
1786510040946 2.5792128359898925 8235
1786510043527 2.579734355211258 8236
1786510046109 2.580102347768843 8237
1786510048691 2.580160280223936 8238
1786510051273 2.5808614352717996 8239
1786510053855 2.580121237784624 8240
1786510056437 2.580213561654091 8241
1786510059019 2.579671853221953 8242
1786510061601 2.5798835097812116 8243
1786510064182 2.57975553534925 8244
1786510066763 2.5792116173543036 8245
1786510069347 2.5821767318993807 8246
1786510071930 2.581331112422049 8247
1786510074513 2.581371153704822 8248
1786510077098 2.5832579298876226 8249
1786510079682 2.5812374092638493 8250
1786510082264 2.579254407901317 8251
1786510084843 2.577924070879817 8252
1786510087429 2.5842056651599705 8253
1786510090013 2.5818808022886515 8254
1786510092593 2.5778391868807375 8255
1786510095174 2.5793816628865898 8256
1786510097756 2.5807752618566155 8257
1786510100336 2.578039604239166 8258
1786510102918 2.579911361914128 8259
1786510105497 2.5771998846903443 8260
1786510108077 2.577719212975353 8261
1786510110657 2.578431999310851 8262
1786510113237 2.5776586700230837 8263
1786510115818 2.5797304450534284 8264
1786510118398 2.578373126219958 8265
1786510120979 2.578809931874275 8266
1786510123560 2.57932567037642 8267
1786510126141 2.5791885247454047 8268
1786510128723 2.5797748868353665 8269
1786510131304 2.5792507166042924 8270
1786510133885 2.5795776089653373 8271
1786510136467 2.5797001738101244 8272
1786510139048 2.579040620010346 8273
1786510141629 2.5794826559722424 8274
1786510144209 2.578561993781477 8275
1786510146790 2.578854463994503 8276
1786510149372 2.5795870199799538 8277
1786510151953 2.5794523349031806 8278
1786510154534 2.5797450547106564 8279
1786510157115 2.579145124182105 8280
1786510159697 2.58009595843032 8281
1786510162278 2.5793227599933743 8282
1786510164860 2.5797625756822526 8283
1786510167441 2.5791173432953656 8284
1786510170024 2.581690904684365 8285
1786510172605 2.5786588471382856 8286
1786510175186 2.5792917599901557 8287
1786510177767 2.578810926992446 8288
1786510180348 2.5797333330847323 8289
1786510182930 2.579733262769878 8290
1786510185512 2.5797447529621422 8291
1786510188093 2.579170387238264 8292
1786510190674 2.5798472757451236 8293
1786510193255 2.5788404676131904 8294
1786510195836 2.578816207125783 8295
1786510198416 2.579130024649203 8296
1786510200998 2.5796427000313997 8297
1786510203579 2.579033193178475 8298
1786510206160 2.5792098180390894 8299
1786510208741 2.5791179947555065 8300
1786510211321 2.5785675696097314 8301
1786510213903 2.5799737903289497 8302
1786510216484 2.578912259079516 8303
1786510219064 2.5790221127681434 8304
1786510221646 2.58004675200209 8305
1786510224228 2.5793820028193295 8306
1786510226808 2.578570760320872 8307
1786510229389 2.5792135279625654 8308
1786510231970 2.57957980921492 8309
1786510234552 2.579481935594231 8310
1786510237134 2.580203017219901 8311
1786510239714 2.579070273786783 8312
1786510242296 2.579621230252087 8313
1786510244877 2.578955410979688 8314
1786510247459 2.5808047829195857 8315
1786510250040 2.578814797103405 8316
1786510252621 2.578976821154356 8317
1786510255201 2.5787851964123547 8318
1786510257782 2.5790434638038278 8319
1786510260363 2.5793322110548615 8320
1786510262943 2.5775958723388612 8321
1786510265522 2.5774520682170987 8322
1786510268101 2.577547300606966 8323
1786510270682 2.578705654013902 8324
1786510273272 2.588014899287373 8325
1786510275852 2.578508847858757 8326
1786510278433 2.578845317941159 8327
1786510281020 2.585361432749778 8328
1786510283609 2.587464273907244 8329
1786510286198 2.5868117352947593 8330
1786510288787 2.5870455410331488 8331
1786510291376 2.5872896290384233 8332
1786510293967 2.5890033170580864 8333
1786510296558 2.5890140081755817 8334
1786510299147 2.5875922082923353 8335
1786510301736 2.587221975903958 8336
1786510304328 2.5895679518580437 8337
1786510306916 2.586160246282816 8338
1786510309504 2.58600295195356 8339
1786510312096 2.590190011076629 8340
1786510314683 2.585297620855272 8341
1786510317272 2.5874178018420935 8342
1786510319864 2.5895647639408708 8343
1786510322451 2.585367104038596 8344
1786510325036 2.5834911200217903 8345
1786510327623 2.584665314294398 8346
1786510330211 2.5866237888112664 8347
1786510332799 2.5855880002491176 8348
1786510335386 2.5851354971528053 8349
1786510337975 2.586853316053748 8350
1786510340561 2.5843236637301743 8351
1786510343150 2.5873982906341553 8352
1786510345741 2.5889407549984753 8353
1786510348327 2.5845886622555554 8354
1786510350915 2.58555800979957 8355
1786510353503 2.5865986282005906 8356
1786510356097 2.592151466757059 8357
1786510358683 2.583409907761961 8358
1786510361269 2.584612592123449 8359
1786510363860 2.5887471800670028 8360
1786510366469 2.6071485239081085 8361
1786510369069 2.5981312980875373 8362
1786510371658 2.5868031647987664 8363
1786510374243 2.5833989256061614 8364
1786510376829 2.583935592789203 8365
1786510379415 2.5847978871315718 8366
1786510381999 2.5814403011463583 8367
1786510384577 2.5767167769372463 8368
1786510387158 2.578826097305864 8369
1786510389738 2.5781007963232696 8370
1786510392318 2.5783893852494657 8371
1786510394899 2.579411894083023 8372
1786510397482 2.5815093242563307 8373
1786510400062 2.577768807299435 8374
1786510402641 2.57722172094509 8375
1786510405223 2.580139524769038 8376
1786510407804 2.579293250106275 8377
1786510410386 2.579529056791216 8378
1786510412965 2.5777655066922307 8379
1786510415545 2.577566911932081 8380
1786510418125 2.5786406020633876 8381
1786510420706 2.5789529401808977 8382
1786510423287 2.579161096829921 8383
1786510425867 2.5781984189525247 8384
1786510428447 2.5780681152828038 8385
1786510431027 2.5784089351072907 8386
1786510433609 2.580095143057406 8387
1786510436190 2.578931350260973 8388
1786510438771 2.57894551102072 8389
1786510441351 2.5783997951075435 8390
1786510443932 2.5791435362771153 8391
1786510446513 2.578964600805193 8392
1786510449093 2.5785255287773907 8393
1786510451671 2.576442019082606 8394
1786510454251 2.5778685798868537 8395
1786510456835 2.5817681211046875 8396
1786510459415 2.5786326918751 8397
1786510461995 2.5782996020279825 8398
1786510464575 2.578304302878678 8399
1786510467157 2.579995779786259 8400
1786510469739 2.5793194007128477 8401
1786510472318 2.577192271128297 8402
1786510474898 2.578223609831184 8403
1786510477480 2.580185206141323 8404
1786510480059 2.57780785812065 8405
1786510482639 2.5779190519824624 8406
1786510485219 2.5780220041051507 8407
1786510487799 2.577934042084962 8408
1786510490381 2.580423523206264 8409
1786510492961 2.5779895028099418 8410
1786510495543 2.5801636651158333 8411
1786510498123 2.5785613199695945 8412
1786510500704 2.579168866854161 8413
1786510503284 2.5782750421203673 8414
1786510505866 2.579935958608985 8415
1786510508450 2.5816610381007195 8416
1786510511027 2.574976248200983 8417
1786510513603 2.5749146952293813 8418
1786510516181 2.5758325909264386 8419
1786510518757 2.5743042081594467 8420
1786510521335 2.575721367727965 8421
1786510523911 2.574146894272417 8422
1786510526494 2.581257137004286 8423
1786510529079 2.5829663360491395 8424
1786510531657 2.576956793665886 8425
1786510534236 2.5767961288802326 8426
1786510536818 2.5804519038647413 8427
1786510539403 2.5824729409068823 8428
1786510541986 2.5809356267564 8429
1786510544567 2.579126626253128 8430
1786510547147 2.5780361741781235 8431
1786510549727 2.578813756816089 8432
1786510552312 2.582810129970312 8433
1786510554892 2.5784967681393027 8434
1786510557470 2.575331537052989 8435
1786510560046 2.5748025327920914 8436
1786510562623 2.5750752100721 8437
1786510565200 2.574733320157975 8438
1786510567778 2.5766036538407207 8439
1786510570356 2.57635343587026 8440
1786510572937 2.5788588179275393 8441
1786510575522 2.5833066049963236 8442
1786510578109 2.585006373003125 8443
1786510580695 2.5835927627049387 8444
1786510583277 2.5799488201737404 8445
1786510585858 2.579806345049292 8446
1786510588441 2.5804213830269873 8447
1786510591022 2.5798424459062517 8448
1786510593608 2.583926602266729 8449
1786510596196 2.5858734878711402 8450
1786510598778 2.580453983042389 8451
1786510601359 2.578906239941716 8452
1786510603940 2.5788393979892135 8453
1786510606522 2.580750552006066 8454
1786510609105 2.5805840571410954 8455
1786510611686 2.5797444130294025 8456
1786510614271 2.583283463958651 8457
1786510616861 2.5872368570417166 8458
1786510619441 2.578775475267321 8459
1786510622021 2.5775018497370183 8460
1786510624600 2.5776083427481353 8461
1786510627181 2.5791342458687723 8462
1786510629761 2.578234610147774 8463
1786510632340 2.5774631979875267 8464
1786510634920 2.5779269421473145 8465
1786510637501 2.5793735929764807 8466
1786510640084 2.580558876041323 8467
1786510642664 2.579002932179719 8468
1786510645245 2.5790504342876375 8469
1786510647827 2.5791662367992103 8470
1786510650410 2.581756900064647 8471
1786510652993 2.5811660839244723 8472
1786510655573 2.5782285197637975 8473
1786510658153 2.5779643622227013 8474
1786510660733 2.5777878779917955 8475
1786510663312 2.5778449899517 8476
1786510665892 2.5776261128485203 8477
1786510668471 2.577760726213455 8478
1786510671052 2.5784132457338274 8479
1786510673633 2.5797653943300247 8480
1786510676213 2.5775001300498843 8481
1786510678792 2.5780217540450394 8482
1786510681372 2.577867729123682 8483
1786510683951 2.5774722080677748 8484
1786510686531 2.577873108908534 8485
1786510689110 2.577703135088086 8486
1786510691690 2.577930212020874 8487
1786510694270 2.5777869070880115 8488
1786510696849 2.5778836398385465 8489
1786510699429 2.5779306814074516 8490
1786510702006 2.574818863067776 8491
1786510704581 2.5739686479792 8492
1786510707156 2.5731830559670925 8493
1786510709732 2.5736551699228585 8494
1786510712310 2.57588615315035 8495
1786510714886 2.5742912776768208 8496
1786510717462 2.574632227420807 8497
1786510720039 2.574763200711459 8498
1786510722615 2.5747586409561336 8499
1786510726587 2.5735461967997253 8500
1786510729163 2.573902877047658 8501
1786510731740 2.5750358286313713 8502
1786510734318 2.5758436918258667 8503
1786510736895 2.575297746807337 8504
1786510739472 2.5752667146734893 8505
1786510742048 2.574717780109495 8506
1786510744624 2.574017270002514 8507
1786510747200 2.5736798709258437 8508
1786510749776 2.574042940977961 8509
1786510752352 2.5740530909970403 8510
1786510754927 2.5740338596515357 8511
1786510757503 2.573633349966258 8512
1786510760078 2.5734104816801846 8513
1786510762654 2.5738792261108756 8514
1786510765234 2.578783535864204 8515
1786510767816 2.5795321469195187 8516
1786510770398 2.5803149389103055 8517
1786510772979 2.579313460737467 8518
1786510775559 2.578414765186608 8519
1786510778140 2.578937520738691 8520
1786510780721 2.5790260629728436 8521
1786510783302 2.5790441436693072 8522
1786510785882 2.5783804953098297 8523
1786510788465 2.5805565360933542 8524
1786510791054 2.5870462907478213 8525
1786510793636 2.580151645001024 8526
1786510796217 2.5792868197895586 8527
1786510798797 2.578346323221922 8528
1786510801372 2.5733449310064316 8529
1786510803954 2.5804703538306057 8530
1786510806541 2.584750695619732 8531
1786510809117 2.5738263041712344 8532
1786510811698 2.5791806681081653 8533
1786510814281 2.581136962864548 8534
1786510816864 2.5813734801486135 8535
1786510819443 2.576159771066159 8536
1786510822018 2.57370218122378 8537
1786510824594 2.5734940450638533 8538
1786510827169 2.573391892015934 8539
1786510829743 2.5722726602107286 8540
1786510832317 2.572506826836616 8541
1786510834892 2.5732846301980317 8542
1786510837470 2.576091949362308 8543
1786510840045 2.5728787668049335 8544
1786510842620 2.572901777923107 8545
1786510845194 2.572087694890797 8546
1786510847768 2.572720753028989 8547
1786510850345 2.5746725290082395 8548
1786510852921 2.57491475623101 8549
1786510855499 2.5757517190650105 8550
1786510858075 2.5741843641735613 8551
1786510860651 2.574201785027981 8552
1786510863227 2.5738533549010754 8553
1786510865802 2.573802293743938 8554
1786510868378 2.574227545876056 8555
1786510870955 2.574755121022463 8556
1786510873531 2.573844905011356 8557
1786510876107 2.5741909346543252 8558
1786510878682 2.57371034193784 8559
1786510881258 2.5741296131163836 8560
1786510883834 2.5741269127465785 8561
1786510886411 2.575143131893128 8562
1786510888987 2.5743041979148984 8563
1786510891563 2.57381400372833 8564
1786510894139 2.574072092305869 8565
1786510896716 2.5755693637765944 8566
1786510899292 2.5740432599559426 8567
1786510901868 2.574499403126538 8568
1786510904443 2.5734479129314423 8569
1786510907019 2.573682121001184 8570
1786510909595 2.573970719240606 8571
1786510912170 2.573808804154396 8572
1786510914746 2.5743786110542715 8573
1786510917322 2.5740448809228837 8574
1786510919898 2.574241526890546 8575
1786510922474 2.5737199909053743 8576
1786510925050 2.5742516960017383 8577
1786510927626 2.573711850680411 8578
1786510930201 2.573791684117168 8579
1786510932777 2.5741211334243417 8580
1786510935356 2.5766830262728035 8581
1786510937932 2.574138664174825 8582
1786510940507 2.5738870967179537 8583
1786510943083 2.573956069070846 8584
1786510945659 2.5745380050502717 8585
1786510948236 2.5742823383770883 8586
1786510950811 2.5740551510825753 8587
1786510953388 2.574449112638831 8588
1786510955964 2.5749403457157314 8589
1786510958540 2.574200564995408 8590
1786510961116 2.574124453123659 8591
1786510963692 2.5742831570096314 8592
1786510966269 2.57480381289497 8593
1786510968846 2.574757430702448 8594
1786510971422 2.5742713771760464 8595
1786510973999 2.5750465993769467 8596
1786510976575 2.574905905406922 8597
1786510979151 2.5738035240210593 8598
1786510981727 2.5737983942963183 8599
1786510984302 2.5737348715774715 8600
1786510986879 2.5753001160919666 8601
1786510989455 2.573605678975582 8602
1786510992030 2.5736374692060053 8603
1786510994606 2.5742082060314715 8604
1786510997182 2.573689730837941 8605
1786510999760 2.576273494400084 8606
1786511002340 2.578500838018954 8607
1786511004920 2.5781322768889368 8608
1786511007500 2.578277960885316 8609
1786511010080 2.577877621166408 8610
1786511012660 2.5782467308454216 8611
1786511015240 2.5779255321249366 8612
1786511017819 2.578136447817087 8613
1786511020399 2.577478817664087 8614
1786511022978 2.577721955254674 8615
1786511025556 2.576457988936454 8616
1786511028135 2.5764956609345973 8617
1786511030713 2.5761872017756104 8618
1786511033294 2.5790995750576258 8619
1786511035874 2.578432075679302 8620
1786511038454 2.5786289810203016 8621
1786511041035 2.5789776807650924 8622
1786511043613 2.5765651129186153 8623
1786511046192 2.576544411946088 8624
1786511048770 2.576815139967948 8625
1786511051349 2.576730306725949 8626
1786511053927 2.5766285439021885 8627
1786511056506 2.576977024320513 8628
1786511059086 2.578097546007484 8629
1786511061665 2.577914070803672 8630
1786511064245 2.5776176089420915 8631
1786511066825 2.5783424330875278 8632
1786511069407 2.5800906950607896 8633
1786511071986 2.577863655053079 8634
1786511074566 2.5782962711527944 8635
1786511077147 2.5791202099062502 8636
1786511079730 2.581477405037731 8637
1786511082309 2.5768280578777194 8638
1786511084888 2.577011195011437 8639
1786511087467 2.5767913768067956 8640
1786511090049 2.580632053781301 8641
1786511092629 2.578175946138799 8642
1786511095209 2.578537488821894 8643
1786511097790 2.579101719893515 8644
1786511100372 2.5794959138147533 8645
1786511102951 2.5776887689717114 8646
1786511105530 2.577416048850864 8647
1786511108109 2.5768697601743042 8648
1786511110688 2.576859680004418 8649
1786511113267 2.5774766011163592 8650
1786511115846 2.577233163174242 8651
1786511118426 2.577642367221415 8652
1786511121008 2.580420756712556 8653
1786511123589 2.578893312253058 8654
1786511126168 2.5778680057264864 8655
1786511128748 2.5785257597453892 8656
1786511131330 2.5793065866455436 8657
1786511133909 2.5775504340417683 8658
1786511136489 2.5779699399136007 8659
1786511139069 2.578411975875497 8660
1786511141649 2.5781464749015868 8661
1786511144229 2.578424165956676 8662
1786511146808 2.577611225657165 8663
1786511149388 2.5783227724023163 8664
1786511151967 2.577409189194441 8665
1786511154547 2.577512421645224 8666
1786511157130 2.581039199605584 8667
1786511159709 2.5773466867394745 8668
1786511162290 2.578999596182257 8669
1786511164871 2.5795315760187805 8670
1786511167451 2.578048332128674 8671
1786511170029 2.5765966400504112 8672
1786511172611 2.580131507012993 8673
1786511175197 2.583563200198114 8674
1786511177778 2.5797347920015454 8675
1786511180358 2.5773147852160037 8676
1786511182932 2.572887446731329 8677
1786511185514 2.579539784695953 8678
1786511188094 2.578107384033501 8679
1786511190675 2.5796211189590394 8680
1786511193258 2.580764059908688 8681
1786511195840 2.580479399766773 8682
1786511198423 2.5811732937581837 8683
1786511201004 2.579045877791941 8684
1786511203584 2.5778606962412596 8685
1786511206163 2.5778418951667845 8686
1786511208743 2.577740530949086 8687
1786511211325 2.5805981140583754 8688
1786511213909 2.5814544539898634 8689
1786511216488 2.577465530950576 8690
1786511219065 2.575028453953564 8691
1786511221640 2.572613077238202 8692
1786511224214 2.572322926018387 8693
1786511226789 2.573059623129666 8694
1786511229365 2.5741434721276164 8695
1786511231940 2.573579281568527 8696
1786511234516 2.5742017538286746 8697
1786511237092 2.5739013929851353 8698
1786511239667 2.5737070366740227 8699
1786511242243 2.5742115350440145 8700
1786511244821 2.576012979261577 8701
1786511247396 2.573402734939009 8702
1786511249972 2.5736684049479663 8703
1786511252547 2.5732547300867736 8704
1786511255123 2.573880522046238 8705
1786511257699 2.5742134540341794 8706
1786511260274 2.573749457951635 8707
1786511262850 2.5738536124117672 8708
1786511265424 2.5728452163748443 8709
1786511267998 2.571844290010631 8710
1786511270573 2.5730412621051073 8711
1786511273149 2.574281427077949 8712
1786511275725 2.5739658353850245 8713
1786511278300 2.57330971211195 8714
1786511280876 2.5738626420497894 8715
1786511283451 2.5736931161955 8716
1786511286026 2.5735526205971837 8717
1786511288600 2.5720259360969067 8718
1786511291174 2.572344436775893 8719
1786511293748 2.5719542130827904 8720
1786511296325 2.575052233878523 8721
1786511298901 2.5737138357944787 8722
1786511301476 2.573802249971777 8723
1786511304052 2.574019697960466 8724
1786511306627 2.5732167894020677 8725
1786511309202 2.5735283996909857 8726
1786511311778 2.573705716058612 8727
1786511314354 2.573894653003663 8728
1786511316931 2.5751685090363026 8729
1786511319507 2.5739780757576227 8730
1786511322082 2.573699376080185 8731
1786511324658 2.5739346840418875 8732
1786511327235 2.575528271961957 8733
1786511329812 2.5744421328417957 8734
1786511332387 2.5740349679253995 8735
1786511334963 2.5741385221481323 8736
1786511337541 2.576116193085909 8737
1786511340117 2.5734934988431633 8738
1786511342692 2.5736600351519883 8739
1786511345268 2.573633274063468 8740
1786511347844 2.574674371164292 8741
1786511350419 2.573514349758625 8742
1786511352994 2.5731744077056646 8743
1786511355570 2.5740071469917893 8744
1786511358146 2.5738030089996755 8745
1786511360723 2.575174759142101 8746
1786511363299 2.573840201366693 8747
1786511365874 2.5735376398079097 8748
1786511368449 2.5728220837190747 8749
1786511371023 2.5721825221553445 8750
1786511373597 2.5721874618902802 8751
1786511376171 2.5729492590762675 8752
1786511378747 2.5738719729706645 8753
1786511381323 2.573866552207619 8754
1786511383898 2.5733221829868853 8755
1786511386474 2.573969846125692 8756
1786511389049 2.574046719353646 8757
1786511391625 2.5739553747698665 8758
1786511394201 2.5740153081715107 8759
1786511396776 2.573098415043205 8760
1786511399353 2.574818616732955 8761
1786511401928 2.573584012221545 8762
1786511404504 2.574061749037355 8763
1786511407080 2.574211654253304 8764
1786511409656 2.574187553022057 8765
1786511412232 2.5737933199852705 8766
1786511414807 2.574097719974816 8767
1786511417383 2.573749148286879 8768
1786511419959 2.5736807850189507 8769
1786511422534 2.573636293876916 8770
1786511425110 2.5738515509292483 8771
1786511427687 2.5755548919551075 8772
1786511430264 2.574861097149551 8773
1786511432839 2.5734999789856374 8774
1786511435415 2.5736908251419663 8775
1786511437991 2.5745183853432536 8776
1786511440568 2.575087876059115 8777
1786511443144 2.573856852017343 8778
1786511445719 2.5740775992162526 8779
1786511448294 2.572921857703477 8780
1786511450871 2.5752059100195765 8781
1786511453448 2.5744410916231573 8782
1786511456024 2.5748587870039046 8783
1786511458605 2.579105280339718 8784
1786511461185 2.5781913469545543 8785
1786511463762 2.5746925808489323 8786
1786511466340 2.5767086329869926 8787
1786511468918 2.5759730278514326 8788
1786511471493 2.5727295810356736 8789
1786511474070 2.574869857635349 8790
1786511476646 2.574892238713801 8791
1786511479221 2.572624556720257 8792
1786511481797 2.5746734612621367 8793
1786511484373 2.573353744111955 8794
1786511486947 2.5726063372567296 8795
1786511489523 2.57426455616951 8796
1786511492101 2.575936886947602 8797
1786511494677 2.5745848971419036 8798
1786511497256 2.5763056590221822 8799
1786511499833 2.575721448287368 8800
1786511502412 2.5769542423076928 8801
1786511504993 2.5787903890013695 8802
1786511507574 2.579161731991917 8803
1786511510155 2.5796715300530195 8804
1786511512736 2.579593206755817 8805
1786511515322 2.5837608468718827 8806
1786511517903 2.579141322057694 8807
1786511520484 2.5790432379581034 8808
1786511523065 2.578967303968966 8809
1786511525648 2.581149632576853 8810
1786511528228 2.578902782872319 8811
1786511530809 2.578897872939706 8812
1786511533389 2.577874155715108 8813
1786511535968 2.5773402573540807 8814
1786511538548 2.5778094637207687 8815
1786511541128 2.578196947928518 8816
1786511543710 2.5803363039158285 8817
1786511546289 2.577085076831281 8818
1786511548869 2.5784013136290014 8819
1786511551447 2.576552329119295 8820
1786511554024 2.574791034683585 8821
1786511556600 2.5748579278588295 8822
1786511559178 2.5760212098248303 8823
1786511561755 2.5746837207116187 8824
1786511564331 2.57450200477615 8825
1786511566907 2.5743019278161228 8826
1786511569483 2.574272897094488 8827
1786511572061 2.575979637913406 8828
1786511574643 2.580219819676131 8829
1786511577228 2.5832034568302333 8830
1786511579809 2.5790591980330646 8831
1786511582390 2.5785285490565 8832
1786511584971 2.57996883103624 8833
1786511587552 2.57871430600062 8834
1786511590134 2.580009491648525 8835
1786511592715 2.5796280093491077 8836
1786511595301 2.583978765178472 8837
1786511597881 2.578236339148134 8838
1786511600461 2.5787074649706483 8839
1786511603043 2.5803202730603516 8840
1786511605628 2.58224273333326 8841
1786511608212 2.5822363421320915 8842
1786511610792 2.578834439627826 8843
1786511613374 2.579415960703045 8844
1786511615954 2.5787361171096563 8845
1786511618534 2.578468346968293 8846
1786511621115 2.578661753796041 8847
1786511623695 2.5787679981440306 8848
1786511626278 2.5804851590655744 8849
1786511628858 2.5784658365882933 8850
1786511631439 2.5788694112561643 8851
1786511634022 2.5818375581875443 8852
1786511636609 2.5853281831368804 8853
1786511639191 2.579455872066319 8854
1786511641771 2.5784187549725175 8855
1786511644351 2.5786238433793187 8856
1786511646933 2.5794914541766047 8857
1786511649514 2.579517474863678 8858
1786511652095 2.5789382639341056 8859
1786511654675 2.5787034863606095 8860
1786511657257 2.5795100051909685 8861
1786511659836 2.577421208843589 8862
1786511662416 2.5779409175738692 8863
1786511664998 2.580290481913835 8864
1786511667579 2.579273736104369 8865
1786511670160 2.578899742104113 8866
1786511672741 2.5796336280182004 8867
1786511675322 2.579078019130975 8868
1786511677906 2.5824627499096096 8869
1786511680490 2.581611319910735 8870
1786511683070 2.5784769766032696 8871
1786511685655 2.582847774028778 8872
1786511688237 2.5803800961002707 8873
1786511690822 2.5832871296443045 8874
1786511693408 2.583830790128559 8875
1786511695994 2.5835482589900494 8876
1786511698575 2.5791104901582003 8877
1786511701156 2.5789591651409864 8878
1786511703736 2.5782987512648106 8879
1786511706327 2.589170030783862 8880
1786511708908 2.5791692519560456 8881
1786511711488 2.578034101985395 8882
1786511714068 2.578852961305529 8883
1786511716650 2.579520323779434 8884
1786511719231 2.5792162544094026 8885
1786511721821 2.588886159937829 8886
1786511724402 2.578963754232973 8887
1786511726984 2.5796987609937787 8888
1786511729565 2.579132091253996 8889
1786511732146 2.5796084981411695 8890
1786511734727 2.578826088923961 8891
1786511737307 2.578145904932171 8892
1786511739887 2.578473418019712 8893
1786511742470 2.581085271202028 8894
1786511745055 2.5833857939578593 8895
1786511747640 2.5830674818716943 8896
1786511750221 2.5787712880410254 8897
1786511752802 2.5785682909190655 8898
1786511755378 2.574274656828493 8899
1786511757953 2.5733938347548246 8900
1786511760527 2.572524663992226 8901
1786511763101 2.572149329818785 8902
1786511765676 2.5726740187965333 8903
1786511768254 2.5767342350445688 8904
1786511770836 2.5798576371744275 8905
1786511773418 2.5796746001578867 8906
1786511776001 2.581492445897311 8907
1786511778585 2.5817971262149513 8908
1786511781166 2.5795192243531346 8909
1786511783749 2.5808962751179934 8910
1786511786331 2.5797557244077325 8911
1786511788912 2.579417720902711 8912
1786511791493 2.579392450861633 8913
1786511794074 2.5789118530228734 8914
1786511796653 2.5776111157611012 8915
1786511799229 2.574138202238828 8916
1786511801809 2.578166285995394 8917
1786511804390 2.5785940308123827 8918
1786511806970 2.578594041056931 8919
1786511809551 2.5786824142560363 8920
1786511812132 2.579730531666428 8921
1786511814715 2.581347940955311 8922
1786511817299 2.581618780270219 8923
1786511819883 2.5820264141075313 8924
1786511822462 2.5775505038909614 8925
1786511825044 2.579893948044628 8926
1786511827624 2.5780372209846973 8927
1786511830204 2.578527718782425 8928
1786511832785 2.578954474069178 8929
1786511835366 2.5789809357374907 8930
1786511837946 2.5786355026066303 8931
1786511840526 2.5783241223543882 8932
1786511843106 2.5776153369806707 8933
1786511845686 2.578131414949894 8934
1786511848265 2.578025030903518 8935
1786511850849 2.5821801302954555 8936
1786511853436 2.58468978991732 8937
1786511856016 2.5786802447400987 8938
1786511858598 2.5801522177644074 8939
1786511861180 2.5795431351289153 8940
1786511863760 2.57868665503338 8941
1786511866340 2.577579285018146 8942
1786511868920 2.5782771999947727 8943
1786511871504 2.5821374086663127 8944
1786511874084 2.5785943809896708 8945
1786511876664 2.5784591659903526 8946
1786511879245 2.5788580011576414 8947
1786511881827 2.579903169069439 8948
1786511884409 2.5798652567900717 8949
1786511886990 2.5798914777114987 8950
1786511889571 2.579218754079193 8951
1786511892162 2.588333871215582 8952
1786511894748 2.584759492892772 8953
1786511897335 2.5846500392071903 8954
1786511899917 2.5801750677637756 8955
1786511902498 2.579480603802949 8956
1786511905078 2.578423014841974 8957
1786511907659 2.5792338149622083 8958
1786511910240 2.579075559042394 8959
1786511912822 2.5796620999462903 8960
1786511915401 2.5780232711695135 8961
1786511917983 2.579645779915154 8962
1786511920563 2.5786885246634483 8963
1786511923145 2.579970340244472 8964
1786511925726 2.5788876418955624 8965
1786511928307 2.5789307239465415 8966
1786511930887 2.5785451498813927 8967
1786511933469 2.579874528106302 8968
1786511936052 2.581180944107473 8969
1786511938633 2.579199722968042 8970
1786511941212 2.578059311956167 8971
1786511943792 2.5779171870090067 8972
1786511946373 2.57897434476763 8973
1786511948953 2.578056282363832 8974
1786511951533 2.578350923024118 8975
1786511954115 2.579912208020687 8976
1786511956695 2.5787233361043036 8977
1786511959275 2.5780810839496553 8978
1786511961855 2.5783187113702297 8979
1786511964436 2.579087309073657 8980
1786511967018 2.5804040669463575 8981
1786511969600 2.5802313899621367 8982
1786511972183 2.5802503409795463 8983
1786511974767 2.58212713804096 8984
1786511977347 2.578664453700185 8985
1786511979928 2.5795559557154775 8986
1786511982510 2.5797310629859567 8987
1786511985092 2.580224759876728 8988
1786511987673 2.5796540691517293 8989
1786511990255 2.5798035748302937 8990
1786511992835 2.578257468994707 8991
1786511995412 2.575153147801757 8992
1786511997993 2.579153341241181 8993
1786512000574 2.5784399560652673 8994
1786512003156 2.5805997238494456 8995
1786512005738 2.5805137110874057 8996
1786512008319 2.5790132363326848 8997
1786512010896 2.5743792899884284 8998
1786512013473 2.575683697126806 8999
1786512017443 2.5750937848351896 9000
1786512020019 2.5736522539518774 9001
1786512022594 2.573646754026413 9002
1786512025171 2.5745688369497657 9003
1786512027750 2.5775136929005384 9004
1786512030331 2.5792081742547452 9005
1786512032912 2.57923444500193 9006
1786512035496 2.5818675090558827 9007
1786512038077 2.5796741698868573 9008
1786512040657 2.5779545791447163 9009
1786512043237 2.5781508558429778 9010
1786512045819 2.579585616942495 9011
1786512048400 2.5800743848085403 9012
1786512050982 2.579854477196932 9013
1786512053563 2.579271745868027 9014
1786512056146 2.581297358032316 9015
1786512058727 2.5783835938200355 9016
1786512061306 2.5775393838994205 9017
1786512063885 2.576723105274141 9018
1786512066460 2.5740675893612206 9019
1786512069035 2.5731074549257755 9020
1786512071610 2.5726301982067525 9021
1786512074189 2.577365946955979 9022
1786512076768 2.5776625289581716 9023
1786512079348 2.5774763110093772 9024
1786512081928 2.578938744030893 9025
1786512084508 2.5777837126515806 9026
1786512087088 2.5784930577501655 9027
1786512089668 2.5777468807063997 9028
1786512092248 2.5781949469819665 9029
1786512094826 2.5764780757017434 9030
1786512097406 2.5778561951592565 9031
1786512099984 2.5767350951209664 9032
1786512102562 2.5763268899172544 9033
1786512105140 2.5760636809282005 9034
1786512107720 2.578162947203964 9035
1786512110299 2.5774170188233256 9036
1786512112878 2.5765092871151865 9037
1786512115464 2.5841090800240636 9038
1786512118048 2.582812972832471 9039
1786512120630 2.5798240350559354 9040
1786512123211 2.579022577032447 9041
1786512125792 2.5793723687529564 9042
1786512128374 2.5798938791267574 9043
1786512130955 2.57926226593554 9044
1786512133535 2.5784149649553 9045
1786512136111 2.573860082309693 9046
1786512138687 2.5749090891331434 9047
1786512141263 2.5739087029360235 9048
1786512143840 2.5749747310765088 9049
1786512146420 2.5781966070644557 9050
1786512149003 2.5809992379508913 9051
1786512151584 2.579068187624216 9052
1786512154166 2.5804891800507903 9053
1786512156748 2.580252261366695 9054
1786512159330 2.5801638271659613 9055
1786512161911 2.579169652890414 9056
1786512164494 2.5806518848985434 9057
1786512167075 2.5798013750463724 9058
1786512169658 2.5807560086250305 9059
1786512172240 2.58057082304731 9060
1786512174827 2.584823864977807 9061
1786512177408 2.5793796591460705 9062
1786512179989 2.5792847857810557 9063
1786512182571 2.580348164308816 9064
1786512185154 2.580430648289621 9065
1786512187737 2.5810428387485445 9066
1786512190320 2.581130423117429 9067
1786512192899 2.5774095789529383 9068
1786512195479 2.578441796824336 9069
1786512198059 2.5786755038425326 9070
1786512200641 2.57968971086666 9071
1786512203220 2.5777964531444013 9072
1786512205803 2.580634984653443 9073
1786512208384 2.5790753392502666 9074
1786512210965 2.5789003330282867 9075
1786512213546 2.5796346492134035 9076
1786512216126 2.578321292065084 9077
1786512218708 2.579409681260586 9078
1786512221288 2.578143235296011 9079
1786512223867 2.577314694877714 9080
1786512226446 2.577339316252619 9081
1786512229026 2.5778619460761547 9082
1786512231609 2.581518106162548 9083
1786512234190 2.5794092901051044 9084
1786512236770 2.577504372689873 9085
1786512239346 2.574281827080995 9086
1786512241921 2.57396075502038 9087
1786512244498 2.57424352504313 9088
1786512247076 2.576308179181069 9089
1786512249652 2.574134962167591 9090
1786512252229 2.575797792058438 9091
1786512254808 2.576827785000205 9092
1786512257387 2.5774952839128673 9093
1786512259972 2.5831642546691 9094
1786512262555 2.580578892957419 9095
1786512265136 2.5790339591912925 9096
1786512267719 2.5816275202669203 9097
1786512270307 2.5853868830017745 9098
1786512272887 2.5788015997968614 9099
1786512275470 2.5809364560991526 9100
1786512278057 2.5852540880441666 9101
1786512280642 2.5827517402358353 9102
1786512283223 2.5788951930589974 9103
1786512285804 2.579734093043953 9104
1786512288384 2.578749198000878 9105
1786512290967 2.5804090769961476 9106
1786512293547 2.57858103280887 9107
1786512296128 2.5793827711604536 9108
1786512298710 2.5800952059216797 9109
1786512301294 2.5817805458791554 9110
1786512303876 2.5801646378822625 9111
1786512306457 2.5796221690252423 9112
1786512309039 2.5804740292951465 9113
1786512311622 2.5808174717240036 9114
1786512314203 2.5786025528796017 9115
1786512316779 2.5743861040100455 9116
1786512319355 2.574102654121816 9117
1786512321930 2.5736300670541823 9118
1786512324507 2.5746980351395905 9119
1786512327082 2.5728627000935376 9120
1786512329658 2.5742177083157003 9121
1786512332234 2.574534519109875 9122
1786512334811 2.574340792838484 9123
1786512337387 2.5743177221156657 9124
1786512339963 2.5739577189087868 9125
1786512342539 2.574087433051318 9126
1786512345115 2.574393074028194 9127
1786512347690 2.573360248003155 9128
1786512350266 2.573784362990409 9129
1786512352841 2.5735771749168634 9130
1786512355416 2.5734359598718584 9131
1786512357992 2.5739581189118326 9132
1786512360568 2.5737647619098425 9133
1786512363144 2.574275410734117 9134
1786512365719 2.5735038528218865 9135
1786512368293 2.5725029772147536 9136
1786512370867 2.5718269338831306 9137
1786512373441 2.5725071378983557 9138
1786512376018 2.5750870388001204 9139
1786512378593 2.5733860479667783 9140
1786512381169 2.5734232999384403 9141
1786512383744 2.5739175067283213 9142
1786512386320 2.5736422082409263 9143
1786512388895 2.5733329271897674 9144
1786512391471 2.5738619049079716 9145
1786512394046 2.5735401450656354 9146
1786512396621 2.5732826949097216 9147
1786512399196 2.572799307759851 9148
1786512401771 2.5733472779393196 9149
1786512404347 2.5745339090935886 9150
1786512406924 2.57466278411448 9151
1786512409504 2.578080414328724 9152
1786512412083 2.5777364121749997 9153
1786512414664 2.5792735666036606 9154
1786512417243 2.5772902872413397 9155
1786512419822 2.57687782170251 9156
1786512422401 2.577191373798996 9157
1786512424979 2.5766287939623 9158
1786512427558 2.5768176200799644 9159
1786512430137 2.577353518921882 9160
1786512432716 2.5768313608132303 9161
1786512435295 2.5776668400503695 9162
1786512437875 2.578567392192781 9163
1786512440456 2.5782842417247593 9164
1786512443038 2.580522730946541 9165
1786512445618 2.5784821487031877 9166
1786512448199 2.578797509893775 9167
1786512450780 2.579417602159083 9168
1786512453362 2.5799174597486854 9169
1786512455944 2.580159969162196 9170
1786512458527 2.5815712879411876 9171
1786512461109 2.5802337611094117 9172
1786512463690 2.57931694900617 9173
1786512466269 2.5767315169796348 9174
1786512468847 2.5770152169279754 9175
1786512471426 2.576802940107882 9176
1786512474009 2.5808659540489316 9177
1786512476598 2.587188686709851 9178
1786512479179 2.5799355302006006 9179
1786512481759 2.5780641240999103 9180
1786512484338 2.577362610027194 9181
1786512486919 2.5786411450244486 9182
1786512489500 2.579581266734749 9183
1786512492081 2.578984446823597 9184
1786512494663 2.579985102172941 9185
1786512497244 2.5796010280027986 9186
1786512499824 2.5782646010629833 9187
1786512502405 2.5796517599374056 9188
1786512504988 2.5806940770708025 9189
1786512507570 2.5801473180763423 9190
1786512510149 2.57795152021572 9191
1786512512731 2.579352210275829 9192
1786512515312 2.579806354828179 9193
1786512517894 2.5804019770585 9194
1786512520475 2.578892522957176 9195
1786512523055 2.5785008696839213 9196
1786512525636 2.5789120751433074 9197
1786512528217 2.5793337086215615 9198
1786512530797 2.578316962812096 9199
1786512533381 2.5822416809387505 9200
1786512535965 2.581575988791883 9201
1786512538546 2.5793770011514425 9202
1786512541129 2.581500325817615 9203
1786512543713 2.581756724976003 9204
1786512546296 2.5809920276515186 9205
1786512548877 2.579415370710194 9206
1786512551458 2.5795489568263292 9207
1786512554039 2.5789011330343783 9208
1786512556620 2.578728538006544 9209
1786512559201 2.57959609804675 9210
1786512561782 2.578743528109044 9211
1786512564362 2.57883458212018 9212
1786512566943 2.579001557081938 9213
1786512569524 2.578708266839385 9214
1786512572104 2.578455048147589 9215
1786512574686 2.5804039272479713 9216
1786512577267 2.579407441895455 9217
1786512579847 2.57750032376498 9218
1786512582427 2.578680916223675 9219
1786512585009 2.5800621239468455 9220
1786512587591 2.5801787893287838 9221
1786512590172 2.579797815065831 9222
1786512592754 2.5794329517520964 9223
1786512595333 2.577835476025939 9224
1786512597913 2.5778182349167764 9225
1786512600493 2.578794200439006 9226
1786512603074 2.5787530187517405 9227
1786512605668 2.5919945370405912 9228
1786512608248 2.57830531289801 9229
1786512610828 2.5783929959870875 9230
1786512613409 2.5794043517671525 9231
1786512615985 2.5742605002596974 9232
1786512618562 2.5752116329967976 9233
1786512621138 2.5736141656525433 9234
1786512623714 2.5739500978961587 9235
1786512626289 2.5739071969874203 9236
1786512628865 2.573910447768867 9237
1786512631441 2.573781032115221 9238
1786512634016 2.5738693359307945 9239
1786512636592 2.5738857057876885 9240
1786512639169 2.5753771886229515 9241
1786512641745 2.573733551427722 9242
1786512644320 2.5734897521324456 9243
1786512646902 2.5804019360803068 9244
1786512649484 2.579372539650649 9245
1786512652065 2.5792150353081524 9246
1786512654651 2.584144209045917 9247
1786512657236 2.5831083729863167 9248
1786512659816 2.5782301798462868 9249
1786512662396 2.5785670117475092 9250
1786512664977 2.578800869639963 9251
1786512667557 2.579006167128682 9252
1786512670138 2.578587551601231 9253
1786512672721 2.581434663385153 9254
1786512675303 2.5798849682323635 9255
1786512677883 2.5786278638988733 9256
1786512680464 2.5788201610557735 9257
1786512683046 2.580033423844725 9258
1786512685627 2.5789385051466525 9259
1786512688207 2.5786301349289715 9260
1786512690796 2.586883455980569 9261
1786512693377 2.5789052238687873 9262
1786512695958 2.5793633200228214 9263
1786512698542 2.581877118907869 9264
1786512701126 2.5820822757668793 9265
1786512703712 2.584682567976415 9266
1786512706293 2.5789542361162603 9267
1786512708874 2.5794286327436566 9268
1786512711455 2.578755247872323 9269
1786512714035 2.578726928215474 9270
1786512716616 2.5789517457596958 9271
1786512719196 2.5778784076683223 9272
1786512721776 2.5785659323446453 9273
1786512724356 2.577737972140312 9274
1786512726937 2.5796345798298717 9275
1786512729518 2.5793251991271973 9276
1786512732098 2.578304063063115 9277
1786512734678 2.577885027974844 9278
1786512737263 2.583046790212393 9279
1786512739844 2.578944315202534 9280
1786512742425 2.5791747639887035 9281
1786512745005 2.5786622259765863 9282
1786512747584 2.5773920798674226 9283
1786512750165 2.578587311785668 9284
1786512752744 2.5772816161625087 9285
1786512755323 2.577837135642767 9286
1786512757904 2.5784906800836325 9287
1786512760483 2.5773233282379806 9288
1786512763062 2.5766849950887263 9289
1786512765641 2.5771817229688168 9290
1786512768220 2.5780638847500086 9291
1786512770803 2.580972116906196 9292
1786512773381 2.575578026007861 9293
1786512775963 2.5792613360099494 9294
1786512778543 2.5784706478007138 9295
1786512781124 2.5788930729031563 9296
1786512783706 2.579853668343276 9297
1786512786287 2.5792647670023143 9298
1786512788868 2.5798799679614604 9299
1786512791451 2.5809916467405856 9300
1786512794033 2.579907998908311 9301
1786512796615 2.5799723118543625 9302
1786512799196 2.579640179872513 9303
1786512801779 2.5811110120266676 9304
1786512804361 2.58046759897843 9305
1786512806942 2.5792851778678596 9306
1786512809524 2.579664760734886 9307
1786512812106 2.5800184831023216 9308
1786512814687 2.5796056180261075 9309
1786512817271 2.5819849227555096 9310
1786512819852 2.5789684359915555 9311
1786512822432 2.578952144831419 9312
1786512825013 2.578891623299569 9313
1786512827593 2.578256160952151 9314
1786512830174 2.578979147132486 9315
1786512832754 2.5785172800533473 9316
1786512835335 2.5785739519633353 9317
1786512837917 2.580794740933925 9318
1786512840498 2.578474089037627 9319
1786512843079 2.579788045026362 9320
1786512845660 2.5791769637726247 9321
1786512848242 2.5803080438636243 9322
1786512850822 2.578054813668132 9323
1786512853408 2.584199850913137 9324
1786512855988 2.578247281257063 9325
1786512858568 2.5780302328057587 9326
1786512861148 2.5779764908365905 9327
1786512863728 2.5783322737552226 9328
1786512866308 2.5780842849053442 9329
1786512868888 2.5787742398679256 9330
1786512871469 2.579042829107493 9331
1786512874049 2.5784117374569178 9332
1786512876631 2.579635700210929 9333
1786512879209 2.576819990295917 9334
1786512881788 2.576978265773505 9335
1786512884367 2.5771189709194005 9336
1786512886946 2.5767481778748333 9337
1786512889524 2.5770009071566164 9338
1786512892105 2.57867150567472 9339
1786512894685 2.5782188400626183 9340
1786512897261 2.5744899078272283 9341
1786512899835 2.5721869762055576 9342
1786512902413 2.575772203039378 9343
1786512904989 2.5738489851355553 9344
1786512907565 2.5739762098528445 9345
1786512910139 2.5728749209083617 9346
1786512912714 2.572744277305901 9347
1786512915290 2.574134435970336 9348
1786512917864 2.57247946690768 9349
1786512920439 2.5727497870102525 9350
1786512923013 2.5724974679760635 9351
1786512925589 2.5738782859407365 9352
1786512928163 2.5727854566648602 9353
1786512930738 2.5732336938381195 9354
1786512933317 2.5766514940187335 9355
1786512935891 2.5727971983142197 9356
1786512938466 2.5729487128555775 9357
1786512941041 2.572559969034046 9358
1786512943615 2.5726669328287244 9359
1786512946191 2.573981469962746 9360
1786512948765 2.572533378843218 9361
1786512951341 2.574159426148981 9362
1786512953917 2.5744399060495198 9363
1786512956492 2.573166970629245 9364
1786512959067 2.5726984650827944 9365
1786512961641 2.5720235612243414 9366
1786512964216 2.572982095181942 9367
1786512966794 2.5767649482004344 9368
1786512969370 2.5740678631700575 9369
1786512971947 2.5752271343953907 9370
1786512974528 2.578932764939964 9371
1786512977109 2.5795209859497845 9372
1786512979689 2.5782736209221184 9373
1786512982270 2.578877172898501 9374
1786512984852 2.579701732378453 9375
1786512987434 2.580602923873812 9376
1786512990017 2.5807980010285974 9377
1786512992598 2.5798118161037564 9378
1786512995179 2.578570231795311 9379
1786512997761 2.580778889823705 9380
1786513000348 2.5854505551978946 9381
1786513002930 2.579969030804932 9382
1786513005512 2.5795640368014574 9383
1786513008096 2.582397856749594 9384
1786513010678 2.580790719948709 9385
1786513013261 2.580451108980924 9386
1786513015842 2.579291848000139 9387
1786513018425 2.581827387213707 9388
1786513021008 2.58072220813483 9389
1786513023589 2.5795358358882368 9390
1786513026173 2.581919929943979 9391
1786513028754 2.578980485908687 9392
1786513031336 2.5805316707119346 9393
1786513033918 2.580210560001433 9394
1786513036500 2.58010570704937 9395
1786513039083 2.5805410821922123 9396
1786513041664 2.5797778950072825 9397
1786513044246 2.579727842938155 9398
1786513046828 2.5804101871326566 9399
1786513049413 2.5829475773498416 9400
1786513051995 2.580281861592084 9401
1786513054576 2.5796118988655508 9402
1786513057166 2.5875921910628676 9403
1786513059755 2.5875015081837773 9404
1786513062344 2.5869062561541796 9405
1786513064939 2.592996292281896 9406
1786513067523 2.582234601955861 9407
1786513070112 2.587694794870913 9408
1786513072701 2.586481261998415 9409
1786513075287 2.584127828013152 9410
1786513077875 2.5863679382018745 9411
1786513080463 2.5864066989161074 9412
1786513083051 2.5858711297623813 9413
1786513085639 2.5856783743947744 9414
1786513088224 2.5832858690991998 9415
1786513090806 2.5800010226666927 9416
1786513093387 2.579190173652023 9417
1786513095967 2.578924064990133 9418
1786513098554 2.584857895039022 9419
1786513101137 2.581323710270226 9420
1786513103718 2.5788860227912664 9421
1786513106299 2.579131721984595 9422
1786513108877 2.576837460976094 9423
1786513111457 2.5778337963856757 9424
1786513114035 2.576689105015248 9425
1786513116616 2.5784837887622416 9426
1786513119198 2.580100506078452 9427
1786513121779 2.579585347790271 9428
1786513124359 2.5786409340798855 9429
1786513126939 2.5777531433850527 9430
1786513129521 2.5797091322019696 9431
1786513132103 2.5805359007790685 9432
1786513134692 2.5870601320639253 9433
1786513137276 2.5820921370759606 9434
1786513139859 2.5811257818713784 9435
1786513142441 2.5803892761468887 9436
1786513145023 2.580451088026166 9437
1786513147605 2.580064235255122 9438
1786513150187 2.580249112099409 9439
1786513152772 2.582471020054072 9440
1786513155356 2.582849103026092 9441
1786513157940 2.5815128763206303 9442
1786513160521 2.579651800915599 9443
1786513163109 2.5862945853732526 9444
1786513165691 2.5793023169972003 9445
1786513168271 2.5789604359306395 9446
1786513170854 2.5811868249438703 9447
1786513173434 2.5780755751766264 9448
1786513176015 2.5788878742605448 9449
1786513178596 2.5796251292340457 9450
1786513181178 2.5795229356735945 9451
1786513183758 2.57836104510352 9452
1786513186337 2.577432620804757 9453
1786513188923 2.5844298186711967 9454
1786513191506 2.5813607908785343 9455
1786513194088 2.5799367409199476 9456
1786513196679 2.5888031027279794 9457
1786513199259 2.5789051838219166 9458
1786513201844 2.582927626091987 9459
1786513204429 2.582581824157387 9460
1786513207014 2.5836914032697678 9461
1786513209599 2.5827177786268294 9462
1786513212184 2.583038039971143 9463
1786513214769 2.583304620347917 9464
1786513217355 2.583922010846436 9465
1786513219940 2.5838489588350058 9466
1786513222528 2.5854062139987946 9467
1786513225113 2.583336270879954 9468
1786513227698 2.5827670199796557 9469
1786513230286 2.586036116350442 9470
1786513232871 2.5832131155766547 9471
1786513235457 2.5845807450823486 9472
1786513238043 2.5843902369961143 9473
1786513240629 2.5832948787137866 9474
1786513243214 2.583689142949879 9475
1786513245800 2.5835135970264673 9476
1786513248385 2.583587089087814 9477
1786513250970 2.583013109397143 9478
1786513253561 2.5889481683261693 9479
1786513256149 2.5865024621598423 9480
1786513258733 2.5824001180008054 9481
1786513261321 2.5856782239861786 9482
1786513263902 2.5795405958779156 9483
1786513266479 2.5751658910885453 9484
1786513269056 2.5747348060831428 9485
1786513271632 2.574302060995251 9486
1786513274208 2.57412120513618 9487
1786513276785 2.5750472783111036 9488
1786513279364 2.5773898400366306 9489
1786513281946 2.5802052500657737 9490
1786513284527 2.578976146876812 9491
1786513287108 2.579377300105989 9492
1786513289689 2.5795873482711613 9493
1786513292272 2.5804874901659787 9494
1786513294856 2.5826257430016994 9495
1786513297438 2.580537262838334 9496
1786513300020 2.580017615109682 9497
1786513302602 2.5799261517822742 9498
1786513305184 2.580611115321517 9499
1786513308831 2.57989062089473 9500
1786513311413 2.580192820634693 9501
1786513313994 2.580058006104082 9502
1786513316579 2.582287763711065 9503
1786513319162 2.582039976026863 9504
1786513321740 2.576186061836779 9505
1786513324324 2.582181049976498 9506
1786513326906 2.5797584862448275 9507
1786513329490 2.58223643200472 9508
1786513332072 2.5802269619889557 9509
1786513334656 2.581771166063845 9510
1786513337243 2.584989287890494 9511
1786513339826 2.5817347150295973 9512
1786513342414 2.5864291470497847 9513
1786513344996 2.5794945168308914 9514
1786513347577 2.5791618460789323 9515
1786513350158 2.579227357171476 9516
1786513352739 2.579562278930098 9517
1786513355326 2.5852566068060696 9518
1786513357908 2.5796659528277814 9519
1786513360493 2.5831013722345233 9520
1786513363074 2.579443165101111 9521
1786513365662 2.585972962435335 9522
1786513368243 2.579234257340431 9523
1786513370824 2.579703614115715 9524
1786513373405 2.578962747938931 9525
1786513375985 2.578482632059604 9526
1786513378565 2.5784566798247397 9527
1786513381146 2.5784342801198363 9528
1786513383725 2.578004274982959 9529
1786513386308 2.580612105783075 9530
1786513388890 2.580680727958679 9531
1786513391475 2.582546602934599 9532
1786513394063 2.5859930622391403 9533
1786513396648 2.5832555070519447 9534
1786513399230 2.5803840584121644 9535
1786513401812 2.5806342158466578 9536
1786513404393 2.578596255276352 9537
1786513406974 2.5791055732406676 9538
1786513409558 2.5830313391052186 9539
1786513412144 2.583872688934207 9540
1786513414727 2.580728298984468 9541
1786513417310 2.581817696802318 9542
1786513419892 2.580221672076732 9543
1786513422473 2.5791420051828027 9544
1786513425056 2.5812791688367724 9545
1786513427638 2.5797061137855053 9546
1786513430219 2.579213717021048 9547
1786513432801 2.5803439766168594 9548
1786513435383 2.579571609850973 9549
1786513437963 2.5789630180224776 9550
1786513440544 2.5791183430701494 9551
1786513443131 2.585135023109615 9552
1786513445719 2.5861461171880364 9553
1786513448302 2.5807558400556445 9554
1786513450883 2.5792464590631425 9555
1786513453463 2.5780455069616437 9556
1786513456053 2.587770233862102 9557
1786513458636 2.5819988837465644 9558
1786513461217 2.578214001841843 9559
1786513463792 2.573669044766575 9560
1786513466368 2.5741578210145235 9561
1786513468944 2.573765518143773 9562
1786513471519 2.573919653892517 9563
1786513474095 2.5739014628343284 9564
1786513476671 2.5742139238864183 9565
1786513479253 2.5801378590986133 9566
1786513481839 2.5836177598685026 9567
1786513484433 2.5924670668318868 9568
1786513487023 2.5876427101902664 9569
1786513489607 2.5828527030535042 9570
1786513492191 2.5818656692281365 9571
1786513494768 2.5754451462998986 9572
1786513497350 2.579543897882104 9573
1786513499928 2.576772861648351 9574
1786513502504 2.5733500230126083 9575
1786513505096 2.5904140057973564 9576
1786513507679 2.5811275029554963 9577
1786513510262 2.5812493478879333 9578
1786513512844 2.5796108706854284 9579
1786513515424 2.5790319801308215 9580
1786513518006 2.5799239021725953 9581
1786513520588 2.58032193640247 9582
1786513523170 2.580077587161213 9583
1786513525752 2.580125388223678 9584
1786513528337 2.583541958127171 9585
1786513530919 2.5801398288458586 9586
1786513533501 2.5797615060582757 9587
1786513536083 2.5804987619630992 9588
1786513538667 2.58225219277665 9589
1786513541249 2.5796471419744194 9590
1786513543830 2.5797899467870593 9591
1786513546412 2.5794624756090343 9592
1786513548993 2.579498026985675 9593
1786513551577 2.581834658049047 9594
1786513554167 2.588384105358273 9595
1786513556748 2.5792283876799047 9596
1786513559327 2.5768510550260544 9597
1786513561906 2.5772398682311177 9598
1786513564485 2.5778562501072884 9599
1786513567065 2.5779337626881897 9600
1786513569645 2.578096359036863 9601
1786513572224 2.5776618127711117 9602
1786513574803 2.5771932071074843 9603
1786513577382 2.576923198066652 9604
1786513579961 2.5777361555956304 9605
1786513582541 2.577968583907932 9606
1786513585120 2.577361313160509 9607
1786513587699 2.5780855482444167 9608
1786513590279 2.577832109760493 9609
1786513592858 2.5774953570216894 9610
1786513595438 2.5778663102537394 9611
1786513598018 2.578640277031809 9612
1786513600598 2.577535699121654 9613
1786513603177 2.5779602732509375 9614
1786513605757 2.5782119929790497 9615
1786513608336 2.577447376213968 9616
1786513610917 2.578795582987368 9617
1786513613497 2.578528393059969 9618
1786513616077 2.5778179080225527 9619
1786513618659 2.5804731408134103 9620
1786513621240 2.5794092542491853 9621
1786513623820 2.578313556034118 9622
1786513626400 2.577964542899281 9623
1786513628980 2.578035315964371 9624
1786513631559 2.577931092120707 9625
1786513634139 2.5780391772277653 9626
1786513636718 2.5775024970062077 9627
1786513639298 2.577797918114811 9628
1786513641878 2.5781410499475896 9629
1786513644457 2.578076786827296 9630
1786513647038 2.5783335571177304 9631
1786513649618 2.578567805234343 9632
1786513652198 2.5784287401475012 9633
1786513654777 2.57768098404631 9634
1786513657357 2.5778929512016475 9635
1786513659938 2.5790564818307757 9636
1786513662517 2.5775674898177385 9637
1786513665095 2.5761948423460126 9638
1786513667670 2.573083683848381 9639
1786513670245 2.573247510008514 9640
1786513672820 2.5731087350286543 9641
1786513675395 2.5736809549853206 9642
1786513677970 2.5731748370453715 9643
1786513680547 2.57531618187204 9644
1786513683123 2.5738837220706046 9645
1786513685699 2.5742192729376256 9646
1786513688274 2.5732794208452106 9647
1786513690849 2.573210197966546 9648
1786513693424 2.573158147279173 9649
1786513696000 2.573620463255793 9650
1786513698575 2.5736138923093677 9651
1786513701150 2.573464937042445 9652
1786513703725 2.5731751173734665 9653
1786513706301 2.5736167430877686 9654
1786513708876 2.573474827222526 9655
1786513711451 2.5732214488089085 9656
1786513714026 2.573147777002305 9657
1786513716602 2.5741279111243784 9658
1786513719180 2.5761266900226474 9659
1786513721756 2.5737838386557996 9660
1786513724331 2.5735280686058104 9661
1786513726907 2.573868331965059 9662
1786513729482 2.5735079189762473 9663
1786513732059 2.575425866059959 9664
1786513734635 2.574375599157065 9665
1786513737211 2.5741027388721704 9666
1786513739786 2.573408216238022 9667
1786513742362 2.573326971847564 9668
1786513744937 2.5736418343149126 9669
1786513747513 2.5737179168500006 9670
1786513750089 2.574185011908412 9671
1786513752664 2.573526300024241 9672
1786513755239 2.5736607648432255 9673
1786513757815 2.573733086232096 9674
1786513760390 2.573476958088577 9675
1786513762966 2.573691335041076 9676
1786513765542 2.5748707661405206 9677
1786513768118 2.573921764269471 9678
1786513770694 2.573880461975932 9679
1786513773270 2.5739965159446 9680
1786513775845 2.573733706958592 9681
1786513778421 2.573982815258205 9682
1786513780996 2.5734506072476506 9683
1786513783573 2.575238169170916 9684
1786513786149 2.573487508110702 9685
1786513788724 2.5735908118076622 9686
1786513791300 2.5744698122143745 9687
1786513793877 2.5744117703288794 9688
1786513796453 2.5744372722692788 9689
1786513799028 2.5736522739753127 9690
1786513801603 2.5734513169154525 9691
1786513804179 2.5741587220691144 9692
1786513806755 2.5736163831315935 9693
1786513809330 2.5737480269744992 9694
1786513811905 2.5732367602176964 9695
1786513814481 2.574036967009306 9696
1786513817058 2.5744610419496894 9697
1786513819633 2.5733198523521423 9698
1786513822208 2.573459427803755 9699
1786513824783 2.5736204627901316 9700
1786513827359 2.573451817035675 9701
1786513829934 2.57354434998706 9702
1786513832509 2.5730892247520387 9703
1786513835084 2.572974591050297 9704
1786513837660 2.574693870265037 9705
1786513840236 2.5744123309850693 9706
1786513842812 2.573973714839667 9707
1786513845389 2.5749102272093296 9708
1786513847966 2.575217958074063 9709
1786513850542 2.5740003562532365 9710
1786513853118 2.574254755396396 9711
1786513855694 2.574931048322469 9712
1786513858270 2.5736813046969473 9713
1786513860845 2.5735471709631383 9714
1786513863420 2.5729675702750683 9715
1786513865996 2.5739642051048577 9716
1786513868571 2.5732998717576265 9717
1786513871146 2.5735344598069787 9718
1786513873721 2.5735313398763537 9719
1786513876298 2.5743578490801156 9720
1786513878873 2.573211579117924 9721
1786513881450 2.5750997941941023 9722
1786513884025 2.5732379304245114 9723
1786513886600 2.5736300530843437 9724
1786513889175 2.573358693625778 9725
1786513891750 2.573553040623665 9726
1786513894326 2.573284460697323 9727
1786513896901 2.5741355009377003 9728
1786513899477 2.573420816101134 9729
1786513902052 2.573379235342145 9730
1786513904627 2.573272820096463 9731
1786513907202 2.5733687239699066 9732
1786513909778 2.574162811972201 9733
1786513912354 2.573755868244916 9734
1786513914931 2.5754310763441026 9735
1786513917508 2.575320362113416 9736
1786513920083 2.573708786163479 9737
1786513922659 2.574076729360968 9738
1786513925235 2.573471236974001 9739
1786513927811 2.5751096452586353 9740
1786513930387 2.5732633410952985 9741
1786513932962 2.5737558980472386 9742
1786513935537 2.573277791030705 9743
1786513938112 2.5732210599817336 9744
1786513940687 2.5730929048731923 9745
1786513943262 2.5733592938631773 9746
1786513945837 2.573378104250878 9747
1786513948416 2.576785803306848 9748
1786513950997 2.579418254084885 9749
1786513953578 2.578782252036035 9750
1786513956159 2.5786974793300033 9751
1786513958740 2.579971604049206 9752
1786513961320 2.5781628410331905 9753
1786513963900 2.5781894507817924 9754
1786513966482 2.5795552991330624 9755
1786513969064 2.580890734679997 9756
1786513971648 2.581454104743898 9757
1786513974230 2.5801695403642952 9758
1786513976812 2.580369927920401 9759
1786513979397 2.582789850886911 9760
1786513981977 2.5787813421338797 9761
1786513984560 2.581345940940082 9762
1786513987142 2.579849299043417 9763
1786513989727 2.5827801912091672 9764
1786513992310 2.5818339176476 9765
1786513994896 2.5840172641910613 9766
1786513997477 2.578562695067376 9767
1786514000058 2.5790092097595334 9768
1786514002638 2.578488270752132 9769
1786514005218 2.5785699239932 9770
1786514007798 2.5781952319666743 9771
1786514010378 2.578506503254175 9772
1786514012956 2.5758873117156327 9773
1786514015532 2.573826849926263 9774
1786514018107 2.573582350742072 9775
1786514020683 2.573949635028839 9776
1786514023259 2.573999505955726 9777
1786514025834 2.573609571903944 9778
1786514028410 2.5736284032464027 9779
1786514030986 2.574297667015344 9780
1786514033562 2.5743775190785527 9781
1786514036139 2.5756293716840446 9782
1786514038720 2.5791357653215528 9783
1786514041302 2.579922331031412 9784
1786514043882 2.5784362498670816 9785
1786514046464 2.5802459232509136 9786
1786514049044 2.5784392608329654 9787
1786514051626 2.5796918640844524 9788
1786514054208 2.5802535228431225 9789
1786514056795 2.5848703626543283 9790
1786514059377 2.5801731809042394 9791
1786514061957 2.5780983078293502 9792
1786514064536 2.577773217111826 9793
1786514067112 2.5737081356346607 9794
1786514069688 2.5748077142052352 9795
1786514072266 2.5756813739426434 9796
1786514074846 2.5780165758915246 9797
1786514077428 2.5800761966966093 9798
1786514080008 2.5785597441717982 9799
1786514082590 2.5798860010690987 9800
1786514085173 2.5815297784283757 9801
1786514087751 2.5764302597381175 9802
1786514090328 2.574273664969951 9803
1786514092903 2.5739109329879284 9804
1786514095485 2.579735965002328 9805
1786514098068 2.5807955521158874 9806
1786514100649 2.5793185508809984 9807
1786514103231 2.5800530868582428 9808
1786514105812 2.579718384426087 9809
1786514108393 2.5788063630461693 9810
1786514110975 2.580403828062117 9811
1786514113557 2.5797283248975873 9812
1786514116138 2.5792400878854096 9813
1786514118718 2.5783108663745224 9814
1786514121300 2.5808042427524924 9815
1786514123881 2.578416489996016 9816
1786514126461 2.577994365245104 9817
1786514129040 2.577682673931122 9818
1786514131621 2.5794003740884364 9819
1786514134202 2.578547304030508 9820
1786514136779 2.575641172938049 9821
1786514139356 2.5753613533452153 9822
1786514141932 2.573821490164846 9823
1786514144510 2.5756498528644443 9824
1786514147085 2.5734695279970765 9825
1786514149661 2.5741323097608984 9826
1786514152238 2.574958689045161 9827
1786514154813 2.5739456843584776 9828
1786514157389 2.5739804953336716 9829
1786514159965 2.573795868549496 9830
1786514162541 2.5738312997855246 9831
1786514165116 2.5736140231601894 9832
1786514167692 2.5740351267158985 9833
1786514170267 2.5734959580004215 9834
1786514172843 2.5740364668890834 9835
1786514175420 2.5750200720503926 9836
1786514177996 2.574030597228557 9837
1786514180571 2.57344928663224 9838
1786514183147 2.5740523883141577 9839
1786514185722 2.5734762479551136 9840
1786514188298 2.57371731614694 9841
1786514190873 2.5735222892835736 9842
1786514193448 2.5733212027698755 9843
1786514196024 2.573993916157633 9844
1786514198601 2.575150636024773 9845
1786514201176 2.573210219386965 9846
1786514203752 2.574466722086072 9847
1786514206328 2.5740521168336272 9848
1786514208905 2.5747313112951815 9849
1786514211481 2.5745919961482286 9850
1786514214059 2.5761066991835833 9851
1786514216635 2.5745347342453897 9852
1786514219211 2.5735216587781906 9853
1786514221786 2.573483419138938 9854
1786514224362 2.5738248699344695 9855
1786514226937 2.5737303160130978 9856
1786514229512 2.5734117152169347 9857
1786514232088 2.5736123928800225 9858
1786514234664 2.574103420134634 9859
1786514237240 2.574682469945401 9860
1786514239816 2.573642113711685 9861
1786514242393 2.575448605697602 9862
1786514244968 2.573375293985009 9863
1786514247544 2.573476388119161 9864
1786514250119 2.573617483023554 9865
1786514252694 2.5732759907841682 9866
1786514255270 2.573694925289601 9867
1786514257845 2.5739502948708832 9868
1786514260421 2.5735555510036647 9869
1786514262997 2.5744589120149612 9870
1786514265577 2.5783891486935318 9871
1786514268158 2.5789442784152925 9872
1786514270738 2.578296805731952 9873
1786514273323 2.5831848946399987 9874
1786514275905 2.580067227128893 9875
1786514278493 2.5861535482108593 9876
1786514281079 2.583449403755367 9877
1786514283662 2.582033844664693 9878
1786514286244 2.579527597874403 9879
1786514288828 2.5822271006181836 9880
1786514291408 2.5780660272575915 9881
1786514293989 2.5797260547988117 9882
1786514296570 2.578767661936581 9883
1786514299150 2.5781913306564093 9884
1786514301730 2.578001794870943 9885
1786514304309 2.5776192117482424 9886
1786514306890 2.578996970318258 9887
1786514309469 2.5779897551983595 9888
1786514312049 2.577727135270834 9889
1786514314628 2.5775564699433744 9890
1786514317208 2.5784632908180356 9891
1786514319789 2.5790457921102643 9892
1786514322371 2.579917542170733 9893
1786514324952 2.5792722487822175 9894
1786514327532 2.577777871862054 9895
1786514330108 2.574567215051502 9896
1786514332684 2.573951373808086 9897
1786514335260 2.5744996229186654 9898
1786514337839 2.5764109599404037 9899
1786514340417 2.5760971680283546 9900
1786514342993 2.574207432102412 9901
1786514345572 2.5775152994319797 9902
1786514348159 2.5848002550192177 9903
1786514350740 2.5790744540281594 9904
1786514353321 2.5795185989700258 9905
1786514355901 2.5784021499566734 9906
1786514358622 2.719201857224107 9907
1786514361221 2.59669867483899 9908
1786514364031 2.8084363238886 9909
1786514367114 3.080830052960664 9910
1786514369696 2.5803002370521426 9911
1786514372276 2.5786827402189374 9912
1786514374856 2.5779319130815566 9913
1786514377437 2.5791349462233484 9914
1786514380019 2.580667299684137 9915
1786514382599 2.5775532298721373 9916
1786514385179 2.578925288282335 9917
1786514387759 2.5783323170617223 9918
1786514390342 2.5806753300130367 9919
1786514392923 2.578815875109285 9920
1786514395505 2.580681180115789 9921
1786514398085 2.578441691584885 9922
1786514400662 2.5742558240890503 9923
1786514403236 2.5729730376042426 9924
1786514405827 2.588714263867587 9925
1786514408409 2.580300527624786 9926
1786514410991 2.5802608761005104 9927
1786514413571 2.578369908966124 9928
1786514416154 2.5804937528446317 9929
1786514418740 2.5846351301297545 9930
1786514421327 2.5850181030109525 9931
1786514423908 2.5786561188288033 9932
1786514426489 2.5796606740914285 9933
1786514429066 2.574693509377539 9934
1786514431642 2.574247383978218 9935
1786514434218 2.5741451191715896 9936
1786514436794 2.5742249828763306 9937
1786514439373 2.5775096779689193 9938
1786514441950 2.5747375008650124 9939
1786514444526 2.5739216720685363 9940
1786514447101 2.5739575629122555 9941
1786514449678 2.574941969010979 9942
1786514452257 2.577282200101763 9943
1786514454839 2.5794069948606193 9944
1786514457419 2.5780872288160026 9945
1786514460013 2.5926285521127284 9946
1786514462606 2.590752555988729 9947
1786514465197 2.589346517343074 9948
1786514467789 2.589934427291155 9949
1786514470386 2.595767523162067 9950
1786514472974 2.586076980922371 9951
1786514475555 2.578834765125066 9952
1786514478137 2.57999279582873 9953
1786514480718 2.5797063861973584 9954
1786514483299 2.5789644801989198 9955
1786514485885 2.5842394158244133 9956
1786514488464 2.576799613889307 9957
1786514491042 2.5766143067739904 9958
1786514493622 2.5785441151820123 9959
1786514496199 2.574610037263483 9960
1786514498775 2.57428360497579 9961
1786514501350 2.573338911868632 9962
1786514503927 2.5755075979977846 9963
1786514506503 2.5736965839751065 9964
1786514509078 2.573303380049765 9965
1786514511655 2.575540738645941 9966
1786514514232 2.5750704132951796 9967
1786514516809 2.575131573714316 9968
1786514519388 2.5768527346663177 9969
1786514521965 2.575130824930966 9970
1786514524541 2.574007285758853 9971
1786514527119 2.5762552148662508 9972
1786514529699 2.578467331826687 9973
1786514532280 2.578484413214028 9974
1786514534860 2.57850386435166 9975
1786514537441 2.579160976689309 9976
1786514540021 2.5786032369360328 9977
1786514542601 2.578193172812462 9978
1786514545182 2.5789008983410895 9979
1786514547762 2.578311466611922 9980
1786514550342 2.577814478892833 9981
1786514552921 2.5778767322190106 9982
1786514555502 2.5788796870037913 9983
1786514558082 2.578140220604837 9984
1786514560660 2.5760362674482167 9985
1786514563235 2.573209247086197 9986
1786514565812 2.5756924846209586 9987
1786514568387 2.573176596313715 9988
1786514570964 2.5747845717705786 9989
1786514573547 2.5817992789670825 9990
1786514576128 2.579089403618127 9991
1786514578709 2.5787826739251614 9992
1786514581289 2.5786219676956534 9993
1786514583870 2.5785952266305685 9994
1786514586451 2.579623492900282 9995
1786514589032 2.5784968631342053 9996
1786514591616 2.5828062552027404 9997
1786514594196 2.5783960400149226 9998
1786514596780 2.5820253477431834 9999
1786514601400 2.580521945375949 10000
1786514603983 2.5814001159742475 10001
1786514606568 2.583264532033354 10002
1786514609150 2.5797123461961746 10003
1786514611731 2.579587552230805 10004
1786514614313 2.579391435254365 10005
1786514616894 2.579602832905948 10006
1786514619477 2.5804470530711114 10007
1786514622058 2.5791198457591236 10008
1786514624639 2.5793216731399298 10009
1786514627219 2.578469962347299 10010
1786514629804 2.583221389912069 10011
1786514632386 2.580011717043817 10012
1786514634974 2.585551301948726 10013
1786514637565 2.5892234118655324 10014
1786514640146 2.579616653267294 10015
1786514642730 2.582112460862845 10016
1786514645313 2.5814875392243266 10017
1786514647896 2.5811504968442023 10018
1786514650481 2.5830865963362157 10019
1786514653063 2.5799069739878178 10020
1786514655657 2.592573630157858 10021
1786514658249 2.5900547611527145 10022
1786514660835 2.584138991776854 10023
1786514663419 2.581764128059149 10024
1786514666002 2.581481710076332 10025
1786514668585 2.580800444819033 10026
1786514671167 2.5798554909415543 10027
1786514673753 2.5841951142065227 10028
1786514676341 2.5861261230893433 10029
1786514678924 2.5814860481768847 10030
1786514681507 2.5814482481218874 10031
1786514684088 2.5784832728095353 10032
1786514686672 2.5828021159395576 10033
1786514689258 2.583323623985052 10034
1786514691847 2.5871249879710376 10035
1786514694437 2.5882397973909974 10036
1786514697027 2.588409442920238 10037
1786514699618 2.5892835441045463 10038
1786514702201 2.5806993218138814 10039
1786514704791 2.588531667832285 10040
1786514707376 2.5828194762580097 10041
1786514709961 2.5835001999512315 10042
1786514712551 2.5885968999937177 10043
1786514715137 2.583536470774561 10044
1786514717728 2.589082987047732 10045
1786514720318 2.5884512453339994 10046
1786514722903 2.582926679868251 10047
1786514725486 2.5818262100219727 10048
1786514728069 2.581144685856998 10049
1786514730664 2.592805557884276 10050
1786514733251 2.5852322410792112 10051
1786514735841 2.58797451807186 10052
1786514738426 2.5828436268493533 10053
1786514741008 2.580393040087074 10054
1786514743591 2.5816994067281485 10055
1786514746176 2.5819671363569796 10056
1786514748762 2.584198004566133 10057
1786514751353 2.5899008247070014 10058
1786514753944 2.589232441969216 10059
1786514756535 2.588465345092118 10060
1786514759121 2.5846014488488436 10061
1786514761708 2.585330604109913 10062
1786514764299 2.58884189883247 10063
1786514766880 2.579126046039164 10064
1786514769464 2.58267560089007 10065
1786514772045 2.5791089949198067 10066
1786514774630 2.582964061293751 10067
1786514777211 2.5790378930978477 10068
1786514779797 2.5832262099720538 10069
1786514782382 2.583871723152697 10070
1786514784969 2.585220190230757 10071
1786514787553 2.5821167612448335 10072
1786514790135 2.580013707280159 10073
1786514792716 2.578908029012382 10074
1786514795298 2.5802208040840924 10075
1786514797880 2.5800707791931927 10076
1786514800461 2.5795366098172963 10077
1786514803044 2.5806140983477235 10078
1786514805627 2.581537850666791 10079
1786514808212 2.583454207982868 10080
1786514810797 2.58224245486781 10081
1786514813391 2.5927726570516825 10082
1786514815984 2.59116415027529 10083
1786514818566 2.5801387010142207 10084
1786514821149 2.581162977963686 10085
1786514823732 2.5809060679748654 10086
1786514826319 2.585239900741726 10087
1786514828904 2.5834796000272036 10088
1786514831487 2.5808860980905592 10089
1786514834070 2.5812986618839204 10090
1786514836656 2.5841279719024897 10091
1786514839243 2.5849862629547715 10092
1786514841829 2.5842230450361967 10093
1786514844414 2.5829063402488828 10094
1786514846996 2.580485122743994 10095
1786514849575 2.577320042066276 10096
1786514852154 2.576481551863253 10097
1786514854731 2.575154806021601 10098
1786514857307 2.5748573252931237 10099
1786514859884 2.5745348939672112 10100
1786514862462 2.57607749896124 10101
1786514865045 2.581012682057917 10102
1786514867635 2.5886394707486033 10103
1786514870218 2.581064053811133 10104
1786514872807 2.5873907767236233 10105
1786514875400 2.590302530210465 10106
1786514877988 2.58586159395054 10107
1786514880571 2.5815780917182565 10108
1786514883153 2.58016576198861 10109
1786514885737 2.5823263488709927 10110
1786514888325 2.5860862522386014 10111
1786514890914 2.58699856325984 10112
1786514893503 2.5861934050917625 10113
1786514896088 2.583312144037336 10114
