1786493922882 262275072.0 2000
1786493925456 262406144.0 2001
1786493928031 262537216.0 2002
1786493930608 262668288.0 2003
1786493933187 262799360.0 2004
1786493935766 262930432.0 2005
1786493938345 263061504.0 2006
1786493940924 263192576.0 2007
1786493943528 263323648.0 2008
1786493946105 263454720.0 2009
1786493948682 263585792.0 2010
1786493951259 263716864.0 2011
1786493953837 263847936.0 2012
1786493956414 263979008.0 2013
1786493958992 264110080.0 2014
1786493961570 264241152.0 2015
1786493964147 264372224.0 2016
1786493966725 264503296.0 2017
1786493969304 264634368.0 2018
1786493971882 264765440.0 2019
1786493974461 264896512.0 2020
1786493977041 265027584.0 2021
1786493979619 265158656.0 2022
1786493982199 265289728.0 2023
1786493984780 265420800.0 2024
1786493987360 265551872.0 2025
1786493989939 265682944.0 2026
1786493992519 265814016.0 2027
1786493995099 265945088.0 2028
1786493997679 266076160.0 2029
1786494000258 266207232.0 2030
1786494002839 266338304.0 2031
1786494005422 266469376.0 2032
1786494008004 266600448.0 2033
1786494010585 266731520.0 2034
1786494013167 266862592.0 2035
1786494015749 266993664.0 2036
1786494018331 267124736.0 2037
1786494020914 267255808.0 2038
1786494023495 267386880.0 2039
1786494026077 267517952.0 2040
1786494028661 267649024.0 2041
1786494031242 267780096.0 2042
1786494033824 267911168.0 2043
1786494036406 268042240.0 2044
1786494038988 268173312.0 2045
1786494041571 268304384.0 2046
1786494044153 268435456.0 2047
1786494046731 268566528.0 2048
1786494049309 268697600.0 2049
1786494051893 268828672.0 2050
1786494054477 268959744.0 2051
1786494057065 269090816.0 2052
1786494059647 269221888.0 2053
1786494062228 269352960.0 2054
1786494064809 269484032.0 2055
1786494067392 269615104.0 2056
1786494069974 269746176.0 2057
1786494072556 269877248.0 2058
1786494075140 270008320.0 2059
1786494077719 270139392.0 2060
1786494080297 270270464.0 2061
1786494082874 270401536.0 2062
1786494085452 270532608.0 2063
1786494088029 270663680.0 2064
1786494090608 270794752.0 2065
1786494093185 270925824.0 2066
1786494095762 271056896.0 2067
1786494098339 271187968.0 2068
1786494100917 271319040.0 2069
1786494103494 271450112.0 2070
1786494106072 271581184.0 2071
1786494108650 271712256.0 2072
1786494111232 271843328.0 2073
1786494113813 271974400.0 2074
1786494116395 272105472.0 2075
1786494118977 272236544.0 2076
1786494121558 272367616.0 2077
1786494124140 272498688.0 2078
1786494126722 272629760.0 2079
1786494129305 272760832.0 2080
1786494131887 272891904.0 2081
1786494134469 273022976.0 2082
1786494137051 273154048.0 2083
1786494139633 273285120.0 2084
1786494142214 273416192.0 2085
1786494144796 273547264.0 2086
1786494147377 273678336.0 2087
1786494149958 273809408.0 2088
1786494152540 273940480.0 2089
1786494155122 274071552.0 2090
1786494157705 274202624.0 2091
1786494160288 274333696.0 2092
1786494162870 274464768.0 2093
1786494165452 274595840.0 2094
1786494168035 274726912.0 2095
1786494170616 274857984.0 2096
1786494173204 274989056.0 2097
1786494175781 275120128.0 2098
1786494178362 275251200.0 2099
1786494180945 275382272.0 2100
1786494183528 275513344.0 2101
1786494186110 275644416.0 2102
1786494188688 275775488.0 2103
1786494191267 275906560.0 2104
1786494193846 276037632.0 2105
1786494196424 276168704.0 2106
1786494199002 276299776.0 2107
1786494201581 276430848.0 2108
1786494204166 276561920.0 2109
1786494206752 276692992.0 2110
1786494209334 276824064.0 2111
1786494211916 276955136.0 2112
1786494214500 277086208.0 2113
1786494217082 277217280.0 2114
1786494219666 277348352.0 2115
1786494222249 277479424.0 2116
1786494224831 277610496.0 2117
1786494227412 277741568.0 2118
1786494229999 277872640.0 2119
1786494232586 278003712.0 2120
1786494235174 278134784.0 2121
1786494237757 278265856.0 2122
1786494240340 278396928.0 2123
1786494242923 278528000.0 2124
1786494245505 278659072.0 2125
1786494248087 278790144.0 2126
1786494250669 278921216.0 2127
1786494253251 279052288.0 2128
1786494255834 279183360.0 2129
1786494258417 279314432.0 2130
1786494260999 279445504.0 2131
1786494263581 279576576.0 2132
1786494266163 279707648.0 2133
1786494268746 279838720.0 2134
1786494271331 279969792.0 2135
1786494273914 280100864.0 2136
1786494276496 280231936.0 2137
1786494279078 280363008.0 2138
1786494281661 280494080.0 2139
1786494284244 280625152.0 2140
1786494286826 280756224.0 2141
1786494289409 280887296.0 2142
1786494291991 281018368.0 2143
1786494294570 281149440.0 2144
1786494297154 281280512.0 2145
1786494299736 281411584.0 2146
1786494302314 281542656.0 2147
1786494304894 281673728.0 2148
1786494307476 281804800.0 2149
1786494310054 281935872.0 2150
1786494312631 282066944.0 2151
1786494315209 282198016.0 2152
1786494317786 282329088.0 2153
1786494320365 282460160.0 2154
1786494322945 282591232.0 2155
1786494325524 282722304.0 2156
1786494328102 282853376.0 2157
1786494330680 282984448.0 2158
1786494333259 283115520.0 2159
1786494335839 283246592.0 2160
1786494338419 283377664.0 2161
1786494340998 283508736.0 2162
1786494343575 283639808.0 2163
1786494346155 283770880.0 2164
1786494348734 283901952.0 2165
1786494351312 284033024.0 2166
1786494353900 284164096.0 2167
1786494356485 284295168.0 2168
1786494359068 284426240.0 2169
1786494361651 284557312.0 2170
1786494364233 284688384.0 2171
1786494366816 284819456.0 2172
1786494369400 284950528.0 2173
1786494371982 285081600.0 2174
1786494374564 285212672.0 2175
1786494377147 285343744.0 2176
1786494379728 285474816.0 2177
1786494382312 285605888.0 2178
1786494384895 285736960.0 2179
1786494387481 285868032.0 2180
1786494390064 285999104.0 2181
1786494392649 286130176.0 2182
1786494395232 286261248.0 2183
1786494397817 286392320.0 2184
1786494400401 286523392.0 2185
1786494402984 286654464.0 2186
1786494405568 286785536.0 2187
1786494408150 286916608.0 2188
1786494410734 287047680.0 2189
1786494413320 287178752.0 2190
1786494415905 287309824.0 2191
1786494418488 287440896.0 2192
1786494421071 287571968.0 2193
1786494423652 287703040.0 2194
1786494426234 287834112.0 2195
1786494428816 287965184.0 2196
1786494431398 288096256.0 2197
1786494433980 288227328.0 2198
1786494436562 288358400.0 2199
1786494439141 288489472.0 2200
1786494441718 288620544.0 2201
1786494444294 288751616.0 2202
1786494446871 288882688.0 2203
1786494449448 289013760.0 2204
1786494452025 289144832.0 2205
1786494454602 289275904.0 2206
1786494457181 289406976.0 2207
1786494459758 289538048.0 2208
1786494462335 289669120.0 2209
1786494464912 289800192.0 2210
1786494467491 289931264.0 2211
1786494470068 290062336.0 2212
1786494472646 290193408.0 2213
1786494475223 290324480.0 2214
1786494477802 290455552.0 2215
1786494480379 290586624.0 2216
1786494482956 290717696.0 2217
1786494485533 290848768.0 2218
1786494488112 290979840.0 2219
1786494490689 291110912.0 2220
1786494493266 291241984.0 2221
1786494495842 291373056.0 2222
1786494498419 291504128.0 2223
1786494500997 291635200.0 2224
1786494503574 291766272.0 2225
1786494506151 291897344.0 2226
1786494508729 292028416.0 2227
1786494511305 292159488.0 2228
1786494513882 292290560.0 2229
1786494516458 292421632.0 2230
1786494519035 292552704.0 2231
1786494521612 292683776.0 2232
1786494524189 292814848.0 2233
1786494526766 292945920.0 2234
1786494529344 293076992.0 2235
1786494531924 293208064.0 2236
1786494534511 293339136.0 2237
1786494537093 293470208.0 2238
1786494539675 293601280.0 2239
1786494542256 293732352.0 2240
1786494544838 293863424.0 2241
1786494547422 293994496.0 2242
1786494550003 294125568.0 2243
1786494552586 294256640.0 2244
1786494555168 294387712.0 2245
1786494557750 294518784.0 2246
1786494560332 294649856.0 2247
1786494562916 294780928.0 2248
1786494565504 294912000.0 2249
1786494568092 295043072.0 2250
1786494570680 295174144.0 2251
1786494573264 295305216.0 2252
1786494575847 295436288.0 2253
1786494578430 295567360.0 2254
1786494581013 295698432.0 2255
1786494583597 295829504.0 2256
1786494586180 295960576.0 2257
1786494588761 296091648.0 2258
1786494591349 296222720.0 2259
1786494593934 296353792.0 2260
1786494596515 296484864.0 2261
1786494599098 296615936.0 2262
1786494601688 296747008.0 2263
1786494604270 296878080.0 2264
1786494606861 297009152.0 2265
1786494609443 297140224.0 2266
1786494612021 297271296.0 2267
1786494614598 297402368.0 2268
1786494617177 297533440.0 2269
1786494619762 297664512.0 2270
1786494622341 297795584.0 2271
1786494624926 297926656.0 2272
1786494627508 298057728.0 2273
1786494630090 298188800.0 2274
1786494632674 298319872.0 2275
1786494635259 298450944.0 2276
1786494637842 298582016.0 2277
1786494640424 298713088.0 2278
1786494643008 298844160.0 2279
1786494645591 298975232.0 2280
1786494648174 299106304.0 2281
1786494650759 299237376.0 2282
1786494653345 299368448.0 2283
1786494655937 299499520.0 2284
1786494658525 299630592.0 2285
1786494661107 299761664.0 2286
1786494663690 299892736.0 2287
1786494666274 300023808.0 2288
1786494668855 300154880.0 2289
1786494671437 300285952.0 2290
1786494674019 300417024.0 2291
1786494676601 300548096.0 2292
1786494679183 300679168.0 2293
1786494681764 300810240.0 2294
1786494684346 300941312.0 2295
1786494686929 301072384.0 2296
1786494689509 301203456.0 2297
1786494692087 301334528.0 2298
1786494694664 301465600.0 2299
1786494697246 301596672.0 2300
1786494699828 301727744.0 2301
1786494702409 301858816.0 2302
1786494704991 301989888.0 2303
1786494707574 302120960.0 2304
1786494710162 302252032.0 2305
1786494712750 302383104.0 2306
1786494715334 302514176.0 2307
1786494717918 302645248.0 2308
1786494720502 302776320.0 2309
1786494723084 302907392.0 2310
1786494725667 303038464.0 2311
1786494728250 303169536.0 2312
1786494730833 303300608.0 2313
1786494733415 303431680.0 2314
1786494735998 303562752.0 2315
1786494738580 303693824.0 2316
1786494741165 303824896.0 2317
1786494743747 303955968.0 2318
1786494746327 304087040.0 2319
1786494748910 304218112.0 2320
1786494751492 304349184.0 2321
1786494754073 304480256.0 2322
1786494756654 304611328.0 2323
1786494759235 304742400.0 2324
1786494761821 304873472.0 2325
1786494764402 305004544.0 2326
1786494766984 305135616.0 2327
1786494769568 305266688.0 2328
1786494772155 305397760.0 2329
1786494774740 305528832.0 2330
1786494777326 305659904.0 2331
1786494779904 305790976.0 2332
1786494782483 305922048.0 2333
1786494785061 306053120.0 2334
1786494787639 306184192.0 2335
1786494790216 306315264.0 2336
1786494792794 306446336.0 2337
1786494795373 306577408.0 2338
1786494797950 306708480.0 2339
1786494800535 306839552.0 2340
1786494803119 306970624.0 2341
1786494805702 307101696.0 2342
1786494808284 307232768.0 2343
1786494810868 307363840.0 2344
1786494813451 307494912.0 2345
1786494816035 307625984.0 2346
1786494818619 307757056.0 2347
1786494821203 307888128.0 2348
1786494823788 308019200.0 2349
1786494826371 308150272.0 2350
1786494828953 308281344.0 2351
1786494831536 308412416.0 2352
1786494834118 308543488.0 2353
1786494836703 308674560.0 2354
1786494839286 308805632.0 2355
1786494841868 308936704.0 2356
1786494844451 309067776.0 2357
1786494847038 309198848.0 2358
1786494849622 309329920.0 2359
1786494852205 309460992.0 2360
1786494854787 309592064.0 2361
1786494857373 309723136.0 2362
1786494859960 309854208.0 2363
1786494862598 309985280.0 2364
1786494865181 310116352.0 2365
1786494867765 310247424.0 2366
1786494870348 310378496.0 2367
1786494872930 310509568.0 2368
1786494875513 310640640.0 2369
1786494878095 310771712.0 2370
1786494880677 310902784.0 2371
1786494883258 311033856.0 2372
1786494885840 311164928.0 2373
1786494888422 311296000.0 2374
1786494891003 311427072.0 2375
1786494893586 311558144.0 2376
1786494896169 311689216.0 2377
1786494898750 311820288.0 2378
1786494901332 311951360.0 2379
1786494903913 312082432.0 2380
1786494906496 312213504.0 2381
1786494909077 312344576.0 2382
1786494911659 312475648.0 2383
1786494914240 312606720.0 2384
1786494916821 312737792.0 2385
1786494919402 312868864.0 2386
1786494921984 312999936.0 2387
1786494924567 313131008.0 2388
1786494927151 313262080.0 2389
1786494929733 313393152.0 2390
1786494932319 313524224.0 2391
1786494934903 313655296.0 2392
1786494937486 313786368.0 2393
1786494940067 313917440.0 2394
1786494942648 314048512.0 2395
1786494945230 314179584.0 2396
1786494947814 314310656.0 2397
1786494950399 314441728.0 2398
1786494952986 314572800.0 2399
1786494955568 314703872.0 2400
1786494958151 314834944.0 2401
1786494960734 314966016.0 2402
1786494963316 315097088.0 2403
1786494965899 315228160.0 2404
1786494968481 315359232.0 2405
1786494971063 315490304.0 2406
1786494973645 315621376.0 2407
1786494976226 315752448.0 2408
1786494978808 315883520.0 2409
1786494981389 316014592.0 2410
1786494983971 316145664.0 2411
1786494986553 316276736.0 2412
1786494989135 316407808.0 2413
1786494991718 316538880.0 2414
1786494994301 316669952.0 2415
1786494996883 316801024.0 2416
1786494999465 316932096.0 2417
1786495002046 317063168.0 2418
1786495004628 317194240.0 2419
1786495007210 317325312.0 2420
1786495009793 317456384.0 2421
1786495012375 317587456.0 2422
1786495014957 317718528.0 2423
1786495017540 317849600.0 2424
1786495020121 317980672.0 2425
1786495022702 318111744.0 2426
1786495025284 318242816.0 2427
1786495027867 318373888.0 2428
1786495030449 318504960.0 2429
1786495033031 318636032.0 2430
1786495035613 318767104.0 2431
1786495038194 318898176.0 2432
1786495040776 319029248.0 2433
1786495043357 319160320.0 2434
1786495045939 319291392.0 2435
1786495048520 319422464.0 2436
1786495051102 319553536.0 2437
1786495053684 319684608.0 2438
1786495056266 319815680.0 2439
1786495058848 319946752.0 2440
1786495061431 320077824.0 2441
1786495064013 320208896.0 2442
1786495066595 320339968.0 2443
1786495069177 320471040.0 2444
1786495071761 320602112.0 2445
1786495074343 320733184.0 2446
1786495076924 320864256.0 2447
1786495079506 320995328.0 2448
1786495082089 321126400.0 2449
1786495084670 321257472.0 2450
1786495087256 321388544.0 2451
1786495089839 321519616.0 2452
1786495092422 321650688.0 2453
1786495095004 321781760.0 2454
1786495097587 321912832.0 2455
1786495100168 322043904.0 2456
1786495102750 322174976.0 2457
1786495105333 322306048.0 2458
1786495107916 322437120.0 2459
1786495110498 322568192.0 2460
1786495113081 322699264.0 2461
1786495115664 322830336.0 2462
1786495118247 322961408.0 2463
1786495120829 323092480.0 2464
1786495123413 323223552.0 2465
1786495125995 323354624.0 2466
1786495128577 323485696.0 2467
1786495131161 323616768.0 2468
1786495133744 323747840.0 2469
1786495136326 323878912.0 2470
1786495138908 324009984.0 2471
1786495141491 324141056.0 2472
1786495144073 324272128.0 2473
1786495146656 324403200.0 2474
1786495149239 324534272.0 2475
1786495151822 324665344.0 2476
1786495154405 324796416.0 2477
1786495156989 324927488.0 2478
1786495159571 325058560.0 2479
1786495162153 325189632.0 2480
1786495164735 325320704.0 2481
1786495167320 325451776.0 2482
1786495169904 325582848.0 2483
1786495172486 325713920.0 2484
1786495175069 325844992.0 2485
1786495177653 325976064.0 2486
1786495180237 326107136.0 2487
1786495182819 326238208.0 2488
1786495185400 326369280.0 2489
1786495187983 326500352.0 2490
1786495190567 326631424.0 2491
1786495193148 326762496.0 2492
1786495195735 326893568.0 2493
1786495198318 327024640.0 2494
1786495200901 327155712.0 2495
1786495203483 327286784.0 2496
1786495206066 327417856.0 2497
1786495208649 327548928.0 2498
1786495211233 327680000.0 2499
1786495215206 327811072.0 2500
1786495217788 327942144.0 2501
1786495220369 328073216.0 2502
1786495222952 328204288.0 2503
1786495225535 328335360.0 2504
1786495228118 328466432.0 2505
1786495230700 328597504.0 2506
1786495233283 328728576.0 2507
1786495235866 328859648.0 2508
1786495238448 328990720.0 2509
1786495241030 329121792.0 2510
1786495243612 329252864.0 2511
1786495246195 329383936.0 2512
1786495248777 329515008.0 2513
1786495251360 329646080.0 2514
1786495253943 329777152.0 2515
1786495256525 329908224.0 2516
1786495259107 330039296.0 2517
1786495261689 330170368.0 2518
1786495264273 330301440.0 2519
1786495266855 330432512.0 2520
1786495269438 330563584.0 2521
1786495272022 330694656.0 2522
1786495274606 330825728.0 2523
1786495277189 330956800.0 2524
1786495279771 331087872.0 2525
1786495282353 331218944.0 2526
1786495284943 331350016.0 2527
1786495287533 331481088.0 2528
1786495290123 331612160.0 2529
1786495292710 331743232.0 2530
1786495295296 331874304.0 2531
1786495297879 332005376.0 2532
1786495300461 332136448.0 2533
1786495303046 332267520.0 2534
1786495305630 332398592.0 2535
1786495308213 332529664.0 2536
1786495310796 332660736.0 2537
1786495313379 332791808.0 2538
1786495315971 332922880.0 2539
1786495318561 333053952.0 2540
1786495321144 333185024.0 2541
1786495323728 333316096.0 2542
1786495326313 333447168.0 2543
1786495328896 333578240.0 2544
1786495331478 333709312.0 2545
1786495334059 333840384.0 2546
1786495336641 333971456.0 2547
1786495339225 334102528.0 2548
1786495341807 334233600.0 2549
1786495344390 334364672.0 2550
1786495346975 334495744.0 2551
1786495349562 334626816.0 2552
1786495352144 334757888.0 2553
1786495354726 334888960.0 2554
1786495357310 335020032.0 2555
1786495359892 335151104.0 2556
1786495362475 335282176.0 2557
1786495365060 335413248.0 2558
1786495367641 335544320.0 2559
1786495370227 335675392.0 2560
1786495372817 335806464.0 2561
1786495375399 335937536.0 2562
1786495377980 336068608.0 2563
1786495380557 336199680.0 2564
1786495383133 336330752.0 2565
1786495385716 336461824.0 2566
1786495388298 336592896.0 2567
1786495390879 336723968.0 2568
1786495393460 336855040.0 2569
1786495396040 336986112.0 2570
1786495398621 337117184.0 2571
1786495401201 337248256.0 2572
1786495403782 337379328.0 2573
1786495406362 337510400.0 2574
1786495408942 337641472.0 2575
1786495411527 337772544.0 2576
1786495414108 337903616.0 2577
1786495416690 338034688.0 2578
1786495419273 338165760.0 2579
1786495421853 338296832.0 2580
1786495424434 338427904.0 2581
1786495427015 338558976.0 2582
1786495429597 338690048.0 2583
1786495432182 338821120.0 2584
1786495434764 338952192.0 2585
1786495437345 339083264.0 2586
1786495439927 339214336.0 2587
1786495442510 339345408.0 2588
1786495445093 339476480.0 2589
1786495447680 339607552.0 2590
1786495450266 339738624.0 2591
1786495452846 339869696.0 2592
1786495455428 340000768.0 2593
1786495458010 340131840.0 2594
1786495460593 340262912.0 2595
1786495463174 340393984.0 2596
1786495465755 340525056.0 2597
1786495468337 340656128.0 2598
1786495470919 340787200.0 2599
1786495473500 340918272.0 2600
1786495476082 341049344.0 2601
1786495478663 341180416.0 2602
1786495481246 341311488.0 2603
1786495483829 341442560.0 2604
1786495486411 341573632.0 2605
1786495488993 341704704.0 2606
1786495491574 341835776.0 2607
1786495494156 341966848.0 2608
1786495496737 342097920.0 2609
1786495499318 342228992.0 2610
1786495501899 342360064.0 2611
1786495504482 342491136.0 2612
1786495507076 342622208.0 2613
1786495509656 342753280.0 2614
1786495512245 342884352.0 2615
1786495514826 343015424.0 2616
1786495517408 343146496.0 2617
1786495519999 343277568.0 2618
1786495522590 343408640.0 2619
1786495525181 343539712.0 2620
1786495527758 343670784.0 2621
1786495530334 343801856.0 2622
1786495532910 343932928.0 2623
1786495535487 344064000.0 2624
1786495538065 344195072.0 2625
1786495540642 344326144.0 2626
1786495543220 344457216.0 2627
1786495545802 344588288.0 2628
1786495548385 344719360.0 2629
1786495550971 344850432.0 2630
1786495553554 344981504.0 2631
1786495556141 345112576.0 2632
1786495558728 345243648.0 2633
1786495561315 345374720.0 2634
1786495563904 345505792.0 2635
1786495566488 345636864.0 2636
1786495569068 345767936.0 2637
1786495571648 345899008.0 2638
1786495574229 346030080.0 2639
1786495576811 346161152.0 2640
1786495579392 346292224.0 2641
1786495581978 346423296.0 2642
1786495584560 346554368.0 2643
1786495587142 346685440.0 2644
1786495589725 346816512.0 2645
1786495592306 346947584.0 2646
1786495594889 347078656.0 2647
1786495597472 347209728.0 2648
1786495600055 347340800.0 2649
1786495602638 347471872.0 2650
1786495605221 347602944.0 2651
1786495607804 347734016.0 2652
1786495610388 347865088.0 2653
1786495612971 347996160.0 2654
1786495615557 348127232.0 2655
1786495618139 348258304.0 2656
1786495620722 348389376.0 2657
1786495623305 348520448.0 2658
1786495625887 348651520.0 2659
1786495628471 348782592.0 2660
1786495631054 348913664.0 2661
1786495633636 349044736.0 2662
1786495636217 349175808.0 2663
1786495638799 349306880.0 2664
1786495641380 349437952.0 2665
1786495643962 349569024.0 2666
1786495646544 349700096.0 2667
1786495649127 349831168.0 2668
1786495651710 349962240.0 2669
1786495654293 350093312.0 2670
1786495656876 350224384.0 2671
1786495659458 350355456.0 2672
1786495662039 350486528.0 2673
1786495664623 350617600.0 2674
1786495667207 350748672.0 2675
1786495669788 350879744.0 2676
1786495672373 351010816.0 2677
1786495674955 351141888.0 2678
1786495677536 351272960.0 2679
1786495680120 351404032.0 2680
1786495682702 351535104.0 2681
1786495685284 351666176.0 2682
1786495687865 351797248.0 2683
1786495690446 351928320.0 2684
1786495693028 352059392.0 2685
1786495695609 352190464.0 2686
1786495698190 352321536.0 2687
1786495700772 352452608.0 2688
1786495703353 352583680.0 2689
1786495705933 352714752.0 2690
1786495708514 352845824.0 2691
1786495711095 352976896.0 2692
1786495713678 353107968.0 2693
1786495716259 353239040.0 2694
1786495718839 353370112.0 2695
1786495721421 353501184.0 2696
1786495724002 353632256.0 2697
1786495726583 353763328.0 2698
1786495729164 353894400.0 2699
1786495731745 354025472.0 2700
1786495734325 354156544.0 2701
1786495736900 354287616.0 2702
1786495739477 354418688.0 2703
1786495742053 354549760.0 2704
1786495744630 354680832.0 2705
1786495747208 354811904.0 2706
1786495749784 354942976.0 2707
1786495752360 355074048.0 2708
1786495754936 355205120.0 2709
1786495757512 355336192.0 2710
1786495760088 355467264.0 2711
1786495762664 355598336.0 2712
1786495765240 355729408.0 2713
1786495767817 355860480.0 2714
1786495770392 355991552.0 2715
1786495772968 356122624.0 2716
1786495775545 356253696.0 2717
1786495778121 356384768.0 2718
1786495780698 356515840.0 2719
1786495783274 356646912.0 2720
1786495785850 356777984.0 2721
1786495788426 356909056.0 2722
1786495791002 357040128.0 2723
1786495793579 357171200.0 2724
1786495796157 357302272.0 2725
1786495798733 357433344.0 2726
1786495801313 357564416.0 2727
1786495803899 357695488.0 2728
1786495806482 357826560.0 2729
1786495809065 357957632.0 2730
1786495811650 358088704.0 2731
1786495814233 358219776.0 2732
1786495816814 358350848.0 2733
1786495819397 358481920.0 2734
1786495821979 358612992.0 2735
1786495824561 358744064.0 2736
1786495827142 358875136.0 2737
1786495829723 359006208.0 2738
1786495832305 359137280.0 2739
1786495834887 359268352.0 2740
1786495837468 359399424.0 2741
1786495840050 359530496.0 2742
1786495842632 359661568.0 2743
1786495845216 359792640.0 2744
1786495847798 359923712.0 2745
1786495850385 360054784.0 2746
1786495852962 360185856.0 2747
1786495855539 360316928.0 2748
1786495858117 360448000.0 2749
1786495860693 360579072.0 2750
1786495863269 360710144.0 2751
1786495865846 360841216.0 2752
1786495868422 360972288.0 2753
1786495870998 361103360.0 2754
1786495873575 361234432.0 2755
1786495876151 361365504.0 2756
1786495878728 361496576.0 2757
1786495881305 361627648.0 2758
1786495883881 361758720.0 2759
1786495886458 361889792.0 2760
1786495889034 362020864.0 2761
1786495891610 362151936.0 2762
1786495894186 362283008.0 2763
1786495896763 362414080.0 2764
1786495899339 362545152.0 2765
1786495901914 362676224.0 2766
1786495904490 362807296.0 2767
1786495907066 362938368.0 2768
1786495909643 363069440.0 2769
1786495912221 363200512.0 2770
1786495914798 363331584.0 2771
1786495917374 363462656.0 2772
1786495919951 363593728.0 2773
1786495922527 363724800.0 2774
1786495925103 363855872.0 2775
1786495927680 363986944.0 2776
1786495930257 364118016.0 2777
1786495932834 364249088.0 2778
1786495935410 364380160.0 2779
1786495937986 364511232.0 2780
1786495940562 364642304.0 2781
1786495943139 364773376.0 2782
1786495945715 364904448.0 2783
1786495948293 365035520.0 2784
1786495950870 365166592.0 2785
1786495953447 365297664.0 2786
1786495956024 365428736.0 2787
1786495958601 365559808.0 2788
1786495961178 365690880.0 2789
1786495963753 365821952.0 2790
1786495966329 365953024.0 2791
1786495968905 366084096.0 2792
1786495971484 366215168.0 2793
1786495974061 366346240.0 2794
1786495976642 366477312.0 2795
1786495979223 366608384.0 2796
1786495981805 366739456.0 2797
1786495984385 366870528.0 2798
1786495986966 367001600.0 2799
1786495989547 367132672.0 2800
1786495992128 367263744.0 2801
1786495994709 367394816.0 2802
1786495997290 367525888.0 2803
1786495999870 367656960.0 2804
1786496002452 367788032.0 2805
1786496005033 367919104.0 2806
1786496007614 368050176.0 2807
1786496010196 368181248.0 2808
1786496012777 368312320.0 2809
1786496015358 368443392.0 2810
1786496017939 368574464.0 2811
1786496020520 368705536.0 2812
1786496023100 368836608.0 2813
1786496025681 368967680.0 2814
1786496028262 369098752.0 2815
1786496030842 369229824.0 2816
1786496033423 369360896.0 2817
1786496036004 369491968.0 2818
1786496038586 369623040.0 2819
1786496041169 369754112.0 2820
1786496043749 369885184.0 2821
1786496046331 370016256.0 2822
1786496048912 370147328.0 2823
1786496051494 370278400.0 2824
1786496054076 370409472.0 2825
1786496056658 370540544.0 2826
1786496059240 370671616.0 2827
1786496061822 370802688.0 2828
1786496064403 370933760.0 2829
1786496066985 371064832.0 2830
1786496069566 371195904.0 2831
1786496072148 371326976.0 2832
1786496074730 371458048.0 2833
1786496077313 371589120.0 2834
1786496079895 371720192.0 2835
1786496082476 371851264.0 2836
1786496085056 371982336.0 2837
1786496087637 372113408.0 2838
1786496090218 372244480.0 2839
1786496092798 372375552.0 2840
1786496095378 372506624.0 2841
1786496097959 372637696.0 2842
1786496100539 372768768.0 2843
1786496103118 372899840.0 2844
1786496105699 373030912.0 2845
1786496108281 373161984.0 2846
1786496110862 373293056.0 2847
1786496113442 373424128.0 2848
1786496116023 373555200.0 2849
1786496118603 373686272.0 2850
1786496121183 373817344.0 2851
1786496123763 373948416.0 2852
1786496126344 374079488.0 2853
1786496128925 374210560.0 2854
1786496131506 374341632.0 2855
1786496134086 374472704.0 2856
1786496136666 374603776.0 2857
1786496139247 374734848.0 2858
1786496141827 374865920.0 2859
1786496144407 374996992.0 2860
1786496146987 375128064.0 2861
1786496149568 375259136.0 2862
1786496152149 375390208.0 2863
1786496154729 375521280.0 2864
1786496157313 375652352.0 2865
1786496159898 375783424.0 2866
1786496162484 375914496.0 2867
1786496165067 376045568.0 2868
1786496167650 376176640.0 2869
1786496170226 376307712.0 2870
1786496172803 376438784.0 2871
1786496175379 376569856.0 2872
1786496177954 376700928.0 2873
1786496180530 376832000.0 2874
1786496183106 376963072.0 2875
1786496185682 377094144.0 2876
1786496188258 377225216.0 2877
1786496190834 377356288.0 2878
1786496193410 377487360.0 2879
1786496195987 377618432.0 2880
1786496198563 377749504.0 2881
1786496201140 377880576.0 2882
1786496203721 378011648.0 2883
1786496206303 378142720.0 2884
1786496208883 378273792.0 2885
1786496211466 378404864.0 2886
1786496214051 378535936.0 2887
1786496216633 378667008.0 2888
1786496219214 378798080.0 2889
1786496221796 378929152.0 2890
1786496224377 379060224.0 2891
1786496226959 379191296.0 2892
1786496229541 379322368.0 2893
1786496232122 379453440.0 2894
1786496234703 379584512.0 2895
1786496237285 379715584.0 2896
1786496239866 379846656.0 2897
1786496242447 379977728.0 2898
1786496245027 380108800.0 2899
1786496247608 380239872.0 2900
1786496250190 380370944.0 2901
1786496252772 380502016.0 2902
1786496255354 380633088.0 2903
1786496257935 380764160.0 2904
1786496260516 380895232.0 2905
1786496263097 381026304.0 2906
1786496265678 381157376.0 2907
1786496268258 381288448.0 2908
1786496270846 381419520.0 2909
1786496273434 381550592.0 2910
1786496276019 381681664.0 2911
1786496278602 381812736.0 2912
1786496281184 381943808.0 2913
1786496283767 382074880.0 2914
1786496286349 382205952.0 2915
1786496288931 382337024.0 2916
1786496291513 382468096.0 2917
1786496294095 382599168.0 2918
1786496296677 382730240.0 2919
1786496299260 382861312.0 2920
1786496301841 382992384.0 2921
1786496304424 383123456.0 2922
1786496307007 383254528.0 2923
1786496309591 383385600.0 2924
1786496312174 383516672.0 2925
1786496314758 383647744.0 2926
1786496317340 383778816.0 2927
1786496319921 383909888.0 2928
1786496322503 384040960.0 2929
1786496325087 384172032.0 2930
1786496327672 384303104.0 2931
1786496330254 384434176.0 2932
1786496332839 384565248.0 2933
1786496335422 384696320.0 2934
1786496338002 384827392.0 2935
1786496340582 384958464.0 2936
1786496343161 385089536.0 2937
1786496345742 385220608.0 2938
1786496348322 385351680.0 2939
1786496350902 385482752.0 2940
1786496353481 385613824.0 2941
1786496356061 385744896.0 2942
1786496358641 385875968.0 2943
1786496361221 386007040.0 2944
1786496363801 386138112.0 2945
1786496366380 386269184.0 2946
1786496368963 386400256.0 2947
1786496371544 386531328.0 2948
1786496374124 386662400.0 2949
1786496376703 386793472.0 2950
1786496379284 386924544.0 2951
1786496381865 387055616.0 2952
1786496384445 387186688.0 2953
1786496387027 387317760.0 2954
1786496389610 387448832.0 2955
1786496392194 387579904.0 2956
1786496394775 387710976.0 2957
1786496397356 387842048.0 2958
1786496399937 387973120.0 2959
1786496402518 388104192.0 2960
1786496405111 388235264.0 2961
1786496407694 388366336.0 2962
1786496410278 388497408.0 2963
1786496412861 388628480.0 2964
1786496415442 388759552.0 2965
1786496418023 388890624.0 2966
1786496420604 389021696.0 2967
1786496423186 389152768.0 2968
1786496425766 389283840.0 2969
1786496428348 389414912.0 2970
1786496430930 389545984.0 2971
1786496433517 389677056.0 2972
1786496436100 389808128.0 2973
1786496438681 389939200.0 2974
1786496441263 390070272.0 2975
1786496443845 390201344.0 2976
1786496446426 390332416.0 2977
1786496449009 390463488.0 2978
1786496451597 390594560.0 2979
1786496454183 390725632.0 2980
1786496456766 390856704.0 2981
1786496459345 390987776.0 2982
1786496461922 391118848.0 2983
1786496464499 391249920.0 2984
1786496467077 391380992.0 2985
1786496469654 391512064.0 2986
1786496472231 391643136.0 2987
1786496474809 391774208.0 2988
1786496477385 391905280.0 2989
1786496479963 392036352.0 2990
1786496482539 392167424.0 2991
1786496485117 392298496.0 2992
1786496487693 392429568.0 2993
1786496490270 392560640.0 2994
1786496492847 392691712.0 2995
1786496495424 392822784.0 2996
1786496498001 392953856.0 2997
1786496500579 393084928.0 2998
1786496503162 393216000.0 2999
1786496507140 393347072.0 3000
1786496509722 393478144.0 3001
1786496512304 393609216.0 3002
1786496514887 393740288.0 3003
1786496517469 393871360.0 3004
1786496520052 394002432.0 3005
1786496522634 394133504.0 3006
1786496525215 394264576.0 3007
1786496527798 394395648.0 3008
1786496530380 394526720.0 3009
1786496532967 394657792.0 3010
1786496535546 394788864.0 3011
1786496538122 394919936.0 3012
1786496540698 395051008.0 3013
1786496543274 395182080.0 3014
1786496545856 395313152.0 3015
1786496548438 395444224.0 3016
1786496551019 395575296.0 3017
1786496553600 395706368.0 3018
1786496556182 395837440.0 3019
1786496558764 395968512.0 3020
1786496561345 396099584.0 3021
1786496563926 396230656.0 3022
1786496566510 396361728.0 3023
1786496569091 396492800.0 3024
1786496571674 396623872.0 3025
1786496574255 396754944.0 3026
1786496576837 396886016.0 3027
1786496579417 397017088.0 3028
1786496581998 397148160.0 3029
1786496584579 397279232.0 3030
1786496587162 397410304.0 3031
1786496589742 397541376.0 3032
1786496592330 397672448.0 3033
1786496594910 397803520.0 3034
1786496597487 397934592.0 3035
1786496600064 398065664.0 3036
1786496602641 398196736.0 3037
1786496605223 398327808.0 3038
1786496607804 398458880.0 3039
1786496610387 398589952.0 3040
1786496612972 398721024.0 3041
1786496615554 398852096.0 3042
1786496618136 398983168.0 3043
1786496620719 399114240.0 3044
1786496623301 399245312.0 3045
1786496625887 399376384.0 3046
1786496628475 399507456.0 3047
1786496631058 399638528.0 3048
1786496633648 399769600.0 3049
1786496636236 399900672.0 3050
1786496638826 400031744.0 3051
1786496641414 400162816.0 3052
1786496644001 400293888.0 3053
1786496646588 400424960.0 3054
1786496649175 400556032.0 3055
1786496651767 400687104.0 3056
1786496654350 400818176.0 3057
1786496656932 400949248.0 3058
1786496659515 401080320.0 3059
1786496662098 401211392.0 3060
1786496664681 401342464.0 3061
1786496667262 401473536.0 3062
1786496669844 401604608.0 3063
1786496672427 401735680.0 3064
1786496675009 401866752.0 3065
1786496677593 401997824.0 3066
1786496680175 402128896.0 3067
1786496682763 402259968.0 3068
1786496685346 402391040.0 3069
1786496687927 402522112.0 3070
1786496690509 402653184.0 3071
1786496693091 402784256.0 3072
1786496695673 402915328.0 3073
1786496698252 403046400.0 3074
1786496700828 403177472.0 3075
1786496703405 403308544.0 3076
1786496705982 403439616.0 3077
1786496708560 403570688.0 3078
1786496711136 403701760.0 3079
1786496713713 403832832.0 3080
1786496716290 403963904.0 3081
1786496718867 404094976.0 3082
1786496721444 404226048.0 3083
1786496724021 404357120.0 3084
1786496726599 404488192.0 3085
1786496729176 404619264.0 3086
1786496731753 404750336.0 3087
1786496734330 404881408.0 3088
1786496736907 405012480.0 3089
1786496739483 405143552.0 3090
1786496742060 405274624.0 3091
1786496744640 405405696.0 3092
1786496747220 405536768.0 3093
1786496749798 405667840.0 3094
1786496752379 405798912.0 3095
1786496754962 405929984.0 3096
1786496757547 406061056.0 3097
1786496760131 406192128.0 3098
1786496762715 406323200.0 3099
1786496765297 406454272.0 3100
1786496767880 406585344.0 3101
1786496770463 406716416.0 3102
1786496773044 406847488.0 3103
1786496775627 406978560.0 3104
1786496778210 407109632.0 3105
1786496780798 407240704.0 3106
1786496783380 407371776.0 3107
1786496785961 407502848.0 3108
1786496788542 407633920.0 3109
1786496791122 407764992.0 3110
1786496793698 407896064.0 3111
1786496796280 408027136.0 3112
1786496798861 408158208.0 3113
1786496801442 408289280.0 3114
1786496804024 408420352.0 3115
1786496806601 408551424.0 3116
1786496809181 408682496.0 3117
1786496811764 408813568.0 3118
1786496814348 408944640.0 3119
1786496816930 409075712.0 3120
1786496819510 409206784.0 3121
1786496822092 409337856.0 3122
1786496824672 409468928.0 3123
1786496827255 409600000.0 3124
1786496829833 409731072.0 3125
1786496832414 409862144.0 3126
1786496834996 409993216.0 3127
1786496837577 410124288.0 3128
1786496840155 410255360.0 3129
1786496842732 410386432.0 3130
1786496845309 410517504.0 3131
1786496847885 410648576.0 3132
1786496850462 410779648.0 3133
1786496853038 410910720.0 3134
1786496855614 411041792.0 3135
1786496858190 411172864.0 3136
1786496860775 411303936.0 3137
1786496863358 411435008.0 3138
1786496865943 411566080.0 3139
1786496868524 411697152.0 3140
1786496871105 411828224.0 3141
1786496873689 411959296.0 3142
1786496876269 412090368.0 3143
1786496878851 412221440.0 3144
1786496881432 412352512.0 3145
1786496884014 412483584.0 3146
1786496886595 412614656.0 3147
1786496889173 412745728.0 3148
1786496891751 412876800.0 3149
1786496894329 413007872.0 3150
1786496896905 413138944.0 3151
1786496899482 413270016.0 3152
1786496902058 413401088.0 3153
1786496904635 413532160.0 3154
1786496907213 413663232.0 3155
1786496909790 413794304.0 3156
1786496912366 413925376.0 3157
1786496914942 414056448.0 3158
1786496917519 414187520.0 3159
1786496920095 414318592.0 3160
1786496922672 414449664.0 3161
1786496925250 414580736.0 3162
1786496927827 414711808.0 3163
1786496930403 414842880.0 3164
1786496932983 414973952.0 3165
1786496935564 415105024.0 3166
1786496938145 415236096.0 3167
1786496940725 415367168.0 3168
1786496943305 415498240.0 3169
1786496945886 415629312.0 3170
1786496948467 415760384.0 3171
1786496951048 415891456.0 3172
1786496953631 416022528.0 3173
1786496956209 416153600.0 3174
1786496958787 416284672.0 3175
1786496961364 416415744.0 3176
1786496963942 416546816.0 3177
1786496966519 416677888.0 3178
1786496969096 416808960.0 3179
1786496971673 416940032.0 3180
1786496974254 417071104.0 3181
1786496976832 417202176.0 3182
1786496979413 417333248.0 3183
1786496981993 417464320.0 3184
1786496984574 417595392.0 3185
1786496987158 417726464.0 3186
1786496989742 417857536.0 3187
1786496992328 417988608.0 3188
1786496994912 418119680.0 3189
1786496997496 418250752.0 3190
1786497000079 418381824.0 3191
1786497002660 418512896.0 3192
1786497005244 418643968.0 3193
1786497007829 418775040.0 3194
1786497010417 418906112.0 3195
1786497013001 419037184.0 3196
1786497015585 419168256.0 3197
1786497018169 419299328.0 3198
1786497020753 419430400.0 3199
1786497023337 419561472.0 3200
1786497025923 419692544.0 3201
1786497028507 419823616.0 3202
1786497031092 419954688.0 3203
1786497033669 420085760.0 3204
1786497036246 420216832.0 3205
1786497038822 420347904.0 3206
1786497041399 420478976.0 3207
1786497043976 420610048.0 3208
1786497046552 420741120.0 3209
1786497049129 420872192.0 3210
1786497051713 421003264.0 3211
1786497054298 421134336.0 3212
1786497056884 421265408.0 3213
1786497059468 421396480.0 3214
1786497062052 421527552.0 3215
1786497064636 421658624.0 3216
1786497067216 421789696.0 3217
1786497069792 421920768.0 3218
1786497072369 422051840.0 3219
1786497074946 422182912.0 3220
1786497077523 422313984.0 3221
1786497080108 422445056.0 3222
1786497082692 422576128.0 3223
1786497085276 422707200.0 3224
1786497087859 422838272.0 3225
1786497090445 422969344.0 3226
1786497093029 423100416.0 3227
1786497095613 423231488.0 3228
1786497098196 423362560.0 3229
1786497100781 423493632.0 3230
1786497103365 423624704.0 3231
1786497105945 423755776.0 3232
1786497108523 423886848.0 3233
1786497111102 424017920.0 3234
1786497113679 424148992.0 3235
1786497116257 424280064.0 3236
1786497118834 424411136.0 3237
1786497121411 424542208.0 3238
1786497123990 424673280.0 3239
1786497126567 424804352.0 3240
1786497129144 424935424.0 3241
1786497131721 425066496.0 3242
1786497134298 425197568.0 3243
1786497136875 425328640.0 3244
1786497139452 425459712.0 3245
1786497142031 425590784.0 3246
1786497144611 425721856.0 3247
1786497147190 425852928.0 3248
1786497149769 425984000.0 3249
1786497152352 426115072.0 3250
1786497154934 426246144.0 3251
1786497157512 426377216.0 3252
1786497160090 426508288.0 3253
1786497162667 426639360.0 3254
1786497165246 426770432.0 3255
1786497167827 426901504.0 3256
1786497170409 427032576.0 3257
1786497172992 427163648.0 3258
1786497175580 427294720.0 3259
1786497178161 427425792.0 3260
1786497180738 427556864.0 3261
1786497183315 427687936.0 3262
1786497185893 427819008.0 3263
1786497188470 427950080.0 3264
1786497191047 428081152.0 3265
1786497193624 428212224.0 3266
1786497196201 428343296.0 3267
1786497198778 428474368.0 3268
1786497201355 428605440.0 3269
1786497203932 428736512.0 3270
1786497206509 428867584.0 3271
1786497209086 428998656.0 3272
1786497211663 429129728.0 3273
1786497214240 429260800.0 3274
1786497216818 429391872.0 3275
1786497219403 429522944.0 3276
1786497221987 429654016.0 3277
1786497224571 429785088.0 3278
1786497227155 429916160.0 3279
1786497229737 430047232.0 3280
1786497232315 430178304.0 3281
1786497234901 430309376.0 3282
1786497237487 430440448.0 3283
1786497240068 430571520.0 3284
1786497242650 430702592.0 3285
1786497245232 430833664.0 3286
1786497247813 430964736.0 3287
1786497250394 431095808.0 3288
1786497252976 431226880.0 3289
1786497255557 431357952.0 3290
1786497258139 431489024.0 3291
1786497260721 431620096.0 3292
1786497263304 431751168.0 3293
1786497265885 431882240.0 3294
1786497268467 432013312.0 3295
1786497271049 432144384.0 3296
1786497273632 432275456.0 3297
1786497276214 432406528.0 3298
1786497278796 432537600.0 3299
1786497281380 432668672.0 3300
1786497283964 432799744.0 3301
1786497286554 432930816.0 3302
1786497289144 433061888.0 3303
1786497291731 433192960.0 3304
1786497294317 433324032.0 3305
1786497296899 433455104.0 3306
1786497299481 433586176.0 3307
1786497302065 433717248.0 3308
1786497304649 433848320.0 3309
1786497307242 433979392.0 3310
1786497309824 434110464.0 3311
1786497312407 434241536.0 3312
1786497314989 434372608.0 3313
1786497317571 434503680.0 3314
1786497320156 434634752.0 3315
1786497322745 434765824.0 3316
1786497325327 434896896.0 3317
1786497327908 435027968.0 3318
1786497330490 435159040.0 3319
1786497333077 435290112.0 3320
1786497335660 435421184.0 3321
1786497338248 435552256.0 3322
1786497340834 435683328.0 3323
1786497343416 435814400.0 3324
1786497345999 435945472.0 3325
1786497348582 436076544.0 3326
1786497351170 436207616.0 3327
1786497353759 436338688.0 3328
1786497356338 436469760.0 3329
1786497358915 436600832.0 3330
1786497361491 436731904.0 3331
1786497364068 436862976.0 3332
1786497366644 436994048.0 3333
1786497369220 437125120.0 3334
1786497371797 437256192.0 3335
1786497374373 437387264.0 3336
1786497376949 437518336.0 3337
1786497379525 437649408.0 3338
1786497382102 437780480.0 3339
1786497384680 437911552.0 3340
1786497387256 438042624.0 3341
1786497389832 438173696.0 3342
1786497392408 438304768.0 3343
1786497394984 438435840.0 3344
1786497397560 438566912.0 3345
1786497400136 438697984.0 3346
1786497402711 438829056.0 3347
1786497405287 438960128.0 3348
1786497407862 439091200.0 3349
1786497410438 439222272.0 3350
1786497413014 439353344.0 3351
1786497415590 439484416.0 3352
1786497418167 439615488.0 3353
1786497420743 439746560.0 3354
1786497423318 439877632.0 3355
1786497425894 440008704.0 3356
1786497428471 440139776.0 3357
1786497431047 440270848.0 3358
1786497433627 440401920.0 3359
1786497436209 440532992.0 3360
1786497438792 440664064.0 3361
1786497441375 440795136.0 3362
1786497443958 440926208.0 3363
1786497446539 441057280.0 3364
1786497449121 441188352.0 3365
1786497451704 441319424.0 3366
1786497454287 441450496.0 3367
1786497456869 441581568.0 3368
1786497459453 441712640.0 3369
1786497462035 441843712.0 3370
1786497464620 441974784.0 3371
1786497467199 442105856.0 3372
1786497469779 442236928.0 3373
1786497472365 442368000.0 3374
1786497474947 442499072.0 3375
1786497477530 442630144.0 3376
1786497480114 442761216.0 3377
1786497482696 442892288.0 3378
1786497485278 443023360.0 3379
1786497487861 443154432.0 3380
1786497490444 443285504.0 3381
1786497493029 443416576.0 3382
1786497495612 443547648.0 3383
1786497498194 443678720.0 3384
1786497500776 443809792.0 3385
1786497503359 443940864.0 3386
1786497505941 444071936.0 3387
1786497508522 444203008.0 3388
1786497511104 444334080.0 3389
1786497513685 444465152.0 3390
1786497516267 444596224.0 3391
1786497518848 444727296.0 3392
1786497521429 444858368.0 3393
1786497524010 444989440.0 3394
1786497526591 445120512.0 3395
1786497529173 445251584.0 3396
1786497531755 445382656.0 3397
1786497534338 445513728.0 3398
1786497536919 445644800.0 3399
1786497539501 445775872.0 3400
1786497542086 445906944.0 3401
1786497544664 446038016.0 3402
1786497547240 446169088.0 3403
1786497549817 446300160.0 3404
1786497552394 446431232.0 3405
1786497554972 446562304.0 3406
1786497557550 446693376.0 3407
1786497560127 446824448.0 3408
1786497562704 446955520.0 3409
1786497565281 447086592.0 3410
1786497567864 447217664.0 3411
1786497570446 447348736.0 3412
1786497573029 447479808.0 3413
1786497575613 447610880.0 3414
1786497578197 447741952.0 3415
1786497580781 447873024.0 3416
1786497583362 448004096.0 3417
1786497585944 448135168.0 3418
1786497588525 448266240.0 3419
1786497591108 448397312.0 3420
1786497593696 448528384.0 3421
1786497596278 448659456.0 3422
1786497598860 448790528.0 3423
1786497601442 448921600.0 3424
1786497604026 449052672.0 3425
1786497606616 449183744.0 3426
1786497609199 449314816.0 3427
1786497611783 449445888.0 3428
1786497614367 449576960.0 3429
1786497616950 449708032.0 3430
1786497619534 449839104.0 3431
1786497622115 449970176.0 3432
1786497624696 450101248.0 3433
1786497627277 450232320.0 3434
1786497629859 450363392.0 3435
1786497632440 450494464.0 3436
1786497635021 450625536.0 3437
1786497637602 450756608.0 3438
1786497640184 450887680.0 3439
1786497642765 451018752.0 3440
1786497645346 451149824.0 3441
1786497647931 451280896.0 3442
1786497650513 451411968.0 3443
1786497653095 451543040.0 3444
1786497655675 451674112.0 3445
1786497658258 451805184.0 3446
1786497660840 451936256.0 3447
1786497663420 452067328.0 3448
1786497666000 452198400.0 3449
1786497668582 452329472.0 3450
1786497671162 452460544.0 3451
1786497673742 452591616.0 3452
1786497676323 452722688.0 3453
1786497678908 452853760.0 3454
1786497681489 452984832.0 3455
1786497684070 453115904.0 3456
1786497686651 453246976.0 3457
1786497689234 453378048.0 3458
1786497691823 453509120.0 3459
1786497694415 453640192.0 3460
1786497696999 453771264.0 3461
1786497699584 453902336.0 3462
1786497702174 454033408.0 3463
1786497704763 454164480.0 3464
1786497707346 454295552.0 3465
1786497709927 454426624.0 3466
1786497712511 454557696.0 3467
1786497715095 454688768.0 3468
1786497717676 454819840.0 3469
1786497720258 454950912.0 3470
1786497722841 455081984.0 3471
1786497725423 455213056.0 3472
1786497728004 455344128.0 3473
1786497730585 455475200.0 3474
1786497733167 455606272.0 3475
1786497735748 455737344.0 3476
1786497738330 455868416.0 3477
1786497740912 455999488.0 3478
1786497743493 456130560.0 3479
1786497746076 456261632.0 3480
1786497748658 456392704.0 3481
1786497751238 456523776.0 3482
1786497753822 456654848.0 3483
1786497756403 456785920.0 3484
1786497758984 456916992.0 3485
1786497761566 457048064.0 3486
1786497764147 457179136.0 3487
1786497766728 457310208.0 3488
1786497769309 457441280.0 3489
1786497771893 457572352.0 3490
1786497774478 457703424.0 3491
1786497777061 457834496.0 3492
1786497779643 457965568.0 3493
1786497782224 458096640.0 3494
1786497784805 458227712.0 3495
1786497787386 458358784.0 3496
1786497789968 458489856.0 3497
1786497792549 458620928.0 3498
1786497795131 458752000.0 3499
1786497799105 458883072.0 3500
1786497801685 459014144.0 3501
1786497804265 459145216.0 3502
1786497806845 459276288.0 3503
1786497809426 459407360.0 3504
1786497812007 459538432.0 3505
1786497814588 459669504.0 3506
1786497817171 459800576.0 3507
1786497819753 459931648.0 3508
1786497822335 460062720.0 3509
1786497824918 460193792.0 3510
1786497827501 460324864.0 3511
1786497830083 460455936.0 3512
1786497832665 460587008.0 3513
1786497835245 460718080.0 3514
1786497837830 460849152.0 3515
1786497840411 460980224.0 3516
1786497842993 461111296.0 3517
1786497845576 461242368.0 3518
1786497848157 461373440.0 3519
1786497850739 461504512.0 3520
1786497853322 461635584.0 3521
1786497855904 461766656.0 3522
1786497858486 461897728.0 3523
1786497861067 462028800.0 3524
1786497863648 462159872.0 3525
1786497866228 462290944.0 3526
1786497868809 462422016.0 3527
1786497871389 462553088.0 3528
1786497873970 462684160.0 3529
1786497876552 462815232.0 3530
1786497879132 462946304.0 3531
1786497881713 463077376.0 3532
1786497884292 463208448.0 3533
1786497886873 463339520.0 3534
1786497889455 463470592.0 3535
1786497892037 463601664.0 3536
1786497894620 463732736.0 3537
1786497897202 463863808.0 3538
1786497899785 463994880.0 3539
1786497902367 464125952.0 3540
1786497904948 464257024.0 3541
1786497907529 464388096.0 3542
1786497910111 464519168.0 3543
1786497912694 464650240.0 3544
1786497915276 464781312.0 3545
1786497917858 464912384.0 3546
1786497920441 465043456.0 3547
1786497923026 465174528.0 3548
1786497925608 465305600.0 3549
1786497928190 465436672.0 3550
1786497930776 465567744.0 3551
1786497933359 465698816.0 3552
1786497935936 465829888.0 3553
1786497938514 465960960.0 3554
1786497941094 466092032.0 3555
1786497943675 466223104.0 3556
1786497946254 466354176.0 3557
1786497948834 466485248.0 3558
1786497951416 466616320.0 3559
1786497954001 466747392.0 3560
1786497956586 466878464.0 3561
1786497959168 467009536.0 3562
1786497961751 467140608.0 3563
1786497964334 467271680.0 3564
1786497966918 467402752.0 3565
1786497969501 467533824.0 3566
1786497972084 467664896.0 3567
1786497974673 467795968.0 3568
1786497977256 467927040.0 3569
1786497979842 468058112.0 3570
1786497982425 468189184.0 3571
1786497985007 468320256.0 3572
1786497987588 468451328.0 3573
1786497990169 468582400.0 3574
1786497992751 468713472.0 3575
1786497995334 468844544.0 3576
1786497997915 468975616.0 3577
1786498000497 469106688.0 3578
1786498003078 469237760.0 3579
1786498005659 469368832.0 3580
1786498008242 469499904.0 3581
1786498010828 469630976.0 3582
1786498013411 469762048.0 3583
1786498015994 469893120.0 3584
1786498018577 470024192.0 3585
1786498021161 470155264.0 3586
1786498023744 470286336.0 3587
1786498026328 470417408.0 3588
1786498028913 470548480.0 3589
1786498031498 470679552.0 3590
1786498034082 470810624.0 3591
1786498036666 470941696.0 3592
1786498039251 471072768.0 3593
1786498041836 471203840.0 3594
1786498044421 471334912.0 3595
1786498047006 471465984.0 3596
1786498049589 471597056.0 3597
1786498052174 471728128.0 3598
1786498054760 471859200.0 3599
1786498057350 471990272.0 3600
1786498059938 472121344.0 3601
1786498062525 472252416.0 3602
1786498065109 472383488.0 3603
1786498067697 472514560.0 3604
1786498070279 472645632.0 3605
1786498072863 472776704.0 3606
1786498075446 472907776.0 3607
1786498078030 473038848.0 3608
1786498080612 473169920.0 3609
1786498083196 473300992.0 3610
1786498085779 473432064.0 3611
1786498088363 473563136.0 3612
1786498090944 473694208.0 3613
1786498093529 473825280.0 3614
1786498096116 473956352.0 3615
1786498098697 474087424.0 3616
1786498101279 474218496.0 3617
1786498103861 474349568.0 3618
1786498106444 474480640.0 3619
1786498109026 474611712.0 3620
1786498111608 474742784.0 3621
1786498114190 474873856.0 3622
1786498116772 475004928.0 3623
1786498119356 475136000.0 3624
1786498121939 475267072.0 3625
1786498124521 475398144.0 3626
1786498127106 475529216.0 3627
1786498129688 475660288.0 3628
1786498132272 475791360.0 3629
1786498134855 475922432.0 3630
1786498137437 476053504.0 3631
1786498140019 476184576.0 3632
1786498142601 476315648.0 3633
1786498145182 476446720.0 3634
1786498147764 476577792.0 3635
1786498150347 476708864.0 3636
1786498152930 476839936.0 3637
1786498155513 476971008.0 3638
1786498158095 477102080.0 3639
1786498160676 477233152.0 3640
1786498163260 477364224.0 3641
1786498165842 477495296.0 3642
1786498168424 477626368.0 3643
1786498171008 477757440.0 3644
1786498173591 477888512.0 3645
1786498176172 478019584.0 3646
1786498178753 478150656.0 3647
1786498181334 478281728.0 3648
1786498183915 478412800.0 3649
1786498186498 478543872.0 3650
1786498189080 478674944.0 3651
1786498191662 478806016.0 3652
1786498194246 478937088.0 3653
1786498196828 479068160.0 3654
1786498199409 479199232.0 3655
1786498201992 479330304.0 3656
1786498204574 479461376.0 3657
1786498207160 479592448.0 3658
1786498209744 479723520.0 3659
1786498212325 479854592.0 3660
1786498214907 479985664.0 3661
1786498217487 480116736.0 3662
1786498220067 480247808.0 3663
1786498222649 480378880.0 3664
1786498225231 480509952.0 3665
1786498227817 480641024.0 3666
1786498230402 480772096.0 3667
1786498232985 480903168.0 3668
1786498235568 481034240.0 3669
1786498238152 481165312.0 3670
1786498240735 481296384.0 3671
1786498243319 481427456.0 3672
1786498245904 481558528.0 3673
1786498248486 481689600.0 3674
1786498251076 481820672.0 3675
1786498253664 481951744.0 3676
1786498256247 482082816.0 3677
1786498258828 482213888.0 3678
1786498261413 482344960.0 3679
1786498263995 482476032.0 3680
1786498266579 482607104.0 3681
1786498269175 482738176.0 3682
1786498271754 482869248.0 3683
1786498274332 483000320.0 3684
1786498276910 483131392.0 3685
1786498279489 483262464.0 3686
1786498282067 483393536.0 3687
1786498284644 483524608.0 3688
1786498287223 483655680.0 3689
1786498289800 483786752.0 3690
1786498292381 483917824.0 3691
1786498294963 484048896.0 3692
1786498297546 484179968.0 3693
1786498300129 484311040.0 3694
1786498302718 484442112.0 3695
1786498305300 484573184.0 3696
1786498307882 484704256.0 3697
1786498310464 484835328.0 3698
1786498313044 484966400.0 3699
1786498315624 485097472.0 3700
1786498318210 485228544.0 3701
1786498320791 485359616.0 3702
1786498323373 485490688.0 3703
1786498325955 485621760.0 3704
1786498328536 485752832.0 3705
1786498331117 485883904.0 3706
1786498333698 486014976.0 3707
1786498336283 486146048.0 3708
1786498338865 486277120.0 3709
1786498341447 486408192.0 3710
1786498344028 486539264.0 3711
1786498346609 486670336.0 3712
1786498349191 486801408.0 3713
1786498351772 486932480.0 3714
1786498354353 487063552.0 3715
1786498356935 487194624.0 3716
1786498359517 487325696.0 3717
1786498362100 487456768.0 3718
1786498364681 487587840.0 3719
1786498367263 487718912.0 3720
1786498369847 487849984.0 3721
1786498372430 487981056.0 3722
1786498375013 488112128.0 3723
1786498377595 488243200.0 3724
1786498380177 488374272.0 3725
1786498382759 488505344.0 3726
1786498385342 488636416.0 3727
1786498387924 488767488.0 3728
1786498390506 488898560.0 3729
1786498393089 489029632.0 3730
1786498395670 489160704.0 3731
1786498398251 489291776.0 3732
1786498400834 489422848.0 3733
1786498403415 489553920.0 3734
1786498405997 489684992.0 3735
1786498408580 489816064.0 3736
1786498411161 489947136.0 3737
1786498413742 490078208.0 3738
1786498416322 490209280.0 3739
1786498418903 490340352.0 3740
1786498421485 490471424.0 3741
1786498424067 490602496.0 3742
1786498426650 490733568.0 3743
1786498429234 490864640.0 3744
1786498431818 490995712.0 3745
1786498434405 491126784.0 3746
1786498436989 491257856.0 3747
1786498439573 491388928.0 3748
1786498442156 491520000.0 3749
1786498444739 491651072.0 3750
1786498447325 491782144.0 3751
1786498449915 491913216.0 3752
1786498452511 492044288.0 3753
1786498455096 492175360.0 3754
1786498457684 492306432.0 3755
1786498460271 492437504.0 3756
1786498462858 492568576.0 3757
1786498465443 492699648.0 3758
1786498468028 492830720.0 3759
1786498470618 492961792.0 3760
1786498473204 493092864.0 3761
1786498475789 493223936.0 3762
1786498478377 493355008.0 3763
1786498480964 493486080.0 3764
1786498483550 493617152.0 3765
1786498486137 493748224.0 3766
1786498488721 493879296.0 3767
1786498491306 494010368.0 3768
1786498493893 494141440.0 3769
1786498496477 494272512.0 3770
1786498499059 494403584.0 3771
1786498501642 494534656.0 3772
1786498504225 494665728.0 3773
1786498506808 494796800.0 3774
1786498509390 494927872.0 3775
1786498511974 495058944.0 3776
1786498514558 495190016.0 3777
1786498517140 495321088.0 3778
1786498519721 495452160.0 3779
1786498522303 495583232.0 3780
1786498524886 495714304.0 3781
1786498527469 495845376.0 3782
1786498530053 495976448.0 3783
1786498532636 496107520.0 3784
1786498535220 496238592.0 3785
1786498537805 496369664.0 3786
1786498540390 496500736.0 3787
1786498542973 496631808.0 3788
1786498545556 496762880.0 3789
1786498548139 496893952.0 3790
1786498550723 497025024.0 3791
1786498553307 497156096.0 3792
1786498555895 497287168.0 3793
1786498558481 497418240.0 3794
1786498561067 497549312.0 3795
1786498563654 497680384.0 3796
1786498566240 497811456.0 3797
1786498568826 497942528.0 3798
1786498571410 498073600.0 3799
1786498573995 498204672.0 3800
1786498576580 498335744.0 3801
1786498579164 498466816.0 3802
1786498581748 498597888.0 3803
1786498584335 498728960.0 3804
1786498586923 498860032.0 3805
1786498589512 498991104.0 3806
1786498592097 499122176.0 3807
1786498594684 499253248.0 3808
1786498597270 499384320.0 3809
1786498599855 499515392.0 3810
1786498602442 499646464.0 3811
1786498605028 499777536.0 3812
1786498607614 499908608.0 3813
1786498610206 500039680.0 3814
1786498612794 500170752.0 3815
1786498615379 500301824.0 3816
1786498617962 500432896.0 3817
1786498620545 500563968.0 3818
1786498623128 500695040.0 3819
1786498625714 500826112.0 3820
1786498628298 500957184.0 3821
1786498630881 501088256.0 3822
1786498633464 501219328.0 3823
1786498636050 501350400.0 3824
1786498638631 501481472.0 3825
1786498641210 501612544.0 3826
1786498643788 501743616.0 3827
1786498646369 501874688.0 3828
1786498648955 502005760.0 3829
1786498651541 502136832.0 3830
1786498654123 502267904.0 3831
1786498656707 502398976.0 3832
1786498659294 502530048.0 3833
1786498661882 502661120.0 3834
1786498664471 502792192.0 3835
1786498667059 502923264.0 3836
1786498669646 503054336.0 3837
1786498672229 503185408.0 3838
1786498674811 503316480.0 3839
1786498677393 503447552.0 3840
1786498679974 503578624.0 3841
1786498682556 503709696.0 3842
1786498685139 503840768.0 3843
1786498687721 503971840.0 3844
1786498690303 504102912.0 3845
1786498692889 504233984.0 3846
1786498695477 504365056.0 3847
1786498698062 504496128.0 3848
1786498700650 504627200.0 3849
1786498703236 504758272.0 3850
1786498705818 504889344.0 3851
1786498708396 505020416.0 3852
1786498710974 505151488.0 3853
1786498713552 505282560.0 3854
1786498716131 505413632.0 3855
1786498718713 505544704.0 3856
1786498721294 505675776.0 3857
1786498723876 505806848.0 3858
1786498726458 505937920.0 3859
1786498729040 506068992.0 3860
1786498731619 506200064.0 3861
1786498734200 506331136.0 3862
1786498736779 506462208.0 3863
1786498739356 506593280.0 3864
1786498741932 506724352.0 3865
1786498744509 506855424.0 3866
1786498747087 506986496.0 3867
1786498749664 507117568.0 3868
1786498752242 507248640.0 3869
1786498754820 507379712.0 3870
1786498757397 507510784.0 3871
1786498759976 507641856.0 3872
1786498762558 507772928.0 3873
1786498765147 507904000.0 3874
1786498767729 508035072.0 3875
1786498770313 508166144.0 3876
1786498772899 508297216.0 3877
1786498775482 508428288.0 3878
1786498778064 508559360.0 3879
1786498780645 508690432.0 3880
1786498783228 508821504.0 3881
1786498785814 508952576.0 3882
1786498788396 509083648.0 3883
1786498790981 509214720.0 3884
1786498793567 509345792.0 3885
1786498796150 509476864.0 3886
1786498798734 509607936.0 3887
1786498801318 509739008.0 3888
1786498803901 509870080.0 3889
1786498806488 510001152.0 3890
1786498809073 510132224.0 3891
1786498811657 510263296.0 3892
1786498814240 510394368.0 3893
1786498816824 510525440.0 3894
1786498819408 510656512.0 3895
1786498821992 510787584.0 3896
1786498824575 510918656.0 3897
1786498827160 511049728.0 3898
1786498829746 511180800.0 3899
1786498832331 511311872.0 3900
1786498834915 511442944.0 3901
1786498837498 511574016.0 3902
1786498840081 511705088.0 3903
1786498842663 511836160.0 3904
1786498845246 511967232.0 3905
1786498847830 512098304.0 3906
1786498850416 512229376.0 3907
1786498852999 512360448.0 3908
1786498855584 512491520.0 3909
1786498858167 512622592.0 3910
1786498860749 512753664.0 3911
1786498863333 512884736.0 3912
1786498865916 513015808.0 3913
1786498868499 513146880.0 3914
1786498871080 513277952.0 3915
1786498873659 513409024.0 3916
1786498876237 513540096.0 3917
1786498878815 513671168.0 3918
1786498881394 513802240.0 3919
1786498883972 513933312.0 3920
1786498886550 514064384.0 3921
1786498889131 514195456.0 3922
1786498891713 514326528.0 3923
1786498894293 514457600.0 3924
1786498896875 514588672.0 3925
1786498899455 514719744.0 3926
1786498902035 514850816.0 3927
1786498904615 514981888.0 3928
1786498907196 515112960.0 3929
1786498909778 515244032.0 3930
1786498912359 515375104.0 3931
1786498914942 515506176.0 3932
1786498917523 515637248.0 3933
1786498920103 515768320.0 3934
1786498922683 515899392.0 3935
1786498925264 516030464.0 3936
1786498927846 516161536.0 3937
1786498930430 516292608.0 3938
1786498933013 516423680.0 3939
1786498935595 516554752.0 3940
1786498938177 516685824.0 3941
1786498940761 516816896.0 3942
1786498943345 516947968.0 3943
1786498945929 517079040.0 3944
1786498948512 517210112.0 3945
1786498951097 517341184.0 3946
1786498953681 517472256.0 3947
1786498956263 517603328.0 3948
1786498958847 517734400.0 3949
1786498961431 517865472.0 3950
1786498964015 517996544.0 3951
1786498966597 518127616.0 3952
1786498969182 518258688.0 3953
1786498971767 518389760.0 3954
1786498974349 518520832.0 3955
1786498976948 518651904.0 3956
1786498979530 518782976.0 3957
1786498982123 518914048.0 3958
1786498984714 519045120.0 3959
1786498987301 519176192.0 3960
1786498989888 519307264.0 3961
1786498992473 519438336.0 3962
1786498995061 519569408.0 3963
1786498997644 519700480.0 3964
1786499000226 519831552.0 3965
1786499002811 519962624.0 3966
1786499005393 520093696.0 3967
1786499007975 520224768.0 3968
1786499010558 520355840.0 3969
1786499013143 520486912.0 3970
1786499015728 520617984.0 3971
1786499018311 520749056.0 3972
1786499020895 520880128.0 3973
1786499023480 521011200.0 3974
1786499026063 521142272.0 3975
1786499028647 521273344.0 3976
1786499031233 521404416.0 3977
1786499033816 521535488.0 3978
1786499036398 521666560.0 3979
1786499038981 521797632.0 3980
1786499041563 521928704.0 3981
1786499044145 522059776.0 3982
1786499046727 522190848.0 3983
1786499049310 522321920.0 3984
1786499051892 522452992.0 3985
1786499054477 522584064.0 3986
1786499057058 522715136.0 3987
1786499059642 522846208.0 3988
1786499062232 522977280.0 3989
1786499064818 523108352.0 3990
1786499067397 523239424.0 3991
1786499069975 523370496.0 3992
1786499072552 523501568.0 3993
1786499075130 523632640.0 3994
1786499077708 523763712.0 3995
1786499080286 523894784.0 3996
1786499082863 524025856.0 3997
1786499085441 524156928.0 3998
1786499088018 524288000.0 3999
1786499092950 524419072.0 4000
1786499095529 524550144.0 4001
1786499098109 524681216.0 4002
1786499100688 524812288.0 4003
1786499103267 524943360.0 4004
1786499105858 525074432.0 4005
1786499108439 525205504.0 4006
1786499111019 525336576.0 4007
1786499113599 525467648.0 4008
1786499116178 525598720.0 4009
1786499118759 525729792.0 4010
1786499121338 525860864.0 4011
1786499123918 525991936.0 4012
1786499126501 526123008.0 4013
1786499129082 526254080.0 4014
1786499131662 526385152.0 4015
1786499134242 526516224.0 4016
1786499136822 526647296.0 4017
1786499139404 526778368.0 4018
1786499141983 526909440.0 4019
1786499144564 527040512.0 4020
1786499147144 527171584.0 4021
1786499149723 527302656.0 4022
1786499152307 527433728.0 4023
1786499154892 527564800.0 4024
1786499157472 527695872.0 4025
1786499160054 527826944.0 4026
1786499162634 527958016.0 4027
1786499165214 528089088.0 4028
1786499167793 528220160.0 4029
1786499170372 528351232.0 4030
1786499172952 528482304.0 4031
1786499175532 528613376.0 4032
1786499178112 528744448.0 4033
1786499180692 528875520.0 4034
1786499183273 529006592.0 4035
1786499185853 529137664.0 4036
1786499188434 529268736.0 4037
1786499191015 529399808.0 4038
1786499193599 529530880.0 4039
1786499196179 529661952.0 4040
1786499198759 529793024.0 4041
1786499201339 529924096.0 4042
1786499203919 530055168.0 4043
1786499206499 530186240.0 4044
1786499209082 530317312.0 4045
1786499211663 530448384.0 4046
1786499214243 530579456.0 4047
1786499216822 530710528.0 4048
1786499219404 530841600.0 4049
1786499221984 530972672.0 4050
1786499224566 531103744.0 4051
1786499227148 531234816.0 4052
1786499229730 531365888.0 4053
1786499232310 531496960.0 4054
1786499234896 531628032.0 4055
1786499237484 531759104.0 4056
1786499240073 531890176.0 4057
1786499242661 532021248.0 4058
1786499245249 532152320.0 4059
1786499247836 532283392.0 4060
1786499250425 532414464.0 4061
1786499253010 532545536.0 4062
1786499255595 532676608.0 4063
1786499258184 532807680.0 4064
1786499260772 532938752.0 4065
1786499263359 533069824.0 4066
1786499265946 533200896.0 4067
1786499268533 533331968.0 4068
1786499271121 533463040.0 4069
1786499273703 533594112.0 4070
1786499276284 533725184.0 4071
1786499278866 533856256.0 4072
1786499281451 533987328.0 4073
1786499284031 534118400.0 4074
1786499286612 534249472.0 4075
1786499289192 534380544.0 4076
1786499291773 534511616.0 4077
1786499294355 534642688.0 4078
1786499296936 534773760.0 4079
1786499299517 534904832.0 4080
1786499302097 535035904.0 4081
1786499304678 535166976.0 4082
1786499307259 535298048.0 4083
1786499309840 535429120.0 4084
1786499312421 535560192.0 4085
1786499315005 535691264.0 4086
1786499317589 535822336.0 4087
1786499320173 535953408.0 4088
1786499322757 536084480.0 4089
1786499325340 536215552.0 4090
1786499327921 536346624.0 4091
1786499330501 536477696.0 4092
1786499333084 536608768.0 4093
1786499335665 536739840.0 4094
1786499338245 536870912.0 4095
1786499340827 537001984.0 4096
1786499343407 537133056.0 4097
1786499345989 537264128.0 4098
1786499348570 537395200.0 4099
1786499351152 537526272.0 4100
1786499353733 537657344.0 4101
1786499356314 537788416.0 4102
1786499358895 537919488.0 4103
1786499361474 538050560.0 4104
1786499364055 538181632.0 4105
1786499366636 538312704.0 4106
1786499369217 538443776.0 4107
1786499371799 538574848.0 4108
1786499374380 538705920.0 4109
1786499376963 538836992.0 4110
1786499379544 538968064.0 4111
1786499382127 539099136.0 4112
1786499384707 539230208.0 4113
1786499387289 539361280.0 4114
1786499389874 539492352.0 4115
1786499392457 539623424.0 4116
1786499395039 539754496.0 4117
1786499397621 539885568.0 4118
1786499400203 540016640.0 4119
1786499402784 540147712.0 4120
1786499405365 540278784.0 4121
1786499407947 540409856.0 4122
1786499410530 540540928.0 4123
1786499413111 540672000.0 4124
1786499415693 540803072.0 4125
1786499418273 540934144.0 4126
1786499420854 541065216.0 4127
1786499423434 541196288.0 4128
1786499426014 541327360.0 4129
1786499428595 541458432.0 4130
1786499431176 541589504.0 4131
1786499433759 541720576.0 4132
1786499436340 541851648.0 4133
1786499438920 541982720.0 4134
1786499441500 542113792.0 4135
1786499444080 542244864.0 4136
1786499446660 542375936.0 4137
1786499449239 542507008.0 4138
1786499451821 542638080.0 4139
1786499454401 542769152.0 4140
1786499456983 542900224.0 4141
1786499459563 543031296.0 4142
1786499462142 543162368.0 4143
1786499464722 543293440.0 4144
1786499467302 543424512.0 4145
1786499469881 543555584.0 4146
1786499472465 543686656.0 4147
1786499475047 543817728.0 4148
1786499477627 543948800.0 4149
1786499480207 544079872.0 4150
1786499482787 544210944.0 4151
1786499485366 544342016.0 4152
1786499487957 544473088.0 4153
1786499490537 544604160.0 4154
1786499493119 544735232.0 4155
1786499495705 544866304.0 4156
1786499498286 544997376.0 4157
1786499500867 545128448.0 4158
1786499503448 545259520.0 4159
1786499506028 545390592.0 4160
1786499508609 545521664.0 4161
1786499511196 545652736.0 4162
1786499513783 545783808.0 4163
1786499516366 545914880.0 4164
1786499518957 546045952.0 4165
1786499521538 546177024.0 4166
1786499524118 546308096.0 4167
1786499526699 546439168.0 4168
1786499529283 546570240.0 4169
1786499531866 546701312.0 4170
1786499534446 546832384.0 4171
1786499537027 546963456.0 4172
1786499539607 547094528.0 4173
1786499542187 547225600.0 4174
1786499544768 547356672.0 4175
1786499547348 547487744.0 4176
1786499549928 547618816.0 4177
1786499552510 547749888.0 4178
1786499555090 547880960.0 4179
1786499557669 548012032.0 4180
1786499560249 548143104.0 4181
1786499562830 548274176.0 4182
1786499565412 548405248.0 4183
1786499567993 548536320.0 4184
1786499570573 548667392.0 4185
1786499573157 548798464.0 4186
1786499575739 548929536.0 4187
1786499578319 549060608.0 4188
1786499580900 549191680.0 4189
1786499583480 549322752.0 4190
1786499586064 549453824.0 4191
1786499588644 549584896.0 4192
1786499591224 549715968.0 4193
1786499593805 549847040.0 4194
1786499596386 549978112.0 4195
1786499598966 550109184.0 4196
1786499601546 550240256.0 4197
1786499604127 550371328.0 4198
1786499606707 550502400.0 4199
1786499609287 550633472.0 4200
1786499611868 550764544.0 4201
1786499614448 550895616.0 4202
1786499617029 551026688.0 4203
1786499619610 551157760.0 4204
1786499622190 551288832.0 4205
1786499624771 551419904.0 4206
1786499627351 551550976.0 4207
1786499629931 551682048.0 4208
1786499632517 551813120.0 4209
1786499635098 551944192.0 4210
1786499637683 552075264.0 4211
1786499640263 552206336.0 4212
1786499642844 552337408.0 4213
1786499645425 552468480.0 4214
1786499648010 552599552.0 4215
1786499650596 552730624.0 4216
1786499653180 552861696.0 4217
1786499655760 552992768.0 4218
1786499658341 553123840.0 4219
1786499660921 553254912.0 4220
1786499663502 553385984.0 4221
1786499666082 553517056.0 4222
1786499668662 553648128.0 4223
1786499671243 553779200.0 4224
1786499673823 553910272.0 4225
1786499676405 554041344.0 4226
1786499678986 554172416.0 4227
1786499681566 554303488.0 4228
1786499684147 554434560.0 4229
1786499686728 554565632.0 4230
1786499689308 554696704.0 4231
1786499691889 554827776.0 4232
1786499694471 554958848.0 4233
1786499697056 555089920.0 4234
1786499699640 555220992.0 4235
1786499702220 555352064.0 4236
1786499704801 555483136.0 4237
1786499707382 555614208.0 4238
1786499709963 555745280.0 4239
1786499712545 555876352.0 4240
1786499715126 556007424.0 4241
1786499717708 556138496.0 4242
1786499720288 556269568.0 4243
1786499722869 556400640.0 4244
1786499725449 556531712.0 4245
1786499728030 556662784.0 4246
1786499730610 556793856.0 4247
1786499733191 556924928.0 4248
1786499735772 557056000.0 4249
1786499738352 557187072.0 4250
1786499740932 557318144.0 4251
1786499743512 557449216.0 4252
1786499746092 557580288.0 4253
1786499748673 557711360.0 4254
1786499751255 557842432.0 4255
1786499753835 557973504.0 4256
1786499756416 558104576.0 4257
1786499758997 558235648.0 4258
1786499761578 558366720.0 4259
1786499764163 558497792.0 4260
1786499766744 558628864.0 4261
1786499769328 558759936.0 4262
1786499771908 558891008.0 4263
1786499774489 559022080.0 4264
1786499777070 559153152.0 4265
1786499779652 559284224.0 4266
1786499782234 559415296.0 4267
1786499784815 559546368.0 4268
1786499787396 559677440.0 4269
1786499789976 559808512.0 4270
1786499792556 559939584.0 4271
1786499795135 560070656.0 4272
1786499797715 560201728.0 4273
1786499800295 560332800.0 4274
1786499802876 560463872.0 4275
1786499805456 560594944.0 4276
1786499808037 560726016.0 4277
1786499810621 560857088.0 4278
1786499813210 560988160.0 4279
1786499815804 561119232.0 4280
1786499818386 561250304.0 4281
1786499820967 561381376.0 4282
1786499823548 561512448.0 4283
1786499826129 561643520.0 4284
1786499828709 561774592.0 4285
1786499831290 561905664.0 4286
1786499833872 562036736.0 4287
1786499836453 562167808.0 4288
1786499839033 562298880.0 4289
1786499841613 562429952.0 4290
1786499844196 562561024.0 4291
1786499846783 562692096.0 4292
1786499849376 562823168.0 4293
1786499851970 562954240.0 4294
1786499854554 563085312.0 4295
1786499857136 563216384.0 4296
1786499859717 563347456.0 4297
1786499862297 563478528.0 4298
1786499864877 563609600.0 4299
1786499867457 563740672.0 4300
1786499870041 563871744.0 4301
1786499872629 564002816.0 4302
1786499875214 564133888.0 4303
1786499877796 564264960.0 4304
1786499880377 564396032.0 4305
1786499882958 564527104.0 4306
1786499885540 564658176.0 4307
1786499888121 564789248.0 4308
1786499890702 564920320.0 4309
1786499893284 565051392.0 4310
1786499895866 565182464.0 4311
1786499898448 565313536.0 4312
1786499901030 565444608.0 4313
1786499903613 565575680.0 4314
1786499906194 565706752.0 4315
1786499908776 565837824.0 4316
1786499911361 565968896.0 4317
1786499913944 566099968.0 4318
1786499916524 566231040.0 4319
1786499919105 566362112.0 4320
1786499921686 566493184.0 4321
1786499924268 566624256.0 4322
1786499926848 566755328.0 4323
1786499929428 566886400.0 4324
1786499932010 567017472.0 4325
1786499934594 567148544.0 4326
1786499937174 567279616.0 4327
1786499939757 567410688.0 4328
1786499942339 567541760.0 4329
1786499944921 567672832.0 4330
1786499947505 567803904.0 4331
1786499950086 567934976.0 4332
1786499952670 568066048.0 4333
1786499955254 568197120.0 4334
1786499957836 568328192.0 4335
1786499960417 568459264.0 4336
1786499962998 568590336.0 4337
1786499965580 568721408.0 4338
1786499968161 568852480.0 4339
1786499970743 568983552.0 4340
1786499973330 569114624.0 4341
1786499975915 569245696.0 4342
1786499978498 569376768.0 4343
1786499981080 569507840.0 4344
1786499983662 569638912.0 4345
1786499986244 569769984.0 4346
1786499988825 569901056.0 4347
1786499991406 570032128.0 4348
1786499993989 570163200.0 4349
1786499996571 570294272.0 4350
1786499999152 570425344.0 4351
1786500001733 570556416.0 4352
1786500004317 570687488.0 4353
1786500006907 570818560.0 4354
1786500009488 570949632.0 4355
1786500012072 571080704.0 4356
1786500014653 571211776.0 4357
1786500017233 571342848.0 4358
1786500019814 571473920.0 4359
1786500022395 571604992.0 4360
1786500024975 571736064.0 4361
1786500027556 571867136.0 4362
1786500030136 571998208.0 4363
1786500032718 572129280.0 4364
1786500035298 572260352.0 4365
1786500037878 572391424.0 4366
1786500040458 572522496.0 4367
1786500043039 572653568.0 4368
1786500045621 572784640.0 4369
1786500048201 572915712.0 4370
1786500050782 573046784.0 4371
1786500053361 573177856.0 4372
1786500055936 573308928.0 4373
1786500058518 573440000.0 4374
1786500061100 573571072.0 4375
1786500063687 573702144.0 4376
1786500066270 573833216.0 4377
1786500068852 573964288.0 4378
1786500071433 574095360.0 4379
1786500074015 574226432.0 4380
1786500076597 574357504.0 4381
1786500079179 574488576.0 4382
1786500081759 574619648.0 4383
1786500084340 574750720.0 4384
1786500086922 574881792.0 4385
1786500089502 575012864.0 4386
1786500092083 575143936.0 4387
1786500094665 575275008.0 4388
1786500097245 575406080.0 4389
1786500099827 575537152.0 4390
1786500102408 575668224.0 4391
1786500104989 575799296.0 4392
1786500107570 575930368.0 4393
1786500110154 576061440.0 4394
1786500112738 576192512.0 4395
1786500115318 576323584.0 4396
1786500117898 576454656.0 4397
1786500120478 576585728.0 4398
1786500123058 576716800.0 4399
1786500125637 576847872.0 4400
1786500128217 576978944.0 4401
1786500130798 577110016.0 4402
1786500133379 577241088.0 4403
1786500135963 577372160.0 4404
1786500138547 577503232.0 4405
1786500141132 577634304.0 4406
1786500143723 577765376.0 4407
1786500146314 577896448.0 4408
1786500148898 578027520.0 4409
1786500151482 578158592.0 4410
1786500154064 578289664.0 4411
1786500156646 578420736.0 4412
1786500159228 578551808.0 4413
1786500161808 578682880.0 4414
1786500164388 578813952.0 4415
1786500166968 578945024.0 4416
1786500169548 579076096.0 4417
1786500172133 579207168.0 4418
1786500174713 579338240.0 4419
1786500177297 579469312.0 4420
1786500179882 579600384.0 4421
1786500182466 579731456.0 4422
1786500185047 579862528.0 4423
1786500187628 579993600.0 4424
1786500190208 580124672.0 4425
1786500192793 580255744.0 4426
1786500195376 580386816.0 4427
1786500197958 580517888.0 4428
1786500200540 580648960.0 4429
1786500203120 580780032.0 4430
1786500205700 580911104.0 4431
1786500208281 581042176.0 4432
1786500210860 581173248.0 4433
1786500213441 581304320.0 4434
1786500216023 581435392.0 4435
1786500218605 581566464.0 4436
1786500221188 581697536.0 4437
1786500223770 581828608.0 4438
1786500226351 581959680.0 4439
1786500228933 582090752.0 4440
1786500231514 582221824.0 4441
1786500234097 582352896.0 4442
1786500236679 582483968.0 4443
1786500239262 582615040.0 4444
1786500241846 582746112.0 4445
1786500244428 582877184.0 4446
1786500247010 583008256.0 4447
1786500249592 583139328.0 4448
1786500252174 583270400.0 4449
1786500254756 583401472.0 4450
1786500257339 583532544.0 4451
1786500259920 583663616.0 4452
1786500262502 583794688.0 4453
1786500265084 583925760.0 4454
1786500267666 584056832.0 4455
1786500270247 584187904.0 4456
1786500272830 584318976.0 4457
1786500275411 584450048.0 4458
1786500277993 584581120.0 4459
1786500280573 584712192.0 4460
1786500283156 584843264.0 4461
1786500285739 584974336.0 4462
1786500288320 585105408.0 4463
1786500290900 585236480.0 4464
1786500293481 585367552.0 4465
1786500296062 585498624.0 4466
1786500298643 585629696.0 4467
1786500301233 585760768.0 4468
1786500303825 585891840.0 4469
1786500306418 586022912.0 4470
1786500309010 586153984.0 4471
1786500311602 586285056.0 4472
1786500314195 586416128.0 4473
1786500316787 586547200.0 4474
1786500319378 586678272.0 4475
1786500321970 586809344.0 4476
1786500324561 586940416.0 4477
1786500327153 587071488.0 4478
1786500329745 587202560.0 4479
1786500332327 587333632.0 4480
1786500334915 587464704.0 4481
1786500337500 587595776.0 4482
1786500340082 587726848.0 4483
1786500342671 587857920.0 4484
1786500345254 587988992.0 4485
1786500347836 588120064.0 4486
1786500350420 588251136.0 4487
1786500353011 588382208.0 4488
1786500355602 588513280.0 4489
1786500358193 588644352.0 4490
1786500360784 588775424.0 4491
1786500363374 588906496.0 4492
1786500365961 589037568.0 4493
1786500368548 589168640.0 4494
1786500371141 589299712.0 4495
1786500373734 589430784.0 4496
1786500376325 589561856.0 4497
1786500378915 589692928.0 4498
1786500381496 589824000.0 4499
1786500385476 589955072.0 4500
1786500388058 590086144.0 4501
1786500390641 590217216.0 4502
1786500393224 590348288.0 4503
1786500395807 590479360.0 4504
1786500398390 590610432.0 4505
1786500400972 590741504.0 4506
1786500403553 590872576.0 4507
1786500406135 591003648.0 4508
1786500408715 591134720.0 4509
1786500411300 591265792.0 4510
1786500413890 591396864.0 4511
1786500416484 591527936.0 4512
1786500419065 591659008.0 4513
1786500421642 591790080.0 4514
1786500424219 591921152.0 4515
1786500426796 592052224.0 4516
1786500429372 592183296.0 4517
1786500431956 592314368.0 4518
1786500434532 592445440.0 4519
1786500437109 592576512.0 4520
1786500439684 592707584.0 4521
1786500442264 592838656.0 4522
1786500444840 592969728.0 4523
1786500447417 593100800.0 4524
1786500449993 593231872.0 4525
1786500452570 593362944.0 4526
1786500455146 593494016.0 4527
1786500457723 593625088.0 4528
1786500460301 593756160.0 4529
1786500462883 593887232.0 4530
1786500465465 594018304.0 4531
1786500468048 594149376.0 4532
1786500470632 594280448.0 4533
1786500473216 594411520.0 4534
1786500475797 594542592.0 4535
1786500478378 594673664.0 4536
1786500480959 594804736.0 4537
1786500483542 594935808.0 4538
1786500486125 595066880.0 4539
1786500488709 595197952.0 4540
1786500491294 595329024.0 4541
1786500493875 595460096.0 4542
1786500496458 595591168.0 4543
1786500499040 595722240.0 4544
1786500501622 595853312.0 4545
1786500504205 595984384.0 4546
1786500506788 596115456.0 4547
1786500509370 596246528.0 4548
1786500511952 596377600.0 4549
1786500514533 596508672.0 4550
1786500517115 596639744.0 4551
1786500519696 596770816.0 4552
1786500522277 596901888.0 4553
1786500524856 597032960.0 4554
1786500527436 597164032.0 4555
1786500530016 597295104.0 4556
1786500532601 597426176.0 4557
1786500535182 597557248.0 4558
1786500537766 597688320.0 4559
1786500540347 597819392.0 4560
1786500542927 597950464.0 4561
1786500545508 598081536.0 4562
1786500548087 598212608.0 4563
1786500550666 598343680.0 4564
1786500553246 598474752.0 4565
1786500555827 598605824.0 4566
1786500558407 598736896.0 4567
1786500560989 598867968.0 4568
1786500563570 598999040.0 4569
1786500566150 599130112.0 4570
1786500568729 599261184.0 4571
1786500571310 599392256.0 4572
1786500573890 599523328.0 4573
1786500576469 599654400.0 4574
1786500579052 599785472.0 4575
1786500581634 599916544.0 4576
1786500584214 600047616.0 4577
1786500586793 600178688.0 4578
1786500589372 600309760.0 4579
1786500591956 600440832.0 4580
1786500594544 600571904.0 4581
1786500597134 600702976.0 4582
1786500599718 600834048.0 4583
1786500602302 600965120.0 4584
1786500604886 601096192.0 4585
1786500607471 601227264.0 4586
1786500610055 601358336.0 4587
1786500612641 601489408.0 4588
1786500615225 601620480.0 4589
1786500617808 601751552.0 4590
1786500620392 601882624.0 4591
1786500622974 602013696.0 4592
1786500625555 602144768.0 4593
1786500628137 602275840.0 4594
1786500630718 602406912.0 4595
1786500633299 602537984.0 4596
1786500635881 602669056.0 4597
1786500638463 602800128.0 4598
1786500641045 602931200.0 4599
1786500643627 603062272.0 4600
1786500646212 603193344.0 4601
1786500648795 603324416.0 4602
1786500651378 603455488.0 4603
1786500653959 603586560.0 4604
1786500656540 603717632.0 4605
1786500659122 603848704.0 4606
1786500661704 603979776.0 4607
1786500664287 604110848.0 4608
1786500666869 604241920.0 4609
1786500669451 604372992.0 4610
1786500672035 604504064.0 4611
1786500674617 604635136.0 4612
1786500677198 604766208.0 4613
1786500679779 604897280.0 4614
1786500682361 605028352.0 4615
1786500684943 605159424.0 4616
1786500687526 605290496.0 4617
1786500690108 605421568.0 4618
1786500692690 605552640.0 4619
1786500695272 605683712.0 4620
1786500697855 605814784.0 4621
1786500700437 605945856.0 4622
1786500703019 606076928.0 4623
1786500705600 606208000.0 4624
1786500708180 606339072.0 4625
1786500710764 606470144.0 4626
1786500713351 606601216.0 4627
1786500715932 606732288.0 4628
1786500718516 606863360.0 4629
1786500721100 606994432.0 4630
1786500723682 607125504.0 4631
1786500726265 607256576.0 4632
1786500728848 607387648.0 4633
1786500731432 607518720.0 4634
1786500734019 607649792.0 4635
1786500736601 607780864.0 4636
1786500739184 607911936.0 4637
1786500741767 608043008.0 4638
1786500744351 608174080.0 4639
1786500746934 608305152.0 4640
1786500749517 608436224.0 4641
1786500752099 608567296.0 4642
1786500754681 608698368.0 4643
1786500757263 608829440.0 4644
1786500759847 608960512.0 4645
1786500762434 609091584.0 4646
1786500765019 609222656.0 4647
1786500767603 609353728.0 4648
1786500770188 609484800.0 4649
1786500772768 609615872.0 4650
1786500775353 609746944.0 4651
1786500777935 609878016.0 4652
1786500780516 610009088.0 4653
1786500783098 610140160.0 4654
1786500785681 610271232.0 4655
1786500788264 610402304.0 4656
1786500790849 610533376.0 4657
1786500793431 610664448.0 4658
1786500796011 610795520.0 4659
1786500798593 610926592.0 4660
1786500801176 611057664.0 4661
1786500803758 611188736.0 4662
1786500806342 611319808.0 4663
1786500808925 611450880.0 4664
1786500811508 611581952.0 4665
1786500814091 611713024.0 4666
1786500816673 611844096.0 4667
1786500819254 611975168.0 4668
1786500821835 612106240.0 4669
1786500824418 612237312.0 4670
1786500827001 612368384.0 4671
1786500829583 612499456.0 4672
1786500832166 612630528.0 4673
1786500834750 612761600.0 4674
1786500837333 612892672.0 4675
1786500839916 613023744.0 4676
1786500842499 613154816.0 4677
1786500845081 613285888.0 4678
1786500847666 613416960.0 4679
1786500850249 613548032.0 4680
1786500852831 613679104.0 4681
1786500855414 613810176.0 4682
1786500857996 613941248.0 4683
1786500860580 614072320.0 4684
1786500863163 614203392.0 4685
1786500865747 614334464.0 4686
1786500868330 614465536.0 4687
1786500870913 614596608.0 4688
1786500873494 614727680.0 4689
1786500876075 614858752.0 4690
1786500878657 614989824.0 4691
1786500881242 615120896.0 4692
1786500883825 615251968.0 4693
1786500886407 615383040.0 4694
1786500888989 615514112.0 4695
1786500891575 615645184.0 4696
1786500894162 615776256.0 4697
1786500896747 615907328.0 4698
1786500899330 616038400.0 4699
1786500901912 616169472.0 4700
1786500904496 616300544.0 4701
1786500907090 616431616.0 4702
1786500909671 616562688.0 4703
1786500912254 616693760.0 4704
1786500914836 616824832.0 4705
1786500917419 616955904.0 4706
1786500920002 617086976.0 4707
1786500922589 617218048.0 4708
1786500925172 617349120.0 4709
1786500927754 617480192.0 4710
1786500930338 617611264.0 4711
1786500932926 617742336.0 4712
1786500935510 617873408.0 4713
1786500938094 618004480.0 4714
1786500940672 618135552.0 4715
1786500943248 618266624.0 4716
1786500945826 618397696.0 4717
1786500948403 618528768.0 4718
1786500950980 618659840.0 4719
1786500953560 618790912.0 4720
1786500956139 618921984.0 4721
1786500958716 619053056.0 4722
1786500961294 619184128.0 4723
1786500963877 619315200.0 4724
1786500966455 619446272.0 4725
1786500969035 619577344.0 4726
1786500971618 619708416.0 4727
1786500974205 619839488.0 4728
1786500976787 619970560.0 4729
1786500979369 620101632.0 4730
1786500981951 620232704.0 4731
1786500984533 620363776.0 4732
1786500987115 620494848.0 4733
1786500989696 620625920.0 4734
1786500992277 620756992.0 4735
1786500994859 620888064.0 4736
1786500997441 621019136.0 4737
1786501000022 621150208.0 4738
1786501002605 621281280.0 4739
1786501005186 621412352.0 4740
1786501007767 621543424.0 4741
1786501010350 621674496.0 4742
1786501012932 621805568.0 4743
1786501015509 621936640.0 4744
1786501018090 622067712.0 4745
1786501020671 622198784.0 4746
1786501023254 622329856.0 4747
1786501025835 622460928.0 4748
1786501028417 622592000.0 4749
1786501030999 622723072.0 4750
1786501033580 622854144.0 4751
1786501036162 622985216.0 4752
1786501038743 623116288.0 4753
1786501041323 623247360.0 4754
1786501043905 623378432.0 4755
1786501046486 623509504.0 4756
1786501049067 623640576.0 4757
1786501051648 623771648.0 4758
1786501054229 623902720.0 4759
1786501056810 624033792.0 4760
1786501059392 624164864.0 4761
1786501061975 624295936.0 4762
1786501064556 624427008.0 4763
1786501067139 624558080.0 4764
1786501069722 624689152.0 4765
1786501072306 624820224.0 4766
1786501074888 624951296.0 4767
1786501077472 625082368.0 4768
1786501080058 625213440.0 4769
1786501082643 625344512.0 4770
1786501085229 625475584.0 4771
1786501087814 625606656.0 4772
1786501090396 625737728.0 4773
1786501092980 625868800.0 4774
1786501095566 625999872.0 4775
1786501098147 626130944.0 4776
1786501100727 626262016.0 4777
1786501103309 626393088.0 4778
1786501105890 626524160.0 4779
1786501108472 626655232.0 4780
1786501111053 626786304.0 4781
1786501113634 626917376.0 4782
1786501116217 627048448.0 4783
1786501118798 627179520.0 4784
1786501121380 627310592.0 4785
1786501123961 627441664.0 4786
1786501126542 627572736.0 4787
1786501129125 627703808.0 4788
1786501131706 627834880.0 4789
1786501134287 627965952.0 4790
1786501136868 628097024.0 4791
1786501139449 628228096.0 4792
1786501142030 628359168.0 4793
1786501144611 628490240.0 4794
1786501147192 628621312.0 4795
1786501149773 628752384.0 4796
1786501152355 628883456.0 4797
1786501154941 629014528.0 4798
1786501157524 629145600.0 4799
1786501160108 629276672.0 4800
1786501162690 629407744.0 4801
1786501165272 629538816.0 4802
1786501167854 629669888.0 4803
1786501170439 629800960.0 4804
1786501173023 629932032.0 4805
1786501175607 630063104.0 4806
1786501178190 630194176.0 4807
1786501180774 630325248.0 4808
1786501183357 630456320.0 4809
1786501185938 630587392.0 4810
1786501188520 630718464.0 4811
1786501191104 630849536.0 4812
1786501193689 630980608.0 4813
1786501196274 631111680.0 4814
1786501198856 631242752.0 4815
1786501201440 631373824.0 4816
1786501204023 631504896.0 4817
1786501206605 631635968.0 4818
1786501209189 631767040.0 4819
1786501211772 631898112.0 4820
1786501214355 632029184.0 4821
1786501216938 632160256.0 4822
1786501219523 632291328.0 4823
1786501222106 632422400.0 4824
1786501224687 632553472.0 4825
1786501227275 632684544.0 4826
1786501229858 632815616.0 4827
1786501232440 632946688.0 4828
1786501235022 633077760.0 4829
1786501237604 633208832.0 4830
1786501240187 633339904.0 4831
1786501242772 633470976.0 4832
1786501245353 633602048.0 4833
1786501247936 633733120.0 4834
1786501250517 633864192.0 4835
1786501253099 633995264.0 4836
1786501255680 634126336.0 4837
1786501258263 634257408.0 4838
1786501260844 634388480.0 4839
1786501263428 634519552.0 4840
1786501266011 634650624.0 4841
1786501268593 634781696.0 4842
1786501271174 634912768.0 4843
1786501273757 635043840.0 4844
1786501276339 635174912.0 4845
1786501278921 635305984.0 4846
1786501281502 635437056.0 4847
1786501284084 635568128.0 4848
1786501286669 635699200.0 4849
1786501289251 635830272.0 4850
1786501291829 635961344.0 4851
1786501294410 636092416.0 4852
1786501296995 636223488.0 4853
1786501299579 636354560.0 4854
1786501302160 636485632.0 4855
1786501304741 636616704.0 4856
1786501307324 636747776.0 4857
1786501309908 636878848.0 4858
1786501312492 637009920.0 4859
1786501315075 637140992.0 4860
1786501317662 637272064.0 4861
1786501320243 637403136.0 4862
1786501322821 637534208.0 4863
1786501325401 637665280.0 4864
1786501327979 637796352.0 4865
1786501330557 637927424.0 4866
1786501333135 638058496.0 4867
1786501335712 638189568.0 4868
1786501338289 638320640.0 4869
1786501340868 638451712.0 4870
1786501343452 638582784.0 4871
1786501346039 638713856.0 4872
1786501348622 638844928.0 4873
1786501351204 638976000.0 4874
1786501353789 639107072.0 4875
1786501356372 639238144.0 4876
1786501358956 639369216.0 4877
1786501361538 639500288.0 4878
1786501364122 639631360.0 4879
1786501366705 639762432.0 4880
1786501369289 639893504.0 4881
1786501371870 640024576.0 4882
1786501374449 640155648.0 4883
1786501377026 640286720.0 4884
1786501379602 640417792.0 4885
1786501382178 640548864.0 4886
1786501384755 640679936.0 4887
1786501387335 640811008.0 4888
1786501389916 640942080.0 4889
1786501392496 641073152.0 4890
1786501395075 641204224.0 4891
1786501397656 641335296.0 4892
1786501400237 641466368.0 4893
1786501402817 641597440.0 4894
1786501405398 641728512.0 4895
1786501407979 641859584.0 4896
1786501410559 641990656.0 4897
1786501413140 642121728.0 4898
1786501415721 642252800.0 4899
1786501418302 642383872.0 4900
1786501420885 642514944.0 4901
1786501423468 642646016.0 4902
1786501426051 642777088.0 4903
1786501428634 642908160.0 4904
1786501431216 643039232.0 4905
1786501433797 643170304.0 4906
1786501436377 643301376.0 4907
1786501438958 643432448.0 4908
1786501441539 643563520.0 4909
1786501444119 643694592.0 4910
1786501446700 643825664.0 4911
1786501449282 643956736.0 4912
1786501451863 644087808.0 4913
1786501454444 644218880.0 4914
1786501457030 644349952.0 4915
1786501459612 644481024.0 4916
1786501462192 644612096.0 4917
1786501464773 644743168.0 4918
1786501467355 644874240.0 4919
1786501469945 645005312.0 4920
1786501472534 645136384.0 4921
1786501475124 645267456.0 4922
1786501477710 645398528.0 4923
1786501480293 645529600.0 4924
1786501482876 645660672.0 4925
1786501485460 645791744.0 4926
1786501488043 645922816.0 4927
1786501490626 646053888.0 4928
1786501493209 646184960.0 4929
1786501495793 646316032.0 4930
1786501498377 646447104.0 4931
1786501500960 646578176.0 4932
1786501503543 646709248.0 4933
1786501506126 646840320.0 4934
1786501508712 646971392.0 4935
1786501511296 647102464.0 4936
1786501513881 647233536.0 4937
1786501516464 647364608.0 4938
1786501519047 647495680.0 4939
1786501521634 647626752.0 4940
1786501524221 647757824.0 4941
1786501526803 647888896.0 4942
1786501529387 648019968.0 4943
1786501531974 648151040.0 4944
1786501534563 648282112.0 4945
1786501537151 648413184.0 4946
1786501539738 648544256.0 4947
1786501542329 648675328.0 4948
1786501544918 648806400.0 4949
1786501547507 648937472.0 4950
1786501550095 649068544.0 4951
1786501552686 649199616.0 4952
1786501555272 649330688.0 4953
1786501557861 649461760.0 4954
1786501560447 649592832.0 4955
1786501563030 649723904.0 4956
1786501565610 649854976.0 4957
1786501568188 649986048.0 4958
1786501570767 650117120.0 4959
1786501573352 650248192.0 4960
1786501575934 650379264.0 4961
1786501578513 650510336.0 4962
1786501581095 650641408.0 4963
1786501583675 650772480.0 4964
1786501586255 650903552.0 4965
1786501588837 651034624.0 4966
1786501591420 651165696.0 4967
1786501594003 651296768.0 4968
1786501596585 651427840.0 4969
1786501599169 651558912.0 4970
1786501601758 651689984.0 4971
1786501604344 651821056.0 4972
1786501606927 651952128.0 4973
1786501609511 652083200.0 4974
1786501612098 652214272.0 4975
1786501614689 652345344.0 4976
1786501617277 652476416.0 4977
1786501619867 652607488.0 4978
1786501622457 652738560.0 4979
1786501625046 652869632.0 4980
1786501627635 653000704.0 4981
1786501630224 653131776.0 4982
1786501632813 653262848.0 4983
1786501635401 653393920.0 4984
1786501637990 653524992.0 4985
1786501640582 653656064.0 4986
1786501643172 653787136.0 4987
1786501645760 653918208.0 4988
1786501648348 654049280.0 4989
1786501650938 654180352.0 4990
1786501653531 654311424.0 4991
1786501656127 654442496.0 4992
1786501658713 654573568.0 4993
1786501661296 654704640.0 4994
1786501663879 654835712.0 4995
1786501666462 654966784.0 4996
1786501669047 655097856.0 4997
1786501671635 655228928.0 4998
1786501674219 655360000.0 4999
1786501678183 655491072.0 5000
1786501680764 655622144.0 5001
1786501683344 655753216.0 5002
1786501685927 655884288.0 5003
1786501688506 656015360.0 5004
1786501691087 656146432.0 5005
1786501693671 656277504.0 5006
1786501696254 656408576.0 5007
1786501698836 656539648.0 5008
1786501701421 656670720.0 5009
1786501704006 656801792.0 5010
1786501706594 656932864.0 5011
1786501709187 657063936.0 5012
1786501711775 657195008.0 5013
1786501714367 657326080.0 5014
1786501716958 657457152.0 5015
1786501719549 657588224.0 5016
1786501722138 657719296.0 5017
1786501724728 657850368.0 5018
1786501727318 657981440.0 5019
1786501729910 658112512.0 5020
1786501732501 658243584.0 5021
1786501735089 658374656.0 5022
1786501737681 658505728.0 5023
1786501740275 658636800.0 5024
1786501742866 658767872.0 5025
1786501745450 658898944.0 5026
1786501748029 659030016.0 5027
1786501750606 659161088.0 5028
1786501753185 659292160.0 5029
1786501755763 659423232.0 5030
1786501758340 659554304.0 5031
1786501760918 659685376.0 5032
1786501763495 659816448.0 5033
1786501766071 659947520.0 5034
1786501768648 660078592.0 5035
1786501771225 660209664.0 5036
1786501773802 660340736.0 5037
1786501776380 660471808.0 5038
1786501778961 660602880.0 5039
1786501781544 660733952.0 5040
1786501784131 660865024.0 5041
1786501786713 660996096.0 5042
1786501789294 661127168.0 5043
1786501791880 661258240.0 5044
1786501794464 661389312.0 5045
1786501797050 661520384.0 5046
1786501799635 661651456.0 5047
1786501802223 661782528.0 5048
1786501804812 661913600.0 5049
1786501807412 662044672.0 5050
1786501810001 662175744.0 5051
1786501812590 662306816.0 5052
1786501815179 662437888.0 5053
1786501817769 662568960.0 5054
1786501820359 662700032.0 5055
1786501822947 662831104.0 5056
1786501825535 662962176.0 5057
1786501828124 663093248.0 5058
1786501830712 663224320.0 5059
1786501833300 663355392.0 5060
1786501835881 663486464.0 5061
1786501838464 663617536.0 5062
1786501841050 663748608.0 5063
1786501843633 663879680.0 5064
1786501846216 664010752.0 5065
1786501848799 664141824.0 5066
1786501851386 664272896.0 5067
1786501853971 664403968.0 5068
1786501856554 664535040.0 5069
1786501859136 664666112.0 5070
1786501861716 664797184.0 5071
1786501864301 664928256.0 5072
1786501866885 665059328.0 5073
1786501869466 665190400.0 5074
1786501872047 665321472.0 5075
1786501874632 665452544.0 5076
1786501877227 665583616.0 5077
1786501879823 665714688.0 5078
1786501882415 665845760.0 5079
1786501885002 665976832.0 5080
1786501887589 666107904.0 5081
1786501890178 666238976.0 5082
1786501892766 666370048.0 5083
1786501895357 666501120.0 5084
1786501897945 666632192.0 5085
1786501900533 666763264.0 5086
1786501903121 666894336.0 5087
1786501905709 667025408.0 5088
1786501908299 667156480.0 5089
1786501910885 667287552.0 5090
1786501913473 667418624.0 5091
1786501916062 667549696.0 5092
1786501918649 667680768.0 5093
1786501921238 667811840.0 5094
1786501923826 667942912.0 5095
1786501926415 668073984.0 5096
1786501929005 668205056.0 5097
1786501931592 668336128.0 5098
1786501934174 668467200.0 5099
1786501936756 668598272.0 5100
1786501939342 668729344.0 5101
1786501941925 668860416.0 5102
1786501944516 668991488.0 5103
1786501947096 669122560.0 5104
1786501949684 669253632.0 5105
1786501952273 669384704.0 5106
1786501954859 669515776.0 5107
1786501957446 669646848.0 5108
1786501960030 669777920.0 5109
1786501962612 669908992.0 5110
1786501965196 670040064.0 5111
1786501967777 670171136.0 5112
1786501970359 670302208.0 5113
1786501972944 670433280.0 5114
1786501975532 670564352.0 5115
1786501978113 670695424.0 5116
1786501980695 670826496.0 5117
1786501983282 670957568.0 5118
1786501985866 671088640.0 5119
1786501988449 671219712.0 5120
1786501991037 671350784.0 5121
1786501993626 671481856.0 5122
1786501996214 671612928.0 5123
1786501998801 671744000.0 5124
1786502001389 671875072.0 5125
1786502003977 672006144.0 5126
1786502006565 672137216.0 5127
1786502009152 672268288.0 5128
1786502011737 672399360.0 5129
1786502014322 672530432.0 5130
1786502016904 672661504.0 5131
1786502019486 672792576.0 5132
1786502022071 672923648.0 5133
1786502024653 673054720.0 5134
1786502027235 673185792.0 5135
1786502029817 673316864.0 5136
1786502032400 673447936.0 5137
1786502034983 673579008.0 5138
1786502037564 673710080.0 5139
1786502040140 673841152.0 5140
1786502042716 673972224.0 5141
1786502045293 674103296.0 5142
1786502047872 674234368.0 5143
1786502050447 674365440.0 5144
1786502053027 674496512.0 5145
1786502055603 674627584.0 5146
1786502058179 674758656.0 5147
1786502060760 674889728.0 5148
1786502063337 675020800.0 5149
1786502065914 675151872.0 5150
1786502068491 675282944.0 5151
1786502071068 675414016.0 5152
1786502073646 675545088.0 5153
1786502076223 675676160.0 5154
1786502078808 675807232.0 5155
1786502081391 675938304.0 5156
1786502083977 676069376.0 5157
1786502086558 676200448.0 5158
1786502089140 676331520.0 5159
1786502091723 676462592.0 5160
1786502094307 676593664.0 5161
1786502096891 676724736.0 5162
1786502099477 676855808.0 5163
1786502102066 676986880.0 5164
1786502104654 677117952.0 5165
1786502107240 677249024.0 5166
1786502109822 677380096.0 5167
1786502112405 677511168.0 5168
1786502114990 677642240.0 5169
1786502117577 677773312.0 5170
1786502120170 677904384.0 5171
1786502122760 678035456.0 5172
1786502125348 678166528.0 5173
1786502127938 678297600.0 5174
1786502130521 678428672.0 5175
1786502133104 678559744.0 5176
1786502135685 678690816.0 5177
1786502138266 678821888.0 5178
1786502140848 678952960.0 5179
1786502143429 679084032.0 5180
1786502146012 679215104.0 5181
1786502148594 679346176.0 5182
1786502151175 679477248.0 5183
1786502153756 679608320.0 5184
1786502156340 679739392.0 5185
1786502158918 679870464.0 5186
1786502161494 680001536.0 5187
1786502164071 680132608.0 5188
1786502166648 680263680.0 5189
1786502169225 680394752.0 5190
1786502171802 680525824.0 5191
1786502174377 680656896.0 5192
1786502176957 680787968.0 5193
1786502179540 680919040.0 5194
1786502182124 681050112.0 5195
1786502184704 681181184.0 5196
1786502187288 681312256.0 5197
1786502189873 681443328.0 5198
1786502192458 681574400.0 5199
1786502195044 681705472.0 5200
1786502197631 681836544.0 5201
1786502200215 681967616.0 5202
1786502202799 682098688.0 5203
1786502205380 682229760.0 5204
1786502207964 682360832.0 5205
1786502210553 682491904.0 5206
1786502213138 682622976.0 5207
1786502215722 682754048.0 5208
1786502218306 682885120.0 5209
1786502220891 683016192.0 5210
1786502223476 683147264.0 5211
1786502226062 683278336.0 5212
1786502228643 683409408.0 5213
1786502231224 683540480.0 5214
1786502233805 683671552.0 5215
1786502236386 683802624.0 5216
1786502238968 683933696.0 5217
1786502241548 684064768.0 5218
1786502244128 684195840.0 5219
1786502246709 684326912.0 5220
1786502249288 684457984.0 5221
1786502251868 684589056.0 5222
1786502254449 684720128.0 5223
1786502257030 684851200.0 5224
1786502259610 684982272.0 5225
1786502262192 685113344.0 5226
1786502264774 685244416.0 5227
1786502267357 685375488.0 5228
1786502269938 685506560.0 5229
1786502272515 685637632.0 5230
1786502275093 685768704.0 5231
1786502277677 685899776.0 5232
1786502280258 686030848.0 5233
1786502282838 686161920.0 5234
1786502285420 686292992.0 5235
1786502288006 686424064.0 5236
1786502290593 686555136.0 5237
1786502293180 686686208.0 5238
1786502295769 686817280.0 5239
1786502298353 686948352.0 5240
1786502300932 687079424.0 5241
1786502303511 687210496.0 5242
1786502306093 687341568.0 5243
1786502308685 687472640.0 5244
1786502311274 687603712.0 5245
1786502313868 687734784.0 5246
1786502316456 687865856.0 5247
1786502319045 687996928.0 5248
1786502321634 688128000.0 5249
1786502324223 688259072.0 5250
1786502326812 688390144.0 5251
1786502329400 688521216.0 5252
1786502331987 688652288.0 5253
1786502334574 688783360.0 5254
1786502337162 688914432.0 5255
1786502339752 689045504.0 5256
1786502342340 689176576.0 5257
1786502344934 689307648.0 5258
1786502347523 689438720.0 5259
1786502350116 689569792.0 5260
1786502352707 689700864.0 5261
1786502355295 689831936.0 5262
1786502357883 689963008.0 5263
1786502360472 690094080.0 5264
1786502363061 690225152.0 5265
1786502365648 690356224.0 5266
1786502368232 690487296.0 5267
1786502370826 690618368.0 5268
1786502373416 690749440.0 5269
1786502376001 690880512.0 5270
1786502378584 691011584.0 5271
1786502381165 691142656.0 5272
1786502383745 691273728.0 5273
1786502386326 691404800.0 5274
1786502388906 691535872.0 5275
1786502391485 691666944.0 5276
1786502394067 691798016.0 5277
1786502396651 691929088.0 5278
1786502399235 692060160.0 5279
1786502401817 692191232.0 5280
1786502404398 692322304.0 5281
1786502406979 692453376.0 5282
1786502409561 692584448.0 5283
1786502412144 692715520.0 5284
1786502414732 692846592.0 5285
1786502417317 692977664.0 5286
1786502419898 693108736.0 5287
1786502422479 693239808.0 5288
1786502425060 693370880.0 5289
1786502427641 693501952.0 5290
1786502430228 693633024.0 5291
1786502432815 693764096.0 5292
1786502435402 693895168.0 5293
1786502437990 694026240.0 5294
1786502440577 694157312.0 5295
1786502443166 694288384.0 5296
1786502445751 694419456.0 5297
1786502448338 694550528.0 5298
1786502450928 694681600.0 5299
1786502453518 694812672.0 5300
1786502456106 694943744.0 5301
1786502458694 695074816.0 5302
1786502461282 695205888.0 5303
1786502463872 695336960.0 5304
1786502466463 695468032.0 5305
1786502469050 695599104.0 5306
1786502471637 695730176.0 5307
1786502474225 695861248.0 5308
1786502476815 695992320.0 5309
1786502479404 696123392.0 5310
1786502481992 696254464.0 5311
1786502484574 696385536.0 5312
1786502487153 696516608.0 5313
1786502489733 696647680.0 5314
1786502492322 696778752.0 5315
1786502494911 696909824.0 5316
1786502497500 697040896.0 5317
1786502500083 697171968.0 5318
1786502502667 697303040.0 5319
1786502505251 697434112.0 5320
1786502507832 697565184.0 5321
1786502510413 697696256.0 5322
1786502512990 697827328.0 5323
1786502515574 697958400.0 5324
1786502518157 698089472.0 5325
1786502520740 698220544.0 5326
1786502523321 698351616.0 5327
1786502525902 698482688.0 5328
1786502528483 698613760.0 5329
1786502531064 698744832.0 5330
1786502533644 698875904.0 5331
1786502536223 699006976.0 5332
1786502538803 699138048.0 5333
1786502541383 699269120.0 5334
1786502543965 699400192.0 5335
1786502546546 699531264.0 5336
1786502549127 699662336.0 5337
1786502551712 699793408.0 5338
1786502554300 699924480.0 5339
1786502556890 700055552.0 5340
1786502559478 700186624.0 5341
1786502562062 700317696.0 5342
1786502564648 700448768.0 5343
1786502567235 700579840.0 5344
1786502569822 700710912.0 5345
1786502572414 700841984.0 5346
1786502575003 700973056.0 5347
1786502577591 701104128.0 5348
1786502580179 701235200.0 5349
1786502582766 701366272.0 5350
1786502585356 701497344.0 5351
1786502587945 701628416.0 5352
1786502590530 701759488.0 5353
1786502593114 701890560.0 5354
1786502595702 702021632.0 5355
1786502598290 702152704.0 5356
1786502600877 702283776.0 5357
1786502603462 702414848.0 5358
1786502606043 702545920.0 5359
1786502608634 702676992.0 5360
1786502611217 702808064.0 5361
1786502613805 702939136.0 5362
1786502616389 703070208.0 5363
1786502618970 703201280.0 5364
1786502621553 703332352.0 5365
1786502624135 703463424.0 5366
1786502626714 703594496.0 5367
1786502629295 703725568.0 5368
1786502631878 703856640.0 5369
1786502634460 703987712.0 5370
1786502637044 704118784.0 5371
1786502639624 704249856.0 5372
1786502642210 704380928.0 5373
1786502644796 704512000.0 5374
1786502647384 704643072.0 5375
1786502649971 704774144.0 5376
1786502652558 704905216.0 5377
1786502655145 705036288.0 5378
1786502657736 705167360.0 5379
1786502660323 705298432.0 5380
1786502662910 705429504.0 5381
1786502665498 705560576.0 5382
1786502668079 705691648.0 5383
1786502670663 705822720.0 5384
1786502673249 705953792.0 5385
1786502675837 706084864.0 5386
1786502678425 706215936.0 5387
1786502681011 706347008.0 5388
1786502683597 706478080.0 5389
1786502686182 706609152.0 5390
1786502688767 706740224.0 5391
1786502691355 706871296.0 5392
1786502693940 707002368.0 5393
1786502696528 707133440.0 5394
1786502699116 707264512.0 5395
1786502701702 707395584.0 5396
1786502704291 707526656.0 5397
1786502706884 707657728.0 5398
1786502709475 707788800.0 5399
1786502712062 707919872.0 5400
1786502714644 708050944.0 5401
1786502717224 708182016.0 5402
1786502719805 708313088.0 5403
1786502722385 708444160.0 5404
1786502724968 708575232.0 5405
1786502727549 708706304.0 5406
1786502730130 708837376.0 5407
1786502732711 708968448.0 5408
1786502735292 709099520.0 5409
1786502737876 709230592.0 5410
1786502740457 709361664.0 5411
1786502743037 709492736.0 5412
1786502745617 709623808.0 5413
1786502748197 709754880.0 5414
1786502750780 709885952.0 5415
1786502753363 710017024.0 5416
1786502755944 710148096.0 5417
1786502758528 710279168.0 5418
1786502761113 710410240.0 5419
1786502763701 710541312.0 5420
1786502766287 710672384.0 5421
1786502768874 710803456.0 5422
1786502771464 710934528.0 5423
1786502774056 711065600.0 5424
1786502776644 711196672.0 5425
1786502779232 711327744.0 5426
1786502781820 711458816.0 5427
1786502784407 711589888.0 5428
1786502786995 711720960.0 5429
1786502789582 711852032.0 5430
1786502792170 711983104.0 5431
1786502794758 712114176.0 5432
1786502797345 712245248.0 5433
1786502799935 712376320.0 5434
1786502802527 712507392.0 5435
1786502805116 712638464.0 5436
1786502807703 712769536.0 5437
1786502810292 712900608.0 5438
1786502812880 713031680.0 5439
1786502815469 713162752.0 5440
1786502818057 713293824.0 5441
1786502820644 713424896.0 5442
1786502823232 713555968.0 5443
1786502825821 713687040.0 5444
1786502828409 713818112.0 5445
1786502830997 713949184.0 5446
1786502833586 714080256.0 5447
1786502836172 714211328.0 5448
1786502838761 714342400.0 5449
1786502841347 714473472.0 5450
1786502843934 714604544.0 5451
1786502846521 714735616.0 5452
1786502849107 714866688.0 5453
1786502851694 714997760.0 5454
1786502854280 715128832.0 5455
1786502856867 715259904.0 5456
1786502859456 715390976.0 5457
1786502862049 715522048.0 5458
1786502864636 715653120.0 5459
1786502867225 715784192.0 5460
1786502869812 715915264.0 5461
1786502872397 716046336.0 5462
1786502874978 716177408.0 5463
1786502877559 716308480.0 5464
1786502880139 716439552.0 5465
1786502882720 716570624.0 5466
1786502885300 716701696.0 5467
1786502887882 716832768.0 5468
1786502890464 716963840.0 5469
1786502893046 717094912.0 5470
1786502895628 717225984.0 5471
1786502898209 717357056.0 5472
1786502900790 717488128.0 5473
1786502903371 717619200.0 5474
1786502905952 717750272.0 5475
1786502908532 717881344.0 5476
1786502911112 718012416.0 5477
1786502913693 718143488.0 5478
1786502916275 718274560.0 5479
1786502918856 718405632.0 5480
1786502921437 718536704.0 5481
1786502924019 718667776.0 5482
1786502926600 718798848.0 5483
1786502929183 718929920.0 5484
1786502931764 719060992.0 5485
1786502934345 719192064.0 5486
1786502936929 719323136.0 5487
1786502939512 719454208.0 5488
1786502942095 719585280.0 5489
1786502944677 719716352.0 5490
1786502947258 719847424.0 5491
1786502949843 719978496.0 5492
1786502952425 720109568.0 5493
1786502955006 720240640.0 5494
1786502957587 720371712.0 5495
1786502960169 720502784.0 5496
1786502962750 720633856.0 5497
1786502965336 720764928.0 5498
1786502967925 720896000.0 5499
1786502971920 721027072.0 5500
1786502974506 721158144.0 5501
1786502977092 721289216.0 5502
1786502979675 721420288.0 5503
1786502982263 721551360.0 5504
1786502984854 721682432.0 5505
1786502987444 721813504.0 5506
1786502990031 721944576.0 5507
1786502992618 722075648.0 5508
1786502995205 722206720.0 5509
1786502997792 722337792.0 5510
1786503000379 722468864.0 5511
1786503002968 722599936.0 5512
1786503005554 722731008.0 5513
1786503008141 722862080.0 5514
1786503010729 722993152.0 5515
1786503013316 723124224.0 5516
1786503015904 723255296.0 5517
1786503018490 723386368.0 5518
1786503021077 723517440.0 5519
1786503023666 723648512.0 5520
1786503026253 723779584.0 5521
1786503028839 723910656.0 5522
1786503031427 724041728.0 5523
1786503034015 724172800.0 5524
1786503036603 724303872.0 5525
1786503039190 724434944.0 5526
1786503041775 724566016.0 5527
1786503044356 724697088.0 5528
1786503046936 724828160.0 5529
1786503049517 724959232.0 5530
1786503052097 725090304.0 5531
1786503054679 725221376.0 5532
1786503057265 725352448.0 5533
1786503059845 725483520.0 5534
1786503062426 725614592.0 5535
1786503065006 725745664.0 5536
1786503067587 725876736.0 5537
1786503070167 726007808.0 5538
1786503072748 726138880.0 5539
1786503075328 726269952.0 5540
1786503077907 726401024.0 5541
1786503080486 726532096.0 5542
1786503083069 726663168.0 5543
1786503085649 726794240.0 5544
1786503088228 726925312.0 5545
1786503090813 727056384.0 5546
1786503093396 727187456.0 5547
1786503095978 727318528.0 5548
1786503098557 727449600.0 5549
1786503101136 727580672.0 5550
1786503103714 727711744.0 5551
1786503106292 727842816.0 5552
1786503108869 727973888.0 5553
1786503111447 728104960.0 5554
1786503114025 728236032.0 5555
1786503116612 728367104.0 5556
1786503119194 728498176.0 5557
1786503121777 728629248.0 5558
1786503124360 728760320.0 5559
1786503126949 728891392.0 5560
1786503129541 729022464.0 5561
1786503132132 729153536.0 5562
1786503134725 729284608.0 5563
1786503137308 729415680.0 5564
1786503139888 729546752.0 5565
1786503142466 729677824.0 5566
1786503145044 729808896.0 5567
1786503147624 729939968.0 5568
1786503150206 730071040.0 5569
1786503152790 730202112.0 5570
1786503155379 730333184.0 5571
1786503157970 730464256.0 5572
1786503160559 730595328.0 5573
1786503163143 730726400.0 5574
1786503165726 730857472.0 5575
1786503168307 730988544.0 5576
1786503170885 731119616.0 5577
1786503173461 731250688.0 5578
1786503176037 731381760.0 5579
1786503178614 731512832.0 5580
1786503181190 731643904.0 5581
1786503183766 731774976.0 5582
1786503186343 731906048.0 5583
1786503188919 732037120.0 5584
1786503191495 732168192.0 5585
1786503194072 732299264.0 5586
1786503196649 732430336.0 5587
1786503199226 732561408.0 5588
1786503201803 732692480.0 5589
1786503204379 732823552.0 5590
1786503206956 732954624.0 5591
1786503209532 733085696.0 5592
1786503212111 733216768.0 5593
1786503214690 733347840.0 5594
1786503217272 733478912.0 5595
1786503219860 733609984.0 5596
1786503222445 733741056.0 5597
1786503225031 733872128.0 5598
1786503227616 734003200.0 5599
1786503230202 734134272.0 5600
1786503232790 734265344.0 5601
1786503235375 734396416.0 5602
1786503237964 734527488.0 5603
1786503240557 734658560.0 5604
1786503243146 734789632.0 5605
1786503245733 734920704.0 5606
1786503248320 735051776.0 5607
1786503250903 735182848.0 5608
1786503253486 735313920.0 5609
1786503256070 735444992.0 5610
1786503258654 735576064.0 5611
1786503261238 735707136.0 5612
1786503263819 735838208.0 5613
1786503266400 735969280.0 5614
1786503268980 736100352.0 5615
1786503271564 736231424.0 5616
1786503274148 736362496.0 5617
1786503276735 736493568.0 5618
1786503279321 736624640.0 5619
1786503281912 736755712.0 5620
1786503284499 736886784.0 5621
1786503287087 737017856.0 5622
1786503289676 737148928.0 5623
1786503292262 737280000.0 5624
1786503294844 737411072.0 5625
1786503297425 737542144.0 5626
1786503300008 737673216.0 5627
1786503302588 737804288.0 5628
1786503305171 737935360.0 5629
1786503307753 738066432.0 5630
1786503310334 738197504.0 5631
1786503312916 738328576.0 5632
1786503315497 738459648.0 5633
1786503318078 738590720.0 5634
1786503320658 738721792.0 5635
1786503323239 738852864.0 5636
1786503325820 738983936.0 5637
1786503328401 739115008.0 5638
1786503330984 739246080.0 5639
1786503333564 739377152.0 5640
1786503336145 739508224.0 5641
1786503338727 739639296.0 5642
1786503341318 739770368.0 5643
1786503343906 739901440.0 5644
1786503346493 740032512.0 5645
1786503349080 740163584.0 5646
1786503351669 740294656.0 5647
1786503354255 740425728.0 5648
1786503356851 740556800.0 5649
1786503359446 740687872.0 5650
1786503362042 740818944.0 5651
1786503364641 740950016.0 5652
1786503367233 741081088.0 5653
1786503369815 741212160.0 5654
1786503372396 741343232.0 5655
1786503374978 741474304.0 5656
1786503377560 741605376.0 5657
1786503380140 741736448.0 5658
1786503382724 741867520.0 5659
1786503385307 741998592.0 5660
1786503387891 742129664.0 5661
1786503390476 742260736.0 5662
1786503393065 742391808.0 5663
1786503395653 742522880.0 5664
1786503398241 742653952.0 5665
1786503400828 742785024.0 5666
1786503403416 742916096.0 5667
1786503406002 743047168.0 5668
1786503408589 743178240.0 5669
1786503411176 743309312.0 5670
1786503413764 743440384.0 5671
1786503416352 743571456.0 5672
1786503418938 743702528.0 5673
1786503421525 743833600.0 5674
1786503424111 743964672.0 5675
1786503426698 744095744.0 5676
1786503429290 744226816.0 5677
1786503431873 744357888.0 5678
1786503434456 744488960.0 5679
1786503437042 744620032.0 5680
1786503439628 744751104.0 5681
1786503442216 744882176.0 5682
1786503444804 745013248.0 5683
1786503447392 745144320.0 5684
1786503449978 745275392.0 5685
1786503452570 745406464.0 5686
1786503455161 745537536.0 5687
1786503457747 745668608.0 5688
1786503460328 745799680.0 5689
1786503462909 745930752.0 5690
1786503465490 746061824.0 5691
1786503468070 746192896.0 5692
1786503470651 746323968.0 5693
1786503473232 746455040.0 5694
1786503475815 746586112.0 5695
1786503478397 746717184.0 5696
1786503480978 746848256.0 5697
1786503483560 746979328.0 5698
1786503486141 747110400.0 5699
1786503488721 747241472.0 5700
1786503491301 747372544.0 5701
1786503493881 747503616.0 5702
1786503496462 747634688.0 5703
1786503499042 747765760.0 5704
1786503501621 747896832.0 5705
1786503504201 748027904.0 5706
1786503506782 748158976.0 5707
1786503509363 748290048.0 5708
1786503511944 748421120.0 5709
1786503514525 748552192.0 5710
1786503517107 748683264.0 5711
1786503519688 748814336.0 5712
1786503522271 748945408.0 5713
1786503524854 749076480.0 5714
1786503527437 749207552.0 5715
1786503530021 749338624.0 5716
1786503532604 749469696.0 5717
1786503535189 749600768.0 5718
1786503537777 749731840.0 5719
1786503540364 749862912.0 5720
1786503542953 749993984.0 5721
1786503545540 750125056.0 5722
1786503548128 750256128.0 5723
1786503550716 750387200.0 5724
1786503553303 750518272.0 5725
1786503555890 750649344.0 5726
1786503558480 750780416.0 5727
1786503561072 750911488.0 5728
1786503563659 751042560.0 5729
1786503566247 751173632.0 5730
1786503568834 751304704.0 5731
1786503571417 751435776.0 5732
1786503573999 751566848.0 5733
1786503576579 751697920.0 5734
1786503579160 751828992.0 5735
1786503581740 751960064.0 5736
1786503584321 752091136.0 5737
1786503586901 752222208.0 5738
1786503589487 752353280.0 5739
1786503592071 752484352.0 5740
1786503594654 752615424.0 5741
1786503597243 752746496.0 5742
1786503599831 752877568.0 5743
1786503602419 753008640.0 5744
1786503605006 753139712.0 5745
1786503607599 753270784.0 5746
1786503610180 753401856.0 5747
1786503612762 753532928.0 5748
1786503615350 753664000.0 5749
1786503617937 753795072.0 5750
1786503620523 753926144.0 5751
1786503623115 754057216.0 5752
1786503625704 754188288.0 5753
1786503628295 754319360.0 5754
1786503630883 754450432.0 5755
1786503633472 754581504.0 5756
1786503636067 754712576.0 5757
1786503638658 754843648.0 5758
1786503641249 754974720.0 5759
1786503643852 755105792.0 5760
1786503646448 755236864.0 5761
1786503649039 755367936.0 5762
1786503651630 755499008.0 5763
1786503654221 755630080.0 5764
1786503656815 755761152.0 5765
1786503659398 755892224.0 5766
1786503661978 756023296.0 5767
1786503664564 756154368.0 5768
1786503667146 756285440.0 5769
1786503669728 756416512.0 5770
1786503672307 756547584.0 5771
1786503674887 756678656.0 5772
1786503677467 756809728.0 5773
1786503680048 756940800.0 5774
1786503682628 757071872.0 5775
1786503685208 757202944.0 5776
1786503687790 757334016.0 5777
1786503690371 757465088.0 5778
1786503692954 757596160.0 5779
1786503695535 757727232.0 5780
1786503698116 757858304.0 5781
1786503700698 757989376.0 5782
1786503703279 758120448.0 5783
1786503705860 758251520.0 5784
1786503708444 758382592.0 5785
1786503711028 758513664.0 5786
1786503713610 758644736.0 5787
1786503716191 758775808.0 5788
1786503718773 758906880.0 5789
1786503721354 759037952.0 5790
1786503723935 759169024.0 5791
1786503726517 759300096.0 5792
1786503729099 759431168.0 5793
1786503731679 759562240.0 5794
1786503734263 759693312.0 5795
1786503736843 759824384.0 5796
1786503739424 759955456.0 5797
1786503742004 760086528.0 5798
1786503744584 760217600.0 5799
1786503747164 760348672.0 5800
1786503749744 760479744.0 5801
1786503752325 760610816.0 5802
1786503754905 760741888.0 5803
1786503757486 760872960.0 5804
1786503760066 761004032.0 5805
1786503762646 761135104.0 5806
1786503765226 761266176.0 5807
1786503767807 761397248.0 5808
1786503770389 761528320.0 5809
1786503772971 761659392.0 5810
1786503775552 761790464.0 5811
1786503778134 761921536.0 5812
1786503780715 762052608.0 5813
1786503783295 762183680.0 5814
1786503785876 762314752.0 5815
1786503788457 762445824.0 5816
1786503791039 762576896.0 5817
1786503793621 762707968.0 5818
1786503796198 762839040.0 5819
1786503798775 762970112.0 5820
1786503801351 763101184.0 5821
1786503803928 763232256.0 5822
1786503806505 763363328.0 5823
1786503809082 763494400.0 5824
1786503811658 763625472.0 5825
1786503814235 763756544.0 5826
1786503816811 763887616.0 5827
1786503819391 764018688.0 5828
1786503821972 764149760.0 5829
1786503824553 764280832.0 5830
1786503827134 764411904.0 5831
1786503829716 764542976.0 5832
1786503832297 764674048.0 5833
1786503834878 764805120.0 5834
1786503837461 764936192.0 5835
1786503840044 765067264.0 5836
1786503842633 765198336.0 5837
1786503845214 765329408.0 5838
1786503847796 765460480.0 5839
1786503850384 765591552.0 5840
1786503852966 765722624.0 5841
1786503855549 765853696.0 5842
1786503858138 765984768.0 5843
1786503860726 766115840.0 5844
1786503863312 766246912.0 5845
1786503865894 766377984.0 5846
1786503868475 766509056.0 5847
1786503871057 766640128.0 5848
1786503873640 766771200.0 5849
1786503876221 766902272.0 5850
1786503878802 767033344.0 5851
1786503881386 767164416.0 5852
1786503883969 767295488.0 5853
1786503886552 767426560.0 5854
1786503889139 767557632.0 5855
1786503891723 767688704.0 5856
1786503894304 767819776.0 5857
1786503896885 767950848.0 5858
1786503899465 768081920.0 5859
1786503902046 768212992.0 5860
1786503904626 768344064.0 5861
1786503907206 768475136.0 5862
1786503909790 768606208.0 5863
1786503912370 768737280.0 5864
1786503914950 768868352.0 5865
1786503917529 768999424.0 5866
1786503920110 769130496.0 5867
1786503922693 769261568.0 5868
1786503925274 769392640.0 5869
1786503927854 769523712.0 5870
1786503930435 769654784.0 5871
1786503933016 769785856.0 5872
1786503935601 769916928.0 5873
1786503938187 770048000.0 5874
1786503940768 770179072.0 5875
1786503943349 770310144.0 5876
1786503945929 770441216.0 5877
1786503948508 770572288.0 5878
1786503951091 770703360.0 5879
1786503953676 770834432.0 5880
1786503956261 770965504.0 5881
1786503958843 771096576.0 5882
1786503961428 771227648.0 5883
1786503964009 771358720.0 5884
1786503966589 771489792.0 5885
1786503969171 771620864.0 5886
1786503971752 771751936.0 5887
1786503974333 771883008.0 5888
1786503976914 772014080.0 5889
1786503979494 772145152.0 5890
1786503982077 772276224.0 5891
1786503984659 772407296.0 5892
1786503987250 772538368.0 5893
1786503989831 772669440.0 5894
1786503992413 772800512.0 5895
1786503994998 772931584.0 5896
1786503997580 773062656.0 5897
1786504000163 773193728.0 5898
1786504002746 773324800.0 5899
1786504005327 773455872.0 5900
1786504007909 773586944.0 5901
1786504010496 773718016.0 5902
1786504013087 773849088.0 5903
1786504015672 773980160.0 5904
1786504018254 774111232.0 5905
1786504020836 774242304.0 5906
1786504023418 774373376.0 5907
1786504026001 774504448.0 5908
1786504028582 774635520.0 5909
1786504031165 774766592.0 5910
1786504033746 774897664.0 5911
1786504036327 775028736.0 5912
1786504038908 775159808.0 5913
1786504041490 775290880.0 5914
1786504044072 775421952.0 5915
1786504046655 775553024.0 5916
1786504049236 775684096.0 5917
1786504051819 775815168.0 5918
1786504054401 775946240.0 5919
1786504056983 776077312.0 5920
1786504059565 776208384.0 5921
1786504062146 776339456.0 5922
1786504064727 776470528.0 5923
1786504067309 776601600.0 5924
1786504069890 776732672.0 5925
1786504072471 776863744.0 5926
1786504075052 776994816.0 5927
1786504077633 777125888.0 5928
1786504080214 777256960.0 5929
1786504082795 777388032.0 5930
1786504085377 777519104.0 5931
1786504087959 777650176.0 5932
1786504090541 777781248.0 5933
1786504093121 777912320.0 5934
1786504095702 778043392.0 5935
1786504098283 778174464.0 5936
1786504100864 778305536.0 5937
1786504103444 778436608.0 5938
1786504106026 778567680.0 5939
1786504108607 778698752.0 5940
1786504111188 778829824.0 5941
1786504113769 778960896.0 5942
1786504116350 779091968.0 5943
1786504118932 779223040.0 5944
1786504121514 779354112.0 5945
1786504124095 779485184.0 5946
1786504126679 779616256.0 5947
1786504129260 779747328.0 5948
1786504131841 779878400.0 5949
1786504134425 780009472.0 5950
1786504137005 780140544.0 5951
1786504139582 780271616.0 5952
1786504142164 780402688.0 5953
1786504144745 780533760.0 5954
1786504147326 780664832.0 5955
1786504149907 780795904.0 5956
1786504152487 780926976.0 5957
1786504155063 781058048.0 5958
1786504157639 781189120.0 5959
1786504160216 781320192.0 5960
1786504162791 781451264.0 5961
1786504165367 781582336.0 5962
1786504167945 781713408.0 5963
1786504170521 781844480.0 5964
1786504173098 781975552.0 5965
1786504175675 782106624.0 5966
1786504178253 782237696.0 5967
1786504180829 782368768.0 5968
1786504183406 782499840.0 5969
1786504185982 782630912.0 5970
1786504188560 782761984.0 5971
1786504191138 782893056.0 5972
1786504193718 783024128.0 5973
1786504196295 783155200.0 5974
1786504198872 783286272.0 5975
1786504201448 783417344.0 5976
1786504204029 783548416.0 5977
1786504206610 783679488.0 5978
1786504209192 783810560.0 5979
1786504211773 783941632.0 5980
1786504214354 784072704.0 5981
1786504216936 784203776.0 5982
1786504219516 784334848.0 5983
1786504222097 784465920.0 5984
1786504224678 784596992.0 5985
1786504227260 784728064.0 5986
1786504229840 784859136.0 5987
1786504232422 784990208.0 5988
1786504235002 785121280.0 5989
1786504237584 785252352.0 5990
1786504240168 785383424.0 5991
1786504242755 785514496.0 5992
1786504245335 785645568.0 5993
1786504247919 785776640.0 5994
1786504250503 785907712.0 5995
1786504253083 786038784.0 5996
1786504255664 786169856.0 5997
1786504258246 786300928.0 5998
1786504260827 786432000.0 5999
1786504265453 786563072.0 6000
1786504268033 786694144.0 6001
1786504270614 786825216.0 6002
1786504273194 786956288.0 6003
1786504275775 787087360.0 6004
1786504278355 787218432.0 6005
1786504280937 787349504.0 6006
1786504283522 787480576.0 6007
1786504286103 787611648.0 6008
1786504288684 787742720.0 6009
1786504291265 787873792.0 6010
1786504293848 788004864.0 6011
1786504296429 788135936.0 6012
1786504299010 788267008.0 6013
1786504301591 788398080.0 6014
1786504304173 788529152.0 6015
1786504306752 788660224.0 6016
1786504309333 788791296.0 6017
1786504311912 788922368.0 6018
1786504314495 789053440.0 6019
1786504317074 789184512.0 6020
1786504319654 789315584.0 6021
1786504322234 789446656.0 6022
1786504324816 789577728.0 6023
1786504327396 789708800.0 6024
1786504329976 789839872.0 6025
1786504332558 789970944.0 6026
1786504335140 790102016.0 6027
1786504337722 790233088.0 6028
1786504340303 790364160.0 6029
1786504342884 790495232.0 6030
1786504345467 790626304.0 6031
1786504348049 790757376.0 6032
1786504350629 790888448.0 6033
1786504353209 791019520.0 6034
1786504355789 791150592.0 6035
1786504358371 791281664.0 6036
1786504360953 791412736.0 6037
1786504363534 791543808.0 6038
1786504366115 791674880.0 6039
1786504368696 791805952.0 6040
1786504371282 791937024.0 6041
1786504373863 792068096.0 6042
1786504376443 792199168.0 6043
1786504379025 792330240.0 6044
1786504381607 792461312.0 6045
1786504384189 792592384.0 6046
1786504386772 792723456.0 6047
1786504389354 792854528.0 6048
1786504391936 792985600.0 6049
1786504394517 793116672.0 6050
1786504397098 793247744.0 6051
1786504399680 793378816.0 6052
1786504402261 793509888.0 6053
1786504404843 793640960.0 6054
1786504407427 793772032.0 6055
1786504410008 793903104.0 6056
1786504412591 794034176.0 6057
1786504415172 794165248.0 6058
1786504417754 794296320.0 6059
1786504420336 794427392.0 6060
1786504422916 794558464.0 6061
1786504425496 794689536.0 6062
1786504428076 794820608.0 6063
1786504430658 794951680.0 6064
1786504433238 795082752.0 6065
1786504435820 795213824.0 6066
1786504438402 795344896.0 6067
1786504440983 795475968.0 6068
1786504443562 795607040.0 6069
1786504446144 795738112.0 6070
1786504448725 795869184.0 6071
1786504451305 796000256.0 6072
1786504453885 796131328.0 6073
1786504456467 796262400.0 6074
1786504459047 796393472.0 6075
1786504461628 796524544.0 6076
1786504464209 796655616.0 6077
1786504466791 796786688.0 6078
1786504469373 796917760.0 6079
1786504471954 797048832.0 6080
1786504474535 797179904.0 6081
1786504477116 797310976.0 6082
1786504479700 797442048.0 6083
1786504482281 797573120.0 6084
1786504484863 797704192.0 6085
1786504487445 797835264.0 6086
1786504490028 797966336.0 6087
1786504492612 798097408.0 6088
1786504495194 798228480.0 6089
1786504497776 798359552.0 6090
1786504500358 798490624.0 6091
1786504502940 798621696.0 6092
1786504505534 798752768.0 6093
1786504508119 798883840.0 6094
1786504510708 799014912.0 6095
1786504513294 799145984.0 6096
1786504515876 799277056.0 6097
1786504518457 799408128.0 6098
1786504521039 799539200.0 6099
1786504523620 799670272.0 6100
1786504526201 799801344.0 6101
1786504528783 799932416.0 6102
1786504531366 800063488.0 6103
1786504533948 800194560.0 6104
1786504536531 800325632.0 6105
1786504539114 800456704.0 6106
1786504541695 800587776.0 6107
1786504544278 800718848.0 6108
1786504546859 800849920.0 6109
1786504549442 800980992.0 6110
1786504552024 801112064.0 6111
1786504554605 801243136.0 6112
1786504557186 801374208.0 6113
1786504559767 801505280.0 6114
1786504562348 801636352.0 6115
1786504564928 801767424.0 6116
1786504567509 801898496.0 6117
1786504570090 802029568.0 6118
1786504572671 802160640.0 6119
1786504575252 802291712.0 6120
1786504577834 802422784.0 6121
1786504580415 802553856.0 6122
1786504582997 802684928.0 6123
1786504585578 802816000.0 6124
1786504588158 802947072.0 6125
1786504590739 803078144.0 6126
1786504593320 803209216.0 6127
1786504595902 803340288.0 6128
1786504598483 803471360.0 6129
1786504601064 803602432.0 6130
1786504603646 803733504.0 6131
1786504606229 803864576.0 6132
1786504608812 803995648.0 6133
1786504611396 804126720.0 6134
1786504613982 804257792.0 6135
1786504616564 804388864.0 6136
1786504619145 804519936.0 6137
1786504621723 804651008.0 6138
1786504624303 804782080.0 6139
1786504626883 804913152.0 6140
1786504629463 805044224.0 6141
1786504632044 805175296.0 6142
1786504634625 805306368.0 6143
1786504637207 805437440.0 6144
1786504639788 805568512.0 6145
1786504642369 805699584.0 6146
1786504644948 805830656.0 6147
1786504647529 805961728.0 6148
1786504650109 806092800.0 6149
1786504652690 806223872.0 6150
1786504655272 806354944.0 6151
1786504657852 806486016.0 6152
1786504660434 806617088.0 6153
1786504663014 806748160.0 6154
1786504665595 806879232.0 6155
1786504668176 807010304.0 6156
1786504670760 807141376.0 6157
1786504673342 807272448.0 6158
1786504675927 807403520.0 6159
1786504678508 807534592.0 6160
1786504681088 807665664.0 6161
1786504683668 807796736.0 6162
1786504686246 807927808.0 6163
1786504688822 808058880.0 6164
1786504691398 808189952.0 6165
1786504693975 808321024.0 6166
1786504696551 808452096.0 6167
1786504699128 808583168.0 6168
1786504701704 808714240.0 6169
1786504704280 808845312.0 6170
1786504706857 808976384.0 6171
1786504709434 809107456.0 6172
1786504712011 809238528.0 6173
1786504714587 809369600.0 6174
1786504717164 809500672.0 6175
1786504719741 809631744.0 6176
1786504722317 809762816.0 6177
1786504724894 809893888.0 6178
1786504727470 810024960.0 6179
1786504730048 810156032.0 6180
1786504732631 810287104.0 6181
1786504735217 810418176.0 6182
1786504737799 810549248.0 6183
1786504740382 810680320.0 6184
1786504742964 810811392.0 6185
1786504745546 810942464.0 6186
1786504748130 811073536.0 6187
1786504750712 811204608.0 6188
1786504753294 811335680.0 6189
1786504755876 811466752.0 6190
1786504758457 811597824.0 6191
1786504761039 811728896.0 6192
1786504763620 811859968.0 6193
1786504766201 811991040.0 6194
1786504768782 812122112.0 6195
1786504771362 812253184.0 6196
1786504773944 812384256.0 6197
1786504776525 812515328.0 6198
1786504779105 812646400.0 6199
1786504781686 812777472.0 6200
1786504784268 812908544.0 6201
1786504786848 813039616.0 6202
1786504789430 813170688.0 6203
1786504792011 813301760.0 6204
1786504794591 813432832.0 6205
1786504797175 813563904.0 6206
1786504799757 813694976.0 6207
1786504802336 813826048.0 6208
1786504804918 813957120.0 6209
1786504807501 814088192.0 6210
1786504810081 814219264.0 6211
1786504812662 814350336.0 6212
1786504815243 814481408.0 6213
1786504817824 814612480.0 6214
1786504820404 814743552.0 6215
1786504822985 814874624.0 6216
1786504825565 815005696.0 6217
1786504828146 815136768.0 6218
1786504830727 815267840.0 6219
1786504833308 815398912.0 6220
1786504835889 815529984.0 6221
1786504838472 815661056.0 6222
1786504841054 815792128.0 6223
1786504843634 815923200.0 6224
1786504846216 816054272.0 6225
1786504848798 816185344.0 6226
1786504851385 816316416.0 6227
1786504853973 816447488.0 6228
1786504856555 816578560.0 6229
1786504859138 816709632.0 6230
1786504861721 816840704.0 6231
1786504864304 816971776.0 6232
1786504866888 817102848.0 6233
1786504869471 817233920.0 6234
1786504872053 817364992.0 6235
1786504874634 817496064.0 6236
1786504877214 817627136.0 6237
1786504879797 817758208.0 6238
1786504882377 817889280.0 6239
1786504884956 818020352.0 6240
1786504887537 818151424.0 6241
1786504890120 818282496.0 6242
1786504892698 818413568.0 6243
1786504895274 818544640.0 6244
1786504897850 818675712.0 6245
1786504900426 818806784.0 6246
1786504903002 818937856.0 6247
1786504905579 819068928.0 6248
1786504908155 819200000.0 6249
1786504910731 819331072.0 6250
1786504913307 819462144.0 6251
1786504915885 819593216.0 6252
1786504918461 819724288.0 6253
1786504921036 819855360.0 6254
1786504923612 819986432.0 6255
1786504926189 820117504.0 6256
1786504928765 820248576.0 6257
1786504931341 820379648.0 6258
1786504933917 820510720.0 6259
1786504936494 820641792.0 6260
1786504939068 820772864.0 6261
1786504941642 820903936.0 6262
1786504944219 821035008.0 6263
1786504946799 821166080.0 6264
1786504949379 821297152.0 6265
1786504951959 821428224.0 6266
1786504954539 821559296.0 6267
1786504957119 821690368.0 6268
1786504959699 821821440.0 6269
1786504962279 821952512.0 6270
1786504964861 822083584.0 6271
1786504967444 822214656.0 6272
1786504970029 822345728.0 6273
1786504972614 822476800.0 6274
1786504975195 822607872.0 6275
1786504977778 822738944.0 6276
1786504980361 822870016.0 6277
1786504982943 823001088.0 6278
1786504985525 823132160.0 6279
1786504988109 823263232.0 6280
1786504990690 823394304.0 6281
1786504993272 823525376.0 6282
1786504995853 823656448.0 6283
1786504998435 823787520.0 6284
1786505001017 823918592.0 6285
1786505003598 824049664.0 6286
1786505006179 824180736.0 6287
1786505008759 824311808.0 6288
1786505011340 824442880.0 6289
1786505013921 824573952.0 6290
1786505016502 824705024.0 6291
1786505019083 824836096.0 6292
1786505021663 824967168.0 6293
1786505024244 825098240.0 6294
1786505026825 825229312.0 6295
1786505029405 825360384.0 6296
1786505031986 825491456.0 6297
1786505034569 825622528.0 6298
1786505037151 825753600.0 6299
1786505039731 825884672.0 6300
1786505042311 826015744.0 6301
1786505044891 826146816.0 6302
1786505047472 826277888.0 6303
1786505050052 826408960.0 6304
1786505052632 826540032.0 6305
1786505055213 826671104.0 6306
1786505057794 826802176.0 6307
1786505060375 826933248.0 6308
1786505062956 827064320.0 6309
1786505065540 827195392.0 6310
1786505068126 827326464.0 6311
1786505070710 827457536.0 6312
1786505073292 827588608.0 6313
1786505075873 827719680.0 6314
1786505078455 827850752.0 6315
1786505081036 827981824.0 6316
1786505083617 828112896.0 6317
1786505086198 828243968.0 6318
1786505088779 828375040.0 6319
1786505091363 828506112.0 6320
1786505093944 828637184.0 6321
1786505096526 828768256.0 6322
1786505099106 828899328.0 6323
1786505101683 829030400.0 6324
1786505104258 829161472.0 6325
1786505106835 829292544.0 6326
1786505109411 829423616.0 6327
1786505111992 829554688.0 6328
1786505114571 829685760.0 6329
1786505117147 829816832.0 6330
1786505119722 829947904.0 6331
1786505122298 830078976.0 6332
1786505124873 830210048.0 6333
1786505127448 830341120.0 6334
1786505130022 830472192.0 6335
1786505132597 830603264.0 6336
1786505135173 830734336.0 6337
1786505137747 830865408.0 6338
1786505140322 830996480.0 6339
1786505142897 831127552.0 6340
1786505145471 831258624.0 6341
1786505148046 831389696.0 6342
1786505150622 831520768.0 6343
1786505153198 831651840.0 6344
1786505155774 831782912.0 6345
1786505158350 831913984.0 6346
1786505160926 832045056.0 6347
1786505163504 832176128.0 6348
1786505166081 832307200.0 6349
1786505168657 832438272.0 6350
1786505171232 832569344.0 6351
1786505173810 832700416.0 6352
1786505176385 832831488.0 6353
1786505178961 832962560.0 6354
1786505181542 833093632.0 6355
1786505184126 833224704.0 6356
1786505186709 833355776.0 6357
1786505189291 833486848.0 6358
1786505191872 833617920.0 6359
1786505194456 833748992.0 6360
1786505197039 833880064.0 6361
1786505199626 834011136.0 6362
1786505202208 834142208.0 6363
1786505204793 834273280.0 6364
1786505207374 834404352.0 6365
1786505209956 834535424.0 6366
1786505212537 834666496.0 6367
1786505215121 834797568.0 6368
1786505217699 834928640.0 6369
1786505220276 835059712.0 6370
1786505222852 835190784.0 6371
1786505225432 835321856.0 6372
1786505228010 835452928.0 6373
1786505230591 835584000.0 6374
1786505233174 835715072.0 6375
1786505235756 835846144.0 6376
1786505238336 835977216.0 6377
1786505240916 836108288.0 6378
1786505243498 836239360.0 6379
1786505246078 836370432.0 6380
1786505248657 836501504.0 6381
1786505251236 836632576.0 6382
1786505253815 836763648.0 6383
1786505256396 836894720.0 6384
1786505258977 837025792.0 6385
1786505261559 837156864.0 6386
1786505264141 837287936.0 6387
1786505266721 837419008.0 6388
1786505269302 837550080.0 6389
1786505271882 837681152.0 6390
1786505274465 837812224.0 6391
1786505277046 837943296.0 6392
1786505279627 838074368.0 6393
1786505282207 838205440.0 6394
1786505284788 838336512.0 6395
1786505287369 838467584.0 6396
1786505289949 838598656.0 6397
1786505292530 838729728.0 6398
1786505295112 838860800.0 6399
1786505297693 838991872.0 6400
1786505300273 839122944.0 6401
1786505302853 839254016.0 6402
1786505305436 839385088.0 6403
1786505308017 839516160.0 6404
1786505310597 839647232.0 6405
1786505313176 839778304.0 6406
1786505315756 839909376.0 6407
1786505318336 840040448.0 6408
1786505320915 840171520.0 6409
1786505323496 840302592.0 6410
1786505326075 840433664.0 6411
1786505328655 840564736.0 6412
1786505331237 840695808.0 6413
1786505333817 840826880.0 6414
1786505336397 840957952.0 6415
1786505338980 841089024.0 6416
1786505341561 841220096.0 6417
1786505344141 841351168.0 6418
1786505346722 841482240.0 6419
1786505349303 841613312.0 6420
1786505351883 841744384.0 6421
1786505354464 841875456.0 6422
1786505357044 842006528.0 6423
1786505359625 842137600.0 6424
1786505362206 842268672.0 6425
1786505364787 842399744.0 6426
1786505367368 842530816.0 6427
1786505369949 842661888.0 6428
1786505372529 842792960.0 6429
1786505375110 842924032.0 6430
1786505377691 843055104.0 6431
1786505380272 843186176.0 6432
1786505382852 843317248.0 6433
1786505385432 843448320.0 6434
1786505388013 843579392.0 6435
1786505390593 843710464.0 6436
1786505393174 843841536.0 6437
1786505395755 843972608.0 6438
1786505398336 844103680.0 6439
1786505400916 844234752.0 6440
1786505403498 844365824.0 6441
1786505406087 844496896.0 6442
1786505408667 844627968.0 6443
1786505411247 844759040.0 6444
1786505413827 844890112.0 6445
1786505416408 845021184.0 6446
1786505418989 845152256.0 6447
1786505421569 845283328.0 6448
1786505424152 845414400.0 6449
1786505426733 845545472.0 6450
1786505429316 845676544.0 6451
1786505431897 845807616.0 6452
1786505434479 845938688.0 6453
1786505437062 846069760.0 6454
1786505439643 846200832.0 6455
1786505442226 846331904.0 6456
1786505444807 846462976.0 6457
1786505447389 846594048.0 6458
1786505449973 846725120.0 6459
1786505452561 846856192.0 6460
1786505455145 846987264.0 6461
1786505457727 847118336.0 6462
1786505460309 847249408.0 6463
1786505462892 847380480.0 6464
1786505465476 847511552.0 6465
1786505468058 847642624.0 6466
1786505470640 847773696.0 6467
1786505473223 847904768.0 6468
1786505475807 848035840.0 6469
1786505478390 848166912.0 6470
1786505480973 848297984.0 6471
1786505483556 848429056.0 6472
1786505486139 848560128.0 6473
1786505488722 848691200.0 6474
1786505491305 848822272.0 6475
1786505493890 848953344.0 6476
1786505496475 849084416.0 6477
1786505499059 849215488.0 6478
1786505501641 849346560.0 6479
1786505504224 849477632.0 6480
1786505506807 849608704.0 6481
1786505509389 849739776.0 6482
1786505511971 849870848.0 6483
1786505514550 850001920.0 6484
1786505517130 850132992.0 6485
1786505519707 850264064.0 6486
1786505522284 850395136.0 6487
1786505524860 850526208.0 6488
1786505527438 850657280.0 6489
1786505530013 850788352.0 6490
1786505532591 850919424.0 6491
1786505535170 851050496.0 6492
1786505537747 851181568.0 6493
1786505540325 851312640.0 6494
1786505542902 851443712.0 6495
1786505545485 851574784.0 6496
1786505548067 851705856.0 6497
1786505550649 851836928.0 6498
1786505553232 851968000.0 6499
1786505557208 852099072.0 6500
1786505559789 852230144.0 6501
1786505562371 852361216.0 6502
1786505564953 852492288.0 6503
1786505567535 852623360.0 6504
1786505570118 852754432.0 6505
1786505572700 852885504.0 6506
1786505575281 853016576.0 6507
1786505577865 853147648.0 6508
1786505580446 853278720.0 6509
1786505583027 853409792.0 6510
1786505585608 853540864.0 6511
1786505588189 853671936.0 6512
1786505590771 853803008.0 6513
1786505593354 853934080.0 6514
1786505595936 854065152.0 6515
1786505598518 854196224.0 6516
1786505601100 854327296.0 6517
1786505603682 854458368.0 6518
1786505606264 854589440.0 6519
1786505608846 854720512.0 6520
1786505611428 854851584.0 6521
1786505614010 854982656.0 6522
1786505616595 855113728.0 6523
1786505619180 855244800.0 6524
1786505621765 855375872.0 6525
1786505624348 855506944.0 6526
1786505626931 855638016.0 6527
1786505629514 855769088.0 6528
1786505632097 855900160.0 6529
1786505634679 856031232.0 6530
1786505637262 856162304.0 6531
1786505639848 856293376.0 6532
1786505642430 856424448.0 6533
1786505645012 856555520.0 6534
1786505647595 856686592.0 6535
1786505650176 856817664.0 6536
1786505652759 856948736.0 6537
1786505655345 857079808.0 6538
1786505657934 857210880.0 6539
1786505660525 857341952.0 6540
1786505663107 857473024.0 6541
1786505665689 857604096.0 6542
1786505668270 857735168.0 6543
1786505670852 857866240.0 6544
1786505673434 857997312.0 6545
1786505676015 858128384.0 6546
1786505678597 858259456.0 6547
1786505681179 858390528.0 6548
1786505683761 858521600.0 6549
1786505686343 858652672.0 6550
1786505688925 858783744.0 6551
1786505691508 858914816.0 6552
1786505694090 859045888.0 6553
1786505696676 859176960.0 6554
1786505699258 859308032.0 6555
1786505701840 859439104.0 6556
1786505704424 859570176.0 6557
1786505707009 859701248.0 6558
1786505709592 859832320.0 6559
1786505712174 859963392.0 6560
1786505714756 860094464.0 6561
1786505717339 860225536.0 6562
1786505719926 860356608.0 6563
1786505722508 860487680.0 6564
1786505725092 860618752.0 6565
1786505727674 860749824.0 6566
1786505730257 860880896.0 6567
1786505732837 861011968.0 6568
1786505735418 861143040.0 6569
1786505738000 861274112.0 6570
1786505740581 861405184.0 6571
1786505743163 861536256.0 6572
1786505745743 861667328.0 6573
1786505748323 861798400.0 6574
1786505750906 861929472.0 6575
1786505753489 862060544.0 6576
1786505756069 862191616.0 6577
1786505758651 862322688.0 6578
1786505761232 862453760.0 6579
1786505763812 862584832.0 6580
1786505766392 862715904.0 6581
1786505768974 862846976.0 6582
1786505771555 862978048.0 6583
1786505774138 863109120.0 6584
1786505776720 863240192.0 6585
1786505779301 863371264.0 6586
1786505781882 863502336.0 6587
1786505784463 863633408.0 6588
1786505787044 863764480.0 6589
1786505789627 863895552.0 6590
1786505792211 864026624.0 6591
1786505794795 864157696.0 6592
1786505797377 864288768.0 6593
1786505799960 864419840.0 6594
1786505802544 864550912.0 6595
1786505805125 864681984.0 6596
1786505807706 864813056.0 6597
1786505810288 864944128.0 6598
1786505812870 865075200.0 6599
1786505815453 865206272.0 6600
1786505818034 865337344.0 6601
1786505820617 865468416.0 6602
1786505823203 865599488.0 6603
1786505825787 865730560.0 6604
1786505828373 865861632.0 6605
1786505830957 865992704.0 6606
1786505833548 866123776.0 6607
1786505836136 866254848.0 6608
1786505838721 866385920.0 6609
1786505841303 866516992.0 6610
1786505843885 866648064.0 6611
1786505846468 866779136.0 6612
1786505849050 866910208.0 6613
1786505851635 867041280.0 6614
1786505854219 867172352.0 6615
1786505856813 867303424.0 6616
1786505859397 867434496.0 6617
1786505861980 867565568.0 6618
1786505864562 867696640.0 6619
1786505867147 867827712.0 6620
1786505869730 867958784.0 6621
1786505872313 868089856.0 6622
1786505874904 868220928.0 6623
1786505877490 868352000.0 6624
1786505880072 868483072.0 6625
1786505882654 868614144.0 6626
1786505885237 868745216.0 6627
1786505887821 868876288.0 6628
1786505890406 869007360.0 6629
1786505892989 869138432.0 6630
1786505895571 869269504.0 6631
1786505898154 869400576.0 6632
1786505900737 869531648.0 6633
1786505903319 869662720.0 6634
1786505905902 869793792.0 6635
1786505908485 869924864.0 6636
1786505911066 870055936.0 6637
1786505913658 870187008.0 6638
1786505916242 870318080.0 6639
1786505918829 870449152.0 6640
1786505921413 870580224.0 6641
1786505923996 870711296.0 6642
1786505926580 870842368.0 6643
1786505929164 870973440.0 6644
1786505931748 871104512.0 6645
1786505934331 871235584.0 6646
1786505936912 871366656.0 6647
1786505939492 871497728.0 6648
1786505942073 871628800.0 6649
1786505944656 871759872.0 6650
1786505947237 871890944.0 6651
1786505949822 872022016.0 6652
1786505952406 872153088.0 6653
1786505954984 872284160.0 6654
1786505957562 872415232.0 6655
1786505960140 872546304.0 6656
1786505962717 872677376.0 6657
1786505965296 872808448.0 6658
1786505967883 872939520.0 6659
1786505970466 873070592.0 6660
1786505973047 873201664.0 6661
1786505975629 873332736.0 6662
1786505978212 873463808.0 6663
1786505980794 873594880.0 6664
1786505983376 873725952.0 6665
1786505985959 873857024.0 6666
1786505988538 873988096.0 6667
1786505991117 874119168.0 6668
1786505993699 874250240.0 6669
1786505996284 874381312.0 6670
1786505998867 874512384.0 6671
1786506001452 874643456.0 6672
1786506004033 874774528.0 6673
1786506006616 874905600.0 6674
1786506009206 875036672.0 6675
1786506011787 875167744.0 6676
1786506014369 875298816.0 6677
1786506016951 875429888.0 6678
1786506019532 875560960.0 6679
1786506022115 875692032.0 6680
1786506024695 875823104.0 6681
1786506027276 875954176.0 6682
1786506029857 876085248.0 6683
1786506032439 876216320.0 6684
1786506035020 876347392.0 6685
1786506037602 876478464.0 6686
1786506040182 876609536.0 6687
1786506042765 876740608.0 6688
1786506045352 876871680.0 6689
1786506047933 877002752.0 6690
1786506050517 877133824.0 6691
1786506053101 877264896.0 6692
1786506055689 877395968.0 6693
1786506058272 877527040.0 6694
1786506060855 877658112.0 6695
1786506063439 877789184.0 6696
1786506066021 877920256.0 6697
1786506068602 878051328.0 6698
1786506071182 878182400.0 6699
1786506073764 878313472.0 6700
1786506076345 878444544.0 6701
1786506078927 878575616.0 6702
1786506081509 878706688.0 6703
1786506084090 878837760.0 6704
1786506086672 878968832.0 6705
1786506089253 879099904.0 6706
1786506091836 879230976.0 6707
1786506094415 879362048.0 6708
1786506096994 879493120.0 6709
1786506099573 879624192.0 6710
1786506102153 879755264.0 6711
1786506104734 879886336.0 6712
1786506107315 880017408.0 6713
1786506109899 880148480.0 6714
1786506112482 880279552.0 6715
1786506115064 880410624.0 6716
1786506117645 880541696.0 6717
1786506120231 880672768.0 6718
1786506122815 880803840.0 6719
1786506125400 880934912.0 6720
1786506127980 881065984.0 6721
1786506130563 881197056.0 6722
1786506133145 881328128.0 6723
1786506135726 881459200.0 6724
1786506138306 881590272.0 6725
1786506140886 881721344.0 6726
1786506143466 881852416.0 6727
1786506146047 881983488.0 6728
1786506148628 882114560.0 6729
1786506151209 882245632.0 6730
1786506153790 882376704.0 6731
1786506156371 882507776.0 6732
1786506158951 882638848.0 6733
1786506161531 882769920.0 6734
1786506164113 882900992.0 6735
1786506166691 883032064.0 6736
1786506169269 883163136.0 6737
1786506171855 883294208.0 6738
1786506174437 883425280.0 6739
1786506177019 883556352.0 6740
1786506179606 883687424.0 6741
1786506182189 883818496.0 6742
1786506184772 883949568.0 6743
1786506187356 884080640.0 6744
1786506189938 884211712.0 6745
1786506192521 884342784.0 6746
1786506195106 884473856.0 6747
1786506197688 884604928.0 6748
1786506200265 884736000.0 6749
1786506202842 884867072.0 6750
1786506205419 884998144.0 6751
1786506207998 885129216.0 6752
1786506210574 885260288.0 6753
1786506213151 885391360.0 6754
1786506215729 885522432.0 6755
1786506218306 885653504.0 6756
1786506220885 885784576.0 6757
1786506223468 885915648.0 6758
1786506226049 886046720.0 6759
1786506228631 886177792.0 6760
1786506231213 886308864.0 6761
1786506233794 886439936.0 6762
1786506236376 886571008.0 6763
1786506238958 886702080.0 6764
1786506241541 886833152.0 6765
1786506244122 886964224.0 6766
1786506246705 887095296.0 6767
1786506249287 887226368.0 6768
1786506251868 887357440.0 6769
1786506254448 887488512.0 6770
1786506257029 887619584.0 6771
1786506259609 887750656.0 6772
1786506262192 887881728.0 6773
1786506264770 888012800.0 6774
1786506267345 888143872.0 6775
1786506269922 888274944.0 6776
1786506272503 888406016.0 6777
1786506275086 888537088.0 6778
1786506277668 888668160.0 6779
1786506280251 888799232.0 6780
1786506282834 888930304.0 6781
1786506285415 889061376.0 6782
1786506287998 889192448.0 6783
1786506290581 889323520.0 6784
1786506293169 889454592.0 6785
1786506295752 889585664.0 6786
1786506298335 889716736.0 6787
1786506300919 889847808.0 6788
1786506303503 889978880.0 6789
1786506306096 890109952.0 6790
1786506308677 890241024.0 6791
1786506311260 890372096.0 6792
1786506313843 890503168.0 6793
1786506316425 890634240.0 6794
1786506319008 890765312.0 6795
1786506321592 890896384.0 6796
1786506324174 891027456.0 6797
1786506326756 891158528.0 6798
1786506329338 891289600.0 6799
1786506331923 891420672.0 6800
1786506334508 891551744.0 6801
1786506337091 891682816.0 6802
1786506339674 891813888.0 6803
1786506342259 891944960.0 6804
1786506344845 892076032.0 6805
1786506347428 892207104.0 6806
1786506350011 892338176.0 6807
1786506352594 892469248.0 6808
1786506355171 892600320.0 6809
1786506357751 892731392.0 6810
1786506360331 892862464.0 6811
1786506362913 892993536.0 6812
1786506365504 893124608.0 6813
1786506368091 893255680.0 6814
1786506370672 893386752.0 6815
1786506373255 893517824.0 6816
1786506375836 893648896.0 6817
1786506378419 893779968.0 6818
1786506381001 893911040.0 6819
1786506383584 894042112.0 6820
1786506386166 894173184.0 6821
1786506388749 894304256.0 6822
1786506391332 894435328.0 6823
1786506393917 894566400.0 6824
1786506396499 894697472.0 6825
1786506399081 894828544.0 6826
1786506401662 894959616.0 6827
1786506404246 895090688.0 6828
1786506406829 895221760.0 6829
1786506409418 895352832.0 6830
1786506412001 895483904.0 6831
1786506414586 895614976.0 6832
1786506417169 895746048.0 6833
1786506419752 895877120.0 6834
1786506422339 896008192.0 6835
1786506424920 896139264.0 6836
1786506427502 896270336.0 6837
1786506430084 896401408.0 6838
1786506432666 896532480.0 6839
1786506435249 896663552.0 6840
1786506437831 896794624.0 6841
1786506440413 896925696.0 6842
1786506442995 897056768.0 6843
1786506445580 897187840.0 6844
1786506448163 897318912.0 6845
1786506450744 897449984.0 6846
1786506453330 897581056.0 6847
1786506455913 897712128.0 6848
1786506458496 897843200.0 6849
1786506461084 897974272.0 6850
1786506463666 898105344.0 6851
1786506466248 898236416.0 6852
1786506468831 898367488.0 6853
1786506471420 898498560.0 6854
1786506474007 898629632.0 6855
1786506476593 898760704.0 6856
1786506479186 898891776.0 6857
1786506481779 899022848.0 6858
1786506484363 899153920.0 6859
1786506486944 899284992.0 6860
1786506489525 899416064.0 6861
1786506492107 899547136.0 6862
1786506494689 899678208.0 6863
1786506497271 899809280.0 6864
1786506499853 899940352.0 6865
1786506502435 900071424.0 6866
1786506505018 900202496.0 6867
1786506507602 900333568.0 6868
1786506510183 900464640.0 6869
1786506512765 900595712.0 6870
1786506515347 900726784.0 6871
1786506517931 900857856.0 6872
1786506520510 900988928.0 6873
1786506523090 901120000.0 6874
1786506525670 901251072.0 6875
1786506528251 901382144.0 6876
1786506530837 901513216.0 6877
1786506533428 901644288.0 6878
1786506536010 901775360.0 6879
1786506538591 901906432.0 6880
1786506541168 902037504.0 6881
1786506543746 902168576.0 6882
1786506546330 902299648.0 6883
1786506548915 902430720.0 6884
1786506551497 902561792.0 6885
1786506554082 902692864.0 6886
1786506556665 902823936.0 6887
1786506559250 902955008.0 6888
1786506561831 903086080.0 6889
1786506564413 903217152.0 6890
1786506566995 903348224.0 6891
1786506569578 903479296.0 6892
1786506572159 903610368.0 6893
1786506574741 903741440.0 6894
1786506577324 903872512.0 6895
1786506579909 904003584.0 6896
1786506582490 904134656.0 6897
1786506585072 904265728.0 6898
1786506587653 904396800.0 6899
1786506590236 904527872.0 6900
1786506592818 904658944.0 6901
1786506595399 904790016.0 6902
1786506597981 904921088.0 6903
1786506600563 905052160.0 6904
1786506603144 905183232.0 6905
1786506605725 905314304.0 6906
1786506608307 905445376.0 6907
1786506610889 905576448.0 6908
1786506613471 905707520.0 6909
1786506616052 905838592.0 6910
1786506618633 905969664.0 6911
1786506621215 906100736.0 6912
1786506623796 906231808.0 6913
1786506626378 906362880.0 6914
1786506628959 906493952.0 6915
1786506631543 906625024.0 6916
1786506634124 906756096.0 6917
1786506636707 906887168.0 6918
1786506639289 907018240.0 6919
1786506641869 907149312.0 6920
1786506644450 907280384.0 6921
1786506647030 907411456.0 6922
1786506649611 907542528.0 6923
1786506652190 907673600.0 6924
1786506654770 907804672.0 6925
1786506657350 907935744.0 6926
1786506659930 908066816.0 6927
1786506662512 908197888.0 6928
1786506665093 908328960.0 6929
1786506667676 908460032.0 6930
1786506670257 908591104.0 6931
1786506672839 908722176.0 6932
1786506675420 908853248.0 6933
1786506678001 908984320.0 6934
1786506680582 909115392.0 6935
1786506683165 909246464.0 6936
1786506685746 909377536.0 6937
1786506688327 909508608.0 6938
1786506690908 909639680.0 6939
1786506693490 909770752.0 6940
1786506696072 909901824.0 6941
1786506698655 910032896.0 6942
1786506701238 910163968.0 6943
1786506703821 910295040.0 6944
1786506706406 910426112.0 6945
1786506708983 910557184.0 6946
1786506711561 910688256.0 6947
1786506714137 910819328.0 6948
1786506716713 910950400.0 6949
1786506719291 911081472.0 6950
1786506721868 911212544.0 6951
1786506724446 911343616.0 6952
1786506727024 911474688.0 6953
1786506729601 911605760.0 6954
1786506732178 911736832.0 6955
1786506734756 911867904.0 6956
1786506737333 911998976.0 6957
1786506739911 912130048.0 6958
1786506742488 912261120.0 6959
1786506745065 912392192.0 6960
1786506747643 912523264.0 6961
1786506750221 912654336.0 6962
1786506752798 912785408.0 6963
1786506755377 912916480.0 6964
1786506757955 913047552.0 6965
1786506760531 913178624.0 6966
1786506763107 913309696.0 6967
1786506765684 913440768.0 6968
1786506768260 913571840.0 6969
1786506770837 913702912.0 6970
1786506773414 913833984.0 6971
1786506775992 913965056.0 6972
1786506778569 914096128.0 6973
1786506781149 914227200.0 6974
1786506783726 914358272.0 6975
1786506786309 914489344.0 6976
1786506788890 914620416.0 6977
1786506791469 914751488.0 6978
1786506794046 914882560.0 6979
1786506796623 915013632.0 6980
1786506799201 915144704.0 6981
1786506801777 915275776.0 6982
1786506804353 915406848.0 6983
1786506806928 915537920.0 6984
1786506809502 915668992.0 6985
1786506812077 915800064.0 6986
1786506814652 915931136.0 6987
1786506817231 916062208.0 6988
1786506819815 916193280.0 6989
1786506822398 916324352.0 6990
1786506824982 916455424.0 6991
1786506827566 916586496.0 6992
1786506830152 916717568.0 6993
1786506832735 916848640.0 6994
1786506835319 916979712.0 6995
1786506837901 917110784.0 6996
1786506840484 917241856.0 6997
1786506843065 917372928.0 6998
1786506845649 917504000.0 6999
1786506849298 917635072.0 7000
1786506851879 917766144.0 7001
1786506854461 917897216.0 7002
1786506857043 918028288.0 7003
1786506859624 918159360.0 7004
1786506862205 918290432.0 7005
1786506864787 918421504.0 7006
1786506867369 918552576.0 7007
1786506869950 918683648.0 7008
1786506872534 918814720.0 7009
1786506875122 918945792.0 7010
1786506877706 919076864.0 7011
1786506880288 919207936.0 7012
1786506882871 919339008.0 7013
1786506885453 919470080.0 7014
1786506888034 919601152.0 7015
1786506890616 919732224.0 7016
1786506893198 919863296.0 7017
1786506895779 919994368.0 7018
1786506898360 920125440.0 7019
1786506900940 920256512.0 7020
1786506903521 920387584.0 7021
1786506906102 920518656.0 7022
1786506908683 920649728.0 7023
1786506911268 920780800.0 7024
1786506913850 920911872.0 7025
1786506916431 921042944.0 7026
1786506919010 921174016.0 7027
1786506921587 921305088.0 7028
1786506924164 921436160.0 7029
1786506926746 921567232.0 7030
1786506929334 921698304.0 7031
1786506931923 921829376.0 7032
1786506934505 921960448.0 7033
1786506937086 922091520.0 7034
1786506939671 922222592.0 7035
1786506942262 922353664.0 7036
1786506944850 922484736.0 7037
1786506947440 922615808.0 7038
1786506950029 922746880.0 7039
1786506952618 922877952.0 7040
1786506955202 923009024.0 7041
1786506957784 923140096.0 7042
1786506960366 923271168.0 7043
1786506962947 923402240.0 7044
1786506965528 923533312.0 7045
1786506968111 923664384.0 7046
1786506970693 923795456.0 7047
1786506973273 923926528.0 7048
1786506975850 924057600.0 7049
1786506978427 924188672.0 7050
1786506981003 924319744.0 7051
1786506983580 924450816.0 7052
1786506986156 924581888.0 7053
1786506988732 924712960.0 7054
1786506991307 924844032.0 7055
1786506993887 924975104.0 7056
1786506996464 925106176.0 7057
1786506999041 925237248.0 7058
1786507001620 925368320.0 7059
1786507004196 925499392.0 7060
1786507006772 925630464.0 7061
1786507009348 925761536.0 7062
1786507011926 925892608.0 7063
1786507014505 926023680.0 7064
1786507017083 926154752.0 7065
1786507019659 926285824.0 7066
1786507022236 926416896.0 7067
1786507024812 926547968.0 7068
1786507027390 926679040.0 7069
1786507029966 926810112.0 7070
1786507032543 926941184.0 7071
1786507035120 927072256.0 7072
1786507037696 927203328.0 7073
1786507040273 927334400.0 7074
1786507042851 927465472.0 7075
1786507045428 927596544.0 7076
1786507048005 927727616.0 7077
1786507050582 927858688.0 7078
1786507053159 927989760.0 7079
1786507055736 928120832.0 7080
1786507058313 928251904.0 7081
1786507060890 928382976.0 7082
1786507063467 928514048.0 7083
1786507066045 928645120.0 7084
1786507068622 928776192.0 7085
1786507071199 928907264.0 7086
1786507073777 929038336.0 7087
1786507076356 929169408.0 7088
1786507078935 929300480.0 7089
1786507081515 929431552.0 7090
1786507084094 929562624.0 7091
1786507086674 929693696.0 7092
1786507089254 929824768.0 7093
1786507091834 929955840.0 7094
1786507094413 930086912.0 7095
1786507096993 930217984.0 7096
1786507099575 930349056.0 7097
1786507102156 930480128.0 7098
1786507104737 930611200.0 7099
1786507107320 930742272.0 7100
1786507109901 930873344.0 7101
1786507112484 931004416.0 7102
1786507115066 931135488.0 7103
1786507117650 931266560.0 7104
1786507120233 931397632.0 7105
1786507122813 931528704.0 7106
1786507125393 931659776.0 7107
1786507127975 931790848.0 7108
1786507130558 931921920.0 7109
1786507133138 932052992.0 7110
1786507135725 932184064.0 7111
1786507138306 932315136.0 7112
1786507140888 932446208.0 7113
1786507143471 932577280.0 7114
1786507146053 932708352.0 7115
1786507148635 932839424.0 7116
1786507151216 932970496.0 7117
1786507153799 933101568.0 7118
1786507156382 933232640.0 7119
1786507158965 933363712.0 7120
1786507161548 933494784.0 7121
1786507164132 933625856.0 7122
1786507166716 933756928.0 7123
1786507169297 933888000.0 7124
1786507171879 934019072.0 7125
1786507174462 934150144.0 7126
1786507177045 934281216.0 7127
1786507179628 934412288.0 7128
1786507182211 934543360.0 7129
1786507184794 934674432.0 7130
1786507187377 934805504.0 7131
1786507189960 934936576.0 7132
1786507192547 935067648.0 7133
1786507195130 935198720.0 7134
1786507197713 935329792.0 7135
1786507200296 935460864.0 7136
1786507202881 935591936.0 7137
1786507205474 935723008.0 7138
1786507208057 935854080.0 7139
1786507210639 935985152.0 7140
1786507213223 936116224.0 7141
1786507215806 936247296.0 7142
1786507218389 936378368.0 7143
1786507220971 936509440.0 7144
1786507223553 936640512.0 7145
1786507226135 936771584.0 7146
1786507228718 936902656.0 7147
1786507231302 937033728.0 7148
1786507233884 937164800.0 7149
1786507236467 937295872.0 7150
1786507239049 937426944.0 7151
1786507241631 937558016.0 7152
1786507244213 937689088.0 7153
1786507246795 937820160.0 7154
1786507249378 937951232.0 7155
1786507251961 938082304.0 7156
1786507254545 938213376.0 7157
1786507257132 938344448.0 7158
1786507259714 938475520.0 7159
1786507262299 938606592.0 7160
1786507264881 938737664.0 7161
1786507267462 938868736.0 7162
1786507270045 938999808.0 7163
1786507272627 939130880.0 7164
1786507275208 939261952.0 7165
1786507277789 939393024.0 7166
1786507280370 939524096.0 7167
1786507282952 939655168.0 7168
1786507285534 939786240.0 7169
1786507288115 939917312.0 7170
1786507290696 940048384.0 7171
1786507293278 940179456.0 7172
1786507295860 940310528.0 7173
1786507298441 940441600.0 7174
1786507301022 940572672.0 7175
1786507303604 940703744.0 7176
1786507306186 940834816.0 7177
1786507308767 940965888.0 7178
1786507311349 941096960.0 7179
1786507313930 941228032.0 7180
1786507316509 941359104.0 7181
1786507319088 941490176.0 7182
1786507321667 941621248.0 7183
1786507324247 941752320.0 7184
1786507326828 941883392.0 7185
1786507329410 942014464.0 7186
1786507331991 942145536.0 7187
1786507334573 942276608.0 7188
1786507337155 942407680.0 7189
1786507339736 942538752.0 7190
1786507342318 942669824.0 7191
1786507344901 942800896.0 7192
1786507347482 942931968.0 7193
1786507350063 943063040.0 7194
1786507352644 943194112.0 7195
1786507355225 943325184.0 7196
1786507357806 943456256.0 7197
1786507360388 943587328.0 7198
1786507362969 943718400.0 7199
1786507365552 943849472.0 7200
1786507368133 943980544.0 7201
1786507370715 944111616.0 7202
1786507373299 944242688.0 7203
1786507375882 944373760.0 7204
1786507378463 944504832.0 7205
1786507381046 944635904.0 7206
1786507383628 944766976.0 7207
1786507386210 944898048.0 7208
1786507388793 945029120.0 7209
1786507391374 945160192.0 7210
1786507393957 945291264.0 7211
1786507396540 945422336.0 7212
1786507399122 945553408.0 7213
1786507401704 945684480.0 7214
1786507404286 945815552.0 7215
1786507406869 945946624.0 7216
1786507409451 946077696.0 7217
1786507412031 946208768.0 7218
1786507414612 946339840.0 7219
1786507417193 946470912.0 7220
1786507419774 946601984.0 7221
1786507422355 946733056.0 7222
1786507424936 946864128.0 7223
1786507427513 946995200.0 7224
1786507430089 947126272.0 7225
1786507432664 947257344.0 7226
1786507435240 947388416.0 7227
1786507437817 947519488.0 7228
1786507440394 947650560.0 7229
1786507442971 947781632.0 7230
1786507445546 947912704.0 7231
1786507448123 948043776.0 7232
1786507450700 948174848.0 7233
1786507453277 948305920.0 7234
1786507455854 948436992.0 7235
1786507458432 948568064.0 7236
1786507461009 948699136.0 7237
1786507463586 948830208.0 7238
1786507466162 948961280.0 7239
1786507468738 949092352.0 7240
1786507471316 949223424.0 7241
1786507473893 949354496.0 7242
1786507476471 949485568.0 7243
1786507479048 949616640.0 7244
1786507481626 949747712.0 7245
1786507484203 949878784.0 7246
1786507486782 950009856.0 7247
1786507489365 950140928.0 7248
1786507491951 950272000.0 7249
1786507494533 950403072.0 7250
1786507497114 950534144.0 7251
1786507499694 950665216.0 7252
1786507502276 950796288.0 7253
1786507504858 950927360.0 7254
1786507507440 951058432.0 7255
1786507510022 951189504.0 7256
1786507512605 951320576.0 7257
1786507515186 951451648.0 7258
1786507517766 951582720.0 7259
1786507520347 951713792.0 7260
1786507522928 951844864.0 7261
1786507525510 951975936.0 7262
1786507528092 952107008.0 7263
1786507530673 952238080.0 7264
1786507533255 952369152.0 7265
1786507535836 952500224.0 7266
1786507538418 952631296.0 7267
1786507540999 952762368.0 7268
1786507543580 952893440.0 7269
1786507546163 953024512.0 7270
1786507548745 953155584.0 7271
1786507551329 953286656.0 7272
1786507553911 953417728.0 7273
1786507556494 953548800.0 7274
1786507559074 953679872.0 7275
1786507561659 953810944.0 7276
1786507564240 953942016.0 7277
1786507566821 954073088.0 7278
1786507569404 954204160.0 7279
1786507571984 954335232.0 7280
1786507574566 954466304.0 7281
1786507577149 954597376.0 7282
1786507579730 954728448.0 7283
1786507582313 954859520.0 7284
1786507584894 954990592.0 7285
1786507587476 955121664.0 7286
1786507590057 955252736.0 7287
1786507592638 955383808.0 7288
1786507595220 955514880.0 7289
1786507597802 955645952.0 7290
1786507600384 955777024.0 7291
1786507602966 955908096.0 7292
1786507605549 956039168.0 7293
1786507608130 956170240.0 7294
1786507610712 956301312.0 7295
1786507613297 956432384.0 7296
1786507615883 956563456.0 7297
1786507618469 956694528.0 7298
1786507621052 956825600.0 7299
1786507623636 956956672.0 7300
1786507626218 957087744.0 7301
1786507628800 957218816.0 7302
1786507631382 957349888.0 7303
1786507633964 957480960.0 7304
1786507636546 957612032.0 7305
1786507639127 957743104.0 7306
1786507641708 957874176.0 7307
1786507644289 958005248.0 7308
1786507646870 958136320.0 7309
1786507649452 958267392.0 7310
1786507652034 958398464.0 7311
1786507654617 958529536.0 7312
1786507657200 958660608.0 7313
1786507659783 958791680.0 7314
1786507662366 958922752.0 7315
1786507664948 959053824.0 7316
1786507667530 959184896.0 7317
1786507670112 959315968.0 7318
1786507672695 959447040.0 7319
1786507675280 959578112.0 7320
1786507677869 959709184.0 7321
1786507680451 959840256.0 7322
1786507683032 959971328.0 7323
1786507685615 960102400.0 7324
1786507688199 960233472.0 7325
1786507690776 960364544.0 7326
1786507693353 960495616.0 7327
1786507695929 960626688.0 7328
1786507698505 960757760.0 7329
1786507701080 960888832.0 7330
1786507703656 961019904.0 7331
1786507706233 961150976.0 7332
1786507708809 961282048.0 7333
1786507711386 961413120.0 7334
1786507713962 961544192.0 7335
1786507716539 961675264.0 7336
1786507719116 961806336.0 7337
1786507721694 961937408.0 7338
1786507724270 962068480.0 7339
1786507726847 962199552.0 7340
1786507729425 962330624.0 7341
1786507732007 962461696.0 7342
1786507734588 962592768.0 7343
1786507737169 962723840.0 7344
1786507739750 962854912.0 7345
1786507742331 962985984.0 7346
1786507744911 963117056.0 7347
1786507747492 963248128.0 7348
1786507750074 963379200.0 7349
1786507752655 963510272.0 7350
1786507755237 963641344.0 7351
1786507757818 963772416.0 7352
1786507760399 963903488.0 7353
1786507762979 964034560.0 7354
1786507765558 964165632.0 7355
1786507768140 964296704.0 7356
1786507770727 964427776.0 7357
1786507773312 964558848.0 7358
1786507775898 964689920.0 7359
1786507778485 964820992.0 7360
1786507781068 964952064.0 7361
1786507783650 965083136.0 7362
1786507786234 965214208.0 7363
1786507788815 965345280.0 7364
1786507791396 965476352.0 7365
1786507793979 965607424.0 7366
1786507796561 965738496.0 7367
1786507799143 965869568.0 7368
1786507801725 966000640.0 7369
1786507804306 966131712.0 7370
1786507806888 966262784.0 7371
1786507809471 966393856.0 7372
1786507812052 966524928.0 7373
1786507814634 966656000.0 7374
1786507817217 966787072.0 7375
1786507819800 966918144.0 7376
1786507822383 967049216.0 7377
1786507824965 967180288.0 7378
1786507827547 967311360.0 7379
1786507830129 967442432.0 7380
1786507832712 967573504.0 7381
1786507835295 967704576.0 7382
1786507837876 967835648.0 7383
1786507840458 967966720.0 7384
1786507843041 968097792.0 7385
1786507845623 968228864.0 7386
1786507848206 968359936.0 7387
1786507850790 968491008.0 7388
1786507853375 968622080.0 7389
1786507855958 968753152.0 7390
1786507858539 968884224.0 7391
1786507861125 969015296.0 7392
1786507863710 969146368.0 7393
1786507866292 969277440.0 7394
1786507868877 969408512.0 7395
1786507871458 969539584.0 7396
1786507874042 969670656.0 7397
1786507876631 969801728.0 7398
1786507879212 969932800.0 7399
1786507881793 970063872.0 7400
1786507884377 970194944.0 7401
1786507886957 970326016.0 7402
1786507889538 970457088.0 7403
1786507892119 970588160.0 7404
1786507894700 970719232.0 7405
1786507897281 970850304.0 7406
1786507899863 970981376.0 7407
1786507902444 971112448.0 7408
1786507905025 971243520.0 7409
1786507907606 971374592.0 7410
1786507910187 971505664.0 7411
1786507912769 971636736.0 7412
1786507915350 971767808.0 7413
1786507917933 971898880.0 7414
1786507920515 972029952.0 7415
1786507923101 972161024.0 7416
1786507925688 972292096.0 7417
1786507928276 972423168.0 7418
1786507930855 972554240.0 7419
1786507933434 972685312.0 7420
1786507936017 972816384.0 7421
1786507938599 972947456.0 7422
1786507941181 973078528.0 7423
1786507943763 973209600.0 7424
1786507946341 973340672.0 7425
1786507948917 973471744.0 7426
1786507951495 973602816.0 7427
1786507954072 973733888.0 7428
1786507956648 973864960.0 7429
1786507959225 973996032.0 7430
1786507961802 974127104.0 7431
1786507964378 974258176.0 7432
1786507966962 974389248.0 7433
1786507969544 974520320.0 7434
1786507972128 974651392.0 7435
1786507974715 974782464.0 7436
1786507977301 974913536.0 7437
1786507979881 975044608.0 7438
1786507982462 975175680.0 7439
1786507985043 975306752.0 7440
1786507987623 975437824.0 7441
1786507990204 975568896.0 7442
1786507992786 975699968.0 7443
1786507995371 975831040.0 7444
1786507997954 975962112.0 7445
1786508000533 976093184.0 7446
1786508003109 976224256.0 7447
1786508005685 976355328.0 7448
1786508008263 976486400.0 7449
1786508010840 976617472.0 7450
1786508013417 976748544.0 7451
1786508015996 976879616.0 7452
1786508018573 977010688.0 7453
1786508021151 977141760.0 7454
1786508023727 977272832.0 7455
1786508026303 977403904.0 7456
1786508028880 977534976.0 7457
1786508031457 977666048.0 7458
1786508034038 977797120.0 7459
1786508036622 977928192.0 7460
1786508039204 978059264.0 7461
1786508041785 978190336.0 7462
1786508044364 978321408.0 7463
1786508046945 978452480.0 7464
1786508049527 978583552.0 7465
1786508052105 978714624.0 7466
1786508054686 978845696.0 7467
1786508057265 978976768.0 7468
1786508059847 979107840.0 7469
1786508062431 979238912.0 7470
1786508065015 979369984.0 7471
1786508067596 979501056.0 7472
1786508070174 979632128.0 7473
1786508072754 979763200.0 7474
1786508075335 979894272.0 7475
1786508077917 980025344.0 7476
1786508080499 980156416.0 7477
1786508083082 980287488.0 7478
1786508085667 980418560.0 7479
1786508088252 980549632.0 7480
1786508090837 980680704.0 7481
1786508093423 980811776.0 7482
1786508096008 980942848.0 7483
1786508098590 981073920.0 7484
1786508101168 981204992.0 7485
1786508103754 981336064.0 7486
1786508106349 981467136.0 7487
1786508108931 981598208.0 7488
1786508111511 981729280.0 7489
1786508114094 981860352.0 7490
1786508116674 981991424.0 7491
1786508119255 982122496.0 7492
1786508121837 982253568.0 7493
1786508124419 982384640.0 7494
1786508127000 982515712.0 7495
1786508129581 982646784.0 7496
1786508132163 982777856.0 7497
1786508134743 982908928.0 7498
1786508137325 983040000.0 7499
1786508141301 983171072.0 7500
1786508143882 983302144.0 7501
1786508146463 983433216.0 7502
1786508149040 983564288.0 7503
1786508151615 983695360.0 7504
1786508154197 983826432.0 7505
1786508156778 983957504.0 7506
1786508159359 984088576.0 7507
1786508161940 984219648.0 7508
1786508164520 984350720.0 7509
1786508167101 984481792.0 7510
1786508169682 984612864.0 7511
1786508172263 984743936.0 7512
1786508174845 984875008.0 7513
1786508177425 985006080.0 7514
1786508180007 985137152.0 7515
1786508182588 985268224.0 7516
1786508185170 985399296.0 7517
1786508187750 985530368.0 7518
1786508190330 985661440.0 7519
1786508192910 985792512.0 7520
1786508195494 985923584.0 7521
1786508198074 986054656.0 7522
1786508200654 986185728.0 7523
1786508203235 986316800.0 7524
1786508205815 986447872.0 7525
1786508208396 986578944.0 7526
1786508210977 986710016.0 7527
1786508213560 986841088.0 7528
1786508216141 986972160.0 7529
1786508218722 987103232.0 7530
1786508221301 987234304.0 7531
1786508223881 987365376.0 7532
1786508226461 987496448.0 7533
1786508229042 987627520.0 7534
1786508231622 987758592.0 7535
1786508234203 987889664.0 7536
1786508236783 988020736.0 7537
1786508239363 988151808.0 7538
1786508241942 988282880.0 7539
1786508244523 988413952.0 7540
1786508247104 988545024.0 7541
1786508249684 988676096.0 7542
1786508252263 988807168.0 7543
1786508254843 988938240.0 7544
1786508257424 989069312.0 7545
1786508260003 989200384.0 7546
1786508262583 989331456.0 7547
1786508265158 989462528.0 7548
1786508267733 989593600.0 7549
1786508270309 989724672.0 7550
1786508272884 989855744.0 7551
1786508275459 989986816.0 7552
1786508278034 990117888.0 7553
1786508280610 990248960.0 7554
1786508283185 990380032.0 7555
1786508285759 990511104.0 7556
1786508288334 990642176.0 7557
1786508290909 990773248.0 7558
1786508293484 990904320.0 7559
1786508296059 991035392.0 7560
1786508298638 991166464.0 7561
1786508301217 991297536.0 7562
1786508303796 991428608.0 7563
1786508306376 991559680.0 7564
1786508308955 991690752.0 7565
1786508311539 991821824.0 7566
1786508314118 991952896.0 7567
1786508316696 992083968.0 7568
1786508319275 992215040.0 7569
1786508321857 992346112.0 7570
1786508324437 992477184.0 7571
1786508327018 992608256.0 7572
1786508329599 992739328.0 7573
1786508332181 992870400.0 7574
1786508334762 993001472.0 7575
1786508337343 993132544.0 7576
1786508339925 993263616.0 7577
1786508342507 993394688.0 7578
1786508345095 993525760.0 7579
1786508347676 993656832.0 7580
1786508350256 993787904.0 7581
1786508352837 993918976.0 7582
1786508355417 994050048.0 7583
1786508357997 994181120.0 7584
1786508360577 994312192.0 7585
1786508363157 994443264.0 7586
1786508365739 994574336.0 7587
1786508368323 994705408.0 7588
1786508370902 994836480.0 7589
1786508373485 994967552.0 7590
1786508376072 995098624.0 7591
1786508378660 995229696.0 7592
1786508381266 995360768.0 7593
1786508383853 995491840.0 7594
1786508386438 995622912.0 7595
1786508389025 995753984.0 7596
1786508391610 995885056.0 7597
1786508394197 996016128.0 7598
1786508396781 996147200.0 7599
1786508399366 996278272.0 7600
1786508401952 996409344.0 7601
1786508404536 996540416.0 7602
1786508407124 996671488.0 7603
1786508409710 996802560.0 7604
1786508412298 996933632.0 7605
1786508414892 997064704.0 7606
1786508417477 997195776.0 7607
1786508420066 997326848.0 7608
1786508422650 997457920.0 7609
1786508425238 997588992.0 7610
1786508427821 997720064.0 7611
1786508430402 997851136.0 7612
1786508432982 997982208.0 7613
1786508435562 998113280.0 7614
1786508438138 998244352.0 7615
1786508440713 998375424.0 7616
1786508443289 998506496.0 7617
1786508445868 998637568.0 7618
1786508448443 998768640.0 7619
1786508451019 998899712.0 7620
1786508453594 999030784.0 7621
1786508456171 999161856.0 7622
1786508458747 999292928.0 7623
1786508461322 999424000.0 7624
1786508463898 999555072.0 7625
1786508466475 999686144.0 7626
1786508469050 999817216.0 7627
1786508471626 999948288.0 7628
1786508474201 1000079360.0 7629
1786508476779 1000210432.0 7630
1786508479355 1000341504.0 7631
1786508481930 1000472576.0 7632
1786508484507 1000603648.0 7633
1786508487088 1000734720.0 7634
1786508489668 1000865792.0 7635
1786508492248 1000996864.0 7636
1786508494826 1001127936.0 7637
1786508497405 1001259008.0 7638
1786508499988 1001390080.0 7639
1786508502578 1001521152.0 7640
1786508505172 1001652224.0 7641
1786508507763 1001783296.0 7642
1786508510357 1001914368.0 7643
1786508512945 1002045440.0 7644
1786508515532 1002176512.0 7645
1786508518122 1002307584.0 7646
1786508520711 1002438656.0 7647
1786508523295 1002569728.0 7648
1786508525883 1002700800.0 7649
1786508528470 1002831872.0 7650
1786508531058 1002962944.0 7651
1786508533637 1003094016.0 7652
1786508536226 1003225088.0 7653
1786508538820 1003356160.0 7654
1786508541410 1003487232.0 7655
1786508543999 1003618304.0 7656
1786508546586 1003749376.0 7657
1786508549171 1003880448.0 7658
1786508551759 1004011520.0 7659
1786508554350 1004142592.0 7660
1786508556937 1004273664.0 7661
1786508559525 1004404736.0 7662
1786508562104 1004535808.0 7663
1786508564683 1004666880.0 7664
1786508567261 1004797952.0 7665
1786508569838 1004929024.0 7666
1786508572415 1005060096.0 7667
1786508574993 1005191168.0 7668
1786508577571 1005322240.0 7669
1786508580148 1005453312.0 7670
1786508582724 1005584384.0 7671
1786508585302 1005715456.0 7672
1786508587883 1005846528.0 7673
1786508590463 1005977600.0 7674
1786508593043 1006108672.0 7675
1786508595624 1006239744.0 7676
1786508598204 1006370816.0 7677
1786508600783 1006501888.0 7678
1786508603362 1006632960.0 7679
1786508605941 1006764032.0 7680
1786508608524 1006895104.0 7681
1786508611105 1007026176.0 7682
1786508613686 1007157248.0 7683
1786508616267 1007288320.0 7684
1786508618849 1007419392.0 7685
1786508621428 1007550464.0 7686
1786508624007 1007681536.0 7687
1786508626587 1007812608.0 7688
1786508629167 1007943680.0 7689
1786508631750 1008074752.0 7690
1786508634332 1008205824.0 7691
1786508636915 1008336896.0 7692
1786508639495 1008467968.0 7693
1786508642079 1008599040.0 7694
1786508644661 1008730112.0 7695
1786508647240 1008861184.0 7696
1786508649819 1008992256.0 7697
1786508652403 1009123328.0 7698
1786508654982 1009254400.0 7699
1786508657561 1009385472.0 7700
1786508660140 1009516544.0 7701
1786508662720 1009647616.0 7702
1786508665299 1009778688.0 7703
1786508667878 1009909760.0 7704
1786508670458 1010040832.0 7705
1786508673039 1010171904.0 7706
1786508675619 1010302976.0 7707
1786508678198 1010434048.0 7708
1786508680777 1010565120.0 7709
1786508683357 1010696192.0 7710
1786508685937 1010827264.0 7711
1786508688516 1010958336.0 7712
1786508691104 1011089408.0 7713
1786508693686 1011220480.0 7714
1786508696266 1011351552.0 7715
1786508698845 1011482624.0 7716
1786508701425 1011613696.0 7717
1786508704006 1011744768.0 7718
1786508706588 1011875840.0 7719
1786508709168 1012006912.0 7720
1786508711747 1012137984.0 7721
1786508714328 1012269056.0 7722
1786508716908 1012400128.0 7723
1786508719488 1012531200.0 7724
1786508722070 1012662272.0 7725
1786508724652 1012793344.0 7726
1786508727232 1012924416.0 7727
1786508729812 1013055488.0 7728
1786508732393 1013186560.0 7729
1786508734974 1013317632.0 7730
1786508737554 1013448704.0 7731
1786508740135 1013579776.0 7732
1786508742716 1013710848.0 7733
1786508745297 1013841920.0 7734
1786508747878 1013972992.0 7735
1786508750461 1014104064.0 7736
1786508753042 1014235136.0 7737
1786508755623 1014366208.0 7738
1786508758204 1014497280.0 7739
1786508760785 1014628352.0 7740
1786508763366 1014759424.0 7741
1786508765947 1014890496.0 7742
1786508768523 1015021568.0 7743
1786508771102 1015152640.0 7744
1786508773681 1015283712.0 7745
1786508776262 1015414784.0 7746
1786508778842 1015545856.0 7747
1786508781421 1015676928.0 7748
1786508784002 1015808000.0 7749
1786508786582 1015939072.0 7750
1786508789163 1016070144.0 7751
1786508791746 1016201216.0 7752
1786508794326 1016332288.0 7753
1786508796907 1016463360.0 7754
1786508799488 1016594432.0 7755
1786508802070 1016725504.0 7756
1786508804650 1016856576.0 7757
1786508807229 1016987648.0 7758
1786508809809 1017118720.0 7759
1786508812393 1017249792.0 7760
1786508814973 1017380864.0 7761
1786508817552 1017511936.0 7762
1786508820131 1017643008.0 7763
1786508822710 1017774080.0 7764
1786508825288 1017905152.0 7765
1786508827868 1018036224.0 7766
1786508830447 1018167296.0 7767
1786508833025 1018298368.0 7768
1786508835604 1018429440.0 7769
1786508838185 1018560512.0 7770
1786508840763 1018691584.0 7771
1786508843342 1018822656.0 7772
1786508845921 1018953728.0 7773
1786508848500 1019084800.0 7774
1786508851081 1019215872.0 7775
1786508853660 1019346944.0 7776
1786508856240 1019478016.0 7777
1786508858819 1019609088.0 7778
1786508861399 1019740160.0 7779
1786508863978 1019871232.0 7780
1786508866557 1020002304.0 7781
1786508869137 1020133376.0 7782
1786508871717 1020264448.0 7783
1786508874296 1020395520.0 7784
1786508876876 1020526592.0 7785
1786508879454 1020657664.0 7786
1786508882033 1020788736.0 7787
1786508884612 1020919808.0 7788
1786508887191 1021050880.0 7789
1786508889769 1021181952.0 7790
1786508892348 1021313024.0 7791
1786508894927 1021444096.0 7792
1786508897505 1021575168.0 7793
1786508900084 1021706240.0 7794
1786508902664 1021837312.0 7795
1786508905243 1021968384.0 7796
1786508907823 1022099456.0 7797
1786508910402 1022230528.0 7798
1786508912981 1022361600.0 7799
1786508915560 1022492672.0 7800
1786508918139 1022623744.0 7801
1786508920718 1022754816.0 7802
1786508923297 1022885888.0 7803
1786508925875 1023016960.0 7804
1786508928454 1023148032.0 7805
1786508931034 1023279104.0 7806
1786508933613 1023410176.0 7807
1786508936194 1023541248.0 7808
1786508938774 1023672320.0 7809
1786508941353 1023803392.0 7810
1786508943932 1023934464.0 7811
1786508946512 1024065536.0 7812
1786508949094 1024196608.0 7813
1786508951674 1024327680.0 7814
1786508954253 1024458752.0 7815
1786508956831 1024589824.0 7816
1786508959410 1024720896.0 7817
1786508961989 1024851968.0 7818
1786508964568 1024983040.0 7819
1786508967147 1025114112.0 7820
1786508969728 1025245184.0 7821
1786508972308 1025376256.0 7822
1786508974887 1025507328.0 7823
1786508977467 1025638400.0 7824
1786508980046 1025769472.0 7825
1786508982625 1025900544.0 7826
1786508985205 1026031616.0 7827
1786508987784 1026162688.0 7828
1786508990364 1026293760.0 7829
1786508992944 1026424832.0 7830
1786508995524 1026555904.0 7831
1786508998103 1026686976.0 7832
1786509000685 1026818048.0 7833
1786509003266 1026949120.0 7834
1786509005853 1027080192.0 7835
1786509008433 1027211264.0 7836
1786509011013 1027342336.0 7837
1786509013593 1027473408.0 7838
1786509016173 1027604480.0 7839
1786509018753 1027735552.0 7840
1786509021333 1027866624.0 7841
1786509023913 1027997696.0 7842
1786509026493 1028128768.0 7843
1786509029073 1028259840.0 7844
1786509031653 1028390912.0 7845
1786509034235 1028521984.0 7846
1786509036816 1028653056.0 7847
1786509039396 1028784128.0 7848
1786509041976 1028915200.0 7849
1786509044557 1029046272.0 7850
1786509047138 1029177344.0 7851
1786509049719 1029308416.0 7852
1786509052303 1029439488.0 7853
1786509054884 1029570560.0 7854
1786509057464 1029701632.0 7855
1786509060045 1029832704.0 7856
1786509062625 1029963776.0 7857
1786509065205 1030094848.0 7858
1786509067786 1030225920.0 7859
1786509070367 1030356992.0 7860
1786509072947 1030488064.0 7861
1786509075527 1030619136.0 7862
1786509078108 1030750208.0 7863
1786509080688 1030881280.0 7864
1786509083268 1031012352.0 7865
1786509085848 1031143424.0 7866
1786509088429 1031274496.0 7867
1786509091012 1031405568.0 7868
1786509093592 1031536640.0 7869
1786509096172 1031667712.0 7870
1786509098754 1031798784.0 7871
1786509101335 1031929856.0 7872
1786509103916 1032060928.0 7873
1786509106496 1032192000.0 7874
1786509109076 1032323072.0 7875
1786509111658 1032454144.0 7876
1786509114240 1032585216.0 7877
1786509116822 1032716288.0 7878
1786509119405 1032847360.0 7879
1786509121986 1032978432.0 7880
1786509124565 1033109504.0 7881
1786509127147 1033240576.0 7882
1786509129728 1033371648.0 7883
1786509132311 1033502720.0 7884
1786509134891 1033633792.0 7885
1786509137472 1033764864.0 7886
1786509140052 1033895936.0 7887
1786509142631 1034027008.0 7888
1786509145211 1034158080.0 7889
1786509147792 1034289152.0 7890
1786509150372 1034420224.0 7891
1786509152954 1034551296.0 7892
1786509155540 1034682368.0 7893
1786509158120 1034813440.0 7894
1786509160703 1034944512.0 7895
1786509163283 1035075584.0 7896
1786509165866 1035206656.0 7897
1786509168446 1035337728.0 7898
1786509171026 1035468800.0 7899
1786509173607 1035599872.0 7900
1786509176189 1035730944.0 7901
1786509178770 1035862016.0 7902
1786509181349 1035993088.0 7903
1786509183930 1036124160.0 7904
1786509186510 1036255232.0 7905
1786509189090 1036386304.0 7906
1786509191670 1036517376.0 7907
1786509194250 1036648448.0 7908
1786509196831 1036779520.0 7909
1786509199413 1036910592.0 7910
1786509201992 1037041664.0 7911
1786509204573 1037172736.0 7912
1786509207154 1037303808.0 7913
1786509209733 1037434880.0 7914
1786509212313 1037565952.0 7915
1786509214893 1037697024.0 7916
1786509217473 1037828096.0 7917
1786509220052 1037959168.0 7918
1786509222633 1038090240.0 7919
1786509225213 1038221312.0 7920
1786509227792 1038352384.0 7921
1786509230378 1038483456.0 7922
1786509232972 1038614528.0 7923
1786509235556 1038745600.0 7924
1786509238138 1038876672.0 7925
1786509240719 1039007744.0 7926
1786509243300 1039138816.0 7927
1786509245885 1039269888.0 7928
1786509248466 1039400960.0 7929
1786509251045 1039532032.0 7930
1786509253627 1039663104.0 7931
1786509256208 1039794176.0 7932
1786509258789 1039925248.0 7933
1786509261368 1040056320.0 7934
1786509263949 1040187392.0 7935
1786509266529 1040318464.0 7936
1786509269108 1040449536.0 7937
1786509271689 1040580608.0 7938
1786509274269 1040711680.0 7939
1786509276849 1040842752.0 7940
1786509279430 1040973824.0 7941
1786509282010 1041104896.0 7942
1786509284590 1041235968.0 7943
1786509287169 1041367040.0 7944
1786509289750 1041498112.0 7945
1786509292333 1041629184.0 7946
1786509294916 1041760256.0 7947
1786509297497 1041891328.0 7948
1786509300075 1042022400.0 7949
1786509302654 1042153472.0 7950
1786509305246 1042284544.0 7951
1786509307835 1042415616.0 7952
1786509310422 1042546688.0 7953
1786509313012 1042677760.0 7954
1786509315604 1042808832.0 7955
1786509318196 1042939904.0 7956
1786509320793 1043070976.0 7957
1786509323386 1043202048.0 7958
1786509325983 1043333120.0 7959
1786509328598 1043464192.0 7960
1786509331183 1043595264.0 7961
1786509333775 1043726336.0 7962
1786509336366 1043857408.0 7963
1786509338961 1043988480.0 7964
1786509341553 1044119552.0 7965
1786509344139 1044250624.0 7966
1786509346730 1044381696.0 7967
1786509349315 1044512768.0 7968
1786509351900 1044643840.0 7969
1786509354493 1044774912.0 7970
1786509357083 1044905984.0 7971
1786509359679 1045037056.0 7972
1786509362271 1045168128.0 7973
1786509364863 1045299200.0 7974
1786509367451 1045430272.0 7975
1786509370043 1045561344.0 7976
1786509372629 1045692416.0 7977
1786509375227 1045823488.0 7978
1786509377811 1045954560.0 7979
1786509380408 1046085632.0 7980
1786509382996 1046216704.0 7981
1786509385584 1046347776.0 7982
1786509388169 1046478848.0 7983
1786509390759 1046609920.0 7984
1786509393342 1046740992.0 7985
1786509395929 1046872064.0 7986
1786509398512 1047003136.0 7987
1786509401105 1047134208.0 7988
1786509403687 1047265280.0 7989
1786509406266 1047396352.0 7990
1786509408848 1047527424.0 7991
1786509411431 1047658496.0 7992
1786509414012 1047789568.0 7993
1786509416590 1047920640.0 7994
1786509419165 1048051712.0 7995
1786509421741 1048182784.0 7996
1786509424315 1048313856.0 7997
1786509426893 1048444928.0 7998
1786509429467 1048576000.0 7999
1786509434417 1048707072.0 8000
1786509436991 1048838144.0 8001
1786509439567 1048969216.0 8002
1786509442148 1049100288.0 8003
1786509444731 1049231360.0 8004
1786509447312 1049362432.0 8005
1786509449893 1049493504.0 8006
1786509452475 1049624576.0 8007
1786509455055 1049755648.0 8008
1786509457635 1049886720.0 8009
1786509460218 1050017792.0 8010
1786509462799 1050148864.0 8011
1786509465378 1050279936.0 8012
1786509467958 1050411008.0 8013
1786509470541 1050542080.0 8014
1786509473122 1050673152.0 8015
1786509475703 1050804224.0 8016
1786509478284 1050935296.0 8017
1786509480865 1051066368.0 8018
1786509483445 1051197440.0 8019
1786509486021 1051328512.0 8020
1786509488597 1051459584.0 8021
1786509491173 1051590656.0 8022
1786509493752 1051721728.0 8023
1786509496328 1051852800.0 8024
1786509498904 1051983872.0 8025
1786509501479 1052114944.0 8026
1786509504056 1052246016.0 8027
1786509506632 1052377088.0 8028
1786509509209 1052508160.0 8029
1786509511785 1052639232.0 8030
1786509514362 1052770304.0 8031
1786509516938 1052901376.0 8032
1786509519515 1053032448.0 8033
1786509522091 1053163520.0 8034
1786509524667 1053294592.0 8035
1786509527244 1053425664.0 8036
1786509529821 1053556736.0 8037
1786509532397 1053687808.0 8038
1786509534973 1053818880.0 8039
1786509537549 1053949952.0 8040
1786509540126 1054081024.0 8041
1786509542701 1054212096.0 8042
1786509545278 1054343168.0 8043
1786509547854 1054474240.0 8044
1786509550433 1054605312.0 8045
1786509553015 1054736384.0 8046
1786509555597 1054867456.0 8047
1786509558179 1054998528.0 8048
1786509560761 1055129600.0 8049
1786509563343 1055260672.0 8050
1786509565924 1055391744.0 8051
1786509568505 1055522816.0 8052
1786509571087 1055653888.0 8053
1786509573669 1055784960.0 8054
1786509576251 1055916032.0 8055
1786509578832 1056047104.0 8056
1786509581413 1056178176.0 8057
1786509583993 1056309248.0 8058
1786509586574 1056440320.0 8059
1786509589155 1056571392.0 8060
1786509591737 1056702464.0 8061
1786509594319 1056833536.0 8062
1786509596900 1056964608.0 8063
1786509599482 1057095680.0 8064
1786509602064 1057226752.0 8065
1786509604646 1057357824.0 8066
1786509607227 1057488896.0 8067
1786509609809 1057619968.0 8068
1786509612391 1057751040.0 8069
1786509614973 1057882112.0 8070
1786509617554 1058013184.0 8071
1786509620136 1058144256.0 8072
1786509622718 1058275328.0 8073
1786509625302 1058406400.0 8074
1786509627883 1058537472.0 8075
1786509630465 1058668544.0 8076
1786509633046 1058799616.0 8077
1786509635629 1058930688.0 8078
1786509638210 1059061760.0 8079
1786509640792 1059192832.0 8080
1786509643373 1059323904.0 8081
1786509645954 1059454976.0 8082
1786509648535 1059586048.0 8083
1786509651117 1059717120.0 8084
1786509653698 1059848192.0 8085
1786509656281 1059979264.0 8086
1786509658862 1060110336.0 8087
1786509661444 1060241408.0 8088
1786509664025 1060372480.0 8089
1786509666607 1060503552.0 8090
1786509669189 1060634624.0 8091
1786509671770 1060765696.0 8092
1786509674351 1060896768.0 8093
1786509676934 1061027840.0 8094
1786509679524 1061158912.0 8095
1786509682105 1061289984.0 8096
1786509684687 1061421056.0 8097
1786509687270 1061552128.0 8098
1786509689852 1061683200.0 8099
1786509692434 1061814272.0 8100
1786509695015 1061945344.0 8101
1786509697602 1062076416.0 8102
1786509700183 1062207488.0 8103
1786509702765 1062338560.0 8104
1786509705346 1062469632.0 8105
1786509707929 1062600704.0 8106
1786509710510 1062731776.0 8107
1786509713092 1062862848.0 8108
1786509715673 1062993920.0 8109
1786509718255 1063124992.0 8110
1786509720837 1063256064.0 8111
1786509723419 1063387136.0 8112
1786509726001 1063518208.0 8113
1786509728582 1063649280.0 8114
1786509731164 1063780352.0 8115
1786509733744 1063911424.0 8116
1786509736326 1064042496.0 8117
1786509738907 1064173568.0 8118
1786509741488 1064304640.0 8119
1786509744069 1064435712.0 8120
1786509746652 1064566784.0 8121
1786509749232 1064697856.0 8122
1786509751812 1064828928.0 8123
1786509754393 1064960000.0 8124
1786509756974 1065091072.0 8125
1786509759555 1065222144.0 8126
1786509762137 1065353216.0 8127
1786509764718 1065484288.0 8128
1786509767299 1065615360.0 8129
1786509769879 1065746432.0 8130
1786509772461 1065877504.0 8131
1786509775044 1066008576.0 8132
1786509777625 1066139648.0 8133
1786509780207 1066270720.0 8134
1786509782787 1066401792.0 8135
1786509785368 1066532864.0 8136
1786509787949 1066663936.0 8137
1786509790530 1066795008.0 8138
1786509793110 1066926080.0 8139
1786509795690 1067057152.0 8140
1786509798270 1067188224.0 8141
1786509800852 1067319296.0 8142
1786509803432 1067450368.0 8143
1786509806013 1067581440.0 8144
1786509808594 1067712512.0 8145
1786509811175 1067843584.0 8146
1786509813755 1067974656.0 8147
1786509816335 1068105728.0 8148
1786509818917 1068236800.0 8149
1786509821500 1068367872.0 8150
1786509824083 1068498944.0 8151
1786509826664 1068630016.0 8152
1786509829245 1068761088.0 8153
1786509831828 1068892160.0 8154
1786509834411 1069023232.0 8155
1786509836991 1069154304.0 8156
1786509839571 1069285376.0 8157
1786509842151 1069416448.0 8158
1786509844731 1069547520.0 8159
1786509847312 1069678592.0 8160
1786509849891 1069809664.0 8161
1786509852470 1069940736.0 8162
1786509855051 1070071808.0 8163
1786509857630 1070202880.0 8164
1786509860210 1070333952.0 8165
1786509862791 1070465024.0 8166
1786509865372 1070596096.0 8167
1786509867954 1070727168.0 8168
1786509870535 1070858240.0 8169
1786509873117 1070989312.0 8170
1786509875699 1071120384.0 8171
1786509878280 1071251456.0 8172
1786509880861 1071382528.0 8173
1786509883442 1071513600.0 8174
1786509886024 1071644672.0 8175
1786509888605 1071775744.0 8176
1786509891187 1071906816.0 8177
1786509893769 1072037888.0 8178
1786509896350 1072168960.0 8179
1786509898931 1072300032.0 8180
1786509901513 1072431104.0 8181
1786509904093 1072562176.0 8182
1786509906684 1072693248.0 8183
1786509909264 1072824320.0 8184
1786509911844 1072955392.0 8185
1786509914426 1073086464.0 8186
1786509917007 1073217536.0 8187
1786509919589 1073348608.0 8188
1786509922171 1073479680.0 8189
1786509924753 1073610752.0 8190
1786509927334 1073741824.0 8191
1786509929916 1073872896.0 8192
1786509932498 1074003968.0 8193
1786509935080 1074135040.0 8194
1786509937662 1074266112.0 8195
1786509940244 1074397184.0 8196
1786509942824 1074528256.0 8197
1786509945406 1074659328.0 8198
1786509947987 1074790400.0 8199
1786509950568 1074921472.0 8200
1786509953151 1075052544.0 8201
1786509955733 1075183616.0 8202
1786509958314 1075314688.0 8203
1786509960896 1075445760.0 8204
1786509963478 1075576832.0 8205
1786509966059 1075707904.0 8206
1786509968641 1075838976.0 8207
1786509971224 1075970048.0 8208
1786509973805 1076101120.0 8209
1786509976387 1076232192.0 8210
1786509978969 1076363264.0 8211
1786509981551 1076494336.0 8212
1786509984135 1076625408.0 8213
1786509986716 1076756480.0 8214
1786509989298 1076887552.0 8215
1786509991879 1077018624.0 8216
1786509994461 1077149696.0 8217
1786509997044 1077280768.0 8218
1786509999628 1077411840.0 8219
1786510002211 1077542912.0 8220
1786510004793 1077673984.0 8221
1786510007376 1077805056.0 8222
1786510009959 1077936128.0 8223
1786510012542 1078067200.0 8224
1786510015126 1078198272.0 8225
1786510017714 1078329344.0 8226
1786510020296 1078460416.0 8227
1786510022877 1078591488.0 8228
1786510025461 1078722560.0 8229
1786510028043 1078853632.0 8230
1786510030625 1078984704.0 8231
1786510033205 1079115776.0 8232
1786510035785 1079246848.0 8233
1786510038365 1079377920.0 8234
1786510040946 1079508992.0 8235
1786510043527 1079640064.0 8236
1786510046109 1079771136.0 8237
1786510048691 1079902208.0 8238
1786510051273 1080033280.0 8239
1786510053855 1080164352.0 8240
1786510056437 1080295424.0 8241
1786510059019 1080426496.0 8242
1786510061601 1080557568.0 8243
1786510064182 1080688640.0 8244
1786510066763 1080819712.0 8245
1786510069347 1080950784.0 8246
1786510071930 1081081856.0 8247
1786510074513 1081212928.0 8248
1786510077098 1081344000.0 8249
1786510079682 1081475072.0 8250
1786510082264 1081606144.0 8251
1786510084843 1081737216.0 8252
1786510087429 1081868288.0 8253
1786510090013 1081999360.0 8254
1786510092593 1082130432.0 8255
1786510095174 1082261504.0 8256
1786510097756 1082392576.0 8257
1786510100336 1082523648.0 8258
1786510102918 1082654720.0 8259
1786510105497 1082785792.0 8260
1786510108077 1082916864.0 8261
1786510110657 1083047936.0 8262
1786510113237 1083179008.0 8263
1786510115818 1083310080.0 8264
1786510118398 1083441152.0 8265
1786510120979 1083572224.0 8266
1786510123560 1083703296.0 8267
1786510126141 1083834368.0 8268
1786510128723 1083965440.0 8269
1786510131304 1084096512.0 8270
1786510133885 1084227584.0 8271
1786510136467 1084358656.0 8272
1786510139048 1084489728.0 8273
1786510141629 1084620800.0 8274
1786510144209 1084751872.0 8275
1786510146790 1084882944.0 8276
1786510149372 1085014016.0 8277
1786510151953 1085145088.0 8278
1786510154534 1085276160.0 8279
1786510157115 1085407232.0 8280
1786510159697 1085538304.0 8281
1786510162278 1085669376.0 8282
1786510164860 1085800448.0 8283
1786510167441 1085931520.0 8284
1786510170024 1086062592.0 8285
1786510172605 1086193664.0 8286
1786510175186 1086324736.0 8287
1786510177767 1086455808.0 8288
1786510180348 1086586880.0 8289
1786510182930 1086717952.0 8290
1786510185512 1086849024.0 8291
1786510188093 1086980096.0 8292
1786510190674 1087111168.0 8293
1786510193255 1087242240.0 8294
1786510195836 1087373312.0 8295
1786510198416 1087504384.0 8296
1786510200998 1087635456.0 8297
1786510203579 1087766528.0 8298
1786510206160 1087897600.0 8299
1786510208741 1088028672.0 8300
1786510211321 1088159744.0 8301
1786510213903 1088290816.0 8302
1786510216484 1088421888.0 8303
1786510219064 1088552960.0 8304
1786510221646 1088684032.0 8305
1786510224228 1088815104.0 8306
1786510226808 1088946176.0 8307
1786510229389 1089077248.0 8308
1786510231970 1089208320.0 8309
1786510234552 1089339392.0 8310
1786510237134 1089470464.0 8311
1786510239714 1089601536.0 8312
1786510242296 1089732608.0 8313
1786510244877 1089863680.0 8314
1786510247459 1089994752.0 8315
1786510250040 1090125824.0 8316
1786510252621 1090256896.0 8317
1786510255201 1090387968.0 8318
1786510257782 1090519040.0 8319
1786510260363 1090650112.0 8320
1786510262943 1090781184.0 8321
1786510265522 1090912256.0 8322
1786510268101 1091043328.0 8323
1786510270682 1091174400.0 8324
1786510273272 1091305472.0 8325
1786510275852 1091436544.0 8326
1786510278433 1091567616.0 8327
1786510281020 1091698688.0 8328
1786510283609 1091829760.0 8329
1786510286198 1091960832.0 8330
1786510288787 1092091904.0 8331
1786510291376 1092222976.0 8332
1786510293967 1092354048.0 8333
1786510296558 1092485120.0 8334
1786510299147 1092616192.0 8335
1786510301736 1092747264.0 8336
1786510304328 1092878336.0 8337
1786510306916 1093009408.0 8338
1786510309504 1093140480.0 8339
1786510312096 1093271552.0 8340
1786510314683 1093402624.0 8341
1786510317272 1093533696.0 8342
1786510319864 1093664768.0 8343
1786510322451 1093795840.0 8344
1786510325036 1093926912.0 8345
1786510327623 1094057984.0 8346
1786510330211 1094189056.0 8347
1786510332799 1094320128.0 8348
1786510335386 1094451200.0 8349
1786510337975 1094582272.0 8350
1786510340561 1094713344.0 8351
1786510343150 1094844416.0 8352
1786510345741 1094975488.0 8353
1786510348327 1095106560.0 8354
1786510350915 1095237632.0 8355
1786510353503 1095368704.0 8356
1786510356097 1095499776.0 8357
1786510358683 1095630848.0 8358
1786510361269 1095761920.0 8359
1786510363860 1095892992.0 8360
1786510366469 1096024064.0 8361
1786510369069 1096155136.0 8362
1786510371658 1096286208.0 8363
1786510374243 1096417280.0 8364
1786510376829 1096548352.0 8365
1786510379415 1096679424.0 8366
1786510381999 1096810496.0 8367
1786510384577 1096941568.0 8368
1786510387158 1097072640.0 8369
1786510389738 1097203712.0 8370
1786510392318 1097334784.0 8371
1786510394899 1097465856.0 8372
1786510397482 1097596928.0 8373
1786510400062 1097728000.0 8374
1786510402641 1097859072.0 8375
1786510405223 1097990144.0 8376
1786510407804 1098121216.0 8377
1786510410386 1098252288.0 8378
1786510412965 1098383360.0 8379
1786510415545 1098514432.0 8380
1786510418125 1098645504.0 8381
1786510420706 1098776576.0 8382
1786510423287 1098907648.0 8383
1786510425867 1099038720.0 8384
1786510428447 1099169792.0 8385
1786510431027 1099300864.0 8386
1786510433609 1099431936.0 8387
1786510436190 1099563008.0 8388
1786510438771 1099694080.0 8389
1786510441351 1099825152.0 8390
1786510443932 1099956224.0 8391
1786510446513 1100087296.0 8392
1786510449093 1100218368.0 8393
1786510451671 1100349440.0 8394
1786510454251 1100480512.0 8395
1786510456835 1100611584.0 8396
1786510459415 1100742656.0 8397
1786510461995 1100873728.0 8398
1786510464575 1101004800.0 8399
1786510467157 1101135872.0 8400
1786510469739 1101266944.0 8401
1786510472318 1101398016.0 8402
1786510474898 1101529088.0 8403
1786510477480 1101660160.0 8404
1786510480059 1101791232.0 8405
1786510482639 1101922304.0 8406
1786510485219 1102053376.0 8407
1786510487799 1102184448.0 8408
1786510490381 1102315520.0 8409
1786510492961 1102446592.0 8410
1786510495543 1102577664.0 8411
1786510498123 1102708736.0 8412
1786510500704 1102839808.0 8413
1786510503284 1102970880.0 8414
1786510505866 1103101952.0 8415
1786510508450 1103233024.0 8416
1786510511027 1103364096.0 8417
1786510513603 1103495168.0 8418
1786510516181 1103626240.0 8419
1786510518757 1103757312.0 8420
1786510521335 1103888384.0 8421
1786510523911 1104019456.0 8422
1786510526494 1104150528.0 8423
1786510529079 1104281600.0 8424
1786510531657 1104412672.0 8425
1786510534236 1104543744.0 8426
1786510536818 1104674816.0 8427
1786510539403 1104805888.0 8428
1786510541986 1104936960.0 8429
1786510544567 1105068032.0 8430
1786510547147 1105199104.0 8431
1786510549727 1105330176.0 8432
1786510552312 1105461248.0 8433
1786510554892 1105592320.0 8434
1786510557470 1105723392.0 8435
1786510560046 1105854464.0 8436
1786510562623 1105985536.0 8437
1786510565200 1106116608.0 8438
1786510567778 1106247680.0 8439
1786510570356 1106378752.0 8440
1786510572937 1106509824.0 8441
1786510575522 1106640896.0 8442
1786510578109 1106771968.0 8443
1786510580695 1106903040.0 8444
1786510583277 1107034112.0 8445
1786510585858 1107165184.0 8446
1786510588441 1107296256.0 8447
1786510591022 1107427328.0 8448
1786510593608 1107558400.0 8449
1786510596196 1107689472.0 8450
1786510598778 1107820544.0 8451
1786510601359 1107951616.0 8452
1786510603940 1108082688.0 8453
1786510606522 1108213760.0 8454
1786510609105 1108344832.0 8455
1786510611686 1108475904.0 8456
1786510614271 1108606976.0 8457
1786510616861 1108738048.0 8458
1786510619441 1108869120.0 8459
1786510622021 1109000192.0 8460
1786510624600 1109131264.0 8461
1786510627181 1109262336.0 8462
1786510629761 1109393408.0 8463
1786510632340 1109524480.0 8464
1786510634920 1109655552.0 8465
1786510637501 1109786624.0 8466
1786510640084 1109917696.0 8467
1786510642664 1110048768.0 8468
1786510645245 1110179840.0 8469
1786510647827 1110310912.0 8470
1786510650410 1110441984.0 8471
1786510652993 1110573056.0 8472
1786510655573 1110704128.0 8473
1786510658153 1110835200.0 8474
1786510660733 1110966272.0 8475
1786510663312 1111097344.0 8476
1786510665892 1111228416.0 8477
1786510668471 1111359488.0 8478
1786510671052 1111490560.0 8479
1786510673633 1111621632.0 8480
1786510676213 1111752704.0 8481
1786510678792 1111883776.0 8482
1786510681372 1112014848.0 8483
1786510683951 1112145920.0 8484
1786510686531 1112276992.0 8485
1786510689110 1112408064.0 8486
1786510691690 1112539136.0 8487
1786510694270 1112670208.0 8488
1786510696849 1112801280.0 8489
1786510699429 1112932352.0 8490
1786510702006 1113063424.0 8491
1786510704581 1113194496.0 8492
1786510707156 1113325568.0 8493
1786510709732 1113456640.0 8494
1786510712310 1113587712.0 8495
1786510714886 1113718784.0 8496
1786510717462 1113849856.0 8497
1786510720039 1113980928.0 8498
1786510722615 1114112000.0 8499
1786510726587 1114243072.0 8500
1786510729163 1114374144.0 8501
1786510731740 1114505216.0 8502
1786510734318 1114636288.0 8503
1786510736895 1114767360.0 8504
1786510739472 1114898432.0 8505
1786510742048 1115029504.0 8506
1786510744624 1115160576.0 8507
1786510747200 1115291648.0 8508
1786510749776 1115422720.0 8509
1786510752352 1115553792.0 8510
1786510754927 1115684864.0 8511
1786510757503 1115815936.0 8512
1786510760078 1115947008.0 8513
1786510762654 1116078080.0 8514
1786510765234 1116209152.0 8515
1786510767816 1116340224.0 8516
1786510770398 1116471296.0 8517
1786510772979 1116602368.0 8518
1786510775559 1116733440.0 8519
1786510778140 1116864512.0 8520
1786510780721 1116995584.0 8521
1786510783302 1117126656.0 8522
1786510785882 1117257728.0 8523
1786510788465 1117388800.0 8524
1786510791054 1117519872.0 8525
1786510793636 1117650944.0 8526
1786510796217 1117782016.0 8527
1786510798797 1117913088.0 8528
1786510801372 1118044160.0 8529
1786510803954 1118175232.0 8530
1786510806541 1118306304.0 8531
1786510809117 1118437376.0 8532
1786510811698 1118568448.0 8533
1786510814281 1118699520.0 8534
1786510816864 1118830592.0 8535
1786510819443 1118961664.0 8536
1786510822018 1119092736.0 8537
1786510824594 1119223808.0 8538
1786510827169 1119354880.0 8539
1786510829743 1119485952.0 8540
1786510832317 1119617024.0 8541
1786510834892 1119748096.0 8542
1786510837470 1119879168.0 8543
1786510840045 1120010240.0 8544
1786510842620 1120141312.0 8545
1786510845194 1120272384.0 8546
1786510847768 1120403456.0 8547
1786510850345 1120534528.0 8548
1786510852921 1120665600.0 8549
1786510855499 1120796672.0 8550
1786510858075 1120927744.0 8551
1786510860651 1121058816.0 8552
1786510863227 1121189888.0 8553
1786510865802 1121320960.0 8554
1786510868378 1121452032.0 8555
1786510870955 1121583104.0 8556
1786510873531 1121714176.0 8557
1786510876107 1121845248.0 8558
1786510878682 1121976320.0 8559
1786510881258 1122107392.0 8560
1786510883834 1122238464.0 8561
1786510886411 1122369536.0 8562
1786510888987 1122500608.0 8563
1786510891563 1122631680.0 8564
1786510894139 1122762752.0 8565
1786510896716 1122893824.0 8566
1786510899292 1123024896.0 8567
1786510901868 1123155968.0 8568
1786510904443 1123287040.0 8569
1786510907019 1123418112.0 8570
1786510909595 1123549184.0 8571
1786510912170 1123680256.0 8572
1786510914746 1123811328.0 8573
1786510917322 1123942400.0 8574
1786510919898 1124073472.0 8575
1786510922474 1124204544.0 8576
1786510925050 1124335616.0 8577
1786510927626 1124466688.0 8578
1786510930201 1124597760.0 8579
1786510932777 1124728832.0 8580
1786510935356 1124859904.0 8581
1786510937932 1124990976.0 8582
1786510940507 1125122048.0 8583
1786510943083 1125253120.0 8584
1786510945659 1125384192.0 8585
1786510948236 1125515264.0 8586
1786510950811 1125646336.0 8587
1786510953388 1125777408.0 8588
1786510955964 1125908480.0 8589
1786510958540 1126039552.0 8590
1786510961116 1126170624.0 8591
1786510963692 1126301696.0 8592
1786510966269 1126432768.0 8593
1786510968846 1126563840.0 8594
1786510971422 1126694912.0 8595
1786510973999 1126825984.0 8596
1786510976575 1126957056.0 8597
1786510979151 1127088128.0 8598
1786510981727 1127219200.0 8599
1786510984302 1127350272.0 8600
1786510986879 1127481344.0 8601
1786510989455 1127612416.0 8602
1786510992030 1127743488.0 8603
1786510994606 1127874560.0 8604
1786510997182 1128005632.0 8605
1786510999760 1128136704.0 8606
1786511002340 1128267776.0 8607
1786511004920 1128398848.0 8608
1786511007500 1128529920.0 8609
1786511010080 1128660992.0 8610
1786511012660 1128792064.0 8611
1786511015240 1128923136.0 8612
1786511017819 1129054208.0 8613
1786511020399 1129185280.0 8614
1786511022978 1129316352.0 8615
1786511025556 1129447424.0 8616
1786511028135 1129578496.0 8617
1786511030713 1129709568.0 8618
1786511033294 1129840640.0 8619
1786511035874 1129971712.0 8620
1786511038454 1130102784.0 8621
1786511041035 1130233856.0 8622
1786511043613 1130364928.0 8623
1786511046192 1130496000.0 8624
1786511048770 1130627072.0 8625
1786511051349 1130758144.0 8626
1786511053927 1130889216.0 8627
1786511056506 1131020288.0 8628
1786511059086 1131151360.0 8629
1786511061665 1131282432.0 8630
1786511064245 1131413504.0 8631
1786511066825 1131544576.0 8632
1786511069407 1131675648.0 8633
1786511071986 1131806720.0 8634
1786511074566 1131937792.0 8635
1786511077147 1132068864.0 8636
1786511079730 1132199936.0 8637
1786511082309 1132331008.0 8638
1786511084888 1132462080.0 8639
1786511087467 1132593152.0 8640
1786511090049 1132724224.0 8641
1786511092629 1132855296.0 8642
1786511095209 1132986368.0 8643
1786511097790 1133117440.0 8644
1786511100372 1133248512.0 8645
1786511102951 1133379584.0 8646
1786511105530 1133510656.0 8647
1786511108109 1133641728.0 8648
1786511110688 1133772800.0 8649
1786511113267 1133903872.0 8650
1786511115846 1134034944.0 8651
1786511118426 1134166016.0 8652
1786511121008 1134297088.0 8653
1786511123589 1134428160.0 8654
1786511126168 1134559232.0 8655
1786511128748 1134690304.0 8656
1786511131330 1134821376.0 8657
1786511133909 1134952448.0 8658
1786511136489 1135083520.0 8659
1786511139069 1135214592.0 8660
1786511141649 1135345664.0 8661
1786511144229 1135476736.0 8662
1786511146808 1135607808.0 8663
1786511149388 1135738880.0 8664
1786511151967 1135869952.0 8665
1786511154547 1136001024.0 8666
1786511157130 1136132096.0 8667
1786511159709 1136263168.0 8668
1786511162290 1136394240.0 8669
1786511164871 1136525312.0 8670
1786511167451 1136656384.0 8671
1786511170029 1136787456.0 8672
1786511172611 1136918528.0 8673
1786511175197 1137049600.0 8674
1786511177778 1137180672.0 8675
1786511180358 1137311744.0 8676
1786511182932 1137442816.0 8677
1786511185514 1137573888.0 8678
1786511188094 1137704960.0 8679
1786511190675 1137836032.0 8680
1786511193258 1137967104.0 8681
1786511195840 1138098176.0 8682
1786511198423 1138229248.0 8683
1786511201004 1138360320.0 8684
1786511203584 1138491392.0 8685
1786511206163 1138622464.0 8686
1786511208743 1138753536.0 8687
1786511211325 1138884608.0 8688
1786511213909 1139015680.0 8689
1786511216488 1139146752.0 8690
1786511219065 1139277824.0 8691
1786511221640 1139408896.0 8692
1786511224214 1139539968.0 8693
1786511226789 1139671040.0 8694
1786511229365 1139802112.0 8695
1786511231940 1139933184.0 8696
1786511234516 1140064256.0 8697
1786511237092 1140195328.0 8698
1786511239667 1140326400.0 8699
1786511242243 1140457472.0 8700
1786511244821 1140588544.0 8701
1786511247396 1140719616.0 8702
1786511249972 1140850688.0 8703
1786511252547 1140981760.0 8704
1786511255123 1141112832.0 8705
1786511257699 1141243904.0 8706
1786511260274 1141374976.0 8707
1786511262850 1141506048.0 8708
1786511265424 1141637120.0 8709
1786511267998 1141768192.0 8710
1786511270573 1141899264.0 8711
1786511273149 1142030336.0 8712
1786511275725 1142161408.0 8713
1786511278300 1142292480.0 8714
1786511280876 1142423552.0 8715
1786511283451 1142554624.0 8716
1786511286026 1142685696.0 8717
1786511288600 1142816768.0 8718
1786511291174 1142947840.0 8719
1786511293748 1143078912.0 8720
1786511296325 1143209984.0 8721
1786511298901 1143341056.0 8722
1786511301476 1143472128.0 8723
1786511304052 1143603200.0 8724
1786511306627 1143734272.0 8725
1786511309202 1143865344.0 8726
1786511311778 1143996416.0 8727
1786511314354 1144127488.0 8728
1786511316931 1144258560.0 8729
1786511319507 1144389632.0 8730
1786511322082 1144520704.0 8731
1786511324658 1144651776.0 8732
1786511327235 1144782848.0 8733
1786511329812 1144913920.0 8734
1786511332387 1145044992.0 8735
1786511334963 1145176064.0 8736
1786511337541 1145307136.0 8737
1786511340117 1145438208.0 8738
1786511342692 1145569280.0 8739
1786511345268 1145700352.0 8740
1786511347844 1145831424.0 8741
1786511350419 1145962496.0 8742
1786511352994 1146093568.0 8743
1786511355570 1146224640.0 8744
1786511358146 1146355712.0 8745
1786511360723 1146486784.0 8746
1786511363299 1146617856.0 8747
1786511365874 1146748928.0 8748
1786511368449 1146880000.0 8749
1786511371023 1147011072.0 8750
1786511373597 1147142144.0 8751
1786511376171 1147273216.0 8752
1786511378747 1147404288.0 8753
1786511381323 1147535360.0 8754
1786511383898 1147666432.0 8755
1786511386474 1147797504.0 8756
1786511389049 1147928576.0 8757
1786511391625 1148059648.0 8758
1786511394201 1148190720.0 8759
1786511396776 1148321792.0 8760
1786511399353 1148452864.0 8761
1786511401928 1148583936.0 8762
1786511404504 1148715008.0 8763
1786511407080 1148846080.0 8764
1786511409656 1148977152.0 8765
1786511412232 1149108224.0 8766
1786511414807 1149239296.0 8767
1786511417383 1149370368.0 8768
1786511419959 1149501440.0 8769
1786511422534 1149632512.0 8770
1786511425110 1149763584.0 8771
1786511427687 1149894656.0 8772
1786511430264 1150025728.0 8773
1786511432839 1150156800.0 8774
1786511435415 1150287872.0 8775
1786511437991 1150418944.0 8776
1786511440568 1150550016.0 8777
1786511443144 1150681088.0 8778
1786511445719 1150812160.0 8779
1786511448294 1150943232.0 8780
1786511450871 1151074304.0 8781
1786511453448 1151205376.0 8782
1786511456024 1151336448.0 8783
1786511458605 1151467520.0 8784
1786511461185 1151598592.0 8785
1786511463762 1151729664.0 8786
1786511466340 1151860736.0 8787
1786511468918 1151991808.0 8788
1786511471493 1152122880.0 8789
1786511474070 1152253952.0 8790
1786511476646 1152385024.0 8791
1786511479221 1152516096.0 8792
1786511481797 1152647168.0 8793
1786511484373 1152778240.0 8794
1786511486947 1152909312.0 8795
1786511489523 1153040384.0 8796
1786511492101 1153171456.0 8797
1786511494677 1153302528.0 8798
1786511497256 1153433600.0 8799
1786511499833 1153564672.0 8800
1786511502412 1153695744.0 8801
1786511504993 1153826816.0 8802
1786511507574 1153957888.0 8803
1786511510155 1154088960.0 8804
1786511512736 1154220032.0 8805
1786511515322 1154351104.0 8806
1786511517903 1154482176.0 8807
1786511520484 1154613248.0 8808
1786511523065 1154744320.0 8809
1786511525648 1154875392.0 8810
1786511528228 1155006464.0 8811
1786511530809 1155137536.0 8812
1786511533389 1155268608.0 8813
1786511535968 1155399680.0 8814
1786511538548 1155530752.0 8815
1786511541128 1155661824.0 8816
1786511543710 1155792896.0 8817
1786511546289 1155923968.0 8818
1786511548869 1156055040.0 8819
1786511551447 1156186112.0 8820
1786511554024 1156317184.0 8821
1786511556600 1156448256.0 8822
1786511559178 1156579328.0 8823
1786511561755 1156710400.0 8824
1786511564331 1156841472.0 8825
1786511566907 1156972544.0 8826
1786511569483 1157103616.0 8827
1786511572061 1157234688.0 8828
1786511574643 1157365760.0 8829
1786511577228 1157496832.0 8830
1786511579809 1157627904.0 8831
1786511582390 1157758976.0 8832
1786511584971 1157890048.0 8833
1786511587552 1158021120.0 8834
1786511590134 1158152192.0 8835
1786511592715 1158283264.0 8836
1786511595301 1158414336.0 8837
1786511597881 1158545408.0 8838
1786511600461 1158676480.0 8839
1786511603043 1158807552.0 8840
1786511605628 1158938624.0 8841
1786511608212 1159069696.0 8842
1786511610792 1159200768.0 8843
1786511613374 1159331840.0 8844
1786511615954 1159462912.0 8845
1786511618534 1159593984.0 8846
1786511621115 1159725056.0 8847
1786511623695 1159856128.0 8848
1786511626278 1159987200.0 8849
1786511628858 1160118272.0 8850
1786511631439 1160249344.0 8851
1786511634022 1160380416.0 8852
1786511636609 1160511488.0 8853
1786511639191 1160642560.0 8854
1786511641771 1160773632.0 8855
1786511644351 1160904704.0 8856
1786511646933 1161035776.0 8857
1786511649514 1161166848.0 8858
1786511652095 1161297920.0 8859
1786511654675 1161428992.0 8860
1786511657257 1161560064.0 8861
1786511659836 1161691136.0 8862
1786511662416 1161822208.0 8863
1786511664998 1161953280.0 8864
1786511667579 1162084352.0 8865
1786511670160 1162215424.0 8866
1786511672741 1162346496.0 8867
1786511675322 1162477568.0 8868
1786511677906 1162608640.0 8869
1786511680490 1162739712.0 8870
1786511683070 1162870784.0 8871
1786511685655 1163001856.0 8872
1786511688237 1163132928.0 8873
1786511690822 1163264000.0 8874
1786511693408 1163395072.0 8875
1786511695994 1163526144.0 8876
1786511698575 1163657216.0 8877
1786511701156 1163788288.0 8878
1786511703736 1163919360.0 8879
1786511706327 1164050432.0 8880
1786511708908 1164181504.0 8881
1786511711488 1164312576.0 8882
1786511714068 1164443648.0 8883
1786511716650 1164574720.0 8884
1786511719231 1164705792.0 8885
1786511721821 1164836864.0 8886
1786511724402 1164967936.0 8887
1786511726984 1165099008.0 8888
1786511729565 1165230080.0 8889
1786511732146 1165361152.0 8890
1786511734727 1165492224.0 8891
1786511737307 1165623296.0 8892
1786511739887 1165754368.0 8893
1786511742470 1165885440.0 8894
1786511745055 1166016512.0 8895
1786511747640 1166147584.0 8896
1786511750221 1166278656.0 8897
1786511752802 1166409728.0 8898
1786511755378 1166540800.0 8899
1786511757953 1166671872.0 8900
1786511760527 1166802944.0 8901
1786511763101 1166934016.0 8902
1786511765676 1167065088.0 8903
1786511768254 1167196160.0 8904
1786511770836 1167327232.0 8905
1786511773418 1167458304.0 8906
1786511776001 1167589376.0 8907
1786511778585 1167720448.0 8908
1786511781166 1167851520.0 8909
1786511783749 1167982592.0 8910
1786511786331 1168113664.0 8911
1786511788912 1168244736.0 8912
1786511791493 1168375808.0 8913
1786511794074 1168506880.0 8914
1786511796653 1168637952.0 8915
1786511799229 1168769024.0 8916
1786511801809 1168900096.0 8917
1786511804390 1169031168.0 8918
1786511806970 1169162240.0 8919
1786511809551 1169293312.0 8920
1786511812132 1169424384.0 8921
1786511814715 1169555456.0 8922
1786511817299 1169686528.0 8923
1786511819883 1169817600.0 8924
1786511822462 1169948672.0 8925
1786511825044 1170079744.0 8926
1786511827624 1170210816.0 8927
1786511830204 1170341888.0 8928
1786511832785 1170472960.0 8929
1786511835366 1170604032.0 8930
1786511837946 1170735104.0 8931
1786511840526 1170866176.0 8932
1786511843106 1170997248.0 8933
1786511845686 1171128320.0 8934
1786511848265 1171259392.0 8935
1786511850849 1171390464.0 8936
1786511853436 1171521536.0 8937
1786511856016 1171652608.0 8938
1786511858598 1171783680.0 8939
1786511861180 1171914752.0 8940
1786511863760 1172045824.0 8941
1786511866340 1172176896.0 8942
1786511868920 1172307968.0 8943
1786511871504 1172439040.0 8944
1786511874084 1172570112.0 8945
1786511876664 1172701184.0 8946
1786511879245 1172832256.0 8947
1786511881827 1172963328.0 8948
1786511884409 1173094400.0 8949
1786511886990 1173225472.0 8950
1786511889571 1173356544.0 8951
1786511892162 1173487616.0 8952
1786511894748 1173618688.0 8953
1786511897335 1173749760.0 8954
1786511899917 1173880832.0 8955
1786511902498 1174011904.0 8956
1786511905078 1174142976.0 8957
1786511907659 1174274048.0 8958
1786511910240 1174405120.0 8959
1786511912822 1174536192.0 8960
1786511915401 1174667264.0 8961
1786511917983 1174798336.0 8962
1786511920563 1174929408.0 8963
1786511923145 1175060480.0 8964
1786511925726 1175191552.0 8965
1786511928307 1175322624.0 8966
1786511930887 1175453696.0 8967
1786511933469 1175584768.0 8968
1786511936052 1175715840.0 8969
1786511938633 1175846912.0 8970
1786511941212 1175977984.0 8971
1786511943792 1176109056.0 8972
1786511946373 1176240128.0 8973
1786511948953 1176371200.0 8974
1786511951533 1176502272.0 8975
1786511954115 1176633344.0 8976
1786511956695 1176764416.0 8977
1786511959275 1176895488.0 8978
1786511961855 1177026560.0 8979
1786511964436 1177157632.0 8980
1786511967018 1177288704.0 8981
1786511969600 1177419776.0 8982
1786511972183 1177550848.0 8983
1786511974767 1177681920.0 8984
1786511977347 1177812992.0 8985
1786511979928 1177944064.0 8986
1786511982510 1178075136.0 8987
1786511985092 1178206208.0 8988
1786511987673 1178337280.0 8989
1786511990255 1178468352.0 8990
1786511992835 1178599424.0 8991
1786511995412 1178730496.0 8992
1786511997993 1178861568.0 8993
1786512000574 1178992640.0 8994
1786512003156 1179123712.0 8995
1786512005738 1179254784.0 8996
1786512008319 1179385856.0 8997
1786512010896 1179516928.0 8998
1786512013473 1179648000.0 8999
1786512017443 1179779072.0 9000
1786512020019 1179910144.0 9001
1786512022594 1180041216.0 9002
1786512025171 1180172288.0 9003
1786512027750 1180303360.0 9004
1786512030331 1180434432.0 9005
1786512032912 1180565504.0 9006
1786512035496 1180696576.0 9007
1786512038077 1180827648.0 9008
1786512040657 1180958720.0 9009
1786512043237 1181089792.0 9010
1786512045819 1181220864.0 9011
1786512048400 1181351936.0 9012
1786512050982 1181483008.0 9013
1786512053563 1181614080.0 9014
1786512056146 1181745152.0 9015
1786512058727 1181876224.0 9016
1786512061306 1182007296.0 9017
1786512063885 1182138368.0 9018
1786512066460 1182269440.0 9019
1786512069035 1182400512.0 9020
1786512071610 1182531584.0 9021
1786512074189 1182662656.0 9022
1786512076768 1182793728.0 9023
1786512079348 1182924800.0 9024
1786512081928 1183055872.0 9025
1786512084508 1183186944.0 9026
1786512087088 1183318016.0 9027
1786512089668 1183449088.0 9028
1786512092248 1183580160.0 9029
1786512094826 1183711232.0 9030
1786512097406 1183842304.0 9031
1786512099984 1183973376.0 9032
1786512102562 1184104448.0 9033
1786512105140 1184235520.0 9034
1786512107720 1184366592.0 9035
1786512110299 1184497664.0 9036
1786512112878 1184628736.0 9037
1786512115464 1184759808.0 9038
1786512118048 1184890880.0 9039
1786512120630 1185021952.0 9040
1786512123211 1185153024.0 9041
1786512125792 1185284096.0 9042
1786512128374 1185415168.0 9043
1786512130955 1185546240.0 9044
1786512133535 1185677312.0 9045
1786512136111 1185808384.0 9046
1786512138687 1185939456.0 9047
1786512141263 1186070528.0 9048
1786512143840 1186201600.0 9049
1786512146420 1186332672.0 9050
1786512149003 1186463744.0 9051
1786512151584 1186594816.0 9052
1786512154166 1186725888.0 9053
1786512156748 1186856960.0 9054
1786512159330 1186988032.0 9055
1786512161911 1187119104.0 9056
1786512164494 1187250176.0 9057
1786512167075 1187381248.0 9058
1786512169658 1187512320.0 9059
1786512172240 1187643392.0 9060
1786512174827 1187774464.0 9061
1786512177408 1187905536.0 9062
1786512179989 1188036608.0 9063
1786512182571 1188167680.0 9064
1786512185154 1188298752.0 9065
1786512187737 1188429824.0 9066
1786512190320 1188560896.0 9067
1786512192899 1188691968.0 9068
1786512195479 1188823040.0 9069
1786512198059 1188954112.0 9070
1786512200641 1189085184.0 9071
1786512203220 1189216256.0 9072
1786512205803 1189347328.0 9073
1786512208384 1189478400.0 9074
1786512210965 1189609472.0 9075
1786512213546 1189740544.0 9076
1786512216126 1189871616.0 9077
1786512218708 1190002688.0 9078
1786512221288 1190133760.0 9079
1786512223867 1190264832.0 9080
1786512226446 1190395904.0 9081
1786512229026 1190526976.0 9082
1786512231609 1190658048.0 9083
1786512234190 1190789120.0 9084
1786512236770 1190920192.0 9085
1786512239346 1191051264.0 9086
1786512241921 1191182336.0 9087
1786512244498 1191313408.0 9088
1786512247076 1191444480.0 9089
1786512249652 1191575552.0 9090
1786512252229 1191706624.0 9091
1786512254808 1191837696.0 9092
1786512257387 1191968768.0 9093
1786512259972 1192099840.0 9094
1786512262555 1192230912.0 9095
1786512265136 1192361984.0 9096
1786512267719 1192493056.0 9097
1786512270307 1192624128.0 9098
1786512272887 1192755200.0 9099
1786512275470 1192886272.0 9100
1786512278057 1193017344.0 9101
1786512280642 1193148416.0 9102
1786512283223 1193279488.0 9103
1786512285804 1193410560.0 9104
1786512288384 1193541632.0 9105
1786512290967 1193672704.0 9106
1786512293547 1193803776.0 9107
1786512296128 1193934848.0 9108
1786512298710 1194065920.0 9109
1786512301294 1194196992.0 9110
1786512303876 1194328064.0 9111
1786512306457 1194459136.0 9112
1786512309039 1194590208.0 9113
1786512311622 1194721280.0 9114
1786512314203 1194852352.0 9115
1786512316779 1194983424.0 9116
1786512319355 1195114496.0 9117
1786512321930 1195245568.0 9118
1786512324507 1195376640.0 9119
1786512327082 1195507712.0 9120
1786512329658 1195638784.0 9121
1786512332234 1195769856.0 9122
1786512334811 1195900928.0 9123
1786512337387 1196032000.0 9124
1786512339963 1196163072.0 9125
1786512342539 1196294144.0 9126
1786512345115 1196425216.0 9127
1786512347690 1196556288.0 9128
1786512350266 1196687360.0 9129
1786512352841 1196818432.0 9130
1786512355416 1196949504.0 9131
1786512357992 1197080576.0 9132
1786512360568 1197211648.0 9133
1786512363144 1197342720.0 9134
1786512365719 1197473792.0 9135
1786512368293 1197604864.0 9136
1786512370867 1197735936.0 9137
1786512373441 1197867008.0 9138
1786512376018 1197998080.0 9139
1786512378593 1198129152.0 9140
1786512381169 1198260224.0 9141
1786512383744 1198391296.0 9142
1786512386320 1198522368.0 9143
1786512388895 1198653440.0 9144
1786512391471 1198784512.0 9145
1786512394046 1198915584.0 9146
1786512396621 1199046656.0 9147
1786512399196 1199177728.0 9148
1786512401771 1199308800.0 9149
1786512404347 1199439872.0 9150
1786512406924 1199570944.0 9151
1786512409504 1199702016.0 9152
1786512412083 1199833088.0 9153
1786512414664 1199964160.0 9154
1786512417243 1200095232.0 9155
1786512419822 1200226304.0 9156
1786512422401 1200357376.0 9157
1786512424979 1200488448.0 9158
1786512427558 1200619520.0 9159
1786512430137 1200750592.0 9160
1786512432716 1200881664.0 9161
1786512435295 1201012736.0 9162
1786512437875 1201143808.0 9163
1786512440456 1201274880.0 9164
1786512443038 1201405952.0 9165
1786512445618 1201537024.0 9166
1786512448199 1201668096.0 9167
1786512450780 1201799168.0 9168
1786512453362 1201930240.0 9169
1786512455944 1202061312.0 9170
1786512458527 1202192384.0 9171
1786512461109 1202323456.0 9172
1786512463690 1202454528.0 9173
1786512466269 1202585600.0 9174
1786512468847 1202716672.0 9175
1786512471426 1202847744.0 9176
1786512474009 1202978816.0 9177
1786512476598 1203109888.0 9178
1786512479179 1203240960.0 9179
1786512481759 1203372032.0 9180
1786512484338 1203503104.0 9181
1786512486919 1203634176.0 9182
1786512489500 1203765248.0 9183
1786512492081 1203896320.0 9184
1786512494663 1204027392.0 9185
1786512497244 1204158464.0 9186
1786512499824 1204289536.0 9187
1786512502405 1204420608.0 9188
1786512504988 1204551680.0 9189
1786512507570 1204682752.0 9190
1786512510149 1204813824.0 9191
1786512512731 1204944896.0 9192
1786512515312 1205075968.0 9193
1786512517894 1205207040.0 9194
1786512520475 1205338112.0 9195
1786512523055 1205469184.0 9196
1786512525636 1205600256.0 9197
1786512528217 1205731328.0 9198
1786512530797 1205862400.0 9199
1786512533381 1205993472.0 9200
1786512535965 1206124544.0 9201
1786512538546 1206255616.0 9202
1786512541129 1206386688.0 9203
1786512543713 1206517760.0 9204
1786512546296 1206648832.0 9205
1786512548877 1206779904.0 9206
1786512551458 1206910976.0 9207
1786512554039 1207042048.0 9208
1786512556620 1207173120.0 9209
1786512559201 1207304192.0 9210
1786512561782 1207435264.0 9211
1786512564362 1207566336.0 9212
1786512566943 1207697408.0 9213
1786512569524 1207828480.0 9214
1786512572104 1207959552.0 9215
1786512574686 1208090624.0 9216
1786512577267 1208221696.0 9217
1786512579847 1208352768.0 9218
1786512582427 1208483840.0 9219
1786512585009 1208614912.0 9220
1786512587591 1208745984.0 9221
1786512590172 1208877056.0 9222
1786512592754 1209008128.0 9223
1786512595333 1209139200.0 9224
1786512597913 1209270272.0 9225
1786512600493 1209401344.0 9226
1786512603074 1209532416.0 9227
1786512605668 1209663488.0 9228
1786512608248 1209794560.0 9229
1786512610828 1209925632.0 9230
1786512613409 1210056704.0 9231
1786512615985 1210187776.0 9232
1786512618562 1210318848.0 9233
1786512621138 1210449920.0 9234
1786512623714 1210580992.0 9235
1786512626289 1210712064.0 9236
1786512628865 1210843136.0 9237
1786512631441 1210974208.0 9238
1786512634016 1211105280.0 9239
1786512636592 1211236352.0 9240
1786512639169 1211367424.0 9241
1786512641745 1211498496.0 9242
1786512644320 1211629568.0 9243
1786512646902 1211760640.0 9244
1786512649484 1211891712.0 9245
1786512652065 1212022784.0 9246
1786512654651 1212153856.0 9247
1786512657236 1212284928.0 9248
1786512659816 1212416000.0 9249
1786512662396 1212547072.0 9250
1786512664977 1212678144.0 9251
1786512667557 1212809216.0 9252
1786512670138 1212940288.0 9253
1786512672721 1213071360.0 9254
1786512675303 1213202432.0 9255
1786512677883 1213333504.0 9256
1786512680464 1213464576.0 9257
1786512683046 1213595648.0 9258
1786512685627 1213726720.0 9259
1786512688207 1213857792.0 9260
1786512690796 1213988864.0 9261
1786512693377 1214119936.0 9262
1786512695958 1214251008.0 9263
1786512698542 1214382080.0 9264
1786512701126 1214513152.0 9265
1786512703712 1214644224.0 9266
1786512706293 1214775296.0 9267
1786512708874 1214906368.0 9268
1786512711455 1215037440.0 9269
1786512714035 1215168512.0 9270
1786512716616 1215299584.0 9271
1786512719196 1215430656.0 9272
1786512721776 1215561728.0 9273
1786512724356 1215692800.0 9274
1786512726937 1215823872.0 9275
1786512729518 1215954944.0 9276
1786512732098 1216086016.0 9277
1786512734678 1216217088.0 9278
1786512737263 1216348160.0 9279
1786512739844 1216479232.0 9280
1786512742425 1216610304.0 9281
1786512745005 1216741376.0 9282
1786512747584 1216872448.0 9283
1786512750165 1217003520.0 9284
1786512752744 1217134592.0 9285
1786512755323 1217265664.0 9286
1786512757904 1217396736.0 9287
1786512760483 1217527808.0 9288
1786512763062 1217658880.0 9289
1786512765641 1217789952.0 9290
1786512768220 1217921024.0 9291
1786512770803 1218052096.0 9292
1786512773381 1218183168.0 9293
1786512775963 1218314240.0 9294
1786512778543 1218445312.0 9295
1786512781124 1218576384.0 9296
1786512783706 1218707456.0 9297
1786512786287 1218838528.0 9298
1786512788868 1218969600.0 9299
1786512791451 1219100672.0 9300
1786512794033 1219231744.0 9301
1786512796615 1219362816.0 9302
1786512799196 1219493888.0 9303
1786512801779 1219624960.0 9304
1786512804361 1219756032.0 9305
1786512806942 1219887104.0 9306
1786512809524 1220018176.0 9307
1786512812106 1220149248.0 9308
1786512814687 1220280320.0 9309
1786512817271 1220411392.0 9310
1786512819852 1220542464.0 9311
1786512822432 1220673536.0 9312
1786512825013 1220804608.0 9313
1786512827593 1220935680.0 9314
1786512830174 1221066752.0 9315
1786512832754 1221197824.0 9316
1786512835335 1221328896.0 9317
1786512837917 1221459968.0 9318
1786512840498 1221591040.0 9319
1786512843079 1221722112.0 9320
1786512845660 1221853184.0 9321
1786512848242 1221984256.0 9322
1786512850822 1222115328.0 9323
1786512853408 1222246400.0 9324
1786512855988 1222377472.0 9325
1786512858568 1222508544.0 9326
1786512861148 1222639616.0 9327
1786512863728 1222770688.0 9328
1786512866308 1222901760.0 9329
1786512868888 1223032832.0 9330
1786512871469 1223163904.0 9331
1786512874049 1223294976.0 9332
1786512876631 1223426048.0 9333
1786512879209 1223557120.0 9334
1786512881788 1223688192.0 9335
1786512884367 1223819264.0 9336
1786512886946 1223950336.0 9337
1786512889524 1224081408.0 9338
1786512892105 1224212480.0 9339
1786512894685 1224343552.0 9340
1786512897261 1224474624.0 9341
1786512899835 1224605696.0 9342
1786512902413 1224736768.0 9343
1786512904989 1224867840.0 9344
1786512907565 1224998912.0 9345
1786512910139 1225129984.0 9346
1786512912714 1225261056.0 9347
1786512915290 1225392128.0 9348
1786512917864 1225523200.0 9349
1786512920439 1225654272.0 9350
1786512923013 1225785344.0 9351
1786512925589 1225916416.0 9352
1786512928163 1226047488.0 9353
1786512930738 1226178560.0 9354
1786512933317 1226309632.0 9355
1786512935891 1226440704.0 9356
1786512938466 1226571776.0 9357
1786512941041 1226702848.0 9358
1786512943615 1226833920.0 9359
1786512946191 1226964992.0 9360
1786512948765 1227096064.0 9361
1786512951341 1227227136.0 9362
1786512953917 1227358208.0 9363
1786512956492 1227489280.0 9364
1786512959067 1227620352.0 9365
1786512961641 1227751424.0 9366
1786512964216 1227882496.0 9367
1786512966794 1228013568.0 9368
1786512969370 1228144640.0 9369
1786512971947 1228275712.0 9370
1786512974528 1228406784.0 9371
1786512977109 1228537856.0 9372
1786512979689 1228668928.0 9373
1786512982270 1228800000.0 9374
1786512984852 1228931072.0 9375
1786512987434 1229062144.0 9376
1786512990017 1229193216.0 9377
1786512992598 1229324288.0 9378
1786512995179 1229455360.0 9379
1786512997761 1229586432.0 9380
1786513000348 1229717504.0 9381
1786513002930 1229848576.0 9382
1786513005512 1229979648.0 9383
1786513008096 1230110720.0 9384
1786513010678 1230241792.0 9385
1786513013261 1230372864.0 9386
1786513015842 1230503936.0 9387
1786513018425 1230635008.0 9388
1786513021008 1230766080.0 9389
1786513023589 1230897152.0 9390
1786513026173 1231028224.0 9391
1786513028754 1231159296.0 9392
1786513031336 1231290368.0 9393
1786513033918 1231421440.0 9394
1786513036500 1231552512.0 9395
1786513039083 1231683584.0 9396
1786513041664 1231814656.0 9397
1786513044246 1231945728.0 9398
1786513046828 1232076800.0 9399
1786513049413 1232207872.0 9400
1786513051995 1232338944.0 9401
1786513054576 1232470016.0 9402
1786513057166 1232601088.0 9403
1786513059755 1232732160.0 9404
1786513062344 1232863232.0 9405
1786513064939 1232994304.0 9406
1786513067523 1233125376.0 9407
1786513070112 1233256448.0 9408
1786513072701 1233387520.0 9409
1786513075287 1233518592.0 9410
1786513077875 1233649664.0 9411
1786513080463 1233780736.0 9412
1786513083051 1233911808.0 9413
1786513085639 1234042880.0 9414
1786513088224 1234173952.0 9415
1786513090806 1234305024.0 9416
1786513093387 1234436096.0 9417
1786513095967 1234567168.0 9418
1786513098554 1234698240.0 9419
1786513101137 1234829312.0 9420
1786513103718 1234960384.0 9421
1786513106299 1235091456.0 9422
1786513108877 1235222528.0 9423
1786513111457 1235353600.0 9424
1786513114035 1235484672.0 9425
1786513116616 1235615744.0 9426
1786513119198 1235746816.0 9427
1786513121779 1235877888.0 9428
1786513124359 1236008960.0 9429
1786513126939 1236140032.0 9430
1786513129521 1236271104.0 9431
1786513132103 1236402176.0 9432
1786513134692 1236533248.0 9433
1786513137276 1236664320.0 9434
1786513139859 1236795392.0 9435
1786513142441 1236926464.0 9436
1786513145023 1237057536.0 9437
1786513147605 1237188608.0 9438
1786513150187 1237319680.0 9439
1786513152772 1237450752.0 9440
1786513155356 1237581824.0 9441
1786513157940 1237712896.0 9442
1786513160521 1237843968.0 9443
1786513163109 1237975040.0 9444
1786513165691 1238106112.0 9445
1786513168271 1238237184.0 9446
1786513170854 1238368256.0 9447
1786513173434 1238499328.0 9448
1786513176015 1238630400.0 9449
1786513178596 1238761472.0 9450
1786513181178 1238892544.0 9451
1786513183758 1239023616.0 9452
1786513186337 1239154688.0 9453
1786513188923 1239285760.0 9454
1786513191506 1239416832.0 9455
1786513194088 1239547904.0 9456
1786513196679 1239678976.0 9457
1786513199259 1239810048.0 9458
1786513201844 1239941120.0 9459
1786513204429 1240072192.0 9460
1786513207014 1240203264.0 9461
1786513209599 1240334336.0 9462
1786513212184 1240465408.0 9463
1786513214769 1240596480.0 9464
1786513217355 1240727552.0 9465
1786513219940 1240858624.0 9466
1786513222528 1240989696.0 9467
1786513225113 1241120768.0 9468
1786513227698 1241251840.0 9469
1786513230286 1241382912.0 9470
1786513232871 1241513984.0 9471
1786513235457 1241645056.0 9472
1786513238043 1241776128.0 9473
1786513240629 1241907200.0 9474
1786513243214 1242038272.0 9475
1786513245800 1242169344.0 9476
1786513248385 1242300416.0 9477
1786513250970 1242431488.0 9478
1786513253561 1242562560.0 9479
1786513256149 1242693632.0 9480
1786513258733 1242824704.0 9481
1786513261321 1242955776.0 9482
1786513263902 1243086848.0 9483
1786513266479 1243217920.0 9484
1786513269056 1243348992.0 9485
1786513271632 1243480064.0 9486
1786513274208 1243611136.0 9487
1786513276785 1243742208.0 9488
1786513279364 1243873280.0 9489
1786513281946 1244004352.0 9490
1786513284527 1244135424.0 9491
1786513287108 1244266496.0 9492
1786513289689 1244397568.0 9493
1786513292272 1244528640.0 9494
1786513294856 1244659712.0 9495
1786513297438 1244790784.0 9496
1786513300020 1244921856.0 9497
1786513302602 1245052928.0 9498
1786513305184 1245184000.0 9499
1786513308831 1245315072.0 9500
1786513311413 1245446144.0 9501
1786513313994 1245577216.0 9502
1786513316579 1245708288.0 9503
1786513319162 1245839360.0 9504
1786513321740 1245970432.0 9505
1786513324324 1246101504.0 9506
1786513326906 1246232576.0 9507
1786513329490 1246363648.0 9508
1786513332072 1246494720.0 9509
1786513334656 1246625792.0 9510
1786513337243 1246756864.0 9511
1786513339826 1246887936.0 9512
1786513342414 1247019008.0 9513
1786513344996 1247150080.0 9514
1786513347577 1247281152.0 9515
1786513350158 1247412224.0 9516
1786513352739 1247543296.0 9517
1786513355326 1247674368.0 9518
1786513357908 1247805440.0 9519
1786513360493 1247936512.0 9520
1786513363074 1248067584.0 9521
1786513365662 1248198656.0 9522
1786513368243 1248329728.0 9523
1786513370824 1248460800.0 9524
1786513373405 1248591872.0 9525
1786513375985 1248722944.0 9526
1786513378565 1248854016.0 9527
1786513381146 1248985088.0 9528
1786513383725 1249116160.0 9529
1786513386308 1249247232.0 9530
1786513388890 1249378304.0 9531
1786513391475 1249509376.0 9532
1786513394063 1249640448.0 9533
1786513396648 1249771520.0 9534
1786513399230 1249902592.0 9535
1786513401812 1250033664.0 9536
1786513404393 1250164736.0 9537
1786513406974 1250295808.0 9538
1786513409558 1250426880.0 9539
1786513412144 1250557952.0 9540
1786513414727 1250689024.0 9541
1786513417310 1250820096.0 9542
1786513419892 1250951168.0 9543
1786513422473 1251082240.0 9544
1786513425056 1251213312.0 9545
1786513427638 1251344384.0 9546
1786513430219 1251475456.0 9547
1786513432801 1251606528.0 9548
1786513435383 1251737600.0 9549
1786513437963 1251868672.0 9550
1786513440544 1251999744.0 9551
1786513443131 1252130816.0 9552
1786513445719 1252261888.0 9553
1786513448302 1252392960.0 9554
1786513450883 1252524032.0 9555
1786513453463 1252655104.0 9556
1786513456053 1252786176.0 9557
1786513458636 1252917248.0 9558
1786513461217 1253048320.0 9559
1786513463792 1253179392.0 9560
1786513466368 1253310464.0 9561
1786513468944 1253441536.0 9562
1786513471519 1253572608.0 9563
1786513474095 1253703680.0 9564
1786513476671 1253834752.0 9565
1786513479253 1253965824.0 9566
1786513481839 1254096896.0 9567
1786513484433 1254227968.0 9568
1786513487023 1254359040.0 9569
1786513489607 1254490112.0 9570
1786513492191 1254621184.0 9571
1786513494768 1254752256.0 9572
1786513497350 1254883328.0 9573
1786513499928 1255014400.0 9574
1786513502504 1255145472.0 9575
1786513505096 1255276544.0 9576
1786513507679 1255407616.0 9577
1786513510262 1255538688.0 9578
1786513512844 1255669760.0 9579
1786513515424 1255800832.0 9580
1786513518006 1255931904.0 9581
1786513520588 1256062976.0 9582
1786513523170 1256194048.0 9583
1786513525752 1256325120.0 9584
1786513528337 1256456192.0 9585
1786513530919 1256587264.0 9586
1786513533501 1256718336.0 9587
1786513536083 1256849408.0 9588
1786513538667 1256980480.0 9589
1786513541249 1257111552.0 9590
1786513543830 1257242624.0 9591
1786513546412 1257373696.0 9592
1786513548993 1257504768.0 9593
1786513551577 1257635840.0 9594
1786513554167 1257766912.0 9595
1786513556748 1257897984.0 9596
1786513559327 1258029056.0 9597
1786513561906 1258160128.0 9598
1786513564485 1258291200.0 9599
1786513567065 1258422272.0 9600
1786513569645 1258553344.0 9601
1786513572224 1258684416.0 9602
1786513574803 1258815488.0 9603
1786513577382 1258946560.0 9604
1786513579961 1259077632.0 9605
1786513582541 1259208704.0 9606
1786513585120 1259339776.0 9607
1786513587699 1259470848.0 9608
1786513590279 1259601920.0 9609
1786513592858 1259732992.0 9610
1786513595438 1259864064.0 9611
1786513598018 1259995136.0 9612
1786513600598 1260126208.0 9613
1786513603177 1260257280.0 9614
1786513605757 1260388352.0 9615
1786513608336 1260519424.0 9616
1786513610917 1260650496.0 9617
1786513613497 1260781568.0 9618
1786513616077 1260912640.0 9619
1786513618659 1261043712.0 9620
1786513621240 1261174784.0 9621
1786513623820 1261305856.0 9622
1786513626400 1261436928.0 9623
1786513628980 1261568000.0 9624
1786513631559 1261699072.0 9625
1786513634139 1261830144.0 9626
1786513636718 1261961216.0 9627
1786513639298 1262092288.0 9628
1786513641878 1262223360.0 9629
1786513644457 1262354432.0 9630
1786513647038 1262485504.0 9631
1786513649618 1262616576.0 9632
1786513652198 1262747648.0 9633
1786513654777 1262878720.0 9634
1786513657357 1263009792.0 9635
1786513659938 1263140864.0 9636
1786513662517 1263271936.0 9637
1786513665095 1263403008.0 9638
1786513667670 1263534080.0 9639
1786513670245 1263665152.0 9640
1786513672820 1263796224.0 9641
1786513675395 1263927296.0 9642
1786513677970 1264058368.0 9643
1786513680547 1264189440.0 9644
1786513683123 1264320512.0 9645
1786513685699 1264451584.0 9646
1786513688274 1264582656.0 9647
1786513690849 1264713728.0 9648
1786513693424 1264844800.0 9649
1786513696000 1264975872.0 9650
1786513698575 1265106944.0 9651
1786513701150 1265238016.0 9652
1786513703725 1265369088.0 9653
1786513706301 1265500160.0 9654
1786513708876 1265631232.0 9655
1786513711451 1265762304.0 9656
1786513714026 1265893376.0 9657
1786513716602 1266024448.0 9658
1786513719180 1266155520.0 9659
1786513721756 1266286592.0 9660
1786513724331 1266417664.0 9661
1786513726907 1266548736.0 9662
1786513729482 1266679808.0 9663
1786513732059 1266810880.0 9664
1786513734635 1266941952.0 9665
1786513737211 1267073024.0 9666
1786513739786 1267204096.0 9667
1786513742362 1267335168.0 9668
1786513744937 1267466240.0 9669
1786513747513 1267597312.0 9670
1786513750089 1267728384.0 9671
1786513752664 1267859456.0 9672
1786513755239 1267990528.0 9673
1786513757815 1268121600.0 9674
1786513760390 1268252672.0 9675
1786513762966 1268383744.0 9676
1786513765542 1268514816.0 9677
1786513768118 1268645888.0 9678
1786513770694 1268776960.0 9679
1786513773270 1268908032.0 9680
1786513775845 1269039104.0 9681
1786513778421 1269170176.0 9682
1786513780996 1269301248.0 9683
1786513783573 1269432320.0 9684
1786513786149 1269563392.0 9685
1786513788724 1269694464.0 9686
1786513791300 1269825536.0 9687
1786513793877 1269956608.0 9688
1786513796453 1270087680.0 9689
1786513799028 1270218752.0 9690
1786513801603 1270349824.0 9691
1786513804179 1270480896.0 9692
1786513806755 1270611968.0 9693
1786513809330 1270743040.0 9694
1786513811905 1270874112.0 9695
1786513814481 1271005184.0 9696
1786513817058 1271136256.0 9697
1786513819633 1271267328.0 9698
1786513822208 1271398400.0 9699
1786513824783 1271529472.0 9700
1786513827359 1271660544.0 9701
1786513829934 1271791616.0 9702
1786513832509 1271922688.0 9703
1786513835084 1272053760.0 9704
1786513837660 1272184832.0 9705
1786513840236 1272315904.0 9706
1786513842812 1272446976.0 9707
1786513845389 1272578048.0 9708
1786513847966 1272709120.0 9709
1786513850542 1272840192.0 9710
1786513853118 1272971264.0 9711
1786513855694 1273102336.0 9712
1786513858270 1273233408.0 9713
1786513860845 1273364480.0 9714
1786513863420 1273495552.0 9715
1786513865996 1273626624.0 9716
1786513868571 1273757696.0 9717
1786513871146 1273888768.0 9718
1786513873721 1274019840.0 9719
1786513876298 1274150912.0 9720
1786513878873 1274281984.0 9721
1786513881450 1274413056.0 9722
1786513884025 1274544128.0 9723
1786513886600 1274675200.0 9724
1786513889175 1274806272.0 9725
1786513891750 1274937344.0 9726
1786513894326 1275068416.0 9727
1786513896901 1275199488.0 9728
1786513899477 1275330560.0 9729
1786513902052 1275461632.0 9730
1786513904627 1275592704.0 9731
1786513907202 1275723776.0 9732
1786513909778 1275854848.0 9733
1786513912354 1275985920.0 9734
1786513914931 1276116992.0 9735
1786513917508 1276248064.0 9736
1786513920083 1276379136.0 9737
1786513922659 1276510208.0 9738
1786513925235 1276641280.0 9739
1786513927811 1276772352.0 9740
1786513930387 1276903424.0 9741
1786513932962 1277034496.0 9742
1786513935537 1277165568.0 9743
1786513938112 1277296640.0 9744
1786513940687 1277427712.0 9745
1786513943262 1277558784.0 9746
1786513945837 1277689856.0 9747
1786513948416 1277820928.0 9748
1786513950997 1277952000.0 9749
1786513953578 1278083072.0 9750
1786513956159 1278214144.0 9751
1786513958740 1278345216.0 9752
1786513961320 1278476288.0 9753
1786513963900 1278607360.0 9754
1786513966482 1278738432.0 9755
1786513969064 1278869504.0 9756
1786513971648 1279000576.0 9757
1786513974230 1279131648.0 9758
1786513976812 1279262720.0 9759
1786513979397 1279393792.0 9760
1786513981977 1279524864.0 9761
1786513984560 1279655936.0 9762
1786513987142 1279787008.0 9763
1786513989727 1279918080.0 9764
1786513992310 1280049152.0 9765
1786513994896 1280180224.0 9766
1786513997477 1280311296.0 9767
1786514000058 1280442368.0 9768
1786514002638 1280573440.0 9769
1786514005218 1280704512.0 9770
1786514007798 1280835584.0 9771
1786514010378 1280966656.0 9772
1786514012956 1281097728.0 9773
1786514015532 1281228800.0 9774
1786514018107 1281359872.0 9775
1786514020683 1281490944.0 9776
1786514023259 1281622016.0 9777
1786514025834 1281753088.0 9778
1786514028410 1281884160.0 9779
1786514030986 1282015232.0 9780
1786514033562 1282146304.0 9781
1786514036139 1282277376.0 9782
1786514038720 1282408448.0 9783
1786514041302 1282539520.0 9784
1786514043882 1282670592.0 9785
1786514046464 1282801664.0 9786
1786514049044 1282932736.0 9787
1786514051626 1283063808.0 9788
1786514054208 1283194880.0 9789
1786514056795 1283325952.0 9790
1786514059377 1283457024.0 9791
1786514061957 1283588096.0 9792
1786514064536 1283719168.0 9793
1786514067112 1283850240.0 9794
1786514069688 1283981312.0 9795
1786514072266 1284112384.0 9796
1786514074846 1284243456.0 9797
1786514077428 1284374528.0 9798
1786514080008 1284505600.0 9799
1786514082590 1284636672.0 9800
1786514085173 1284767744.0 9801
1786514087751 1284898816.0 9802
1786514090328 1285029888.0 9803
1786514092903 1285160960.0 9804
1786514095485 1285292032.0 9805
1786514098068 1285423104.0 9806
1786514100649 1285554176.0 9807
1786514103231 1285685248.0 9808
1786514105812 1285816320.0 9809
1786514108393 1285947392.0 9810
1786514110975 1286078464.0 9811
1786514113557 1286209536.0 9812
1786514116138 1286340608.0 9813
1786514118718 1286471680.0 9814
1786514121300 1286602752.0 9815
1786514123881 1286733824.0 9816
1786514126461 1286864896.0 9817
1786514129040 1286995968.0 9818
1786514131621 1287127040.0 9819
1786514134202 1287258112.0 9820
1786514136779 1287389184.0 9821
1786514139356 1287520256.0 9822
1786514141932 1287651328.0 9823
1786514144510 1287782400.0 9824
1786514147085 1287913472.0 9825
1786514149661 1288044544.0 9826
1786514152238 1288175616.0 9827
1786514154813 1288306688.0 9828
1786514157389 1288437760.0 9829
1786514159965 1288568832.0 9830
1786514162541 1288699904.0 9831
1786514165116 1288830976.0 9832
1786514167692 1288962048.0 9833
1786514170267 1289093120.0 9834
1786514172843 1289224192.0 9835
1786514175420 1289355264.0 9836
1786514177996 1289486336.0 9837
1786514180571 1289617408.0 9838
1786514183147 1289748480.0 9839
1786514185722 1289879552.0 9840
1786514188298 1290010624.0 9841
1786514190873 1290141696.0 9842
1786514193448 1290272768.0 9843
1786514196024 1290403840.0 9844
1786514198601 1290534912.0 9845
1786514201176 1290665984.0 9846
1786514203752 1290797056.0 9847
1786514206328 1290928128.0 9848
1786514208905 1291059200.0 9849
1786514211481 1291190272.0 9850
1786514214059 1291321344.0 9851
1786514216635 1291452416.0 9852
1786514219211 1291583488.0 9853
1786514221786 1291714560.0 9854
1786514224362 1291845632.0 9855
1786514226937 1291976704.0 9856
1786514229512 1292107776.0 9857
1786514232088 1292238848.0 9858
1786514234664 1292369920.0 9859
1786514237240 1292500992.0 9860
1786514239816 1292632064.0 9861
1786514242393 1292763136.0 9862
1786514244968 1292894208.0 9863
1786514247544 1293025280.0 9864
1786514250119 1293156352.0 9865
1786514252694 1293287424.0 9866
1786514255270 1293418496.0 9867
1786514257845 1293549568.0 9868
1786514260421 1293680640.0 9869
1786514262997 1293811712.0 9870
1786514265577 1293942784.0 9871
1786514268158 1294073856.0 9872
1786514270738 1294204928.0 9873
1786514273323 1294336000.0 9874
1786514275905 1294467072.0 9875
1786514278493 1294598144.0 9876
1786514281079 1294729216.0 9877
1786514283662 1294860288.0 9878
1786514286244 1294991360.0 9879
1786514288828 1295122432.0 9880
1786514291408 1295253504.0 9881
1786514293989 1295384576.0 9882
1786514296570 1295515648.0 9883
1786514299150 1295646720.0 9884
1786514301730 1295777792.0 9885
1786514304309 1295908864.0 9886
1786514306890 1296039936.0 9887
1786514309469 1296171008.0 9888
1786514312049 1296302080.0 9889
1786514314628 1296433152.0 9890
1786514317208 1296564224.0 9891
1786514319789 1296695296.0 9892
1786514322371 1296826368.0 9893
1786514324952 1296957440.0 9894
1786514327532 1297088512.0 9895
1786514330108 1297219584.0 9896
1786514332684 1297350656.0 9897
1786514335260 1297481728.0 9898
1786514337839 1297612800.0 9899
1786514340417 1297743872.0 9900
1786514342993 1297874944.0 9901
1786514345572 1298006016.0 9902
1786514348159 1298137088.0 9903
1786514350740 1298268160.0 9904
1786514353321 1298399232.0 9905
1786514355901 1298530304.0 9906
1786514358622 1298661376.0 9907
1786514361221 1298792448.0 9908
1786514364031 1298923520.0 9909
1786514367114 1299054592.0 9910
1786514369696 1299185664.0 9911
1786514372276 1299316736.0 9912
1786514374856 1299447808.0 9913
1786514377437 1299578880.0 9914
1786514380019 1299709952.0 9915
1786514382599 1299841024.0 9916
1786514385179 1299972096.0 9917
1786514387759 1300103168.0 9918
1786514390342 1300234240.0 9919
1786514392923 1300365312.0 9920
1786514395505 1300496384.0 9921
1786514398085 1300627456.0 9922
1786514400662 1300758528.0 9923
1786514403236 1300889600.0 9924
1786514405827 1301020672.0 9925
1786514408409 1301151744.0 9926
1786514410991 1301282816.0 9927
1786514413571 1301413888.0 9928
1786514416154 1301544960.0 9929
1786514418740 1301676032.0 9930
1786514421327 1301807104.0 9931
1786514423908 1301938176.0 9932
1786514426489 1302069248.0 9933
1786514429066 1302200320.0 9934
1786514431642 1302331392.0 9935
1786514434218 1302462464.0 9936
1786514436794 1302593536.0 9937
1786514439373 1302724608.0 9938
1786514441950 1302855680.0 9939
1786514444526 1302986752.0 9940
1786514447101 1303117824.0 9941
1786514449678 1303248896.0 9942
1786514452257 1303379968.0 9943
1786514454839 1303511040.0 9944
1786514457419 1303642112.0 9945
1786514460013 1303773184.0 9946
1786514462606 1303904256.0 9947
1786514465197 1304035328.0 9948
1786514467789 1304166400.0 9949
1786514470386 1304297472.0 9950
1786514472974 1304428544.0 9951
1786514475555 1304559616.0 9952
1786514478137 1304690688.0 9953
1786514480718 1304821760.0 9954
1786514483299 1304952832.0 9955
1786514485885 1305083904.0 9956
1786514488464 1305214976.0 9957
1786514491042 1305346048.0 9958
1786514493622 1305477120.0 9959
1786514496199 1305608192.0 9960
1786514498775 1305739264.0 9961
1786514501350 1305870336.0 9962
1786514503927 1306001408.0 9963
1786514506503 1306132480.0 9964
1786514509078 1306263552.0 9965
1786514511655 1306394624.0 9966
1786514514232 1306525696.0 9967
1786514516809 1306656768.0 9968
1786514519388 1306787840.0 9969
1786514521965 1306918912.0 9970
1786514524541 1307049984.0 9971
1786514527119 1307181056.0 9972
1786514529699 1307312128.0 9973
1786514532280 1307443200.0 9974
1786514534860 1307574272.0 9975
1786514537441 1307705344.0 9976
1786514540021 1307836416.0 9977
1786514542601 1307967488.0 9978
1786514545182 1308098560.0 9979
1786514547762 1308229632.0 9980
1786514550342 1308360704.0 9981
1786514552921 1308491776.0 9982
1786514555502 1308622848.0 9983
1786514558082 1308753920.0 9984
1786514560660 1308884992.0 9985
1786514563235 1309016064.0 9986
1786514565812 1309147136.0 9987
1786514568387 1309278208.0 9988
1786514570964 1309409280.0 9989
1786514573547 1309540352.0 9990
1786514576128 1309671424.0 9991
1786514578709 1309802496.0 9992
1786514581289 1309933568.0 9993
1786514583870 1310064640.0 9994
1786514586451 1310195712.0 9995
1786514589032 1310326784.0 9996
1786514591616 1310457856.0 9997
1786514594196 1310588928.0 9998
1786514596780 1310720000.0 9999
1786514601400 1310851072.0 10000
1786514603983 1310982144.0 10001
1786514606568 1311113216.0 10002
1786514609150 1311244288.0 10003
1786514611731 1311375360.0 10004
1786514614313 1311506432.0 10005
1786514616894 1311637504.0 10006
1786514619477 1311768576.0 10007
1786514622058 1311899648.0 10008
1786514624639 1312030720.0 10009
1786514627219 1312161792.0 10010
1786514629804 1312292864.0 10011
1786514632386 1312423936.0 10012
1786514634974 1312555008.0 10013
1786514637565 1312686080.0 10014
1786514640146 1312817152.0 10015
1786514642730 1312948224.0 10016
1786514645313 1313079296.0 10017
1786514647896 1313210368.0 10018
1786514650481 1313341440.0 10019
1786514653063 1313472512.0 10020
1786514655657 1313603584.0 10021
1786514658249 1313734656.0 10022
1786514660835 1313865728.0 10023
1786514663419 1313996800.0 10024
1786514666002 1314127872.0 10025
1786514668585 1314258944.0 10026
1786514671167 1314390016.0 10027
1786514673753 1314521088.0 10028
1786514676341 1314652160.0 10029
1786514678924 1314783232.0 10030
1786514681507 1314914304.0 10031
1786514684088 1315045376.0 10032
1786514686672 1315176448.0 10033
1786514689258 1315307520.0 10034
1786514691847 1315438592.0 10035
1786514694437 1315569664.0 10036
1786514697027 1315700736.0 10037
1786514699618 1315831808.0 10038
1786514702201 1315962880.0 10039
1786514704791 1316093952.0 10040
1786514707376 1316225024.0 10041
1786514709961 1316356096.0 10042
1786514712551 1316487168.0 10043
1786514715137 1316618240.0 10044
1786514717728 1316749312.0 10045
1786514720318 1316880384.0 10046
1786514722903 1317011456.0 10047
1786514725486 1317142528.0 10048
1786514728069 1317273600.0 10049
1786514730664 1317404672.0 10050
1786514733251 1317535744.0 10051
1786514735841 1317666816.0 10052
1786514738426 1317797888.0 10053
1786514741008 1317928960.0 10054
1786514743591 1318060032.0 10055
1786514746176 1318191104.0 10056
1786514748762 1318322176.0 10057
1786514751353 1318453248.0 10058
1786514753944 1318584320.0 10059
1786514756535 1318715392.0 10060
1786514759121 1318846464.0 10061
1786514761708 1318977536.0 10062
1786514764299 1319108608.0 10063
1786514766880 1319239680.0 10064
1786514769464 1319370752.0 10065
1786514772045 1319501824.0 10066
1786514774630 1319632896.0 10067
1786514777211 1319763968.0 10068
1786514779797 1319895040.0 10069
1786514782382 1320026112.0 10070
1786514784969 1320157184.0 10071
1786514787553 1320288256.0 10072
1786514790135 1320419328.0 10073
1786514792716 1320550400.0 10074
1786514795298 1320681472.0 10075
1786514797880 1320812544.0 10076
1786514800461 1320943616.0 10077
1786514803044 1321074688.0 10078
1786514805627 1321205760.0 10079
1786514808212 1321336832.0 10080
1786514810797 1321467904.0 10081
1786514813391 1321598976.0 10082
1786514815984 1321730048.0 10083
1786514818566 1321861120.0 10084
1786514821149 1321992192.0 10085
1786514823732 1322123264.0 10086
1786514826319 1322254336.0 10087
1786514828904 1322385408.0 10088
1786514831487 1322516480.0 10089
1786514834070 1322647552.0 10090
1786514836656 1322778624.0 10091
1786514839243 1322909696.0 10092
1786514841829 1323040768.0 10093
1786514844414 1323171840.0 10094
1786514846996 1323302912.0 10095
1786514849575 1323433984.0 10096
1786514852154 1323565056.0 10097
1786514854731 1323696128.0 10098
1786514857307 1323827200.0 10099
1786514859884 1323958272.0 10100
1786514862462 1324089344.0 10101
1786514865045 1324220416.0 10102
1786514867635 1324351488.0 10103
1786514870218 1324482560.0 10104
1786514872807 1324613632.0 10105
1786514875400 1324744704.0 10106
1786514877988 1324875776.0 10107
1786514880571 1325006848.0 10108
1786514883153 1325137920.0 10109
1786514885737 1325268992.0 10110
1786514888325 1325400064.0 10111
1786514890914 1325531136.0 10112
1786514893503 1325662208.0 10113
1786514896088 1325793280.0 10114
