1786493922882 4.244433790445328 2000
1786493925456 4.112373620271683 2001
1786493928031 4.197522431612015 2002
1786493930608 4.236653581261635 2003
1786493933187 4.172903656959534 2004
1786493935766 4.165519446134567 2005
1786493938345 4.188570529222488 2006
1786493940924 4.221790671348572 2007
1786493943528 4.172571927309036 2008
1786493946105 4.208619996905327 2009
1786493948682 4.131147935986519 2010
1786493951259 4.220780402421951 2011
1786493953837 4.1767905205488205 2012
1786493956414 4.217706248164177 2013
1786493958992 4.11923411488533 2014
1786493961570 4.113718181848526 2015
1786493964147 4.223991304636002 2016
1786493966725 4.039575695991516 2017
1786493969304 4.121757999062538 2018
1786493971882 4.1152432560920715 2019
1786493974461 4.214468091726303 2020
1786493977041 4.1675882786512375 2021
1786493979619 4.108409494161606 2022
1786493982199 4.21119949221611 2023
1786493984780 4.1216114312410355 2024
1786493987360 4.180523186922073 2025
1786493989939 4.193712279200554 2026
1786493992519 4.1194072514772415 2027
1786493995099 4.1788889318704605 2028
1786493997679 4.193907901644707 2029
1786494000258 4.170569121837616 2030
1786494002839 4.168378904461861 2031
1786494005422 4.163853019475937 2032
1786494008004 4.09835658967495 2033
1786494010585 4.123081848025322 2034
1786494013167 4.1074346750974655 2035
1786494015749 4.069649964570999 2036
1786494018331 4.137397199869156 2037
1786494020914 4.137312218546867 2038
1786494023495 4.172295525670052 2039
1786494026077 4.1131590604782104 2040
1786494028661 4.103353872895241 2041
1786494031242 4.126421824097633 2042
1786494033824 4.128220573067665 2043
1786494036406 4.088048383593559 2044
1786494038988 4.059637397527695 2045
1786494041571 4.15994057059288 2046
1786494044153 4.090118169784546 2047
1786494046731 4.180063188076019 2048
1786494049309 4.159282013773918 2049
1786494051893 4.16225953400135 2050
1786494054477 4.188323900103569 2051
1786494057065 4.072805643081665 2052
1786494059647 4.1796829998493195 2053
1786494062228 4.156084015965462 2054
1786494064809 4.16535159945488 2055
1786494067392 4.170821383595467 2056
1786494069974 4.096087500452995 2057
1786494072556 4.136740893125534 2058
1786494075140 4.129532292485237 2059
1786494077719 4.019806504249573 2060
1786494080297 4.205702170729637 2061
1786494082874 4.147690802812576 2062
1786494085452 4.104554519057274 2063
1786494088029 4.136318504810333 2064
1786494090608 4.1603676825761795 2065
1786494093185 4.181191131472588 2066
1786494095762 4.163845464587212 2067
1786494098339 4.196588173508644 2068
1786494100917 4.167713448405266 2069
1786494103494 4.050911799073219 2070
1786494106072 4.140844091773033 2071
1786494108650 4.142054662108421 2072
1786494111232 4.138077095150948 2073
1786494113813 4.091755121946335 2074
1786494116395 4.168617025017738 2075
1786494118977 4.054499730467796 2076
1786494121558 4.1766988933086395 2077
1786494124140 4.110470861196518 2078
1786494126722 4.223110273480415 2079
1786494129305 4.110437169671059 2080
1786494131887 4.105712279677391 2081
1786494134469 4.069397568702698 2082
1786494137051 4.1694731414318085 2083
1786494139633 4.121882930397987 2084
1786494142214 4.110355019569397 2085
1786494144796 4.1270736157894135 2086
1786494147377 4.081258118152618 2087
1786494149958 4.136408641934395 2088
1786494152540 4.018222510814667 2089
1786494155122 4.102775827050209 2090
1786494157705 4.123098313808441 2091
1786494160288 4.1238031685352325 2092
1786494162870 4.178310364484787 2093
1786494165452 4.181945338845253 2094
1786494168035 4.139563158154488 2095
1786494170616 4.162173882126808 2096
1786494173204 4.083811894059181 2097
1786494175781 4.086696475744247 2098
1786494178362 4.127932041883469 2099
1786494180945 4.153989017009735 2100
1786494183528 4.130709588527679 2101
1786494186110 4.07156765460968 2102
1786494188688 4.180205702781677 2103
1786494191267 4.133219450712204 2104
1786494193846 4.085598006844521 2105
1786494196424 4.103820234537125 2106
1786494199002 4.087592005729675 2107
1786494201581 4.104204624891281 2108
1786494204166 4.070604041218758 2109
1786494206752 4.122954785823822 2110
1786494209334 4.16204135119915 2111
1786494211916 3.9777436405420303 2112
1786494214500 4.106700643897057 2113
1786494217082 4.137047290802002 2114
1786494219666 4.089521422982216 2115
1786494222249 4.14930759370327 2116
1786494224831 4.072619453072548 2117
1786494227412 4.132626682519913 2118
1786494229999 4.133543953299522 2119
1786494232586 4.171489998698235 2120
1786494235174 4.04143850505352 2121
1786494237757 4.0441795736551285 2122
1786494240340 4.0620128363370895 2123
1786494242923 4.093207374215126 2124
1786494245505 4.123339936137199 2125
1786494248087 4.101552560925484 2126
1786494250669 4.122247278690338 2127
1786494253251 4.133181944489479 2128
1786494255834 4.008099719882011 2129
1786494258417 4.126011893153191 2130
1786494260999 4.086937069892883 2131
1786494263581 4.183995962142944 2132
1786494266163 4.188378095626831 2133
1786494268746 4.067488521337509 2134
1786494271331 4.084800437092781 2135
1786494273914 4.1047099232673645 2136
1786494276496 4.039471983909607 2137
1786494279078 4.121529117226601 2138
1786494281661 4.081337317824364 2139
1786494284244 4.099468544125557 2140
1786494286826 4.12180483341217 2141
1786494289409 4.0562217235565186 2142
1786494291991 4.052767530083656 2143
1786494294570 4.078239783644676 2144
1786494297154 4.093347012996674 2145
1786494299736 4.136783927679062 2146
1786494302314 4.112034559249878 2147
1786494304894 4.167845204472542 2148
1786494307476 4.026198193430901 2149
1786494310054 4.158567205071449 2150
1786494312631 4.113100245594978 2151
1786494315209 4.043399289250374 2152
1786494317786 3.983149230480194 2153
1786494320365 4.117047682404518 2154
1786494322945 4.126778602600098 2155
1786494325524 4.109898895025253 2156
1786494328102 4.123943522572517 2157
1786494330680 4.102241739630699 2158
1786494333259 4.075497969985008 2159
1786494335839 4.157366916537285 2160
1786494338419 4.067666754126549 2161
1786494340998 4.020802438259125 2162
1786494343575 4.006782487034798 2163
1786494346155 4.015160098671913 2164
1786494348734 4.078923597931862 2165
1786494351312 4.068134903907776 2166
1786494353900 4.028879851102829 2167
1786494356485 3.999445751309395 2168
1786494359068 4.078874513506889 2169
1786494361651 4.047811970114708 2170
1786494364233 4.137245252728462 2171
1786494366816 4.160115942358971 2172
1786494369400 4.063111126422882 2173
1786494371982 4.053394481539726 2174
1786494374564 4.1430642157793045 2175
1786494377147 4.047819167375565 2176
1786494379728 4.04206970334053 2177
1786494382312 4.080286145210266 2178
1786494384895 4.016017019748688 2179
1786494387481 4.098313570022583 2180
1786494390064 4.083991676568985 2181
1786494392649 4.014856934547424 2182
1786494395232 4.146696850657463 2183
1786494397817 4.091909795999527 2184
1786494400401 4.104978248476982 2185
1786494402984 4.124671027064323 2186
1786494405568 4.100447162985802 2187
1786494408150 4.114832431077957 2188
1786494410734 3.933751553297043 2189
1786494413320 4.065146267414093 2190
1786494415905 4.118561998009682 2191
1786494418488 4.066299080848694 2192
1786494421071 4.116799503564835 2193
1786494423652 4.04345865547657 2194
1786494426234 4.066348806023598 2195
1786494428816 4.076930910348892 2196
1786494431398 4.0339789390563965 2197
1786494433980 3.9897243976593018 2198
1786494436562 4.058972731232643 2199
1786494439141 4.103929370641708 2200
1786494441718 3.9936777502298355 2201
1786494444294 4.07561768591404 2202
1786494446871 3.9971496611833572 2203
1786494449448 4.146271541714668 2204
1786494452025 4.084986463189125 2205
1786494454602 4.024467349052429 2206
1786494457181 4.083922564983368 2207
1786494459758 4.067220956087112 2208
1786494462335 4.066037729382515 2209
1786494464912 4.037687838077545 2210
1786494467491 4.075523912906647 2211
1786494470068 4.075685292482376 2212
1786494472646 4.041335999965668 2213
1786494475223 3.9936907589435577 2214
1786494477802 4.023296102881432 2215
1786494480379 4.049748510122299 2216
1786494482956 4.0738812536001205 2217
1786494485533 4.039523735642433 2218
1786494488112 3.971037656068802 2219
1786494490689 4.07220658659935 2220
1786494493266 4.0846521109342575 2221
1786494495842 4.070401564240456 2222
1786494498419 4.055085763335228 2223
1786494500997 4.0102736204862595 2224
1786494503574 4.071811765432358 2225
1786494506151 4.062007397413254 2226
1786494508729 4.093798339366913 2227
1786494511305 4.065346360206604 2228
1786494513882 3.9869575202465057 2229
1786494516458 4.065925225615501 2230
1786494519035 3.99077408015728 2231
1786494521612 3.9264037162065506 2232
1786494524189 3.9738555252552032 2233
1786494526766 4.073679700493813 2234
1786494529344 4.1281578540802 2235
1786494531924 3.997338131070137 2236
1786494534511 4.116332948207855 2237
1786494537093 4.047192871570587 2238
1786494539675 4.015808925032616 2239
1786494542256 4.114761605858803 2240
1786494544838 4.0941715985536575 2241
1786494547422 4.042965784668922 2242
1786494550003 4.069865360856056 2243
1786494552586 3.9852094650268555 2244
1786494555168 4.088204026222229 2245
1786494557750 4.043611168861389 2246
1786494560332 4.074721604585648 2247
1786494562916 4.066357001662254 2248
1786494565504 4.029790416359901 2249
1786494568092 4.006372287869453 2250
1786494570680 3.973373144865036 2251
1786494573264 3.998046323657036 2252
1786494575847 4.053714364767075 2253
1786494578430 4.037082806229591 2254
1786494581013 4.110544800758362 2255
1786494583597 4.051390752196312 2256
1786494586180 4.069589778780937 2257
1786494588761 4.0754246562719345 2258
1786494591349 4.073103129863739 2259
1786494593934 4.062326714396477 2260
1786494596515 4.054022878408432 2261
1786494599098 4.073928475379944 2262
1786494601688 4.137845993041992 2263
1786494604270 4.064225375652313 2264
1786494606861 4.082514077425003 2265
1786494609443 4.098817244172096 2266
1786494612021 4.088012188673019 2267
1786494614598 4.101341173052788 2268
1786494617177 4.130591228604317 2269
1786494619762 4.062983155250549 2270
1786494622341 4.0160951763391495 2271
1786494624926 3.963038131594658 2272
1786494627508 4.090496271848679 2273
1786494630090 4.0969540029764175 2274
1786494632674 4.038880154490471 2275
1786494635259 4.039681494235992 2276
1786494637842 4.098002567887306 2277
1786494640424 4.043060705065727 2278
1786494643008 4.0658536702394485 2279
1786494645591 4.00055755674839 2280
1786494648174 3.9619271606206894 2281
1786494650759 3.995729848742485 2282
1786494653345 3.9764951169490814 2283
1786494655937 4.016303896903992 2284
1786494658525 3.9634815752506256 2285
1786494661107 3.998262718319893 2286
1786494663690 4.032902792096138 2287
1786494666274 3.9163980185985565 2288
1786494668855 3.9716288447380066 2289
1786494671437 4.054173395037651 2290
1786494674019 4.003982946276665 2291
1786494676601 4.081248328089714 2292
1786494679183 4.052170321345329 2293
1786494681764 3.9841613173484802 2294
1786494684346 4.0166325122118 2295
1786494686929 4.013014003634453 2296
1786494689509 3.999190717935562 2297
1786494692087 3.99042572081089 2298
1786494694664 4.122857287526131 2299
1786494697246 4.092426270246506 2300
1786494699828 3.9497060328722 2301
1786494702409 3.9871891885995865 2302
1786494704991 4.037962809205055 2303
1786494707574 4.169559687376022 2304
1786494710162 4.061885207891464 2305
1786494712750 3.9762940108776093 2306
1786494715334 4.020323559641838 2307
1786494717918 4.083763584494591 2308
1786494720502 4.107877343893051 2309
1786494723084 4.0320499539375305 2310
1786494725667 4.056490287184715 2311
1786494728250 4.045279234647751 2312
1786494730833 4.07826466858387 2313
1786494733415 4.008378252387047 2314
1786494735998 4.054183393716812 2315
1786494738580 4.021411493420601 2316
1786494741165 4.007096827030182 2317
1786494743747 4.029877632856369 2318
1786494746327 4.026588574051857 2319
1786494748910 4.025632813572884 2320
1786494751492 4.056898981332779 2321
1786494754073 3.993035450577736 2322
1786494756654 4.054610535502434 2323
1786494759235 4.076454535126686 2324
1786494761821 3.913990706205368 2325
1786494764402 4.004018411040306 2326
1786494766984 4.078985825181007 2327
1786494769568 4.091336905956268 2328
1786494772155 3.9826858043670654 2329
1786494774740 3.9260198324918747 2330
1786494777326 3.9632869362831116 2331
1786494779904 4.070450484752655 2332
1786494782483 4.022438421845436 2333
1786494785061 4.0396837294101715 2334
1786494787639 4.029453128576279 2335
1786494790216 4.033909887075424 2336
1786494792794 4.084981128573418 2337
1786494795373 3.975050464272499 2338
1786494797950 3.9965613037347794 2339
1786494800535 3.9565356224775314 2340
1786494803119 4.036345198750496 2341
1786494805702 4.020035564899445 2342
1786494808284 3.963053047657013 2343
1786494810868 3.9286982715129852 2344
1786494813451 4.019241437315941 2345
1786494816035 4.015646368265152 2346
1786494818619 3.970045641064644 2347
1786494821203 4.069315403699875 2348
1786494823788 4.060329332947731 2349
1786494826371 3.9376277029514313 2350
1786494828953 4.003280878067017 2351
1786494831536 4.02863247692585 2352
1786494834118 4.05487959086895 2353
1786494836703 4.046173572540283 2354
1786494839286 4.038780048489571 2355
1786494841868 4.063816338777542 2356
1786494844451 4.04698583483696 2357
1786494847038 3.9760278910398483 2358
1786494849622 4.002202719449997 2359
1786494852205 4.000822022557259 2360
1786494854787 4.04582117497921 2361
1786494857373 4.0073733031749725 2362
1786494859960 4.08653499186039 2363
1786494862598 4.078321009874344 2364
1786494865181 4.116137191653252 2365
1786494867765 4.101377531886101 2366
1786494870348 4.023351728916168 2367
1786494872930 3.9998946487903595 2368
1786494875513 4.047253251075745 2369
1786494878095 4.065061450004578 2370
1786494880677 3.925586774945259 2371
1786494883258 3.924883648753166 2372
1786494885840 3.94239941239357 2373
1786494888422 4.0541084706783295 2374
1786494891003 4.0284153670072556 2375
1786494893586 3.958285853266716 2376
1786494896169 4.045877903699875 2377
1786494898750 4.091702237725258 2378
1786494901332 3.9213503003120422 2379
1786494903913 4.0395927131175995 2380
1786494906496 3.995488613843918 2381
1786494909077 3.9557516425848007 2382
1786494911659 3.9895402789115906 2383
1786494914240 3.995248720049858 2384
1786494916821 3.9658310264348984 2385
1786494919402 4.08319528400898 2386
1786494921984 4.0739129185676575 2387
1786494924567 3.981000393629074 2388
1786494927151 4.001091182231903 2389
1786494929733 3.9688407331705093 2390
1786494932319 4.032748639583588 2391
1786494934903 3.976632282137871 2392
1786494937486 4.040062487125397 2393
1786494940067 3.9613477885723114 2394
1786494942648 4.0424254685640335 2395
1786494945230 4.0010842233896255 2396
1786494947814 3.9508566707372665 2397
1786494950399 4.09611240029335 2398
1786494952986 3.974932849407196 2399
1786494955568 3.959018498659134 2400
1786494958151 4.043823421001434 2401
1786494960734 4.034830749034882 2402
1786494963316 3.9644183069467545 2403
1786494965899 4.031291738152504 2404
1786494968481 4.039728656411171 2405
1786494971063 4.000507965683937 2406
1786494973645 3.9087862223386765 2407
1786494976226 4.020072922110558 2408
1786494978808 3.9692949652671814 2409
1786494981389 3.9346870481967926 2410
1786494983971 3.997812733054161 2411
1786494986553 4.031936764717102 2412
1786494989135 3.933878093957901 2413
1786494991718 3.9802640974521637 2414
1786494994301 4.055364727973938 2415
1786494996883 4.0804077833890915 2416
1786494999465 3.9313610196113586 2417
1786495002046 4.01161327958107 2418
1786495004628 4.031004264950752 2419
1786495007210 3.9943956285715103 2420
1786495009793 3.9479079097509384 2421
1786495012375 4.001916319131851 2422
1786495014957 3.9873504489660263 2423
1786495017540 4.011990249156952 2424
1786495020121 3.9646363109350204 2425
1786495022702 4.042138949036598 2426
1786495025284 3.989527255296707 2427
1786495027867 4.055999174714088 2428
1786495030449 4.007317081093788 2429
1786495033031 3.986315071582794 2430
1786495035613 3.966997876763344 2431
1786495038194 3.8858785778284073 2432
1786495040776 4.010339617729187 2433
1786495043357 3.970527097582817 2434
1786495045939 3.9984279423952103 2435
1786495048520 3.978673577308655 2436
1786495051102 4.007504776120186 2437
1786495053684 4.010775849223137 2438
1786495056266 3.95110322535038 2439
1786495058848 3.9973390847444534 2440
1786495061431 4.010713711380959 2441
1786495064013 3.9377413392066956 2442
1786495066595 3.935264527797699 2443
1786495069177 3.94019316136837 2444
1786495071761 4.0060903280973434 2445
1786495074343 4.007346525788307 2446
1786495076924 3.93472221493721 2447
1786495079506 4.0922709703445435 2448
1786495082089 3.9185748994350433 2449
1786495084670 3.9894426465034485 2450
1786495087256 3.98941308259964 2451
1786495089839 3.89192995429039 2452
1786495092422 4.038737922906876 2453
1786495095004 4.008678197860718 2454
1786495097587 4.021119296550751 2455
1786495100168 4.034784525632858 2456
1786495102750 3.924194559454918 2457
1786495105333 3.9536366015672684 2458
1786495107916 3.9759327322244644 2459
1786495110498 4.091039329767227 2460
1786495113081 4.007383495569229 2461
1786495115664 3.96118825674057 2462
1786495118247 3.9975770711898804 2463
1786495120829 3.929275318980217 2464
1786495123413 4.076000347733498 2465
1786495125995 3.916097790002823 2466
1786495128577 4.009873941540718 2467
1786495131161 4.082600384950638 2468
1786495133744 3.9129805117845535 2469
1786495136326 3.9803328067064285 2470
1786495138908 4.077303826808929 2471
1786495141491 3.9533595889806747 2472
1786495144073 3.991902321577072 2473
1786495146656 3.9854800403118134 2474
1786495149239 4.035120353102684 2475
1786495151822 3.91962593793869 2476
1786495154405 3.9282060712575912 2477
1786495156989 3.9761271327733994 2478
1786495159571 3.971313029527664 2479
1786495162153 3.948114812374115 2480
1786495164735 3.9505787640810013 2481
1786495167320 3.948241174221039 2482
1786495169904 3.955710843205452 2483
1786495172486 3.9403927624225616 2484
1786495175069 3.9872664362192154 2485
1786495177653 4.029599949717522 2486
1786495180237 3.872809186577797 2487
1786495182819 3.985118269920349 2488
1786495185400 4.016464799642563 2489
1786495187983 3.8898576200008392 2490
1786495190567 4.042070373892784 2491
1786495193148 3.9365962594747543 2492
1786495195735 4.035534992814064 2493
1786495198318 4.012618348002434 2494
1786495200901 3.9341342598199844 2495
1786495203483 3.935779944062233 2496
1786495206066 3.9360952377319336 2497
1786495208649 3.9585804790258408 2498
1786495211233 3.9925352334976196 2499
1786495215206 4.003480687737465 2500
1786495217788 3.992469385266304 2501
1786495220369 3.953486666083336 2502
1786495222952 3.949067562818527 2503
1786495225535 3.931559234857559 2504
1786495228118 4.052194222807884 2505
1786495230700 3.980774909257889 2506
1786495233283 3.914885938167572 2507
1786495235866 3.9742199927568436 2508
1786495238448 4.012524858117104 2509
1786495241030 3.9737855345010757 2510
1786495243612 3.930385649204254 2511
1786495246195 3.9676907658576965 2512
1786495248777 3.9309282898902893 2513
1786495251360 3.9522689133882523 2514
1786495253943 3.9543568938970566 2515
1786495256525 3.961736187338829 2516
1786495259107 3.9403370320796967 2517
1786495261689 3.9555675238370895 2518
1786495264273 3.9278408139944077 2519
1786495266855 4.002787321805954 2520
1786495269438 4.030044794082642 2521
1786495272022 3.952057972550392 2522
1786495274606 3.887783020734787 2523
1786495277189 3.953821837902069 2524
1786495279771 3.835828974843025 2525
1786495282353 4.008756950497627 2526
1786495284943 3.9956256300210953 2527
1786495287533 3.919884890317917 2528
1786495290123 3.8832694590091705 2529
1786495292710 3.9774498492479324 2530
1786495295296 3.863775819540024 2531
1786495297879 3.9881980568170547 2532
1786495300461 3.934935122728348 2533
1786495303046 4.008009731769562 2534
1786495305630 3.9502440690994263 2535
1786495308213 3.9636717587709427 2536
1786495310796 3.9466546326875687 2537
1786495313379 3.8854352682828903 2538
1786495315971 3.9330820441246033 2539
1786495318561 3.970853313803673 2540
1786495321144 4.043183833360672 2541
1786495323728 3.9820758998394012 2542
1786495326313 3.987930878996849 2543
1786495328896 3.9602241814136505 2544
1786495331478 3.9203528314828873 2545
1786495334059 3.990198791027069 2546
1786495336641 3.929420053958893 2547
1786495339225 3.9064159393310547 2548
1786495341807 3.956618309020996 2549
1786495344390 3.9000712782144547 2550
1786495346975 3.9224361181259155 2551
1786495349562 3.925779089331627 2552
1786495352144 3.966757193207741 2553
1786495354726 3.9136074781417847 2554
1786495357310 3.840422436594963 2555
1786495359892 3.932616487145424 2556
1786495362475 3.997541904449463 2557
1786495365060 3.934652030467987 2558
1786495367641 3.9125371277332306 2559
1786495370227 3.907429575920105 2560
1786495372817 3.905326187610626 2561
1786495375399 3.895339474081993 2562
1786495377980 3.930153548717499 2563
1786495380557 3.9743884205818176 2564
1786495383133 3.9718945622444153 2565
1786495385716 3.9925408214330673 2566
1786495388298 3.9382061511278152 2567
1786495390879 3.9913118332624435 2568
1786495393460 4.022380962967873 2569
1786495396040 3.9485053420066833 2570
1786495398621 3.914230614900589 2571
1786495401201 3.879754811525345 2572
1786495403782 3.9426257014274597 2573
1786495406362 3.9587793797254562 2574
1786495408942 3.918574184179306 2575
1786495411527 3.9251255244016647 2576
1786495414108 3.878216400742531 2577
1786495416690 3.882930487394333 2578
1786495419273 3.905036374926567 2579
1786495421853 3.927006259560585 2580
1786495424434 3.9472841322422028 2581
1786495427015 3.974464535713196 2582
1786495429597 3.961055666208267 2583
1786495432182 3.962020769715309 2584
1786495434764 3.898510918021202 2585
1786495437345 3.9428133368492126 2586
1786495439927 3.939903825521469 2587
1786495442510 3.964452102780342 2588
1786495445093 3.9657592177391052 2589
1786495447680 3.982788071036339 2590
1786495450266 3.9527243226766586 2591
1786495452846 3.88926862180233 2592
1786495455428 3.9063825756311417 2593
1786495458010 3.9022362381219864 2594
1786495460593 3.951452761888504 2595
1786495463174 3.986437901854515 2596
1786495465755 3.8967255651950836 2597
1786495468337 3.873247265815735 2598
1786495470919 3.951267197728157 2599
1786495473500 4.053502559661865 2600
1786495476082 3.9601230770349503 2601
1786495478663 3.8950071185827255 2602
1786495481246 3.8978264331817627 2603
1786495483829 3.921178176999092 2604
1786495486411 3.955137223005295 2605
1786495488993 3.973442241549492 2606
1786495491574 3.909105569124222 2607
1786495494156 3.9418921172618866 2608
1786495496737 3.968141108751297 2609
1786495499318 3.9369215071201324 2610
1786495501899 3.899357959628105 2611
1786495504482 3.952903166413307 2612
1786495507076 3.902545005083084 2613
1786495509656 3.935096323490143 2614
1786495512245 3.9742744714021683 2615
1786495514826 3.9638687521219254 2616
1786495517408 3.9059875309467316 2617
1786495519999 3.8257012516260147 2618
1786495522590 3.901049941778183 2619
1786495525181 3.9510569721460342 2620
1786495527758 3.9063920825719833 2621
1786495530334 3.9435573667287827 2622
1786495532910 3.9534185230731964 2623
1786495535487 3.979374185204506 2624
1786495538065 3.939131513237953 2625
1786495540642 3.971540719270706 2626
1786495543220 3.864985153079033 2627
1786495545802 3.9992350935935974 2628
1786495548385 3.905977785587311 2629
1786495550971 3.986508473753929 2630
1786495553554 3.9125086665153503 2631
1786495556141 3.9554928690195084 2632
1786495558728 3.9269102960824966 2633
1786495561315 3.9210964888334274 2634
1786495563904 3.8437592685222626 2635
1786495566488 3.8229814022779465 2636
1786495569068 3.8479865044355392 2637
1786495571648 3.8354737162590027 2638
1786495574229 3.939086303114891 2639
1786495576811 3.922813192009926 2640
1786495579392 3.902722120285034 2641
1786495581978 3.8820508420467377 2642
1786495584560 3.9807081073522568 2643
1786495587142 3.877274811267853 2644
1786495589725 3.9538746923208237 2645
1786495592306 4.031619012355804 2646
1786495594889 3.905275121331215 2647
1786495597472 3.8505165576934814 2648
1786495600055 3.8625762164592743 2649
1786495602638 3.901860296726227 2650
1786495605221 3.945598065853119 2651
1786495607804 3.956101432442665 2652
1786495610388 3.8633604645729065 2653
1786495612971 3.9441215097904205 2654
1786495615557 3.94194495677948 2655
1786495618139 3.9746088683605194 2656
1786495620722 3.969439998269081 2657
1786495623305 3.9204539507627487 2658
1786495625887 3.864237919449806 2659
1786495628471 3.9165976643562317 2660
1786495631054 3.8856724202632904 2661
1786495633636 3.92282073199749 2662
1786495636217 3.901058241724968 2663
1786495638799 3.954280897974968 2664
1786495641380 3.890839695930481 2665
1786495643962 3.870027631521225 2666
1786495646544 3.898786798119545 2667
1786495649127 3.9134020805358887 2668
1786495651710 3.968291163444519 2669
1786495654293 3.9505219906568527 2670
1786495656876 3.9356303811073303 2671
1786495659458 3.8775825947523117 2672
1786495662039 3.942570999264717 2673
1786495664623 3.9617732167243958 2674
1786495667207 4.015704736113548 2675
1786495669788 3.9445426613092422 2676
1786495672373 3.7432956099510193 2677
1786495674955 3.934666395187378 2678
1786495677536 3.926744684576988 2679
1786495680120 3.943763107061386 2680
1786495682702 3.90259250998497 2681
1786495685284 3.8981796354055405 2682
1786495687865 3.9078048914670944 2683
1786495690446 3.936964198946953 2684
1786495693028 3.965161919593811 2685
1786495695609 3.9182355254888535 2686
1786495698190 3.937930151820183 2687
1786495700772 3.9304898530244827 2688
1786495703353 3.8846319913864136 2689
1786495705933 3.9270793199539185 2690
1786495708514 3.8958531469106674 2691
1786495711095 3.8859069496393204 2692
1786495713678 3.9354937076568604 2693
1786495716259 3.959641858935356 2694
1786495718839 3.87830913066864 2695
1786495721421 3.9058179557323456 2696
1786495724002 3.9114970713853836 2697
1786495726583 3.91203573346138 2698
1786495729164 3.8547082245349884 2699
1786495731745 3.9576736241579056 2700
1786495734325 3.9540999680757523 2701
1786495736900 3.9162488877773285 2702
1786495739477 3.956161141395569 2703
1786495742053 3.934480369091034 2704
1786495744630 3.914510667324066 2705
1786495747208 3.8839732855558395 2706
1786495749784 3.9427053332328796 2707
1786495752360 3.9263060837984085 2708
1786495754936 3.8667439073324203 2709
1786495757512 3.8555870354175568 2710
1786495760088 3.969478726387024 2711
1786495762664 3.950497552752495 2712
1786495765240 3.877736046910286 2713
1786495767817 3.8965147137641907 2714
1786495770392 3.853759378194809 2715
1786495772968 3.837165951728821 2716
1786495775545 3.955696538090706 2717
1786495778121 3.9242787659168243 2718
1786495780698 3.8828759640455246 2719
1786495783274 3.917022928595543 2720
1786495785850 3.9054944813251495 2721
1786495788426 3.882603108882904 2722
1786495791002 3.9081064015626907 2723
1786495793579 3.954195201396942 2724
1786495796157 3.920571118593216 2725
1786495798733 3.8983807116746902 2726
1786495801313 3.8874154090881348 2727
1786495803899 3.85439670085907 2728
1786495806482 3.82218573987484 2729
1786495809065 3.9650779962539673 2730
1786495811650 3.919210597872734 2731
1786495814233 3.9302985966205597 2732
1786495816814 3.842973440885544 2733
1786495819397 3.900692030787468 2734
1786495821979 3.895352855324745 2735
1786495824561 3.8664076775312424 2736
1786495827142 3.908764526247978 2737
1786495829723 3.882067248225212 2738
1786495832305 3.946489244699478 2739
1786495834887 3.8906517177820206 2740
1786495837468 3.874070391058922 2741
1786495840050 3.8747757971286774 2742
1786495842632 3.944351777434349 2743
1786495845216 3.898808106780052 2744
1786495847798 3.895516589283943 2745
1786495850385 3.9013222604990005 2746
1786495852962 3.9445518851280212 2747
1786495855539 3.852613463997841 2748
1786495858117 3.8669634759426117 2749
1786495860693 3.879443183541298 2750
1786495863269 3.821645274758339 2751
1786495865846 3.8730770349502563 2752
1786495868422 3.887091875076294 2753
1786495870998 3.85505573451519 2754
1786495873575 3.8898496627807617 2755
1786495876151 3.8959639817476273 2756
1786495878728 3.934646487236023 2757
1786495881305 3.923668712377548 2758
1786495883881 3.9428027868270874 2759
1786495886458 3.8181737512350082 2760
1786495889034 3.879879355430603 2761
1786495891610 3.8849916458129883 2762
1786495894186 3.8936337530612946 2763
1786495896763 3.8561650663614273 2764
1786495899339 3.9853329956531525 2765
1786495901914 3.839827075600624 2766
1786495904490 3.803408592939377 2767
1786495907066 3.918411687016487 2768
1786495909643 3.9539670944213867 2769
1786495912221 3.8701791167259216 2770
1786495914798 3.8416595607995987 2771
1786495917374 3.808689206838608 2772
1786495919951 3.953127443790436 2773
1786495922527 3.8769819289445877 2774
1786495925103 3.8150562196969986 2775
1786495927680 3.8668991178274155 2776
1786495930257 3.9092662781476974 2777
1786495932834 3.8429770171642303 2778
1786495935410 3.914924830198288 2779
1786495937986 3.8303635716438293 2780
1786495940562 3.894084557890892 2781
1786495943139 3.9295683056116104 2782
1786495945715 3.859274059534073 2783
1786495948293 3.852343514561653 2784
1786495950870 4.023285046219826 2785
1786495953447 3.8964841812849045 2786
1786495956024 3.9038001745939255 2787
1786495958601 3.839887410402298 2788
1786495961178 3.911697179079056 2789
1786495963753 4.002162769436836 2790
1786495966329 3.8271224349737167 2791
1786495968905 3.884012296795845 2792
1786495971484 3.896635979413986 2793
1786495974061 3.920558378100395 2794
1786495976642 3.8950212001800537 2795
1786495979223 3.785595580935478 2796
1786495981805 3.883755385875702 2797
1786495984385 4.054483011364937 2798
1786495986966 4.028138801455498 2799
1786495989547 3.898806169629097 2800
1786495992128 3.844597101211548 2801
1786495994709 3.894578918814659 2802
1786495997290 3.8636295795440674 2803
1786495999870 3.8729505091905594 2804
1786496002452 3.880915015935898 2805
1786496005033 3.8917158991098404 2806
1786496007614 3.9021266996860504 2807
1786496010196 3.91727913916111 2808
1786496012777 3.858073815703392 2809
1786496015358 3.9306645542383194 2810
1786496017939 3.9051298946142197 2811
1786496020520 3.9437324702739716 2812
1786496023100 3.8614918142557144 2813
1786496025681 3.9267158806324005 2814
1786496028262 3.849103197455406 2815
1786496030842 3.805135577917099 2816
1786496033423 3.9380722492933273 2817
1786496036004 3.855419158935547 2818
1786496038586 3.9100413471460342 2819
1786496041169 3.8574945479631424 2820
1786496043749 3.849520832300186 2821
1786496046331 3.9174835681915283 2822
1786496048912 3.9150878190994263 2823
1786496051494 3.910993307828903 2824
1786496054076 3.8630214780569077 2825
1786496056658 3.866734817624092 2826
1786496059240 3.919070854783058 2827
1786496061822 3.9147808104753494 2828
1786496064403 3.8858030289411545 2829
1786496066985 3.9562843292951584 2830
1786496069566 3.8888790756464005 2831
1786496072148 3.921570524573326 2832
1786496074730 3.9461124390363693 2833
1786496077313 3.8372809290885925 2834
1786496079895 3.897087872028351 2835
1786496082476 3.8924358785152435 2836
1786496085056 3.8729067146778107 2837
1786496087637 3.8953548669815063 2838
1786496090218 3.8304658085107803 2839
1786496092798 3.85732963681221 2840
1786496095378 3.871221661567688 2841
1786496097959 3.895973414182663 2842
1786496100539 3.9142607897520065 2843
1786496103118 3.8674113899469376 2844
1786496105699 3.8491231501102448 2845
1786496108281 3.8335384875535965 2846
1786496110862 3.8393297493457794 2847
1786496113442 3.8705857545137405 2848
1786496116023 3.910422906279564 2849
1786496118603 3.914921313524246 2850
1786496121183 3.8357916325330734 2851
1786496123763 3.8555081337690353 2852
1786496126344 3.8415128737688065 2853
1786496128925 3.873731717467308 2854
1786496131506 3.8974099308252335 2855
1786496134086 3.9527053385972977 2856
1786496136666 3.8979198783636093 2857
1786496139247 3.8769689053297043 2858
1786496141827 3.776189684867859 2859
1786496144407 3.9557375013828278 2860
1786496146987 3.932093322277069 2861
1786496149568 3.8408200293779373 2862
1786496152149 3.8361362367868423 2863
1786496154729 3.865291714668274 2864
1786496157313 3.934887856245041 2865
1786496159898 3.9530167132616043 2866
1786496162484 3.9145143628120422 2867
1786496165067 3.8769763857126236 2868
1786496167650 3.869054287672043 2869
1786496170226 3.829728528857231 2870
1786496172803 3.9106720089912415 2871
1786496175379 3.911780968308449 2872
1786496177954 3.9310398399829865 2873
1786496180530 3.907904878258705 2874
1786496183106 3.951933115720749 2875
1786496185682 3.8449043333530426 2876
1786496188258 3.9125931710004807 2877
1786496190834 3.8145067244768143 2878
1786496193410 3.794051542878151 2879
1786496195987 3.831294819712639 2880
1786496198563 3.8690508753061295 2881
1786496201140 3.9139563590288162 2882
1786496203721 3.8421450704336166 2883
1786496206303 3.8907571583986282 2884
1786496208883 3.9029369354248047 2885
1786496211466 3.8612074851989746 2886
1786496214051 3.8627056181430817 2887
1786496216633 3.8293282240629196 2888
1786496219214 3.910133570432663 2889
1786496221796 3.827045440673828 2890
1786496224377 3.8359188735485077 2891
1786496226959 3.893140733242035 2892
1786496229541 3.9105211049318314 2893
1786496232122 3.97978937625885 2894
1786496234703 3.9351852983236313 2895
1786496237285 3.805309310555458 2896
1786496239866 3.81841042637825 2897
1786496242447 3.8974099904298782 2898
1786496245027 3.8896396309137344 2899
1786496247608 3.9322742372751236 2900
1786496250190 3.8326758444309235 2901
1786496252772 3.844555839896202 2902
1786496255354 3.8022041618824005 2903
1786496257935 3.7886908799409866 2904
1786496260516 3.7786456793546677 2905
1786496263097 3.8599001318216324 2906
1786496265678 3.969237118959427 2907
1786496268258 3.8726409524679184 2908
1786496270846 3.902607813477516 2909
1786496273434 3.8928982317447662 2910
1786496276019 3.80531744658947 2911
1786496278602 3.8789292871952057 2912
1786496281184 3.8555790930986404 2913
1786496283767 3.793680787086487 2914
1786496286349 3.920742556452751 2915
1786496288931 3.870099976658821 2916
1786496291513 3.843147501349449 2917
1786496294095 3.8622597455978394 2918
1786496296677 3.908087983727455 2919
1786496299260 3.8581304997205734 2920
1786496301841 3.8774259239435196 2921
1786496304424 3.9201552122831345 2922
1786496307007 3.8714632838964462 2923
1786496309591 3.7812320590019226 2924
1786496312174 3.861032471060753 2925
1786496314758 3.875072628259659 2926
1786496317340 3.8402092903852463 2927
1786496319921 3.834452509880066 2928
1786496322503 3.8406494855880737 2929
1786496325087 3.8789242655038834 2930
1786496327672 3.866945207118988 2931
1786496330254 3.8143062740564346 2932
1786496332839 3.7671919018030167 2933
1786496335422 3.893717721104622 2934
1786496338002 3.8222056329250336 2935
1786496340582 3.90450356900692 2936
1786496343161 3.9016458988189697 2937
1786496345742 3.95239020884037 2938
1786496348322 3.8040770441293716 2939
1786496350902 3.813887432217598 2940
1786496353481 3.7402156591415405 2941
1786496356061 3.855037122964859 2942
1786496358641 3.8534842878580093 2943
1786496361221 3.877071976661682 2944
1786496363801 3.875275105237961 2945
1786496366380 3.832695037126541 2946
1786496368963 3.810026705265045 2947
1786496371544 3.8798896819353104 2948
1786496374124 3.8636059165000916 2949
1786496376703 3.8053393810987473 2950
1786496379284 3.8865559846162796 2951
1786496381865 3.8880389034748077 2952
1786496384445 3.8513020128011703 2953
1786496387027 3.8660630583763123 2954
1786496389610 3.878723978996277 2955
1786496392194 3.868909850716591 2956
1786496394775 3.8453673720359802 2957
1786496397356 3.872648388147354 2958
1786496399937 3.852692812681198 2959
1786496402518 3.8633444160223007 2960
1786496405111 3.9690431505441666 2961
1786496407694 3.8778679817914963 2962
1786496410278 3.8528348356485367 2963
1786496412861 3.876358523964882 2964
1786496415442 3.9080981612205505 2965
1786496418023 3.869314894080162 2966
1786496420604 3.9538816660642624 2967
1786496423186 3.798058867454529 2968
1786496425766 3.8810561895370483 2969
1786496428348 3.880688115954399 2970
1786496430930 3.8517964482307434 2971
1786496433517 3.834762543439865 2972
1786496436100 3.8590545058250427 2973
1786496438681 3.9002773761749268 2974
1786496441263 3.699891045689583 2975
1786496443845 3.8308175206184387 2976
1786496446426 3.8882153183221817 2977
1786496449009 3.919514760375023 2978
1786496451597 3.8730949610471725 2979
1786496454183 3.89406718313694 2980
1786496456766 3.90672966837883 2981
1786496459345 3.9110875725746155 2982
1786496461922 3.8888972997665405 2983
1786496464499 3.824762672185898 2984
1786496467077 3.9311612844467163 2985
1786496469654 3.9121852666139603 2986
1786496472231 3.8420222848653793 2987
1786496474809 3.8795768171548843 2988
1786496477385 3.8159398436546326 2989
1786496479963 3.8190562278032303 2990
1786496482539 3.8073974400758743 2991
1786496485117 3.7824741303920746 2992
1786496487693 3.832006260752678 2993
1786496490270 3.8852070719003677 2994
1786496492847 3.895816296339035 2995
1786496495424 3.8532508313655853 2996
1786496498001 3.841341182589531 2997
1786496500579 3.8352763652801514 2998
1786496503162 3.979206308722496 2999
1786496507140 3.894531175494194 3000
1786496509722 3.8655536621809006 3001
1786496512304 3.836351126432419 3002
1786496514887 3.9028123319149017 3003
1786496517469 3.967486336827278 3004
1786496520052 3.8068252503871918 3005
1786496522634 3.7669153660535812 3006
1786496525215 3.8536778390407562 3007
1786496527798 3.8739004880189896 3008
1786496530380 3.906689614057541 3009
1786496532967 3.891979932785034 3010
1786496535546 3.8633063435554504 3011
1786496538122 3.7895309031009674 3012
1786496540698 3.779241591691971 3013
1786496543274 3.8066816329956055 3014
1786496545856 3.864437073469162 3015
1786496548438 3.783230870962143 3016
1786496551019 3.8241883367300034 3017
1786496553600 3.80546897649765 3018
1786496556182 3.8423461467027664 3019
1786496558764 3.851755991578102 3020
1786496561345 3.8789387345314026 3021
1786496563926 3.795788824558258 3022
1786496566510 3.9177388101816177 3023
1786496569091 3.8791199326515198 3024
1786496571674 3.8990427553653717 3025
1786496574255 3.8698315173387527 3026
1786496576837 3.8688122779130936 3027
1786496579417 3.8151244819164276 3028
1786496581998 3.8174486607313156 3029
1786496584579 3.8169204592704773 3030
1786496587162 3.8487847447395325 3031
1786496589742 3.8908973038196564 3032
1786496592330 3.8390604704618454 3033
1786496594910 3.881680354475975 3034
1786496597487 3.837481811642647 3035
1786496600064 3.8860850483179092 3036
1786496602641 3.9161205887794495 3037
1786496605223 3.828086242079735 3038
1786496607804 3.8572318255901337 3039
1786496610387 3.9278170317411423 3040
1786496612972 3.837636411190033 3041
1786496615554 3.814779281616211 3042
1786496618136 3.8361048996448517 3043
1786496620719 3.8626722395420074 3044
1786496623301 3.861856833100319 3045
1786496625887 3.9057784378528595 3046
1786496628475 3.818695768713951 3047
1786496631058 3.8740877956151962 3048
1786496633648 3.839745804667473 3049
1786496636236 3.8184439092874527 3050
1786496638826 3.8789791613817215 3051
1786496641414 3.815722331404686 3052
1786496644001 3.774292379617691 3053
1786496646588 3.823461815714836 3054
1786496649175 3.79669126868248 3055
1786496651767 3.8054135143756866 3056
1786496654350 3.7405995577573776 3057
1786496656932 3.7706839740276337 3058
1786496659515 3.8116856813430786 3059
1786496662098 3.75358122587204 3060
1786496664681 3.8873645216226578 3061
1786496667262 3.768921062350273 3062
1786496669844 3.862759068608284 3063
1786496672427 3.868594139814377 3064
1786496675009 3.8754790127277374 3065
1786496677593 3.7960930913686752 3066
1786496680175 3.8011255115270615 3067
1786496682763 3.8117988854646683 3068
1786496685346 3.8017091900110245 3069
1786496687927 3.84469673037529 3070
1786496690509 3.7621303349733353 3071
1786496693091 3.781173825263977 3072
1786496695673 3.8270386457443237 3073
1786496698252 3.797394782304764 3074
1786496700828 3.822693333029747 3075
1786496703405 3.8650147914886475 3076
1786496705982 3.811074376106262 3077
1786496708560 3.8147116601467133 3078
1786496711136 3.8800551742315292 3079
1786496713713 3.8630082309246063 3080
1786496716290 3.795930579304695 3081
1786496718867 3.855809733271599 3082
1786496721444 3.903492495417595 3083
1786496724021 3.79584202170372 3084
1786496726599 3.7611779868602753 3085
1786496729176 3.913270890712738 3086
1786496731753 3.828677400946617 3087
1786496734330 3.8438025265932083 3088
1786496736907 3.8607785403728485 3089
1786496739483 3.74445478618145 3090
1786496742060 3.803415760397911 3091
1786496744640 3.87285915017128 3092
1786496747220 3.818981096148491 3093
1786496749798 3.7997709661722183 3094
1786496752379 3.8518501222133636 3095
1786496754962 3.842257544398308 3096
1786496757547 3.915370285511017 3097
1786496760131 3.8764946311712265 3098
1786496762715 3.8459808230400085 3099
1786496765297 3.863256052136421 3100
1786496767880 3.865420162677765 3101
1786496770463 3.782636195421219 3102
1786496773044 3.8665771782398224 3103
1786496775627 3.873508483171463 3104
1786496778210 3.8051541298627853 3105
1786496780798 3.8170266449451447 3106
1786496783380 3.934012308716774 3107
1786496785961 3.793832242488861 3108
1786496788542 3.8641546070575714 3109
1786496791122 3.779921367764473 3110
1786496793698 3.8589683026075363 3111
1786496796280 3.792900487780571 3112
1786496798861 3.915507897734642 3113
1786496801442 3.8420488983392715 3114
1786496804024 3.890770748257637 3115
1786496806601 3.8672487288713455 3116
1786496809181 3.8011963814496994 3117
1786496811764 3.7191744446754456 3118
1786496814348 3.7432269155979156 3119
1786496816930 3.886701762676239 3120
1786496819510 3.7644734233617783 3121
1786496822092 3.815239042043686 3122
1786496824672 3.777347147464752 3123
1786496827255 3.789387583732605 3124
1786496829833 3.8184982389211655 3125
1786496832414 3.810626283288002 3126
1786496834996 3.7783542424440384 3127
1786496837577 3.86033695936203 3128
1786496840155 3.7947224378585815 3129
1786496842732 3.855340391397476 3130
1786496845309 3.8333124965429306 3131
1786496847885 3.8787127137184143 3132
1786496850462 3.812669888138771 3133
1786496853038 3.799551099538803 3134
1786496855614 3.8256718665361404 3135
1786496858190 3.8618858754634857 3136
1786496860775 3.7743546962738037 3137
1786496863358 3.8324705362319946 3138
1786496865943 3.8390820026397705 3139
1786496868524 3.816748559474945 3140
1786496871105 3.8286546170711517 3141
1786496873689 3.789604529738426 3142
1786496876269 3.8029749989509583 3143
1786496878851 3.7706632763147354 3144
1786496881432 3.8286274671554565 3145
1786496884014 3.8025514781475067 3146
1786496886595 3.8607995957136154 3147
1786496889173 3.8440700322389603 3148
1786496891751 3.768666833639145 3149
1786496894329 3.705508142709732 3150
1786496896905 3.8013578057289124 3151
1786496899482 3.7775204926729202 3152
1786496902058 3.8438068479299545 3153
1786496904635 3.7374460697174072 3154
1786496907213 3.7551874816417694 3155
1786496909790 3.791680932044983 3156
1786496912366 3.8523426800966263 3157
1786496914942 3.876076117157936 3158
1786496917519 3.8643974661827087 3159
1786496920095 3.8099145889282227 3160
1786496922672 3.7663619965314865 3161
1786496925250 3.7939966320991516 3162
1786496927827 3.7892855405807495 3163
1786496930403 3.771795704960823 3164
1786496932983 3.8395778089761734 3165
1786496935564 3.8909214437007904 3166
1786496938145 3.77529539167881 3167
1786496940725 3.753239691257477 3168
1786496943305 3.8161539286375046 3169
1786496945886 3.815300792455673 3170
1786496948467 3.8408121168613434 3171
1786496951048 3.7688261717557907 3172
1786496953631 3.901219591498375 3173
1786496956209 3.810670793056488 3174
1786496958787 3.8139491081237793 3175
1786496961364 3.8753717839717865 3176
1786496963942 3.8448143750429153 3177
1786496966519 3.8127479255199432 3178
1786496969096 3.855228543281555 3179
1786496971673 3.7976990342140198 3180
1786496974254 3.856055185198784 3181
1786496976832 3.832737684249878 3182
1786496979413 3.8326256573200226 3183
1786496981993 3.8310797959566116 3184
1786496984574 3.809716135263443 3185
1786496987158 3.8177215456962585 3186
1786496989742 3.7787571847438812 3187
1786496992328 3.7873169481754303 3188
1786496994912 3.791565954685211 3189
1786496997496 3.9025278836488724 3190
1786497000079 3.83198843896389 3191
1786497002660 3.772987127304077 3192
1786497005244 3.8178831189870834 3193
1786497007829 3.8715714514255524 3194
1786497010417 3.6366379112005234 3195
1786497013001 3.789914220571518 3196
1786497015585 3.846404731273651 3197
1786497018169 3.831828400492668 3198
1786497020753 3.817201390862465 3199
1786497023337 3.846133604645729 3200
1786497025923 3.724965989589691 3201
1786497028507 3.8048180788755417 3202
1786497031092 3.751226395368576 3203
1786497033669 3.838761195540428 3204
1786497036246 3.8266472816467285 3205
1786497038822 3.8239800930023193 3206
1786497041399 3.80998857319355 3207
1786497043976 3.87341645359993 3208
1786497046552 3.760873422026634 3209
1786497049129 3.8240078538656235 3210
1786497051713 3.8339434266090393 3211
1786497054298 3.837865561246872 3212
1786497056884 3.8173155784606934 3213
1786497059468 3.8472863137722015 3214
1786497062052 3.861630067229271 3215
1786497064636 3.772929474711418 3216
1786497067216 3.8184596449136734 3217
1786497069792 3.8073725402355194 3218
1786497072369 3.778254970908165 3219
1786497074946 3.832836702466011 3220
1786497077523 3.7632658183574677 3221
1786497080108 3.7886941730976105 3222
1786497082692 3.785665452480316 3223
1786497085276 3.8985596001148224 3224
1786497087859 3.782295376062393 3225
1786497090445 3.836556777358055 3226
1786497093029 3.7779790312051773 3227
1786497095613 3.857636407017708 3228
1786497098196 3.919552817940712 3229
1786497100781 3.892018347978592 3230
1786497103365 3.7687943130731583 3231
1786497105945 3.8297959566116333 3232
1786497108523 3.7611054331064224 3233
1786497111102 3.8291598558425903 3234
1786497113679 3.786743313074112 3235
1786497116257 3.817086845636368 3236
1786497118834 3.760703757405281 3237
1786497121411 3.806351736187935 3238
1786497123990 3.8186453729867935 3239
1786497126567 3.8010777682065964 3240
1786497129144 3.7896878719329834 3241
1786497131721 3.7685123831033707 3242
1786497134298 3.7754926085472107 3243
1786497136875 3.781067341566086 3244
1786497139452 3.78255657851696 3245
1786497142031 3.7647801339626312 3246
1786497144611 3.768073469400406 3247
1786497147190 3.8386540561914444 3248
1786497149769 3.7750735133886337 3249
1786497152352 3.8118959069252014 3250
1786497154934 3.861636310815811 3251
1786497157512 3.8032271414995193 3252
1786497160090 3.7708011865615845 3253
1786497162667 3.8822028934955597 3254
1786497165246 3.800132930278778 3255
1786497167827 3.8189765959978104 3256
1786497170409 3.8300194293260574 3257
1786497172992 3.8007197231054306 3258
1786497175580 3.824886530637741 3259
1786497178161 3.7696360647678375 3260
1786497180738 3.799371287226677 3261
1786497183315 3.760123685002327 3262
1786497185893 3.819189414381981 3263
1786497188470 3.7505019158124924 3264
1786497191047 3.804492548108101 3265
1786497193624 3.7719797044992447 3266
1786497196201 3.8877844363451004 3267
1786497198778 3.82985582947731 3268
1786497201355 3.8520518392324448 3269
1786497203932 3.769104093313217 3270
1786497206509 3.7340879142284393 3271
1786497209086 3.86552195250988 3272
1786497211663 3.841439202427864 3273
1786497214240 3.7415105551481247 3274
1786497216818 3.8483986854553223 3275
1786497219403 3.703326791524887 3276
1786497221987 3.7469082921743393 3277
1786497224571 3.8053648322820663 3278
1786497227155 3.761129930615425 3279
1786497229737 3.7690747678279877 3280
1786497232315 3.8187621533870697 3281
1786497234901 3.7910744100809097 3282
1786497237487 3.880204126238823 3283
1786497240068 3.80281101167202 3284
1786497242650 3.760272577404976 3285
1786497245232 3.7698276042938232 3286
1786497247813 3.856794089078903 3287
1786497250394 3.801404058933258 3288
1786497252976 3.9081721007823944 3289
1786497255557 3.8078136295080185 3290
1786497258139 3.8959295749664307 3291
1786497260721 3.7591989636421204 3292
1786497263304 3.811415508389473 3293
1786497265885 3.846902549266815 3294
1786497268467 3.895352751016617 3295
1786497271049 3.831711769104004 3296
1786497273632 3.8225313276052475 3297
1786497276214 3.774246335029602 3298
1786497278796 3.744363471865654 3299
1786497281380 3.7864648401737213 3300
1786497283964 3.758136883378029 3301
1786497286554 3.793468788266182 3302
1786497289144 3.743964597582817 3303
1786497291731 3.803472951054573 3304
1786497294317 3.8161805123090744 3305
1786497296899 3.7910343557596207 3306
1786497299481 3.8845565617084503 3307
1786497302065 3.8539379686117172 3308
1786497304649 3.804779663681984 3309
1786497307242 3.8726677298545837 3310
1786497309824 3.8126507252454758 3311
1786497312407 3.8366372883319855 3312
1786497314989 3.784448027610779 3313
1786497317571 3.787642702460289 3314
1786497320156 3.803341895341873 3315
1786497322745 3.7812815457582474 3316
1786497325327 3.729858323931694 3317
1786497327908 3.7949607521295547 3318
1786497330490 3.7620125114917755 3319
1786497333077 3.751457840204239 3320
1786497335660 3.863246977329254 3321
1786497338248 3.789305955171585 3322
1786497340834 3.8388752937316895 3323
1786497343416 3.787354201078415 3324
1786497345999 3.70444655418396 3325
1786497348582 3.7552143782377243 3326
1786497351170 3.8573612570762634 3327
1786497353759 3.8284900337457657 3328
1786497356338 3.7571711391210556 3329
1786497358915 3.8504244834184647 3330
1786497361491 3.742279604077339 3331
1786497364068 3.762456014752388 3332
1786497366644 3.828953593969345 3333
1786497369220 3.8282068371772766 3334
1786497371797 3.826921582221985 3335
1786497374373 3.7322145998477936 3336
1786497376949 3.8301867246627808 3337
1786497379525 3.8011175245046616 3338
1786497382102 3.8362632393836975 3339
1786497384680 3.8330990970134735 3340
1786497387256 3.773095339536667 3341
1786497389832 3.82127782702446 3342
1786497392408 3.6945004016160965 3343
1786497394984 3.7898098081350327 3344
1786497397560 3.7870878726243973 3345
1786497400136 3.819623962044716 3346
1786497402711 3.8374540954828262 3347
1786497405287 3.771815448999405 3348
1786497407862 3.750886157155037 3349
1786497410438 3.791424512863159 3350
1786497413014 3.790675088763237 3351
1786497415590 3.7739479392766953 3352
1786497418167 3.8308115452528 3353
1786497420743 3.8165403604507446 3354
1786497423318 3.7744153887033463 3355
1786497425894 3.824851378798485 3356
1786497428471 3.780926689505577 3357
1786497431047 3.812445804476738 3358
1786497433627 3.815637484192848 3359
1786497436209 3.7505791783332825 3360
1786497438792 3.75457464158535 3361
1786497441375 3.84971322119236 3362
1786497443958 3.7994427233934402 3363
1786497446539 3.8291066735982895 3364
1786497449121 3.7390938103199005 3365
1786497451704 3.811448484659195 3366
1786497454287 3.713081419467926 3367
1786497456869 3.7732438445091248 3368
1786497459453 3.7766887098550797 3369
1786497462035 3.831186220049858 3370
1786497464620 3.7794483453035355 3371
1786497467199 3.823666363954544 3372
1786497469779 3.7947346717119217 3373
1786497472365 3.8536898344755173 3374
1786497474947 3.846309795975685 3375
1786497477530 3.8153747618198395 3376
1786497480114 3.774499848484993 3377
1786497482696 3.814874768257141 3378
1786497485278 3.801963970065117 3379
1786497487861 3.7478592544794083 3380
1786497490444 3.717565357685089 3381
1786497493029 3.734311729669571 3382
1786497495612 3.773682489991188 3383
1786497498194 3.739323601126671 3384
1786497500776 3.7582609951496124 3385
1786497503359 3.811504974961281 3386
1786497505941 3.8176162391901016 3387
1786497508522 3.766043856739998 3388
1786497511104 3.77759025990963 3389
1786497513685 3.839686781167984 3390
1786497516267 3.737539142370224 3391
1786497518848 3.7049842476844788 3392
1786497521429 3.7850883454084396 3393
1786497524010 3.787671446800232 3394
1786497526591 3.763807162642479 3395
1786497529173 3.862951397895813 3396
1786497531755 3.7609221041202545 3397
1786497534338 3.7603864669799805 3398
1786497536919 3.8678502589464188 3399
1786497539501 3.8006350100040436 3400
1786497542086 3.6863725185394287 3401
1786497544664 3.802897334098816 3402
1786497547240 3.721080332994461 3403
1786497549817 3.7948773354291916 3404
1786497552394 3.7686213850975037 3405
1786497554972 3.79503071308136 3406
1786497557550 3.7222622334957123 3407
1786497560127 3.70530304312706 3408
1786497562704 3.7787088602781296 3409
1786497565281 3.775406301021576 3410
1786497567864 3.8652015328407288 3411
1786497570446 3.86620169878006 3412
1786497573029 3.8080026507377625 3413
1786497575613 3.8913053423166275 3414
1786497578197 3.8197979778051376 3415
1786497580781 3.773360997438431 3416
1786497583362 3.7536978125572205 3417
1786497585944 3.7417479753494263 3418
1786497588525 3.7783608734607697 3419
1786497591108 3.8096119165420532 3420
1786497593696 3.8211452066898346 3421
1786497596278 3.739223003387451 3422
1786497598860 3.7923256903886795 3423
1786497601442 3.738858535885811 3424
1786497604026 3.806281238794327 3425
1786497606616 3.80533067882061 3426
1786497609199 3.7084172070026398 3427
1786497611783 3.7454284131526947 3428
1786497614367 3.765498399734497 3429
1786497616950 3.8318206816911697 3430
1786497619534 3.7440899312496185 3431
1786497622115 3.849198669195175 3432
1786497624696 3.760623335838318 3433
1786497627277 3.7218375355005264 3434
1786497629859 3.7454846650362015 3435
1786497632440 3.791136607527733 3436
1786497635021 3.849271282553673 3437
1786497637602 3.7971223145723343 3438
1786497640184 3.799867197871208 3439
1786497642765 3.8136131912469864 3440
1786497645346 3.8459090143442154 3441
1786497647931 3.7902095168828964 3442
1786497650513 3.8551826626062393 3443
1786497653095 3.7610141932964325 3444
1786497655675 3.753801017999649 3445
1786497658258 3.779474750161171 3446
1786497660840 3.8205512911081314 3447
1786497663420 3.7817001193761826 3448
1786497666000 3.7446084916591644 3449
1786497668582 3.733106032013893 3450
1786497671162 3.7464207857847214 3451
1786497673742 3.8627551048994064 3452
1786497676323 3.7978545278310776 3453
1786497678908 3.7225789576768875 3454
1786497681489 3.7287096977233887 3455
1786497684070 3.712252750992775 3456
1786497686651 3.7943378537893295 3457
1786497689234 3.780181735754013 3458
1786497691823 3.8184975385665894 3459
1786497694415 3.7732105255126953 3460
1786497696999 3.737577721476555 3461
1786497699584 3.818285718560219 3462
1786497702174 3.8029332011938095 3463
1786497704763 3.7772230952978134 3464
1786497707346 3.8200906962156296 3465
1786497709927 3.7490330636501312 3466
1786497712511 3.776377037167549 3467
1786497715095 3.769711494445801 3468
1786497717676 3.730382516980171 3469
1786497720258 3.7503826916217804 3470
1786497722841 3.8255584090948105 3471
1786497725423 3.764777034521103 3472
1786497728004 3.812866300344467 3473
1786497730585 3.7259641587734222 3474
1786497733167 3.7137535512447357 3475
1786497735748 3.8088604509830475 3476
1786497738330 3.762942150235176 3477
1786497740912 3.7889954447746277 3478
1786497743493 3.8090793639421463 3479
1786497746076 3.733987659215927 3480
1786497748658 3.684511810541153 3481
1786497751238 3.691904664039612 3482
1786497753822 3.741183191537857 3483
1786497756403 3.673873409628868 3484
1786497758984 3.7395436614751816 3485
1786497761566 3.794453039765358 3486
1786497764147 3.7512452602386475 3487
1786497766728 3.789492189884186 3488
1786497769309 3.8422791063785553 3489
1786497771893 3.748097449541092 3490
1786497774478 3.7473741322755814 3491
1786497777061 3.7749494165182114 3492
1786497779643 3.670203909277916 3493
1786497782224 3.807962402701378 3494
1786497784805 3.788937672972679 3495
1786497787386 3.7142714858055115 3496
1786497789968 3.7902631908655167 3497
1786497792549 3.645766168832779 3498
1786497795131 3.7344140261411667 3499
1786497799105 3.7500220388174057 3500
1786497801685 3.8134235590696335 3501
1786497804265 3.7938088923692703 3502
1786497806845 3.732482224702835 3503
1786497809426 3.7561389058828354 3504
1786497812007 3.752839744091034 3505
1786497814588 3.8120774924755096 3506
1786497817171 3.756023496389389 3507
1786497819753 3.810165598988533 3508
1786497822335 3.830629602074623 3509
1786497824918 3.743259906768799 3510
1786497827501 3.8842171132564545 3511
1786497830083 3.781867563724518 3512
1786497832665 3.8012751936912537 3513
1786497835245 3.803939715027809 3514
1786497837830 3.725077986717224 3515
1786497840411 3.688864603638649 3516
1786497842993 3.6664280146360397 3517
1786497845576 3.730874553322792 3518
1786497848157 3.7993154525756836 3519
1786497850739 3.8365489691495895 3520
1786497853322 3.7802750766277313 3521
1786497855904 3.8146215975284576 3522
1786497858486 3.7008533626794815 3523
1786497861067 3.799408182501793 3524
1786497863648 3.6685184985399246 3525
1786497866228 3.7870087176561356 3526
1786497868809 3.8140495121479034 3527
1786497871389 3.7454990297555923 3528
1786497873970 3.807809203863144 3529
1786497876552 3.7175487130880356 3530
1786497879132 3.7812891602516174 3531
1786497881713 3.747690439224243 3532
1786497884292 3.804279789328575 3533
1786497886873 3.7657791078090668 3534
1786497889455 3.778260976076126 3535
1786497892037 3.723962351679802 3536
1786497894620 3.766201600432396 3537
1786497897202 3.808336615562439 3538
1786497899785 3.7728936821222305 3539
1786497902367 3.6942474395036697 3540
1786497904948 3.708613783121109 3541
1786497907529 3.75204037129879 3542
1786497910111 3.8217223584651947 3543
1786497912694 3.7387831807136536 3544
1786497915276 3.6983624696731567 3545
1786497917858 3.706738442182541 3546
1786497920441 3.754034548997879 3547
1786497923026 3.740664377808571 3548
1786497925608 3.6972178667783737 3549
1786497928190 3.774643376469612 3550
1786497930776 3.7578833997249603 3551
1786497933359 3.680919960141182 3552
1786497935936 3.7276504188776016 3553
1786497938514 3.7312632650136948 3554
1786497941094 3.6959343403577805 3555
1786497943675 3.7437845021486282 3556
1786497946254 3.795739024877548 3557
1786497948834 3.752171903848648 3558
1786497951416 3.722305044531822 3559
1786497954001 3.7241862267255783 3560
1786497956586 3.785057157278061 3561
1786497959168 3.7261813282966614 3562
1786497961751 3.7165047079324722 3563
1786497964334 3.702836334705353 3564
1786497966918 3.680384010076523 3565
1786497969501 3.724460616707802 3566
1786497972084 3.687795728445053 3567
1786497974673 3.7056419402360916 3568
1786497977256 3.704732671380043 3569
1786497979842 3.818963333964348 3570
1786497982425 3.705167770385742 3571
1786497985007 3.7331532388925552 3572
1786497987588 3.701860472559929 3573
1786497990169 3.7868458926677704 3574
1786497992751 3.789565771818161 3575
1786497995334 3.8331277072429657 3576
1786497997915 3.7169339060783386 3577
1786498000497 3.7160539627075195 3578
1786498003078 3.7534425854682922 3579
1786498005659 3.7046064287424088 3580
1786498008242 3.6652992367744446 3581
1786498010828 3.7039530128240585 3582
1786498013411 3.716015323996544 3583
1786498015994 3.726724535226822 3584
1786498018577 3.6680758446455 3585
1786498021161 3.7398563474416733 3586
1786498023744 3.7485657185316086 3587
1786498026328 3.7642733454704285 3588
1786498028913 3.7994300425052643 3589
1786498031498 3.7851315289735794 3590
1786498034082 3.8164929896593094 3591
1786498036666 3.740808457136154 3592
1786498039251 3.655536785721779 3593
1786498041836 3.6886153519153595 3594
1786498044421 3.8114110231399536 3595
1786498047006 3.7556666433811188 3596
1786498049589 3.826591357588768 3597
1786498052174 3.719168961048126 3598
1786498054760 3.7544506043195724 3599
1786498057350 3.783327594399452 3600
1786498059938 3.729830726981163 3601
1786498062525 3.7365879267454147 3602
1786498065109 3.6373276710510254 3603
1786498067697 3.7236229181289673 3604
1786498070279 3.7681005150079727 3605
1786498072863 3.6659679859876633 3606
1786498075446 3.7492945194244385 3607
1786498078030 3.775595858693123 3608
1786498080612 3.6962246894836426 3609
1786498083196 3.8360583931207657 3610
1786498085779 3.7841054797172546 3611
1786498088363 3.6907778084278107 3612
1786498090944 3.783631309866905 3613
1786498093529 3.7400578558444977 3614
1786498096116 3.7242072373628616 3615
1786498098697 3.7966055870056152 3616
1786498101279 3.6762699484825134 3617
1786498103861 3.719336062669754 3618
1786498106444 3.74423511326313 3619
1786498109026 3.7092635184526443 3620
1786498111608 3.7610813081264496 3621
1786498114190 3.731225475668907 3622
1786498116772 3.79520221054554 3623
1786498119356 3.7273135781288147 3624
1786498121939 3.6660412698984146 3625
1786498124521 3.755401387810707 3626
1786498127106 3.7847534716129303 3627
1786498129688 3.7295569330453873 3628
1786498132272 3.7713832408189774 3629
1786498134855 3.7939607053995132 3630
1786498137437 3.72411772608757 3631
1786498140019 3.8227671086788177 3632
1786498142601 3.730979263782501 3633
1786498145182 3.7000263184309006 3634
1786498147764 3.70824533700943 3635
1786498150347 3.6918801814317703 3636
1786498152930 3.7075459957122803 3637
1786498155513 3.6734544336795807 3638
1786498158095 3.7810872346162796 3639
1786498160676 3.814383774995804 3640
1786498163260 3.7314136028289795 3641
1786498165842 3.7458986192941666 3642
1786498168424 3.78236623108387 3643
1786498171008 3.7967299669981003 3644
1786498173591 3.7602594196796417 3645
1786498176172 3.6941838413476944 3646
1786498178753 3.654670462012291 3647
1786498181334 3.785066843032837 3648
1786498183915 3.760153040289879 3649
1786498186498 3.756116643548012 3650
1786498189080 3.735853612422943 3651
1786498191662 3.7093715965747833 3652
1786498194246 3.7222286760807037 3653
1786498196828 3.792295828461647 3654
1786498199409 3.7065875083208084 3655
1786498201992 3.7890128940343857 3656
1786498204574 3.7577076852321625 3657
1786498207160 3.7305272668600082 3658
1786498209744 3.778669610619545 3659
1786498212325 3.683330088853836 3660
1786498214907 3.7478542774915695 3661
1786498217487 3.699994280934334 3662
1786498220067 3.778024733066559 3663
1786498222649 3.711968019604683 3664
1786498225231 3.757902979850769 3665
1786498227817 3.7045707553625107 3666
1786498230402 3.7004325091838837 3667
1786498232985 3.6825716346502304 3668
1786498235568 3.712712660431862 3669
1786498238152 3.6576631665229797 3670
1786498240735 3.7536936849355698 3671
1786498243319 3.7664050459861755 3672
1786498245904 3.634802982211113 3673
1786498248486 3.6927323043346405 3674
1786498251076 3.797896236181259 3675
1786498253664 3.7311374843120575 3676
1786498256247 3.6664039343595505 3677
1786498258828 3.733590304851532 3678
1786498261413 3.7249200344085693 3679
1786498263995 3.721010684967041 3680
1786498266579 3.7774066627025604 3681
1786498269175 3.7642258405685425 3682
1786498271754 3.713981196284294 3683
1786498274332 3.7867006957530975 3684
1786498276910 3.770692691206932 3685
1786498279489 3.7564214915037155 3686
1786498282067 3.7129156589508057 3687
1786498284644 3.7794072031974792 3688
1786498287223 3.745789334177971 3689
1786498289800 3.7348855435848236 3690
1786498292381 3.796111539006233 3691
1786498294963 3.6530517786741257 3692
1786498297546 3.749428167939186 3693
1786498300129 3.6817940920591354 3694
1786498302718 3.7650555223226547 3695
1786498305300 3.710273250937462 3696
1786498307882 3.808616206049919 3697
1786498310464 3.683760166168213 3698
1786498313044 3.7622566521167755 3699
1786498315624 3.746580123901367 3700
1786498318210 3.83869931101799 3701
1786498320791 3.735312193632126 3702
1786498323373 3.655590921640396 3703
1786498325955 3.8044934570789337 3704
1786498328536 3.845529094338417 3705
1786498331117 3.684119760990143 3706
1786498333698 3.7867040932178497 3707
1786498336283 3.705649718642235 3708
1786498338865 3.750807464122772 3709
1786498341447 3.784969389438629 3710
1786498344028 3.764455497264862 3711
1786498346609 3.7057017534971237 3712
1786498349191 3.7471652925014496 3713
1786498351772 3.796756222844124 3714
1786498354353 3.8427288979291916 3715
1786498356935 3.676348000764847 3716
1786498359517 3.6744002252817154 3717
1786498362100 3.721982479095459 3718
1786498364681 3.768806293606758 3719
1786498367263 3.7715585082769394 3720
1786498369847 3.796925500035286 3721
1786498372430 3.7570510655641556 3722
1786498375013 3.844824895262718 3723
1786498377595 3.6698695719242096 3724
1786498380177 3.7015781700611115 3725
1786498382759 3.7138431668281555 3726
1786498385342 3.6917537450790405 3727
1786498387924 3.779715433716774 3728
1786498390506 3.693839907646179 3729
1786498393089 3.7431801557540894 3730
1786498395670 3.733829766511917 3731
1786498398251 3.660544827580452 3732
1786498400834 3.675993427634239 3733
1786498403415 3.696313589811325 3734
1786498405997 3.7374142855405807 3735
1786498408580 3.7048287391662598 3736
1786498411161 3.775275230407715 3737
1786498413742 3.67666532099247 3738
1786498416322 3.679883688688278 3739
1786498418903 3.8402231633663177 3740
1786498421485 3.662644535303116 3741
1786498424067 3.759866639971733 3742
1786498426650 3.760635629296303 3743
1786498429234 3.7476532459259033 3744
1786498431818 3.704762563109398 3745
1786498434405 3.800155609846115 3746
1786498436989 3.7535343319177628 3747
1786498439573 3.810123547911644 3748
1786498442156 3.7060685753822327 3749
1786498444739 3.655844822525978 3750
1786498447325 3.8088219314813614 3751
1786498449915 3.7510502338409424 3752
1786498452511 3.745774805545807 3753
1786498455096 3.7107602953910828 3754
1786498457684 3.7611034363508224 3755
1786498460271 3.6915533244609833 3756
1786498462858 3.68584081530571 3757
1786498465443 3.642488420009613 3758
1786498468028 3.6495000422000885 3759
1786498470618 3.7549803107976913 3760
1786498473204 3.7156546264886856 3761
1786498475789 3.703567385673523 3762
1786498478377 3.7379016876220703 3763
1786498480964 3.7252751141786575 3764
1786498483550 3.722316160798073 3765
1786498486137 3.7465230524539948 3766
1786498488721 3.79542438685894 3767
1786498491306 3.707251623272896 3768
1786498493893 3.7656983882188797 3769
1786498496477 3.7095824480056763 3770
1786498499059 3.740150034427643 3771
1786498501642 3.763972759246826 3772
1786498504225 3.6682735234498978 3773
1786498506808 3.796934738755226 3774
1786498509390 3.6830821335315704 3775
1786498511974 3.648946151137352 3776
1786498514558 3.8063737750053406 3777
1786498517140 3.858612909913063 3778
1786498519721 3.7750581204891205 3779
1786498522303 3.6614759266376495 3780
1786498524886 3.753862753510475 3781
1786498527469 3.788997709751129 3782
1786498530053 3.698947936296463 3783
1786498532636 3.7159286439418793 3784
1786498535220 3.775506392121315 3785
1786498537805 3.718323364853859 3786
1786498540390 3.768043741583824 3787
1786498542973 3.6932129710912704 3788
1786498545556 3.667908191680908 3789
1786498548139 3.732651963829994 3790
1786498550723 3.7587553560733795 3791
1786498553307 3.637677028775215 3792
1786498555895 3.6912973672151566 3793
1786498558481 3.7114612758159637 3794
1786498561067 3.7220693081617355 3795
1786498563654 3.7528569996356964 3796
1786498566240 3.7636840492486954 3797
1786498568826 3.676506832242012 3798
1786498571410 3.6836275458335876 3799
1786498573995 3.7186595648527145 3800
1786498576580 3.730516791343689 3801
1786498579164 3.7321015298366547 3802
1786498581748 3.6633812934160233 3803
1786498584335 3.658605143427849 3804
1786498586923 3.728365495800972 3805
1786498589512 3.748813271522522 3806
1786498592097 3.707139953970909 3807
1786498594684 3.6481908559799194 3808
1786498597270 3.719651147723198 3809
1786498599855 3.696737661957741 3810
1786498602442 3.6883219182491302 3811
1786498605028 3.677428111433983 3812
1786498607614 3.6989338397979736 3813
1786498610206 3.6837389320135117 3814
1786498612794 3.637998566031456 3815
1786498615379 3.6740028262138367 3816
1786498617962 3.6940043717622757 3817
1786498620545 3.760874316096306 3818
1786498623128 3.6788531094789505 3819
1786498625714 3.7599459290504456 3820
1786498628298 3.6814236491918564 3821
1786498630881 3.7410218715667725 3822
1786498633464 3.7236766666173935 3823
1786498636050 3.7508785128593445 3824
1786498638631 3.7150596976280212 3825
1786498641210 3.7114760726690292 3826
1786498643788 3.704611212015152 3827
1786498646369 3.666062444448471 3828
1786498648955 3.731693282723427 3829
1786498651541 3.7039637863636017 3830
1786498654123 3.677898794412613 3831
1786498656707 3.7122097313404083 3832
1786498659294 3.723374605178833 3833
1786498661882 3.6855567395687103 3834
1786498664471 3.738122135400772 3835
1786498667059 3.673096001148224 3836
1786498669646 3.749216228723526 3837
1786498672229 3.7022924721240997 3838
1786498674811 3.711072951555252 3839
1786498677393 3.759658768773079 3840
1786498679974 3.6860913187265396 3841
1786498682556 3.696371242403984 3842
1786498685139 3.7714261263608932 3843
1786498687721 3.762971669435501 3844
1786498690303 3.7186739295721054 3845
1786498692889 3.7775371819734573 3846
1786498695477 3.7554178833961487 3847
1786498698062 3.7287094444036484 3848
1786498700650 3.739918813109398 3849
1786498703236 3.6414351612329483 3850
1786498705818 3.725882574915886 3851
1786498708396 3.688004657626152 3852
1786498710974 3.7437786906957626 3853
1786498713552 3.677443578839302 3854
1786498716131 3.704828456044197 3855
1786498718713 3.7726552933454514 3856
1786498721294 3.7123159915208817 3857
1786498723876 3.658312112092972 3858
1786498726458 3.6569216698408127 3859
1786498729040 3.691180482506752 3860
1786498731619 3.6526499539613724 3861
1786498734200 3.7454942613840103 3862
1786498736779 3.740222319960594 3863
1786498739356 3.76895073056221 3864
1786498741932 3.7404765188694 3865
1786498744509 3.6986026614904404 3866
1786498747087 3.6949442476034164 3867
1786498749664 3.7474816143512726 3868
1786498752242 3.680535465478897 3869
1786498754820 3.6388304978609085 3870
1786498757397 3.62783245742321 3871
1786498759976 3.661586359143257 3872
1786498762558 3.7249797582626343 3873
1786498765147 3.6267178058624268 3874
1786498767729 3.732145845890045 3875
1786498770313 3.7978750467300415 3876
1786498772899 3.746610626578331 3877
1786498775482 3.711977779865265 3878
1786498778064 3.768189415335655 3879
1786498780645 3.693982407450676 3880
1786498783228 3.761700838804245 3881
1786498785814 3.708857834339142 3882
1786498788396 3.6286784410476685 3883
1786498790981 3.7573111802339554 3884
1786498793567 3.6824032366275787 3885
1786498796150 3.5858279913663864 3886
1786498798734 3.6655954867601395 3887
1786498801318 3.665251135826111 3888
1786498803901 3.723560020327568 3889
1786498806488 3.7231108993291855 3890
1786498809073 3.6831200569868088 3891
1786498811657 3.726810857653618 3892
1786498814240 3.6962492913007736 3893
1786498816824 3.733581066131592 3894
1786498819408 3.7706220746040344 3895
1786498821992 3.706333428621292 3896
1786498824575 3.708493337035179 3897
1786498827160 3.6812760680913925 3898
1786498829746 3.6788508743047714 3899
1786498832331 3.673723429441452 3900
1786498834915 3.6594030410051346 3901
1786498837498 3.717776373028755 3902
1786498840081 3.6967394202947617 3903
1786498842663 3.6648295670747757 3904
1786498845246 3.725943997502327 3905
1786498847830 3.676550880074501 3906
1786498850416 3.660154029726982 3907
1786498852999 3.6713573783636093 3908
1786498855584 3.60801862180233 3909
1786498858167 3.702892392873764 3910
1786498860749 3.780155688524246 3911
1786498863333 3.695529744029045 3912
1786498865916 3.6544943898916245 3913
1786498868499 3.7211481630802155 3914
1786498871080 3.739270880818367 3915
1786498873659 3.696506217122078 3916
1786498876237 3.664547771215439 3917
1786498878815 3.74373696744442 3918
1786498881394 3.7185912281274796 3919
1786498883972 3.708738774061203 3920
1786498886550 3.6702206432819366 3921
1786498889131 3.743816837668419 3922
1786498891713 3.666230395436287 3923
1786498894293 3.7424708008766174 3924
1786498896875 3.653965726494789 3925
1786498899455 3.6699364334344864 3926
1786498902035 3.675099641084671 3927
1786498904615 3.613333284854889 3928
1786498907196 3.7305401414632797 3929
1786498909778 3.6781466603279114 3930
1786498912359 3.7138790488243103 3931
1786498914942 3.709312155842781 3932
1786498917523 3.7450093626976013 3933
1786498920103 3.665193423628807 3934
1786498922683 3.6926723271608353 3935
1786498925264 3.7540624141693115 3936
1786498927846 3.7136679738759995 3937
1786498930430 3.7380283921957016 3938
1786498933013 3.7574664652347565 3939
1786498935595 3.7388901114463806 3940
1786498938177 3.7505593299865723 3941
1786498940761 3.672019213438034 3942
1786498943345 3.6609755009412766 3943
1786498945929 3.6994637101888657 3944
1786498948512 3.6821783035993576 3945
1786498951097 3.6658592969179153 3946
1786498953681 3.6690613478422165 3947
1786498956263 3.697327956557274 3948
1786498958847 3.6673156768083572 3949
1786498961431 3.7504347413778305 3950
1786498964015 3.661803647875786 3951
1786498966597 3.6625042259693146 3952
1786498969182 3.6000101268291473 3953
1786498971767 3.6695894300937653 3954
1786498974349 3.637729972600937 3955
1786498976948 3.658002659678459 3956
1786498979530 3.7105639427900314 3957
1786498982123 3.701417565345764 3958
1786498984714 3.712776094675064 3959
1786498987301 3.7142127454280853 3960
1786498989888 3.693228781223297 3961
1786498992473 3.714390441775322 3962
1786498995061 3.6809785664081573 3963
1786498997644 3.7145200073719025 3964
1786499000226 3.7624751180410385 3965
1786499002811 3.7181208729743958 3966
1786499005393 3.712182581424713 3967
1786499007975 3.692435994744301 3968
1786499010558 3.6679780036211014 3969
1786499013143 3.6846258491277695 3970
1786499015728 3.5843250900506973 3971
1786499018311 3.6508198976516724 3972
1786499020895 3.7144889533519745 3973
1786499023480 3.7164253890514374 3974
1786499026063 3.73938912153244 3975
1786499028647 3.744482308626175 3976
1786499031233 3.6505592316389084 3977
1786499033816 3.6778310239315033 3978
1786499036398 3.6596233248710632 3979
1786499038981 3.667211338877678 3980
1786499041563 3.829293981194496 3981
1786499044145 3.7295570969581604 3982
1786499046727 3.6918380558490753 3983
1786499049310 3.7026582956314087 3984
1786499051892 3.685015931725502 3985
1786499054477 3.7764241695404053 3986
1786499057058 3.6598120629787445 3987
1786499059642 3.6691006273031235 3988
1786499062232 3.6122967302799225 3989
1786499064818 3.649492993950844 3990
1786499067397 3.723827973008156 3991
1786499069975 3.7128067314624786 3992
1786499072552 3.772289976477623 3993
1786499075130 3.7637517154216766 3994
1786499077708 3.797681361436844 3995
1786499080286 3.7064080983400345 3996
1786499082863 3.640813574194908 3997
1786499085441 3.7166205793619156 3998
1786499088018 3.719575822353363 3999
1786499092950 3.659535303711891 4000
1786499095529 3.7323877662420273 4001
1786499098109 3.717515543103218 4002
1786499100688 3.7805249989032745 4003
1786499103267 3.748047098517418 4004
1786499105858 3.6729348599910736 4005
1786499108439 3.7017577290534973 4006
1786499111019 3.5977081954479218 4007
1786499113599 3.7112766057252884 4008
1786499116178 3.769201382994652 4009
1786499118759 3.6867857724428177 4010
1786499121338 3.6206416338682175 4011
1786499123918 3.623133599758148 4012
1786499126501 3.7793248295783997 4013
1786499129082 3.790172353386879 4014
1786499131662 3.6653329581022263 4015
1786499134242 3.73275463283062 4016
1786499136822 3.6500836312770844 4017
1786499139404 3.688768893480301 4018
1786499141983 3.756736069917679 4019
1786499144564 3.6113845109939575 4020
1786499147144 3.5806742757558823 4021
1786499149723 3.5964981019496918 4022
1786499152307 3.7238754332065582 4023
1786499154892 3.6865485161542892 4024
1786499157472 3.709393009543419 4025
1786499160054 3.658682629466057 4026
1786499162634 3.6942308843135834 4027
1786499165214 3.653279736638069 4028
1786499167793 3.7344063818454742 4029
1786499170372 3.717611700296402 4030
1786499172952 3.770733118057251 4031
1786499175532 3.7416937351226807 4032
1786499178112 3.746051475405693 4033
1786499180692 3.712436765432358 4034
1786499183273 3.703164577484131 4035
1786499185853 3.691459357738495 4036
1786499188434 3.674906700849533 4037
1786499191015 3.781880170106888 4038
1786499193599 3.707902893424034 4039
1786499196179 3.741736277937889 4040
1786499198759 3.6202411502599716 4041
1786499201339 3.64059716463089 4042
1786499203919 3.710585504770279 4043
1786499206499 3.7384137511253357 4044
1786499209082 3.66522079706192 4045
1786499211663 3.7091751247644424 4046
1786499214243 3.730342850089073 4047
1786499216822 3.693474233150482 4048
1786499219404 3.7323265075683594 4049
1786499221984 3.7125859409570694 4050
1786499224566 3.682899296283722 4051
1786499227148 3.662057861685753 4052
1786499229730 3.662427857518196 4053
1786499232310 3.7405893951654434 4054
1786499234896 3.689939394593239 4055
1786499237484 3.6888111233711243 4056
1786499240073 3.666856348514557 4057
1786499242661 3.76235631108284 4058
1786499245249 3.65570729970932 4059
1786499247836 3.6769988536834717 4060
1786499250425 3.6548692882061005 4061
1786499253010 3.73733888566494 4062
1786499255595 3.7257424890995026 4063
1786499258184 3.651554599404335 4064
1786499260772 3.7274304628372192 4065
1786499263359 3.728092536330223 4066
1786499265946 3.7783364802598953 4067
1786499268533 3.746586859226227 4068
1786499271121 3.7747912853956223 4069
1786499273703 3.7230817526578903 4070
1786499276284 3.661259636282921 4071
1786499278866 3.717993378639221 4072
1786499281451 3.6381436586380005 4073
1786499284031 3.8005151599645615 4074
1786499286612 3.740366145968437 4075
1786499289192 3.623686596751213 4076
1786499291773 3.673431769013405 4077
1786499294355 3.698015794157982 4078
1786499296936 3.715478330850601 4079
1786499299517 3.7238630205392838 4080
1786499302097 3.616271957755089 4081
1786499304678 3.752089962363243 4082
1786499307259 3.698866084218025 4083
1786499309840 3.7251405715942383 4084
1786499312421 3.71230249106884 4085
1786499315005 3.6288952380418777 4086
1786499317589 3.660639315843582 4087
1786499320173 3.681679829955101 4088
1786499322757 3.6106238812208176 4089
1786499325340 3.7455041110515594 4090
1786499327921 3.6839846670627594 4091
1786499330501 3.78470815718174 4092
1786499333084 3.7488948702812195 4093
1786499335665 3.6490665525197983 4094
1786499338245 3.6189632564783096 4095
1786499340827 3.7655885368585587 4096
1786499343407 3.6815601587295532 4097
1786499345989 3.741246923804283 4098
1786499348570 3.6991830468177795 4099
1786499351152 3.74620121717453 4100
1786499353733 3.7046627700328827 4101
1786499356314 3.7434111833572388 4102
1786499358895 3.758555367588997 4103
1786499361474 3.6794933825731277 4104
1786499364055 3.7617237120866776 4105
1786499366636 3.7651944905519485 4106
1786499369217 3.6590099334716797 4107
1786499371799 3.7461413592100143 4108
1786499374380 3.7024090737104416 4109
1786499376963 3.753354176878929 4110
1786499379544 3.629341259598732 4111
1786499382127 3.7432543337345123 4112
1786499384707 3.6603762805461884 4113
1786499387289 3.694678232073784 4114
1786499389874 3.643587827682495 4115
1786499392457 3.6822635531425476 4116
1786499395039 3.8248483389616013 4117
1786499397621 3.7104700207710266 4118
1786499400203 3.688699021935463 4119
1786499402784 3.6585912108421326 4120
1786499405365 3.687852844595909 4121
1786499407947 3.6925812512636185 4122
1786499410530 3.674152195453644 4123
1786499413111 3.7646351903676987 4124
1786499415693 3.7404448986053467 4125
1786499418273 3.66358682513237 4126
1786499420854 3.692308694124222 4127
1786499423434 3.639462247490883 4128
1786499426014 3.6614178717136383 4129
1786499428595 3.711694523692131 4130
1786499431176 3.761885479092598 4131
1786499433759 3.578871935606003 4132
1786499436340 3.718057081103325 4133
1786499438920 3.6614510267972946 4134
1786499441500 3.7177933901548386 4135
1786499444080 3.7861240059137344 4136
1786499446660 3.6876637041568756 4137
1786499449239 3.6922886073589325 4138
1786499451821 3.6893562972545624 4139
1786499454401 3.666666403412819 4140
1786499456983 3.6018654108047485 4141
1786499459563 3.6966441869735718 4142
1786499462142 3.76236554980278 4143
1786499464722 3.6619714349508286 4144
1786499467302 3.686500132083893 4145
1786499469881 3.6772679835557938 4146
1786499472465 3.7350874096155167 4147
1786499475047 3.762051045894623 4148
1786499477627 3.69101619720459 4149
1786499480207 3.6730018705129623 4150
1786499482787 3.7324640303850174 4151
1786499485366 3.6527172327041626 4152
1786499487957 3.6764720678329468 4153
1786499490537 3.6294208019971848 4154
1786499493119 3.57609923183918 4155
1786499495705 3.684736520051956 4156
1786499498286 3.692576453089714 4157
1786499500867 3.7045822888612747 4158
1786499503448 3.707028716802597 4159
1786499506028 3.7282709926366806 4160
1786499508609 3.7751367539167404 4161
1786499511196 3.7152689397335052 4162
1786499513783 3.6962692588567734 4163
1786499516366 3.662936493754387 4164
1786499518957 3.626741662621498 4165
1786499521538 3.7397958040237427 4166
1786499524118 3.6759599298238754 4167
1786499526699 3.651162177324295 4168
1786499529283 3.633242279291153 4169
1786499531866 3.6966459453105927 4170
1786499534446 3.6597129106521606 4171
1786499537027 3.7549785375595093 4172
1786499539607 3.7125401198863983 4173
1786499542187 3.7030947655439377 4174
1786499544768 3.6028433740139008 4175
1786499547348 3.620462477207184 4176
1786499549928 3.7114510536193848 4177
1786499552510 3.611504450440407 4178
1786499555090 3.6388774067163467 4179
1786499557669 3.737056687474251 4180
1786499560249 3.6789105981588364 4181
1786499562830 3.7047480791807175 4182
1786499565412 3.736888110637665 4183
1786499567993 3.7250830829143524 4184
1786499570573 3.7265157997608185 4185
1786499573157 3.738701805472374 4186
1786499575739 3.694729208946228 4187
1786499578319 3.743488535284996 4188
1786499580900 3.749673306941986 4189
1786499583480 3.713264748454094 4190
1786499586064 3.709853023290634 4191
1786499588644 3.632598802447319 4192
1786499591224 3.7183642089366913 4193
1786499593805 3.7065257132053375 4194
1786499596386 3.6474920958280563 4195
1786499598966 3.6817013919353485 4196
1786499601546 3.6771555989980698 4197
1786499604127 3.7289823442697525 4198
1786499606707 3.6164276003837585 4199
1786499609287 3.7263362258672714 4200
1786499611868 3.624728485941887 4201
1786499614448 3.6572026908397675 4202
1786499617029 3.723951533436775 4203
1786499619610 3.5472069084644318 4204
1786499622190 3.7179345935583115 4205
1786499624771 3.710150867700577 4206
1786499627351 3.712373226881027 4207
1786499629931 3.7379711270332336 4208
1786499632517 3.720923990011215 4209
1786499635098 3.7489721179008484 4210
1786499637683 3.7354717552661896 4211
1786499640263 3.6509364545345306 4212
1786499642844 3.7070275098085403 4213
1786499645425 3.6405094265937805 4214
1786499648010 3.662728041410446 4215
1786499650596 3.7311500906944275 4216
1786499653180 3.7938390970230103 4217
1786499655760 3.788279503583908 4218
1786499658341 3.78475584089756 4219
1786499660921 3.5934188067913055 4220
1786499663502 3.68886961042881 4221
1786499666082 3.661582887172699 4222
1786499668662 3.644536241889 4223
1786499671243 3.6541271805763245 4224
1786499673823 3.626280337572098 4225
1786499676405 3.7230098843574524 4226
1786499678986 3.703926667571068 4227
1786499681566 3.6291398406028748 4228
1786499684147 3.720085397362709 4229
1786499686728 3.677985191345215 4230
1786499689308 3.5964773893356323 4231
1786499691889 3.689349263906479 4232
1786499694471 3.7008142918348312 4233
1786499697056 3.6468392461538315 4234
1786499699640 3.6373662501573563 4235
1786499702220 3.7014960944652557 4236
1786499704801 3.7200308740139008 4237
1786499707382 3.6738480776548386 4238
1786499709963 3.657922849059105 4239
1786499712545 3.7098376899957657 4240
1786499715126 3.766846999526024 4241
1786499717708 3.6874738335609436 4242
1786499720288 3.6510256975889206 4243
1786499722869 3.65655317902565 4244
1786499725449 3.686660647392273 4245
1786499728030 3.7489825934171677 4246
1786499730610 3.7274056673049927 4247
1786499733191 3.7675214409828186 4248
1786499735772 3.6822719424962997 4249
1786499738352 3.701863467693329 4250
1786499740932 3.7282541394233704 4251
1786499743512 3.6842981725931168 4252
1786499746092 3.6630766540765762 4253
1786499748673 3.5834446251392365 4254
1786499751255 3.759137347340584 4255
1786499753835 3.679318383336067 4256
1786499756416 3.6493638306856155 4257
1786499758997 3.6959662288427353 4258
1786499761578 3.636798173189163 4259
1786499764163 3.6876984983682632 4260
1786499766744 3.659262701869011 4261
1786499769328 3.724774479866028 4262
1786499771908 3.6836479902267456 4263
1786499774489 3.734160676598549 4264
1786499777070 3.699036732316017 4265
1786499779652 3.677480235695839 4266
1786499782234 3.716597020626068 4267
1786499784815 3.644124820828438 4268
1786499787396 3.708575427532196 4269
1786499789976 3.70600126683712 4270
1786499792556 3.7468995302915573 4271
1786499795135 3.770628973841667 4272
1786499797715 3.6980451941490173 4273
1786499800295 3.694146081805229 4274
1786499802876 3.6636406779289246 4275
1786499805456 3.714400500059128 4276
1786499808037 3.7057122737169266 4277
1786499810621 3.7435144186019897 4278
1786499813210 3.7071322053670883 4279
1786499815804 3.676536902785301 4280
1786499818386 3.74558188021183 4281
1786499820967 3.7210927307605743 4282
1786499823548 3.7062417715787888 4283
1786499826129 3.630541905760765 4284
1786499828709 3.636486276984215 4285
1786499831290 3.6418942362070084 4286
1786499833872 3.6968874037265778 4287
1786499836453 3.6743382662534714 4288
1786499839033 3.703282743692398 4289
1786499841613 3.6859747916460037 4290
1786499844196 3.6974221616983414 4291
1786499846783 3.7045085579156876 4292
1786499849376 3.7515487670898438 4293
1786499851970 3.744917616248131 4294
1786499854554 3.704475983977318 4295
1786499857136 3.7383500039577484 4296
1786499859717 3.653922736644745 4297
1786499862297 3.697469338774681 4298
1786499864877 3.6639917194843292 4299
1786499867457 3.7171100229024887 4300
1786499870041 3.7296605110168457 4301
1786499872629 3.768486797809601 4302
1786499875214 3.751996874809265 4303
1786499877796 3.6398419737815857 4304
1786499880377 3.628552868962288 4305
1786499882958 3.6408588588237762 4306
1786499885540 3.6771325320005417 4307
1786499888121 3.697532370686531 4308
1786499890702 3.6993151009082794 4309
1786499893284 3.667061299085617 4310
1786499895866 3.6242194920778275 4311
1786499898448 3.5945810824632645 4312
1786499901030 3.717654749751091 4313
1786499903613 3.5636585354804993 4314
1786499906194 3.6466093361377716 4315
1786499908776 3.721516266465187 4316
1786499911361 3.6445979475975037 4317
1786499913944 3.62860544025898 4318
1786499916524 3.716258466243744 4319
1786499919105 3.690704569220543 4320
1786499921686 3.7224522829055786 4321
1786499924268 3.5835341811180115 4322
1786499926848 3.7165455371141434 4323
1786499929428 3.691170811653137 4324
1786499932010 3.7620877474546432 4325
1786499934594 3.659306675195694 4326
1786499937174 3.6424400210380554 4327
1786499939757 3.694862186908722 4328
1786499942339 3.7069078385829926 4329
1786499944921 3.650551602244377 4330
1786499947505 3.7136978954076767 4331
1786499950086 3.7215490639209747 4332
1786499952670 3.6676668375730515 4333
1786499955254 3.6914696991443634 4334
1786499957836 3.6761438101530075 4335
1786499960417 3.627955377101898 4336
1786499962998 3.6383509188890457 4337
1786499965580 3.773820236325264 4338
1786499968161 3.6294779777526855 4339
1786499970743 3.65392929315567 4340
1786499973330 3.6497336626052856 4341
1786499975915 3.720512732863426 4342
1786499978498 3.682087481021881 4343
1786499981080 3.7078518718481064 4344
1786499983662 3.7497177720069885 4345
1786499986244 3.6730278730392456 4346
1786499988825 3.6211226284503937 4347
1786499991406 3.6133799701929092 4348
1786499993989 3.7442996948957443 4349
1786499996571 3.6028441041707993 4350
1786499999152 3.6896205842494965 4351
1786500001733 3.75570547580719 4352
1786500004317 3.6994842290878296 4353
1786500006907 3.6523075252771378 4354
1786500009488 3.674732118844986 4355
1786500012072 3.765855312347412 4356
1786500014653 3.75304414331913 4357
1786500017233 3.613096222281456 4358
1786500019814 3.643378973007202 4359
1786500022395 3.7403178066015244 4360
1786500024975 3.719486355781555 4361
1786500027556 3.6534815281629562 4362
1786500030136 3.6955301612615585 4363
1786500032718 3.6549106389284134 4364
1786500035298 3.6830573976039886 4365
1786500037878 3.7128687500953674 4366
1786500040458 3.7069510370492935 4367
1786500043039 3.6468111276626587 4368
1786500045621 3.698928952217102 4369
1786500048201 3.5920685827732086 4370
1786500050782 3.632161244750023 4371
1786500053361 3.634751185774803 4372
1786500055936 3.6092239916324615 4373
1786500058518 3.605092942714691 4374
1786500061100 3.674024775624275 4375
1786500063687 3.6158043295145035 4376
1786500066270 3.667475610971451 4377
1786500068852 3.75028058886528 4378
1786500071433 3.68540820479393 4379
1786500074015 3.6703845262527466 4380
1786500076597 3.6683696806430817 4381
1786500079179 3.7328813523054123 4382
1786500081759 3.6658859997987747 4383
1786500084340 3.5749017745256424 4384
1786500086922 3.6973449140787125 4385
1786500089502 3.610981285572052 4386
1786500092083 3.5855258852243423 4387
1786500094665 3.601165249943733 4388
1786500097245 3.640015944838524 4389
1786500099827 3.6988286674022675 4390
1786500102408 3.690739408135414 4391
1786500104989 3.5784905403852463 4392
1786500107570 3.6996032744646072 4393
1786500110154 3.730007380247116 4394
1786500112738 3.702321320772171 4395
1786500115318 3.710659980773926 4396
1786500117898 3.7234071493148804 4397
1786500120478 3.734922870993614 4398
1786500123058 3.6654211282730103 4399
1786500125637 3.6354790925979614 4400
1786500128217 3.7118313163518906 4401
1786500130798 3.6988515406847 4402
1786500133379 3.642360031604767 4403
1786500135963 3.6531219631433487 4404
1786500138547 3.6831300109624863 4405
1786500141132 3.678634852170944 4406
1786500143723 3.596493899822235 4407
1786500146314 3.6644456684589386 4408
1786500148898 3.643267184495926 4409
1786500151482 3.7989768385887146 4410
1786500154064 3.6436740159988403 4411
1786500156646 3.6779092848300934 4412
1786500159228 3.7222978472709656 4413
1786500161808 3.58069409430027 4414
1786500164388 3.6574123054742813 4415
1786500166968 3.7583155632019043 4416
1786500169548 3.6553406417369843 4417
1786500172133 3.7300595343112946 4418
1786500174713 3.6714346557855606 4419
1786500177297 3.6349336206912994 4420
1786500179882 3.6014566868543625 4421
1786500182466 3.6164706498384476 4422
1786500185047 3.634828746318817 4423
1786500187628 3.7008563429117203 4424
1786500190208 3.6785509884357452 4425
1786500192793 3.6410076916217804 4426
1786500195376 3.7208330631256104 4427
1786500197958 3.683393582701683 4428
1786500200540 3.72020223736763 4429
1786500203120 3.654210165143013 4430
1786500205700 3.676798537373543 4431
1786500208281 3.6266236007213593 4432
1786500210860 3.675452411174774 4433
1786500213441 3.646874874830246 4434
1786500216023 3.57803638279438 4435
1786500218605 3.6851585656404495 4436
1786500221188 3.713706538081169 4437
1786500223770 3.5831246376037598 4438
1786500226351 3.591398671269417 4439
1786500228933 3.623574212193489 4440
1786500231514 3.6367874145507812 4441
1786500234097 3.69745996594429 4442
1786500236679 3.6700195223093033 4443
1786500239262 3.63452085852623 4444
1786500241846 3.5523929446935654 4445
1786500244428 3.6439831852912903 4446
1786500247010 3.6758111715316772 4447
1786500249592 3.5157615393400192 4448
1786500252174 3.595048353075981 4449
1786500254756 3.654771640896797 4450
1786500257339 3.6346757858991623 4451
1786500259920 3.6008562594652176 4452
1786500262502 3.634508177638054 4453
1786500265084 3.73442280292511 4454
1786500267666 3.6899901181459427 4455
1786500270247 3.6130282133817673 4456
1786500272830 3.64800126850605 4457
1786500275411 3.666082575917244 4458
1786500277993 3.609944686293602 4459
1786500280573 3.6194458454847336 4460
1786500283156 3.667886435985565 4461
1786500285739 3.737528532743454 4462
1786500288320 3.6923778504133224 4463
1786500290900 3.659855902194977 4464
1786500293481 3.5909175276756287 4465
1786500296062 3.6489405184984207 4466
1786500298643 3.5979016572237015 4467
1786500301233 3.695314481854439 4468
1786500303825 3.7154669165611267 4469
1786500306418 3.760128542780876 4470
1786500309010 3.700518101453781 4471
1786500311602 3.6220006495714188 4472
1786500314195 3.718527913093567 4473
1786500316787 3.6101591736078262 4474
1786500319378 3.5759737491607666 4475
1786500321970 3.6587789803743362 4476
1786500324561 3.635188937187195 4477
1786500327153 3.667106717824936 4478
1786500329745 3.7117209881544113 4479
1786500332327 3.7009671479463577 4480
1786500334915 3.716166004538536 4481
1786500337500 3.6163118332624435 4482
1786500340082 3.6773475408554077 4483
1786500342671 3.6872578561306 4484
1786500345254 3.6514022946357727 4485
1786500347836 3.647443249821663 4486
1786500350420 3.686903402209282 4487
1786500353011 3.6625566631555557 4488
1786500355602 3.7253490686416626 4489
1786500358193 3.650734528899193 4490
1786500360784 3.685000315308571 4491
1786500363374 3.6545730531215668 4492
1786500365961 3.566298171877861 4493
1786500368548 3.71296688914299 4494
1786500371141 3.6485238522291183 4495
1786500373734 3.6538542360067368 4496
1786500376325 3.699916124343872 4497
1786500378915 3.604474574327469 4498
1786500381496 3.717498302459717 4499
1786500385476 3.6436216682195663 4500
1786500388058 3.681662529706955 4501
1786500390641 3.7155387103557587 4502
1786500393224 3.623685657978058 4503
1786500395807 3.714563488960266 4504
1786500398390 3.692911818623543 4505
1786500400972 3.6296251863241196 4506
1786500403553 3.5479319244623184 4507
1786500406135 3.650033578276634 4508
1786500408715 3.671564608812332 4509
1786500411300 3.677552029490471 4510
1786500413890 3.6441176682710648 4511
1786500416484 3.700185328722 4512
1786500419065 3.7148261964321136 4513
1786500421642 3.5597320795059204 4514
1786500424219 3.6590928733348846 4515
1786500426796 3.6793912798166275 4516
1786500429372 3.6155781596899033 4517
1786500431956 3.7044138312339783 4518
1786500434532 3.6365345865488052 4519
1786500437109 3.6520271748304367 4520
1786500439684 3.6411382406949997 4521
1786500442264 3.7195500135421753 4522
1786500444840 3.539427027106285 4523
1786500447417 3.670066997408867 4524
1786500449993 3.666730299592018 4525
1786500452570 3.6074817180633545 4526
1786500455146 3.6861858814954758 4527
1786500457723 3.644743651151657 4528
1786500460301 3.6488088220357895 4529
1786500462883 3.6578015834093094 4530
1786500465465 3.6793429106473923 4531
1786500468048 3.659275308251381 4532
1786500470632 3.687380000948906 4533
1786500473216 3.653046727180481 4534
1786500475797 3.668946251273155 4535
1786500478378 3.6339233070611954 4536
1786500480959 3.5815865248441696 4537
1786500483542 3.690622940659523 4538
1786500486125 3.6758578717708588 4539
1786500488709 3.6241449117660522 4540
1786500491294 3.6672760993242264 4541
1786500493875 3.609828472137451 4542
1786500496458 3.700286090373993 4543
1786500499040 3.674848347902298 4544
1786500501622 3.706239640712738 4545
1786500504205 3.691546693444252 4546
1786500506788 3.6907872706651688 4547
1786500509370 3.6835314482450485 4548
1786500511952 3.7030019313097 4549
1786500514533 3.6734197586774826 4550
1786500517115 3.6792522817850113 4551
1786500519696 3.65835964679718 4552
1786500522277 3.5914881825447083 4553
1786500524856 3.6857450008392334 4554
1786500527436 3.7043426483869553 4555
1786500530016 3.6750756055116653 4556
1786500532601 3.5834726989269257 4557
1786500535182 3.738855093717575 4558
1786500537766 3.6299548000097275 4559
1786500540347 3.6052479296922684 4560
1786500542927 3.7097418010234833 4561
1786500545508 3.6878957599401474 4562
1786500548087 3.65101358294487 4563
1786500550666 3.648305505514145 4564
1786500553246 3.661302015185356 4565
1786500555827 3.675348922610283 4566
1786500558407 3.727158799767494 4567
1786500560989 3.602372795343399 4568
1786500563570 3.6813410818576813 4569
1786500566150 3.588102027773857 4570
1786500568729 3.7646181881427765 4571
1786500571310 3.7551464289426804 4572
1786500573890 3.646817147731781 4573
1786500576469 3.6415391862392426 4574
1786500579052 3.6171900033950806 4575
1786500581634 3.692682608962059 4576
1786500584214 3.680265486240387 4577
1786500586793 3.6660028994083405 4578
1786500589372 3.753933370113373 4579
1786500591956 3.6747251600027084 4580
1786500594544 3.594382420182228 4581
1786500597134 3.6176137775182724 4582
1786500599718 3.691790983080864 4583
1786500602302 3.6552641093730927 4584
1786500604886 3.6167140305042267 4585
1786500607471 3.755566895008087 4586
1786500610055 3.646834373474121 4587
1786500612641 3.5678578168153763 4588
1786500615225 3.6805038899183273 4589
1786500617808 3.707744851708412 4590
1786500620392 3.6080474257469177 4591
1786500622974 3.6718386858701706 4592
1786500625555 3.701757788658142 4593
1786500628137 3.704522654414177 4594
1786500630718 3.7009834349155426 4595
1786500633299 3.7039214819669724 4596
1786500635881 3.5990467369556427 4597
1786500638463 3.671734571456909 4598
1786500641045 3.6388051956892014 4599
1786500643627 3.6510875523090363 4600
1786500646212 3.660943791270256 4601
1786500648795 3.604563057422638 4602
1786500651378 3.668396756052971 4603
1786500653959 3.566901072859764 4604
1786500656540 3.544151559472084 4605
1786500659122 3.6711298525333405 4606
1786500661704 3.570637598633766 4607
1786500664287 3.6827746629714966 4608
1786500666869 3.7410609871149063 4609
1786500669451 3.697103515267372 4610
1786500672035 3.66356760263443 4611
1786500674617 3.5246084183454514 4612
1786500677198 3.6639198809862137 4613
1786500679779 3.7168198078870773 4614
1786500682361 3.6499471068382263 4615
1786500684943 3.629919409751892 4616
1786500687526 3.675605431199074 4617
1786500690108 3.735806956887245 4618
1786500692690 3.565555453300476 4619
1786500695272 3.591627284884453 4620
1786500697855 3.6142828911542892 4621
1786500700437 3.71874463558197 4622
1786500703019 3.6876626163721085 4623
1786500705600 3.7473529428243637 4624
1786500708180 3.665534257888794 4625
1786500710764 3.6212752908468246 4626
1786500713351 3.6997691839933395 4627
1786500715932 3.642431765794754 4628
1786500718516 3.6677812039852142 4629
1786500721100 3.5711671710014343 4630
1786500723682 3.6593432873487473 4631
1786500726265 3.7006146162748337 4632
1786500728848 3.6723448634147644 4633
1786500731432 3.5597390830516815 4634
1786500734019 3.6292547434568405 4635
1786500736601 3.700517401099205 4636
1786500739184 3.6212185323238373 4637
1786500741767 3.64007106423378 4638
1786500744351 3.661370038986206 4639
1786500746934 3.6393214762210846 4640
1786500749517 3.6722044497728348 4641
1786500752099 3.6842030435800552 4642
1786500754681 3.708901435136795 4643
1786500757263 3.717582628130913 4644
1786500759847 3.7000938951969147 4645
1786500762434 3.6065673530101776 4646
1786500765019 3.6411150246858597 4647
1786500767603 3.65278497338295 4648
1786500770188 3.5828697681427 4649
1786500772768 3.6791341304779053 4650
1786500775353 3.702057421207428 4651
1786500777935 3.732525497674942 4652
1786500780516 3.780077338218689 4653
1786500783098 3.6417020559310913 4654
1786500785681 3.658917114138603 4655
1786500788264 3.5624057799577713 4656
1786500790849 3.5697572827339172 4657
1786500793431 3.6319907903671265 4658
1786500796011 3.559402123093605 4659
1786500798593 3.6043550074100494 4660
1786500801176 3.6823584139347076 4661
1786500803758 3.6488952934741974 4662
1786500806342 3.574503406882286 4663
1786500808925 3.603038802742958 4664
1786500811508 3.6790937334299088 4665
1786500814091 3.63223634660244 4666
1786500816673 3.6343008875846863 4667
1786500819254 3.641952708363533 4668
1786500821835 3.611246794462204 4669
1786500824418 3.5566519796848297 4670
1786500827001 3.621744677424431 4671
1786500829583 3.610779494047165 4672
1786500832166 3.740911841392517 4673
1786500834750 3.6450880467891693 4674
1786500837333 3.6927223056554794 4675
1786500839916 3.713604509830475 4676
1786500842499 3.589416652917862 4677
1786500845081 3.5867944061756134 4678
1786500847666 3.636321648955345 4679
1786500850249 3.6569884419441223 4680
1786500852831 3.694984585046768 4681
1786500855414 3.676709473133087 4682
1786500857996 3.7025357633829117 4683
1786500860580 3.6596142798662186 4684
1786500863163 3.6739192605018616 4685
1786500865747 3.6228508204221725 4686
1786500868330 3.6131429076194763 4687
1786500870913 3.6741279512643814 4688
1786500873494 3.6671160459518433 4689
1786500876075 3.575616106390953 4690
1786500878657 3.61748106777668 4691
1786500881242 3.6406683176755905 4692
1786500883825 3.64261656999588 4693
1786500886407 3.62300606071949 4694
1786500888989 3.6241828352212906 4695
1786500891575 3.5986628383398056 4696
1786500894162 3.6071682572364807 4697
1786500896747 3.6793174892663956 4698
1786500899330 3.6098379492759705 4699
1786500901912 3.6104665994644165 4700
1786500904496 3.674977630376816 4701
1786500907090 3.715567007660866 4702
1786500909671 3.708884969353676 4703
1786500912254 3.656345769762993 4704
1786500914836 3.668839231133461 4705
1786500917419 3.641936719417572 4706
1786500920002 3.640548661351204 4707
1786500922589 3.616366446018219 4708
1786500925172 3.679112046957016 4709
1786500927754 3.6725383549928665 4710
1786500930338 3.595884308218956 4711
1786500932926 3.783492788672447 4712
1786500935510 3.6576427668333054 4713
1786500938094 3.653423488140106 4714
1786500940672 3.640312999486923 4715
1786500943248 3.704671695828438 4716
1786500945826 3.6533124446868896 4717
1786500948403 3.6687381714582443 4718
1786500950980 3.6146925389766693 4719
1786500953560 3.675180733203888 4720
1786500956139 3.6670993119478226 4721
1786500958716 3.6756649911403656 4722
1786500961294 3.6869115829467773 4723
1786500963877 3.6621673852205276 4724
1786500966455 3.630296692252159 4725
1786500969035 3.66312438249588 4726
1786500971618 3.6479240506887436 4727
1786500974205 3.654387429356575 4728
1786500976787 3.6371419578790665 4729
1786500979369 3.5805163383483887 4730
1786500981951 3.6052851378917694 4731
1786500984533 3.6825123578310013 4732
1786500987115 3.6235726475715637 4733
1786500989696 3.66217178106308 4734
1786500992277 3.6400440633296967 4735
1786500994859 3.5903974026441574 4736
1786500997441 3.6916840225458145 4737
1786501000022 3.738790526986122 4738
1786501002605 3.605475500226021 4739
1786501005186 3.539772093296051 4740
1786501007767 3.729597508907318 4741
1786501010350 3.693338915705681 4742
1786501012932 3.646400958299637 4743
1786501015509 3.6387970000505447 4744
1786501018090 3.6777965277433395 4745
1786501020671 3.6502340137958527 4746
1786501023254 3.6278633028268814 4747
1786501025835 3.60042642056942 4748
1786501028417 3.7151400595903397 4749
1786501030999 3.5943174958229065 4750
1786501033580 3.74642413854599 4751
1786501036162 3.6269276589155197 4752
1786501038743 3.657294973731041 4753
1786501041323 3.6973073333501816 4754
1786501043905 3.6301010698080063 4755
1786501046486 3.653948277235031 4756
1786501049067 3.6135875433683395 4757
1786501051648 3.6295029371976852 4758
1786501054229 3.651944875717163 4759
1786501056810 3.65950183570385 4760
1786501059392 3.6018700152635574 4761
1786501061975 3.5985573530197144 4762
1786501064556 3.6120971590280533 4763
1786501067139 3.56976155936718 4764
1786501069722 3.630508929491043 4765
1786501072306 3.6664229035377502 4766
1786501074888 3.6130729019641876 4767
1786501077472 3.6229360699653625 4768
1786501080058 3.5151609778404236 4769
1786501082643 3.66307033598423 4770
1786501085229 3.617277279496193 4771
1786501087814 3.671232044696808 4772
1786501090396 3.619808778166771 4773
1786501092980 3.7217771112918854 4774
1786501095566 3.629282459616661 4775
1786501098147 3.763477608561516 4776
1786501100727 3.5657648146152496 4777
1786501103309 3.693981871008873 4778
1786501105890 3.67559452354908 4779
1786501108472 3.574441507458687 4780
1786501111053 3.6148815751075745 4781
1786501113634 3.6868974715471268 4782
1786501116217 3.5738095492124557 4783
1786501118798 3.632401406764984 4784
1786501121380 3.732286587357521 4785
1786501123961 3.638381466269493 4786
1786501126542 3.652136266231537 4787
1786501129125 3.625300407409668 4788
1786501131706 3.693578779697418 4789
1786501134287 3.6823064237833023 4790
1786501136868 3.6460621505975723 4791
1786501139449 3.6744380593299866 4792
1786501142030 3.588329315185547 4793
1786501144611 3.6225239485502243 4794
1786501147192 3.6073704957962036 4795
1786501149773 3.620296433568001 4796
1786501152355 3.6651173681020737 4797
1786501154941 3.5838164687156677 4798
1786501157524 3.5890138745307922 4799
1786501160108 3.6165676414966583 4800
1786501162690 3.7158976197242737 4801
1786501165272 3.5967098772525787 4802
1786501167854 3.672342970967293 4803
1786501170439 3.6652804911136627 4804
1786501173023 3.6470838636159897 4805
1786501175607 3.5752772092819214 4806
1786501178190 3.714882329106331 4807
1786501180774 3.648089215159416 4808
1786501183357 3.6120864003896713 4809
1786501185938 3.576520085334778 4810
1786501188520 3.5728010684251785 4811
1786501191104 3.60511314868927 4812
1786501193689 3.604175552725792 4813
1786501196274 3.608527362346649 4814
1786501198856 3.6664396077394485 4815
1786501201440 3.539915904402733 4816
1786501204023 3.535719707608223 4817
1786501206605 3.6868892461061478 4818
1786501209189 3.599543273448944 4819
1786501211772 3.5381732285022736 4820
1786501214355 3.605833575129509 4821
1786501216938 3.6705758422613144 4822
1786501219523 3.6869793236255646 4823
1786501222106 3.599978193640709 4824
1786501224687 3.6532653868198395 4825
1786501227275 3.5696888864040375 4826
1786501229858 3.7578492909669876 4827
1786501232440 3.579568490386009 4828
1786501235022 3.630010560154915 4829
1786501237604 3.6783078610897064 4830
1786501240187 3.644289255142212 4831
1786501242772 3.5679589062929153 4832
1786501245353 3.5963406562805176 4833
1786501247936 3.640447661280632 4834
1786501250517 3.622358098626137 4835
1786501253099 3.7164693474769592 4836
1786501255680 3.6271124184131622 4837
1786501258263 3.619860291481018 4838
1786501260844 3.700942561030388 4839
1786501263428 3.645610421895981 4840
1786501266011 3.5525953620672226 4841
1786501268593 3.60764841735363 4842
1786501271174 3.708126962184906 4843
1786501273757 3.6564538180828094 4844
1786501276339 3.632254794239998 4845
1786501278921 3.7424196302890778 4846
1786501281502 3.646795928478241 4847
1786501284084 3.6009439826011658 4848
1786501286669 3.624777168035507 4849
1786501289251 3.693603739142418 4850
1786501291829 3.641835868358612 4851
1786501294410 3.5759156942367554 4852
1786501296995 3.6207235157489777 4853
1786501299579 3.6126853674650192 4854
1786501302160 3.57136894762516 4855
1786501304741 3.6476359516382217 4856
1786501307324 3.6412488222122192 4857
1786501309908 3.627377927303314 4858
1786501312492 3.7048205584287643 4859
1786501315075 3.585347682237625 4860
1786501317662 3.6914284378290176 4861
1786501320243 3.6581705510616302 4862
1786501322821 3.583984836935997 4863
1786501325401 3.5826868265867233 4864
1786501327979 3.654835045337677 4865
1786501330557 3.6887235790491104 4866
1786501333135 3.6474163234233856 4867
1786501335712 3.6804706007242203 4868
1786501338289 3.6120558083057404 4869
1786501340868 3.6538055688142776 4870
1786501343452 3.6238307505846024 4871
1786501346039 3.539636269211769 4872
1786501348622 3.5839751809835434 4873
1786501351204 3.6676033437252045 4874
1786501353789 3.653466150164604 4875
1786501356372 3.6189680248498917 4876
1786501358956 3.6200072169303894 4877
1786501361538 3.657032310962677 4878
1786501364122 3.685645893216133 4879
1786501366705 3.632306858897209 4880
1786501369289 3.61353899538517 4881
1786501371870 3.6466537415981293 4882
1786501374449 3.6686480045318604 4883
1786501377026 3.5779474526643753 4884
1786501379602 3.631011337041855 4885
1786501382178 3.6736220717430115 4886
1786501384755 3.6546812653541565 4887
1786501387335 3.5999127626419067 4888
1786501389916 3.696783885359764 4889
1786501392496 3.673288717865944 4890
1786501395075 3.5654991418123245 4891
1786501397656 3.566328927874565 4892
1786501400237 3.6025626361370087 4893
1786501402817 3.6430377662181854 4894
1786501405398 3.6312771439552307 4895
1786501407979 3.6226125061511993 4896
1786501410559 3.643184259533882 4897
1786501413140 3.6103028506040573 4898
1786501415721 3.592765972018242 4899
1786501418302 3.6623907685279846 4900
1786501420885 3.6212503761053085 4901
1786501423468 3.6174632608890533 4902
1786501426051 3.648322209715843 4903
1786501428634 3.654037892818451 4904
1786501431216 3.5728370994329453 4905
1786501433797 3.539847418665886 4906
1786501436377 3.602231666445732 4907
1786501438958 3.698972314596176 4908
1786501441539 3.609985888004303 4909
1786501444119 3.6763112992048264 4910
1786501446700 3.6465204805135727 4911
1786501449282 3.6097336560487747 4912
1786501451863 3.6282906234264374 4913
1786501454444 3.640744164586067 4914
1786501457030 3.668173849582672 4915
1786501459612 3.6229761987924576 4916
1786501462192 3.608845293521881 4917
1786501464773 3.6175034195184708 4918
1786501467355 3.5039036720991135 4919
1786501469945 3.6400307565927505 4920
1786501472534 3.678527355194092 4921
1786501475124 3.6637920439243317 4922
1786501477710 3.6563301384449005 4923
1786501480293 3.6627788841724396 4924
1786501482876 3.615529775619507 4925
1786501485460 3.682851940393448 4926
1786501488043 3.6385921090841293 4927
1786501490626 3.6132273077964783 4928
1786501493209 3.6977321058511734 4929
1786501495793 3.515937641263008 4930
1786501498377 3.5787794291973114 4931
1786501500960 3.660402372479439 4932
1786501503543 3.610294982790947 4933
1786501506126 3.6573230177164078 4934
1786501508712 3.5826415717601776 4935
1786501511296 3.692397728562355 4936
1786501513881 3.6032609343528748 4937
1786501516464 3.6829787641763687 4938
1786501519047 3.6087307929992676 4939
1786501521634 3.5779790431261063 4940
1786501524221 3.604124501347542 4941
1786501526803 3.6863087713718414 4942
1786501529387 3.654678300023079 4943
1786501531974 3.585489049553871 4944
1786501534563 3.64972285926342 4945
1786501537151 3.6424496173858643 4946
1786501539738 3.5709815621376038 4947
1786501542329 3.6831529289484024 4948
1786501544918 3.66213721036911 4949
1786501547507 3.668729603290558 4950
1786501550095 3.6797836273908615 4951
1786501552686 3.688559368252754 4952
1786501555272 3.598473608493805 4953
1786501557861 3.6420497596263885 4954
1786501560447 3.5527809113264084 4955
1786501563030 3.6632343530654907 4956
1786501565610 3.607882708311081 4957
1786501568188 3.6219296157360077 4958
1786501570767 3.5346834659576416 4959
1786501573352 3.6082516461610794 4960
1786501575934 3.703066498041153 4961
1786501578513 3.677378758788109 4962
1786501581095 3.5053684413433075 4963
1786501583675 3.6682131588459015 4964
1786501586255 3.673298105597496 4965
1786501588837 3.648531034588814 4966
1786501591420 3.5635717511177063 4967
1786501594003 3.661221608519554 4968
1786501596585 3.65308740735054 4969
1786501599169 3.5738639384508133 4970
1786501601758 3.6450723111629486 4971
1786501604344 3.66227488219738 4972
1786501606927 3.580251380801201 4973
1786501609511 3.579121023416519 4974
1786501612098 3.684987425804138 4975
1786501614689 3.651944488286972 4976
1786501617277 3.62235689163208 4977
1786501619867 3.5380998849868774 4978
1786501622457 3.613299772143364 4979
1786501625046 3.647587165236473 4980
1786501627635 3.6095091849565506 4981
1786501630224 3.533151537179947 4982
1786501632813 3.594383552670479 4983
1786501635401 3.6256908029317856 4984
1786501637990 3.572921320796013 4985
1786501640582 3.5932187885046005 4986
1786501643172 3.665865331888199 4987
1786501645760 3.604676827788353 4988
1786501648348 3.6470405608415604 4989
1786501650938 3.5820298939943314 4990
1786501653531 3.656742677092552 4991
1786501656127 3.6603993922472 4992
1786501658713 3.700087770819664 4993
1786501661296 3.6453305035829544 4994
1786501663879 3.6777770966291428 4995
1786501666462 3.5994027256965637 4996
1786501669047 3.7317332178354263 4997
1786501671635 3.7081644982099533 4998
1786501674219 3.58158677816391 4999
1786501678183 3.609639674425125 5000
1786501680764 3.5828066617250443 5001
1786501683344 3.6098018288612366 5002
1786501685927 3.6694284826517105 5003
1786501688506 3.616595044732094 5004
1786501691087 3.640921175479889 5005
1786501693671 3.5758496820926666 5006
1786501696254 3.6110204309225082 5007
1786501698836 3.6104602068662643 5008
1786501701421 3.579883575439453 5009
1786501704006 3.5841221660375595 5010
1786501706594 3.6759298145771027 5011
1786501709187 3.558538794517517 5012
1786501711775 3.6560164242982864 5013
1786501714367 3.6177772283554077 5014
1786501716958 3.701846271753311 5015
1786501719549 3.650649845600128 5016
1786501722138 3.6225370466709137 5017
1786501724728 3.624258443713188 5018
1786501727318 3.6448329985141754 5019
1786501729910 3.5877202451229095 5020
1786501732501 3.6144923269748688 5021
1786501735089 3.5909613966941833 5022
1786501737681 3.6754279881715775 5023
1786501740275 3.5974824130535126 5024
1786501742866 3.5839630514383316 5025
1786501745450 3.6115511655807495 5026
1786501748029 3.56366628408432 5027
1786501750606 3.5442940443754196 5028
1786501753185 3.564640626311302 5029
1786501755763 3.6211107224226 5030
1786501758340 3.5964118391275406 5031
1786501760918 3.6620340198278427 5032
1786501763495 3.570539206266403 5033
1786501766071 3.619206428527832 5034
1786501768648 3.5814261436462402 5035
1786501771225 3.6323474794626236 5036
1786501773802 3.7105777710676193 5037
1786501776380 3.6262369006872177 5038
1786501778961 3.6018846333026886 5039
1786501781544 3.67651703953743 5040
1786501784131 3.5679977983236313 5041
1786501786713 3.579196557402611 5042
1786501789294 3.6754702776670456 5043
1786501791880 3.530603513121605 5044
1786501794464 3.661995694041252 5045
1786501797050 3.6304858922958374 5046
1786501799635 3.509483888745308 5047
1786501802223 3.540644332766533 5048
1786501804812 3.6122488379478455 5049
1786501807412 3.560855582356453 5050
1786501810001 3.612962022423744 5051
1786501812590 3.595884785056114 5052
1786501815179 3.6336322724819183 5053
1786501817769 3.692059576511383 5054
1786501820359 3.6805422455072403 5055
1786501822947 3.580141842365265 5056
1786501825535 3.5931861847639084 5057
1786501828124 3.558160975575447 5058
1786501830712 3.6017519384622574 5059
1786501833300 3.649791106581688 5060
1786501835881 3.5231845378875732 5061
1786501838464 3.632289409637451 5062
1786501841050 3.583857625722885 5063
1786501843633 3.612889274954796 5064
1786501846216 3.616545096039772 5065
1786501848799 3.6527771204710007 5066
1786501851386 3.5690976679325104 5067
1786501853971 3.595429465174675 5068
1786501856554 3.654045805335045 5069
1786501859136 3.579316586256027 5070
1786501861716 3.623375281691551 5071
1786501864301 3.6309216022491455 5072
1786501866885 3.7097548991441727 5073
1786501869466 3.6053677052259445 5074
1786501872047 3.5937691926956177 5075
1786501874632 3.7042261213064194 5076
1786501877227 3.608257085084915 5077
1786501879823 3.6503885835409164 5078
1786501882415 3.6578877717256546 5079
1786501885002 3.582771122455597 5080
1786501887589 3.640548750758171 5081
1786501890178 3.5849902033805847 5082
1786501892766 3.61795112490654 5083
1786501895357 3.6394845843315125 5084
1786501897945 3.5183389484882355 5085
1786501900533 3.6447890251874924 5086
1786501903121 3.6545327454805374 5087
1786501905709 3.5868545472621918 5088
1786501908299 3.5893178284168243 5089
1786501910885 3.6930865794420242 5090
1786501913473 3.625241756439209 5091
1786501916062 3.6203027069568634 5092
1786501918649 3.6857067942619324 5093
1786501921238 3.5356821566820145 5094
1786501923826 3.612895652651787 5095
1786501926415 3.570100709795952 5096
1786501929005 3.6101342737674713 5097
1786501931592 3.6035524755716324 5098
1786501934174 3.6052865386009216 5099
1786501936756 3.6399824619293213 5100
1786501939342 3.5921939462423325 5101
1786501941925 3.65299591422081 5102
1786501944516 3.6053233593702316 5103
1786501947096 3.5624772161245346 5104
1786501949684 3.5904034227132797 5105
1786501952273 3.634300634264946 5106
1786501954859 3.659660041332245 5107
1786501957446 3.646687939763069 5108
1786501960030 3.672044515609741 5109
1786501962612 3.544239491224289 5110
1786501965196 3.6675985157489777 5111
1786501967777 3.6128296107053757 5112
1786501970359 3.609592467546463 5113
1786501972944 3.6493431478738785 5114
1786501975532 3.6213229596614838 5115
1786501978113 3.737900987267494 5116
1786501980695 3.6729326397180557 5117
1786501983282 3.6289308965206146 5118
1786501985866 3.615826576948166 5119
1786501988449 3.5844966620206833 5120
1786501991037 3.6092647463083267 5121
1786501993626 3.6118734627962112 5122
1786501996214 3.657932475209236 5123
1786501998801 3.635822758078575 5124
1786502001389 3.6567692160606384 5125
1786502003977 3.5769556909799576 5126
1786502006565 3.622250497341156 5127
1786502009152 3.7056012004613876 5128
1786502011737 3.6265638768672943 5129
1786502014322 3.734341859817505 5130
1786502016904 3.5841707587242126 5131
1786502019486 3.616018161177635 5132
1786502022071 3.5804426670074463 5133
1786502024653 3.55567467212677 5134
1786502027235 3.651226833462715 5135
1786502029817 3.6247345358133316 5136
1786502032400 3.5969721227884293 5137
1786502034983 3.559119090437889 5138
1786502037564 3.6069439202547073 5139
1786502040140 3.629830941557884 5140
1786502042716 3.6239414364099503 5141
1786502045293 3.5724233239889145 5142
1786502047872 3.535856693983078 5143
1786502050447 3.634121760725975 5144
1786502053027 3.5244034081697464 5145
1786502055603 3.647023990750313 5146
1786502058179 3.6725364178419113 5147
1786502060760 3.6079141795635223 5148
1786502063337 3.6760233640670776 5149
1786502065914 3.607262432575226 5150
1786502068491 3.6387846767902374 5151
1786502071068 3.5796056240797043 5152
1786502073646 3.6134159713983536 5153
1786502076223 3.629729375243187 5154
1786502078808 3.6059600561857224 5155
1786502081391 3.6123443841934204 5156
1786502083977 3.607201263308525 5157
1786502086558 3.6119694858789444 5158
1786502089140 3.66324619948864 5159
1786502091723 3.6455084681510925 5160
1786502094307 3.6465650349855423 5161
1786502096891 3.681989386677742 5162
1786502099477 3.575349435210228 5163
1786502102066 3.6207147985696793 5164
1786502104654 3.5419048815965652 5165
1786502107240 3.6292731761932373 5166
1786502109822 3.5870776027441025 5167
1786502112405 3.665910914540291 5168
1786502114990 3.5877576917409897 5169
1786502117577 3.6762427389621735 5170
1786502120170 3.6126919090747833 5171
1786502122760 3.6731523871421814 5172
1786502125348 3.5667627155780792 5173
1786502127938 3.5798737704753876 5174
1786502130521 3.592429608106613 5175
1786502133104 3.582179754972458 5176
1786502135685 3.6505789756774902 5177
1786502138266 3.539024993777275 5178
1786502140848 3.589068368077278 5179
1786502143429 3.5745522528886795 5180
1786502146012 3.65109820663929 5181
1786502148594 3.689382553100586 5182
1786502151175 3.6495467126369476 5183
1786502153756 3.6353254467248917 5184
1786502156340 3.5890797078609467 5185
1786502158918 3.670199453830719 5186
1786502161494 3.643903598189354 5187
1786502164071 3.696167603135109 5188
1786502166648 3.519955560564995 5189
1786502169225 3.6454895734786987 5190
1786502171802 3.533900797367096 5191
1786502174377 3.6566452980041504 5192
1786502176957 3.565037190914154 5193
1786502179540 3.6383960992097855 5194
1786502182124 3.634735941886902 5195
1786502184704 3.59754578769207 5196
1786502187288 3.572204038500786 5197
1786502189873 3.6355624347925186 5198
1786502192458 3.6180547922849655 5199
1786502195044 3.6486353427171707 5200
1786502197631 3.6284167021512985 5201
1786502200215 3.6867778301239014 5202
1786502202799 3.6315992027521133 5203
1786502205380 3.5718554258346558 5204
1786502207964 3.600716695189476 5205
1786502210553 3.5199560672044754 5206
1786502213138 3.639865830540657 5207
1786502215722 3.5650279223918915 5208
1786502218306 3.6661056876182556 5209
1786502220891 3.5955669581890106 5210
1786502223476 3.6409746408462524 5211
1786502226062 3.592065155506134 5212
1786502228643 3.6239255368709564 5213
1786502231224 3.604004591703415 5214
1786502233805 3.601252868771553 5215
1786502236386 3.6124958992004395 5216
1786502238968 3.5498097389936447 5217
1786502241548 3.6006197780370712 5218
1786502244128 3.5402890741825104 5219
1786502246709 3.572720840573311 5220
1786502249288 3.599235460162163 5221
1786502251868 3.4987133890390396 5222
1786502254449 3.5623189508914948 5223
1786502257030 3.676133021712303 5224
1786502259610 3.6159588247537613 5225
1786502262192 3.6484462171792984 5226
1786502264774 3.5974277555942535 5227
1786502267357 3.592016726732254 5228
1786502269938 3.60187828540802 5229
1786502272515 3.5636929869651794 5230
1786502275093 3.669607549905777 5231
1786502277677 3.592239633202553 5232
1786502280258 3.5931039601564407 5233
1786502282838 3.5600725710392 5234
1786502285420 3.6071454733610153 5235
1786502288006 3.5517789274454117 5236
1786502290593 3.6597166508436203 5237
1786502293180 3.698290228843689 5238
1786502295769 3.621325209736824 5239
1786502298353 3.6846434473991394 5240
1786502300932 3.568790450692177 5241
1786502303511 3.616739585995674 5242
1786502306093 3.6111206263303757 5243
1786502308685 3.7066253423690796 5244
1786502311274 3.644635856151581 5245
1786502313868 3.599805787205696 5246
1786502316456 3.561445489525795 5247
1786502319045 3.5969926565885544 5248
1786502321634 3.5996064841747284 5249
1786502324223 3.6619465947151184 5250
1786502326812 3.580811932682991 5251
1786502329400 3.6561910212039948 5252
1786502331987 3.658132940530777 5253
1786502334574 3.531234532594681 5254
1786502337162 3.6136265993118286 5255
1786502339752 3.5893879383802414 5256
1786502342340 3.594858705997467 5257
1786502344934 3.605280563235283 5258
1786502347523 3.605804428458214 5259
1786502350116 3.6588268727064133 5260
1786502352707 3.6190833747386932 5261
1786502355295 3.6173614859580994 5262
1786502357883 3.5704198628664017 5263
1786502360472 3.5563464909791946 5264
1786502363061 3.7130702137947083 5265
1786502365648 3.712532192468643 5266
1786502368232 3.572821155190468 5267
1786502370826 3.669394239783287 5268
1786502373416 3.579025059938431 5269
1786502376001 3.6080723106861115 5270
1786502378584 3.6270746290683746 5271
1786502381165 3.5905333012342453 5272
1786502383745 3.5390080213546753 5273
1786502386326 3.6849803030490875 5274
1786502388906 3.6213196963071823 5275
1786502391485 3.6252937465906143 5276
1786502394067 3.67522694170475 5277
1786502396651 3.571972280740738 5278
1786502399235 3.4849405735731125 5279
1786502401817 3.5441818684339523 5280
1786502404398 3.564874306321144 5281
1786502406979 3.541937619447708 5282
1786502409561 3.5665150731801987 5283
1786502412144 3.5933434516191483 5284
1786502414732 3.6187151223421097 5285
1786502417317 3.6292545944452286 5286
1786502419898 3.542742535471916 5287
1786502422479 3.63593727350235 5288
1786502425060 3.5484230518341064 5289
1786502427641 3.513494074344635 5290
1786502430228 3.5616171956062317 5291
1786502432815 3.5906709730625153 5292
1786502435402 3.5444452464580536 5293
1786502437990 3.5695583671331406 5294
1786502440577 3.595150589942932 5295
1786502443166 3.5786904096603394 5296
1786502445751 3.611645683646202 5297
1786502448338 3.7011034935712814 5298
1786502450928 3.646164655685425 5299
1786502453518 3.610572427511215 5300
1786502456106 3.6007429659366608 5301
1786502458694 3.6661321371793747 5302
1786502461282 3.5132618248462677 5303
1786502463872 3.5974685847759247 5304
1786502466463 3.535079687833786 5305
1786502469050 3.66238534450531 5306
1786502471637 3.5777736604213715 5307
1786502474225 3.6619358509778976 5308
1786502476815 3.6123048067092896 5309
1786502479404 3.572904661297798 5310
1786502481992 3.531420260667801 5311
1786502484574 3.5832600742578506 5312
1786502487153 3.6038182079792023 5313
1786502489733 3.6421629190444946 5314
1786502492322 3.5913286209106445 5315
1786502494911 3.5659599900245667 5316
1786502497500 3.59834848344326 5317
1786502500083 3.6107899099588394 5318
1786502502667 3.595238834619522 5319
1786502505251 3.639552667737007 5320
1786502507832 3.6732480078935623 5321
1786502510413 3.669839173555374 5322
1786502512990 3.520090162754059 5323
1786502515574 3.5343736857175827 5324
1786502518157 3.5826041400432587 5325
1786502520740 3.564386337995529 5326
1786502523321 3.545474350452423 5327
1786502525902 3.5004095137119293 5328
1786502528483 3.499040797352791 5329
1786502531064 3.5972161293029785 5330
1786502533644 3.5946757793426514 5331
1786502536223 3.6025643348693848 5332
1786502538803 3.5781730711460114 5333
1786502541383 3.6770044565200806 5334
1786502543965 3.585506871342659 5335
1786502546546 3.597160577774048 5336
1786502549127 3.5752566158771515 5337
1786502551712 3.5409164428710938 5338
1786502554300 3.6059735268354416 5339
1786502556890 3.559713825583458 5340
1786502559478 3.5690249651670456 5341
1786502562062 3.6232459098100662 5342
1786502564648 3.649220958352089 5343
1786502567235 3.6530024111270905 5344
1786502569822 3.688534200191498 5345
1786502572414 3.546108588576317 5346
1786502575003 3.5939008742570877 5347
1786502577591 3.6258077323436737 5348
1786502580179 3.635154604911804 5349
1786502582766 3.6445175856351852 5350
1786502585356 3.5699491053819656 5351
1786502587945 3.5753533840179443 5352
1786502590530 3.6047687381505966 5353
1786502593114 3.545922100543976 5354
1786502595702 3.613482251763344 5355
1786502598290 3.5774279981851578 5356
1786502600877 3.6507746428251266 5357
1786502603462 3.5625216513872147 5358
1786502606043 3.5936101526021957 5359
1786502608634 3.5966970175504684 5360
1786502611217 3.5906048119068146 5361
1786502613805 3.643837884068489 5362
1786502616389 3.5514032393693924 5363
1786502618970 3.594990089535713 5364
1786502621553 3.6298892498016357 5365
1786502624135 3.5624349117279053 5366
1786502626714 3.653568282723427 5367
1786502629295 3.6051737666130066 5368
1786502631878 3.632468491792679 5369
1786502634460 3.560322806239128 5370
1786502637044 3.576315149664879 5371
1786502639624 3.5895526707172394 5372
1786502642210 3.658888041973114 5373
1786502644796 3.522717162966728 5374
1786502647384 3.6426497399806976 5375
1786502649971 3.5407466739416122 5376
1786502652558 3.568118095397949 5377
1786502655145 3.6018864810466766 5378
1786502657736 3.541708320379257 5379
1786502660323 3.6089773923158646 5380
1786502662910 3.6475444436073303 5381
1786502665498 3.6325994431972504 5382
1786502668079 3.5668854266405106 5383
1786502670663 3.607878401875496 5384
1786502673249 3.6402601152658463 5385
1786502675837 3.5306011885404587 5386
1786502678425 3.5834595412015915 5387
1786502681011 3.679791823029518 5388
1786502683597 3.6032450795173645 5389
1786502686182 3.6324982345104218 5390
1786502688767 3.570747673511505 5391
1786502691355 3.652242884039879 5392
1786502693940 3.5119673013687134 5393
1786502696528 3.6073630154132843 5394
1786502699116 3.5961488783359528 5395
1786502701702 3.568977579474449 5396
1786502704291 3.621943384408951 5397
1786502706884 3.570538654923439 5398
1786502709475 3.625520408153534 5399
1786502712062 3.564581111073494 5400
1786502714644 3.6491575092077255 5401
1786502717224 3.5581164360046387 5402
1786502719805 3.636375278234482 5403
1786502722385 3.5672670900821686 5404
1786502724968 3.603914961218834 5405
1786502727549 3.575716331601143 5406
1786502730130 3.5611786395311356 5407
1786502732711 3.624611660838127 5408
1786502735292 3.6270663142204285 5409
1786502737876 3.6116402447223663 5410
1786502740457 3.6131453663110733 5411
1786502743037 3.6183605045080185 5412
1786502745617 3.589371472597122 5413
1786502748197 3.5572769194841385 5414
1786502750780 3.638729691505432 5415
1786502753363 3.6243669986724854 5416
1786502755944 3.6005167216062546 5417
1786502758528 3.553614169359207 5418
1786502761113 3.618987485766411 5419
1786502763701 3.6023645102977753 5420
1786502766287 3.6048339754343033 5421
1786502768874 3.6272206604480743 5422
1786502771464 3.6370077282190323 5423
1786502774056 3.6346661150455475 5424
1786502776644 3.5974405109882355 5425
1786502779232 3.6908731162548065 5426
1786502781820 3.624775230884552 5427
1786502784407 3.627217009663582 5428
1786502786995 3.6160120517015457 5429
1786502789582 3.6242523938417435 5430
1786502792170 3.684968814253807 5431
1786502794758 3.5293911546468735 5432
1786502797345 3.6241040974855423 5433
1786502799935 3.580716386437416 5434
1786502802527 3.5813564509153366 5435
1786502805116 3.585757225751877 5436
1786502807703 3.534366250038147 5437
1786502810292 3.6088005155324936 5438
1786502812880 3.6173141449689865 5439
1786502815469 3.549874946475029 5440
1786502818057 3.607153072953224 5441
1786502820644 3.5395923107862473 5442
1786502823232 3.5699663758277893 5443
1786502825821 3.5580895990133286 5444
1786502828409 3.594775006175041 5445
1786502830997 3.5497611314058304 5446
1786502833586 3.5795138776302338 5447
1786502836172 3.5208157747983932 5448
1786502838761 3.654174283146858 5449
1786502841347 3.5611174255609512 5450
1786502843934 3.6085711419582367 5451
1786502846521 3.5038799047470093 5452
1786502849107 3.6693510115146637 5453
1786502851694 3.570043981075287 5454
1786502854280 3.595529183745384 5455
1786502856867 3.6163434833288193 5456
1786502859456 3.575317233800888 5457
1786502862049 3.5995721369981766 5458
1786502864636 3.5943313986063004 5459
1786502867225 3.446650743484497 5460
1786502869812 3.600473627448082 5461
1786502872397 3.55920173227787 5462
1786502874978 3.5810883790254593 5463
1786502877559 3.6009668707847595 5464
1786502880139 3.696306198835373 5465
1786502882720 3.6067838072776794 5466
1786502885300 3.641153395175934 5467
1786502887882 3.6763330549001694 5468
1786502890464 3.582037255167961 5469
1786502893046 3.6327990144491196 5470
1786502895628 3.587961807847023 5471
1786502898209 3.6341694444417953 5472
1786502900790 3.5924450010061264 5473
1786502903371 3.5974109023809433 5474
1786502905952 3.582181766629219 5475
1786502908532 3.604963541030884 5476
1786502911112 3.637429356575012 5477
1786502913693 3.5894346982240677 5478
1786502916275 3.614054411649704 5479
1786502918856 3.5421957969665527 5480
1786502921437 3.6844023913145065 5481
1786502924019 3.591086968779564 5482
1786502926600 3.583242252469063 5483
1786502929183 3.580175042152405 5484
1786502931764 3.665708437561989 5485
1786502934345 3.6212617307901382 5486
1786502936929 3.566247597336769 5487
1786502939512 3.5788187980651855 5488
1786502942095 3.5412514954805374 5489
1786502944677 3.643597200512886 5490
1786502947258 3.5588493645191193 5491
1786502949843 3.65413336455822 5492
1786502952425 3.636233225464821 5493
1786502955006 3.5060747414827347 5494
1786502957587 3.565409854054451 5495
1786502960169 3.649299368262291 5496
1786502962750 3.58424411714077 5497
1786502965336 3.599989414215088 5498
1786502967925 3.5920876562595367 5499
1786502971920 3.585120067000389 5500
1786502974506 3.49326790869236 5501
1786502977092 3.612889662384987 5502
1786502979675 3.639591857790947 5503
1786502982263 3.5713874846696854 5504
1786502984854 3.6026557832956314 5505
1786502987444 3.5623154789209366 5506
1786502990031 3.5904288440942764 5507
1786502992618 3.5863712579011917 5508
1786502995205 3.6217660307884216 5509
1786502997792 3.6150654554367065 5510
1786503000379 3.627575397491455 5511
1786503002968 3.5819149911403656 5512
1786503005554 3.588368609547615 5513
1786503008141 3.518985688686371 5514
1786503010729 3.565547674894333 5515
1786503013316 3.6422989815473557 5516
1786503015904 3.5621809661388397 5517
1786503018490 3.6038460433483124 5518
1786503021077 3.5830908119678497 5519
1786503023666 3.607140064239502 5520
1786503026253 3.6082641184329987 5521
1786503028839 3.5422497242689133 5522
1786503031427 3.6143394708633423 5523
1786503034015 3.5324558168649673 5524
1786503036603 3.6130408346652985 5525
1786503039190 3.503648415207863 5526
1786503041775 3.538607656955719 5527
1786503044356 3.603148639202118 5528
1786503046936 3.69198240339756 5529
1786503049517 3.570423275232315 5530
1786503052097 3.534735783934593 5531
1786503054679 3.546572506427765 5532
1786503057265 3.5921071767807007 5533
1786503059845 3.598101407289505 5534
1786503062426 3.5506622940301895 5535
1786503065006 3.5905231684446335 5536
1786503067587 3.5594662576913834 5537
1786503070167 3.65301376581192 5538
1786503072748 3.6155003160238266 5539
1786503075328 3.6180937439203262 5540
1786503077907 3.650726854801178 5541
1786503080486 3.60855396091938 5542
1786503083069 3.587223842740059 5543
1786503085649 3.6147655695676804 5544
1786503088228 3.5761851519346237 5545
1786503090813 3.6133969724178314 5546
1786503093396 3.6308418214321136 5547
1786503095978 3.5944626182317734 5548
1786503098557 3.6049032360315323 5549
1786503101136 3.673098772764206 5550
1786503103714 3.613095611333847 5551
1786503106292 3.6523887515068054 5552
1786503108869 3.6152988374233246 5553
1786503111447 3.627217397093773 5554
1786503114025 3.566274181008339 5555
1786503116612 3.6840698271989822 5556
1786503119194 3.5763776004314423 5557
1786503121777 3.6997112780809402 5558
1786503124360 3.651317834854126 5559
1786503126949 3.5343304872512817 5560
1786503129541 3.6370942443609238 5561
1786503132132 3.536215052008629 5562
1786503134725 3.5377108603715897 5563
1786503137308 3.586156353354454 5564
1786503139888 3.561939224600792 5565
1786503142466 3.602016881108284 5566
1786503145044 3.578545406460762 5567
1786503147624 3.5731078684329987 5568
1786503150206 3.5510863214731216 5569
1786503152790 3.660163715481758 5570
1786503155379 3.5612036138772964 5571
1786503157970 3.627524107694626 5572
1786503160559 3.6269067525863647 5573
1786503163143 3.552832379937172 5574
1786503165726 3.6346611082553864 5575
1786503168307 3.6607440561056137 5576
1786503170885 3.5326451510190964 5577
1786503173461 3.5616054236888885 5578
1786503176037 3.6251241266727448 5579
1786503178614 3.598535194993019 5580
1786503181190 3.559452712535858 5581
1786503183766 3.6088521480560303 5582
1786503186343 3.572053849697113 5583
1786503188919 3.5436993092298508 5584
1786503191495 3.5963273346424103 5585
1786503194072 3.612498328089714 5586
1786503196649 3.508986607193947 5587
1786503199226 3.5568245351314545 5588
1786503201803 3.5704299956560135 5589
1786503204379 3.6476913392543793 5590
1786503206956 3.5505792647600174 5591
1786503209532 3.6084068715572357 5592
1786503212111 3.540163218975067 5593
1786503214690 3.5932562202215195 5594
1786503217272 3.5799466371536255 5595
1786503219860 3.5858114361763 5596
1786503222445 3.514464482665062 5597
1786503225031 3.626433476805687 5598
1786503227616 3.5833855718374252 5599
1786503230202 3.564354956150055 5600
1786503232790 3.6446897387504578 5601
1786503235375 3.600504755973816 5602
1786503237964 3.542543575167656 5603
1786503240557 3.624647945165634 5604
1786503243146 3.6207686364650726 5605
1786503245733 3.5801424384117126 5606
1786503248320 3.5783927887678146 5607
1786503250903 3.6140363812446594 5608
1786503253486 3.6387407183647156 5609
1786503256070 3.6161936670541763 5610
1786503258654 3.631143093109131 5611
1786503261238 3.5826410204172134 5612
1786503263819 3.57438862323761 5613
1786503266400 3.5935429334640503 5614
1786503268980 3.5470031648874283 5615
1786503271564 3.597261294722557 5616
1786503274148 3.6403911411762238 5617
1786503276735 3.5510769933462143 5618
1786503279321 3.568666994571686 5619
1786503281912 3.629337891936302 5620
1786503284499 3.5986830443143845 5621
1786503287087 3.6096765846014023 5622
1786503289676 3.6162786036729813 5623
1786503292262 3.665773466229439 5624
1786503294844 3.616501212120056 5625
1786503297425 3.6174487620592117 5626
1786503300008 3.5372880548238754 5627
1786503302588 3.588274359703064 5628
1786503305171 3.5619117468595505 5629
1786503307753 3.611133635044098 5630
1786503310334 3.518475204706192 5631
1786503312916 3.5563201010227203 5632
1786503315497 3.535456895828247 5633
1786503318078 3.6059208512306213 5634
1786503320658 3.4421720802783966 5635
1786503323239 3.6527970284223557 5636
1786503325820 3.581055447459221 5637
1786503328401 3.5624246448278427 5638
1786503330984 3.5421189963817596 5639
1786503333564 3.5640464425086975 5640
1786503336145 3.5744875222444534 5641
1786503338727 3.602220371365547 5642
1786503341318 3.504924640059471 5643
1786503343906 3.5700904726982117 5644
1786503346493 3.5172792077064514 5645
1786503349080 3.6783835738897324 5646
1786503351669 3.5598567724227905 5647
1786503354255 3.5768063813447952 5648
1786503356851 3.540095865726471 5649
1786503359446 3.564656838774681 5650
1786503362042 3.5654315650463104 5651
1786503364641 3.587883308529854 5652
1786503367233 3.5216296911239624 5653
1786503369815 3.5200657546520233 5654
1786503372396 3.5269757360219955 5655
1786503374978 3.6030406057834625 5656
1786503377560 3.5788750797510147 5657
1786503380140 3.6570591926574707 5658
1786503382724 3.6017919182777405 5659
1786503385307 3.601734220981598 5660
1786503387891 3.5432448387145996 5661
1786503390476 3.6821005195379257 5662
1786503393065 3.5801249742507935 5663
1786503395653 3.549987778067589 5664
1786503398241 3.6626054644584656 5665
1786503400828 3.6373386830091476 5666
1786503403416 3.546420156955719 5667
1786503406002 3.5018523186445236 5668
1786503408589 3.57393479347229 5669
1786503411176 3.526671066880226 5670
1786503413764 3.560958042740822 5671
1786503416352 3.5339155197143555 5672
1786503418938 3.5780378580093384 5673
1786503421525 3.612855151295662 5674
1786503424111 3.542515903711319 5675
1786503426698 3.634942799806595 5676
1786503429290 3.5667452216148376 5677
1786503431873 3.5713931620121 5678
1786503434456 3.5068569630384445 5679
1786503437042 3.4927675276994705 5680
1786503439628 3.609006330370903 5681
1786503442216 3.671099543571472 5682
1786503444804 3.5705977976322174 5683
1786503447392 3.616087943315506 5684
1786503449978 3.524728626012802 5685
1786503452570 3.5609892904758453 5686
1786503455161 3.5704341530799866 5687
1786503457747 3.485507220029831 5688
1786503460328 3.5675350725650787 5689
1786503462909 3.538960114121437 5690
1786503465490 3.5854361951351166 5691
1786503468070 3.7070600241422653 5692
1786503470651 3.502525195479393 5693
1786503473232 3.5151553004980087 5694
1786503475815 3.512058988213539 5695
1786503478397 3.5883471071720123 5696
1786503480978 3.523801103234291 5697
1786503483560 3.621115505695343 5698
1786503486141 3.681637719273567 5699
1786503488721 3.5305586606264114 5700
1786503491301 3.555925026535988 5701
1786503493881 3.5898293256759644 5702
1786503496462 3.6079137325286865 5703
1786503499042 3.5439742505550385 5704
1786503501621 3.5743808448314667 5705
1786503504201 3.5321558713912964 5706
1786503506782 3.5522170960903168 5707
1786503509363 3.539080262184143 5708
1786503511944 3.5849124044179916 5709
1786503514525 3.484233856201172 5710
1786503517107 3.5702984631061554 5711
1786503519688 3.5958133935928345 5712
1786503522271 3.5512305945158005 5713
1786503524854 3.5491126775741577 5714
1786503527437 3.5871370136737823 5715
1786503530021 3.6079026758670807 5716
1786503532604 3.5689162462949753 5717
1786503535189 3.6002965420484543 5718
1786503537777 3.6061069071292877 5719
1786503540364 3.5564949363470078 5720
1786503542953 3.53974486887455 5721
1786503545540 3.5317793786525726 5722
1786503548128 3.6220243871212006 5723
1786503550716 3.5567119121551514 5724
1786503553303 3.5404684096574783 5725
1786503555890 3.6239664256572723 5726
1786503558480 3.606203556060791 5727
1786503561072 3.6402813643217087 5728
1786503563659 3.700295180082321 5729
1786503566247 3.55559141933918 5730
1786503568834 3.625196009874344 5731
1786503571417 3.588142991065979 5732
1786503573999 3.523763656616211 5733
1786503576579 3.5296272188425064 5734
1786503579160 3.6366968154907227 5735
1786503581740 3.519398033618927 5736
1786503584321 3.5268771648406982 5737
1786503586901 3.5013286769390106 5738
1786503589487 3.635917440056801 5739
1786503592071 3.5085920691490173 5740
1786503594654 3.5697849839925766 5741
1786503597243 3.6718339174985886 5742
1786503599831 3.537810891866684 5743
1786503602419 3.531670108437538 5744
1786503605006 3.5257376730442047 5745
1786503607599 3.5432348996400833 5746
1786503610180 3.556959956884384 5747
1786503612762 3.601717486977577 5748
1786503615350 3.552168920636177 5749
1786503617937 3.5916127264499664 5750
1786503620523 3.558273807168007 5751
1786503623115 3.5443374067544937 5752
1786503625704 3.5546633154153824 5753
1786503628295 3.5734097063541412 5754
1786503630883 3.519893541932106 5755
1786503633472 3.540838345885277 5756
1786503636067 3.566957250237465 5757
1786503638658 3.5271699875593185 5758
1786503641249 3.5824407041072845 5759
1786503643852 3.565207079052925 5760
1786503646448 3.5293475836515427 5761
1786503649039 3.600032240152359 5762
1786503651630 3.5583540499210358 5763
1786503654221 3.4723514169454575 5764
1786503656815 3.5864708721637726 5765
1786503659398 3.632569193840027 5766
1786503661978 3.543795168399811 5767
1786503664564 3.6075413674116135 5768
1786503667146 3.632847636938095 5769
1786503669728 3.576302260160446 5770
1786503672307 3.546372100710869 5771
1786503674887 3.483806297183037 5772
1786503677467 3.546006515622139 5773
1786503680048 3.5897988229990005 5774
1786503682628 3.5614615380764008 5775
1786503685208 3.619671881198883 5776
1786503687790 3.5410351902246475 5777
1786503690371 3.6288670152425766 5778
1786503692954 3.5474561601877213 5779
1786503695535 3.4991293102502823 5780
1786503698116 3.5566632002592087 5781
1786503700698 3.5544815957546234 5782
1786503703279 3.533822610974312 5783
1786503705860 3.6246089041233063 5784
1786503708444 3.5788555443286896 5785
1786503711028 3.521765798330307 5786
1786503713610 3.5315405279397964 5787
1786503716191 3.5638115406036377 5788
1786503718773 3.632898360490799 5789
1786503721354 3.5321220457553864 5790
1786503723935 3.5567763447761536 5791
1786503726517 3.598614677786827 5792
1786503729099 3.5583636313676834 5793
1786503731679 3.537279888987541 5794
1786503734263 3.6101349145174026 5795
1786503736843 3.57080440223217 5796
1786503739424 3.630006968975067 5797
1786503742004 3.5778074115514755 5798
1786503744584 3.5071598887443542 5799
1786503747164 3.6559750884771347 5800
1786503749744 3.5057156682014465 5801
1786503752325 3.6254814863204956 5802
1786503754905 3.5136490911245346 5803
1786503757486 3.5894131660461426 5804
1786503760066 3.5387515872716904 5805
1786503762646 3.5725712329149246 5806
1786503765226 3.4822461158037186 5807
1786503767807 3.5468787997961044 5808
1786503770389 3.58614219725132 5809
1786503772971 3.49454802274704 5810
1786503775552 3.573969691991806 5811
1786503778134 3.6429681181907654 5812
1786503780715 3.5490473806858063 5813
1786503783295 3.626350060105324 5814
1786503785876 3.584204688668251 5815
1786503788457 3.5300121307373047 5816
1786503791039 3.5230562537908554 5817
1786503793621 3.5206924229860306 5818
1786503796198 3.484096869826317 5819
1786503798775 3.541808381676674 5820
1786503801351 3.666810482740402 5821
1786503803928 3.5724105834960938 5822
1786503806505 3.539145275950432 5823
1786503809082 3.6021624356508255 5824
1786503811658 3.5524407476186752 5825
1786503814235 3.5108076333999634 5826
1786503816811 3.5442642867565155 5827
1786503819391 3.592335522174835 5828
1786503821972 3.6587982922792435 5829
1786503824553 3.5922526866197586 5830
1786503827134 3.5597710609436035 5831
1786503829716 3.6113470941781998 5832
1786503832297 3.554234340786934 5833
1786503834878 3.7021988928318024 5834
1786503837461 3.580675885081291 5835
1786503840044 3.6185028105974197 5836
1786503842633 3.6191412806510925 5837
1786503845214 3.5549135953187943 5838
1786503847796 3.522058889269829 5839
1786503850384 3.5647347569465637 5840
1786503852966 3.6016876101493835 5841
1786503855549 3.587149828672409 5842
1786503858138 3.5928520411252975 5843
1786503860726 3.5255894511938095 5844
1786503863312 3.5937524139881134 5845
1786503865894 3.642983913421631 5846
1786503868475 3.574165403842926 5847
1786503871057 3.6094401478767395 5848
1786503873640 3.624292403459549 5849
1786503876221 3.5067891031503677 5850
1786503878802 3.5292219519615173 5851
1786503881386 3.635335072875023 5852
1786503883969 3.5930609703063965 5853
1786503886552 3.547757163643837 5854
1786503889139 3.5494333803653717 5855
1786503891723 3.6141626983880997 5856
1786503894304 3.5027853548526764 5857
1786503896885 3.5834973603487015 5858
1786503899465 3.580625683069229 5859
1786503902046 3.5411931723356247 5860
1786503904626 3.55148383975029 5861
1786503907206 3.6730859577655792 5862
1786503909790 3.5197911262512207 5863
1786503912370 3.5677983462810516 5864
1786503914950 3.582441106438637 5865
1786503917529 3.573160171508789 5866
1786503920110 3.5823520720005035 5867
1786503922693 3.559367373585701 5868
1786503925274 3.5657818764448166 5869
1786503927854 3.5242044776678085 5870
1786503930435 3.6394951194524765 5871
1786503933016 3.505106598138809 5872
1786503935601 3.5773231238126755 5873
1786503938187 3.6306121945381165 5874
1786503940768 3.5486034899950027 5875
1786503943349 3.568813309073448 5876
1786503945929 3.575129970908165 5877
1786503948508 3.5269217044115067 5878
1786503951091 3.5881750881671906 5879
1786503953676 3.553631901741028 5880
1786503956261 3.5600388199090958 5881
1786503958843 3.5555619597434998 5882
1786503961428 3.6651585549116135 5883
1786503964009 3.5092226415872574 5884
1786503966589 3.5734662264585495 5885
1786503969171 3.5098780542612076 5886
1786503971752 3.607970654964447 5887
1786503974333 3.582129642367363 5888
1786503976914 3.5507596135139465 5889
1786503979494 3.602417975664139 5890
1786503982077 3.5605528354644775 5891
1786503984659 3.665425017476082 5892
1786503987250 3.5696531534194946 5893
1786503989831 3.5728628039360046 5894
1786503992413 3.5745793133974075 5895
1786503994998 3.6013589799404144 5896
1786503997580 3.563218340277672 5897
1786504000163 3.5630126297473907 5898
1786504002746 3.6026633977890015 5899
1786504005327 3.5748211443424225 5900
1786504007909 3.597505643963814 5901
1786504010496 3.5090267658233643 5902
1786504013087 3.5273171961307526 5903
1786504015672 3.595877707004547 5904
1786504018254 3.528148114681244 5905
1786504020836 3.6129758954048157 5906
1786504023418 3.5988486260175705 5907
1786504026001 3.501351237297058 5908
1786504028582 3.5846339762210846 5909
1786504031165 3.6266337782144547 5910
1786504033746 3.566856622695923 5911
1786504036327 3.502462849020958 5912
1786504038908 3.5737634748220444 5913
1786504041490 3.507809206843376 5914
1786504044072 3.548643723130226 5915
1786504046655 3.6054351329803467 5916
1786504049236 3.5013650208711624 5917
1786504051819 3.5860409438610077 5918
1786504054401 3.63661327958107 5919
1786504056983 3.62882100045681 5920
1786504059565 3.6141086369752884 5921
1786504062146 3.6279265731573105 5922
1786504064727 3.536790683865547 5923
1786504067309 3.58530430495739 5924
1786504069890 3.5434161871671677 5925
1786504072471 3.6433018893003464 5926
1786504075052 3.524739682674408 5927
1786504077633 3.5726001113653183 5928
1786504080214 3.5656630843877792 5929
1786504082795 3.5815324187278748 5930
1786504085377 3.598969727754593 5931
1786504087959 3.5956558287143707 5932
1786504090541 3.604208678007126 5933
1786504093121 3.619425967335701 5934
1786504095702 3.568234398961067 5935
1786504098283 3.5962983667850494 5936
1786504100864 3.560036927461624 5937
1786504103444 3.621823325753212 5938
1786504106026 3.54391185939312 5939
1786504108607 3.63972145318985 5940
1786504111188 3.5006591975688934 5941
1786504113769 3.5696466714143753 5942
1786504116350 3.526676371693611 5943
1786504118932 3.579065054655075 5944
1786504121514 3.569049283862114 5945
1786504124095 3.5680104792118073 5946
1786504126679 3.576627552509308 5947
1786504129260 3.560513898730278 5948
1786504131841 3.536632776260376 5949
1786504134425 3.59678815305233 5950
1786504137005 3.498639792203903 5951
1786504139582 3.6055375039577484 5952
1786504142164 3.5409053713083267 5953
1786504144745 3.5230924040079117 5954
1786504147326 3.564744234085083 5955
1786504149907 3.5503423511981964 5956
1786504152487 3.561470314860344 5957
1786504155063 3.4958284944295883 5958
1786504157639 3.529314875602722 5959
1786504160216 3.614393875002861 5960
1786504162791 3.587667837738991 5961
1786504165367 3.5706038773059845 5962
1786504167945 3.513827607035637 5963
1786504170521 3.5569825768470764 5964
1786504173098 3.6417572796344757 5965
1786504175675 3.592478469014168 5966
1786504178253 3.5019180476665497 5967
1786504180829 3.5305738300085068 5968
1786504183406 3.4774022698402405 5969
1786504185982 3.5499129593372345 5970
1786504188560 3.5023155957460403 5971
1786504191138 3.5575959980487823 5972
1786504193718 3.609130784869194 5973
1786504196295 3.526876538991928 5974
1786504198872 3.5657761693000793 5975
1786504201448 3.603478193283081 5976
1786504204029 3.525652766227722 5977
1786504206610 3.639611840248108 5978
1786504209192 3.481988862156868 5979
1786504211773 3.4838441610336304 5980
1786504214354 3.6111604124307632 5981
1786504216936 3.564850762486458 5982
1786504219516 3.5836946964263916 5983
1786504222097 3.564195364713669 5984
1786504224678 3.5235284566879272 5985
1786504227260 3.594726175069809 5986
1786504229840 3.5812555998563766 5987
1786504232422 3.62250155210495 5988
1786504235002 3.52415531873703 5989
1786504237584 3.548895016312599 5990
1786504240168 3.5840480774641037 5991
1786504242755 3.539590060710907 5992
1786504245335 3.530679076910019 5993
1786504247919 3.5987733602523804 5994
1786504250503 3.5423767417669296 5995
1786504253083 3.5745271146297455 5996
1786504255664 3.629398614168167 5997
1786504258246 3.5130333602428436 5998
1786504260827 3.573064371943474 5999
1786504265453 3.523973271250725 6000
1786504268033 3.5565640181303024 6001
1786504270614 3.570537656545639 6002
1786504273194 3.605107620358467 6003
1786504275775 3.5710857659578323 6004
1786504278355 3.5795123875141144 6005
1786504280937 3.492134138941765 6006
1786504283522 3.504229888319969 6007
1786504286103 3.5526318550109863 6008
1786504288684 3.648123934864998 6009
1786504291265 3.477282866835594 6010
1786504293848 3.5288461297750473 6011
1786504296429 3.55008527636528 6012
1786504299010 3.5786753743886948 6013
1786504301591 3.6136540323495865 6014
1786504304173 3.592981070280075 6015
1786504306752 3.497498571872711 6016
1786504309333 3.6048861294984818 6017
1786504311912 3.5425237119197845 6018
1786504314495 3.5369357019662857 6019
1786504317074 3.439883068203926 6020
1786504319654 3.5453079491853714 6021
1786504322234 3.637439712882042 6022
1786504324816 3.5501393228769302 6023
1786504327396 3.496291145682335 6024
1786504329976 3.516549274325371 6025
1786504332558 3.5078359246253967 6026
1786504335140 3.527489185333252 6027
1786504337722 3.5388312339782715 6028
1786504340303 3.571241408586502 6029
1786504342884 3.53852179646492 6030
1786504345467 3.593733325600624 6031
1786504348049 3.4645900428295135 6032
1786504350629 3.6235272884368896 6033
1786504353209 3.5673340559005737 6034
1786504355789 3.6372098475694656 6035
1786504358371 3.565174251794815 6036
1786504360953 3.545974239706993 6037
1786504363534 3.571023464202881 6038
1786504366115 3.610631287097931 6039
1786504368696 3.6255116909742355 6040
1786504371282 3.5939688980579376 6041
1786504373863 3.5181562155485153 6042
1786504376443 3.5979926586151123 6043
1786504379025 3.6050896048545837 6044
1786504381607 3.6367470771074295 6045
1786504384189 3.5782893300056458 6046
1786504386772 3.600975140929222 6047
1786504389354 3.566756397485733 6048
1786504391936 3.605127200484276 6049
1786504394517 3.5459297746419907 6050
1786504397098 3.5899869203567505 6051
1786504399680 3.5817490220069885 6052
1786504402261 3.4736737459897995 6053
1786504404843 3.551884338259697 6054
1786504407427 3.569261446595192 6055
1786504410008 3.554448828101158 6056
1786504412591 3.5501708388328552 6057
1786504415172 3.576939105987549 6058
1786504417754 3.5002591013908386 6059
1786504420336 3.5741253197193146 6060
1786504422916 3.5527421981096268 6061
1786504425496 3.598213791847229 6062
1786504428076 3.568555608391762 6063
1786504430658 3.6193874925374985 6064
1786504433238 3.6855610609054565 6065
1786504435820 3.5631150752305984 6066
1786504438402 3.572265103459358 6067
1786504440983 3.5514390617609024 6068
1786504443562 3.5968194752931595 6069
1786504446144 3.5852545648813248 6070
1786504448725 3.604754477739334 6071
1786504451305 3.47477325797081 6072
1786504453885 3.545202389359474 6073
1786504456467 3.5612600445747375 6074
1786504459047 3.5371883660554886 6075
1786504461628 3.553212448954582 6076
1786504464209 3.57597179710865 6077
1786504466791 3.5688015520572662 6078
1786504469373 3.5556830316781998 6079
1786504471954 3.5511273443698883 6080
1786504474535 3.6074563413858414 6081
1786504477116 3.6164157390594482 6082
1786504479700 3.491218224167824 6083
1786504482281 3.544019863009453 6084
1786504484863 3.5593579411506653 6085
1786504487445 3.5060524344444275 6086
1786504490028 3.5100071132183075 6087
1786504492612 3.553906500339508 6088
1786504495194 3.595111459493637 6089
1786504497776 3.632507801055908 6090
1786504500358 3.5890964716672897 6091
1786504502940 3.574829250574112 6092
1786504505534 3.582192286849022 6093
1786504508119 3.569186121225357 6094
1786504510708 3.588920161128044 6095
1786504513294 3.622831478714943 6096
1786504515876 3.5286801606416702 6097
1786504518457 3.5018416196107864 6098
1786504521039 3.6194422245025635 6099
1786504523620 3.593522861599922 6100
1786504526201 3.597100153565407 6101
1786504528783 3.5794703513383865 6102
1786504531366 3.5766586363315582 6103
1786504533948 3.5221497118473053 6104
1786504536531 3.5019557178020477 6105
1786504539114 3.544674575328827 6106
1786504541695 3.6109833419322968 6107
1786504544278 3.4765739291906357 6108
1786504546859 3.589075207710266 6109
1786504549442 3.5859506875276566 6110
1786504552024 3.563651740550995 6111
1786504554605 3.580742672085762 6112
1786504557186 3.595179796218872 6113
1786504559767 3.5059381872415543 6114
1786504562348 3.518132209777832 6115
1786504564928 3.505422458052635 6116
1786504567509 3.5313094556331635 6117
1786504570090 3.505500912666321 6118
1786504572671 3.5138157308101654 6119
1786504575252 3.567952260375023 6120
1786504577834 3.5721957236528397 6121
1786504580415 3.5162695944309235 6122
1786504582997 3.5418217182159424 6123
1786504585578 3.4935137033462524 6124
1786504588158 3.5600354969501495 6125
1786504590739 3.6027627885341644 6126
1786504593320 3.4087294340133667 6127
1786504595902 3.6195962876081467 6128
1786504598483 3.523296669125557 6129
1786504601064 3.6170819103717804 6130
1786504603646 3.5375262051820755 6131
1786504606229 3.525041803717613 6132
1786504608812 3.5062917321920395 6133
1786504611396 3.4379090666770935 6134
1786504613982 3.5313145518302917 6135
1786504616564 3.601059213280678 6136
1786504619145 3.5264727026224136 6137
1786504621723 3.4764885902404785 6138
1786504624303 3.5379770696163177 6139
1786504626883 3.50614470243454 6140
1786504629463 3.5382541716098785 6141
1786504632044 3.4812011420726776 6142
1786504634625 3.6143366396427155 6143
1786504637207 3.594971239566803 6144
1786504639788 3.527365893125534 6145
1786504642369 3.573432758450508 6146
1786504644948 3.59631809592247 6147
1786504647529 3.5568540543317795 6148
1786504650109 3.6058376282453537 6149
1786504652690 3.6095823645591736 6150
1786504655272 3.5172669291496277 6151
1786504657852 3.503902167081833 6152
1786504660434 3.4921679198741913 6153
1786504663014 3.578339993953705 6154
1786504665595 3.5228760689496994 6155
1786504668176 3.6334528774023056 6156
1786504670760 3.5323875099420547 6157
1786504673342 3.4723636358976364 6158
1786504675927 3.567002087831497 6159
1786504678508 3.5983273535966873 6160
1786504681088 3.5636862218379974 6161
1786504683668 3.5419266521930695 6162
1786504686246 3.579544574022293 6163
1786504688822 3.630519837141037 6164
1786504691398 3.599055051803589 6165
1786504693975 3.539267733693123 6166
1786504696551 3.5392474979162216 6167
1786504699128 3.557028964161873 6168
1786504701704 3.5191406458616257 6169
1786504704280 3.4975844770669937 6170
1786504706857 3.5657970011234283 6171
1786504709434 3.5054434090852737 6172
1786504712011 3.5390442460775375 6173
1786504714587 3.64164599776268 6174
1786504717164 3.496455043554306 6175
1786504719741 3.5847614109516144 6176
1786504722317 3.522014781832695 6177
1786504724894 3.49404476583004 6178
1786504727470 3.4894829988479614 6179
1786504730048 3.5401035100221634 6180
1786504732631 3.632155328989029 6181
1786504735217 3.4946849197149277 6182
1786504737799 3.539105325937271 6183
1786504740382 3.560488849878311 6184
1786504742964 3.48761023581028 6185
1786504745546 3.5176365077495575 6186
1786504748130 3.469441518187523 6187
1786504750712 3.6880952417850494 6188
1786504753294 3.569842129945755 6189
1786504755876 3.5267056226730347 6190
1786504758457 3.5705037117004395 6191
1786504761039 3.5201019048690796 6192
1786504763620 3.5519043058156967 6193
1786504766201 3.5028782933950424 6194
1786504768782 3.538513332605362 6195
1786504771362 3.540121391415596 6196
1786504773944 3.530293345451355 6197
1786504776525 3.621873363852501 6198
1786504779105 3.6210746616125107 6199
1786504781686 3.5364260226488113 6200
1786504784268 3.534357875585556 6201
1786504786848 3.6094300597906113 6202
1786504789430 3.593214139342308 6203
1786504792011 3.4709907919168472 6204
1786504794591 3.556267112493515 6205
1786504797175 3.611696034669876 6206
1786504799757 3.6030219197273254 6207
1786504802336 3.4906109422445297 6208
1786504804918 3.6038197576999664 6209
1786504807501 3.537344589829445 6210
1786504810081 3.512130632996559 6211
1786504812662 3.4942126870155334 6212
1786504815243 3.536374717950821 6213
1786504817824 3.583303540945053 6214
1786504820404 3.5474557280540466 6215
1786504822985 3.469931498169899 6216
1786504825565 3.570230469107628 6217
1786504828146 3.5521193593740463 6218
1786504830727 3.56675086915493 6219
1786504833308 3.5478176921606064 6220
1786504835889 3.524602025747299 6221
1786504838472 3.549810543656349 6222
1786504841054 3.4719961136579514 6223
1786504843634 3.571667417883873 6224
1786504846216 3.623972401022911 6225
1786504848798 3.5498002618551254 6226
1786504851385 3.478991776704788 6227
1786504853973 3.5692475736141205 6228
1786504856555 3.6452420353889465 6229
1786504859138 3.5485585629940033 6230
1786504861721 3.5613156259059906 6231
1786504864304 3.515350252389908 6232
1786504866888 3.582463949918747 6233
1786504869471 3.568494513630867 6234
1786504872053 3.6486702412366867 6235
1786504874634 3.5466869473457336 6236
1786504877214 3.5747914910316467 6237
1786504879797 3.5022351145744324 6238
1786504882377 3.5477994680404663 6239
1786504884956 3.5949405282735825 6240
1786504887537 3.536114066839218 6241
1786504890120 3.5434106439352036 6242
1786504892698 3.4705409854650497 6243
1786504895274 3.5463192760944366 6244
1786504897850 3.4720157980918884 6245
1786504900426 3.5159615129232407 6246
1786504903002 3.579325810074806 6247
1786504905579 3.5632731318473816 6248
1786504908155 3.513388156890869 6249
1786504910731 3.6002423018217087 6250
1786504913307 3.5191346406936646 6251
1786504915885 3.493540197610855 6252
1786504918461 3.5940625220537186 6253
1786504921036 3.477123275399208 6254
1786504923612 3.521053671836853 6255
1786504926189 3.494102269411087 6256
1786504928765 3.5804450064897537 6257
1786504931341 3.5458943843841553 6258
1786504933917 3.5410539656877518 6259
1786504936494 3.5041720271110535 6260
1786504939068 3.578429788351059 6261
1786504941642 3.543514981865883 6262
1786504944219 3.4988939464092255 6263
1786504946799 3.4835150092840195 6264
1786504949379 3.4875767827033997 6265
1786504951959 3.6518543660640717 6266
1786504954539 3.5267540365457535 6267
1786504957119 3.496097892522812 6268
1786504959699 3.4772848784923553 6269
1786504962279 3.531642436981201 6270
1786504964861 3.5099651515483856 6271
1786504967444 3.573492795228958 6272
1786504970029 3.5074090510606766 6273
1786504972614 3.530402824282646 6274
1786504975195 3.5872403234243393 6275
1786504977778 3.5786719918251038 6276
1786504980361 3.5736396312713623 6277
1786504982943 3.522745430469513 6278
1786504985525 3.4516313672065735 6279
1786504988109 3.467062219977379 6280
1786504990690 3.518539384007454 6281
1786504993272 3.5598905831575394 6282
1786504995853 3.530253440141678 6283
1786504998435 3.4840050488710403 6284
1786505001017 3.5124926567077637 6285
1786505003598 3.528989091515541 6286
1786505006179 3.5619314163923264 6287
1786505008759 3.6143061816692352 6288
1786505011340 3.4959104359149933 6289
1786505013921 3.5800110697746277 6290
1786505016502 3.4931909143924713 6291
1786505019083 3.5154892802238464 6292
1786505021663 3.520157754421234 6293
1786505024244 3.5456168800592422 6294
1786505026825 3.5762519240379333 6295
1786505029405 3.583825558423996 6296
1786505031986 3.5249335914850235 6297
1786505034569 3.486865222454071 6298
1786505037151 3.5231558084487915 6299
1786505039731 3.5302491635084152 6300
1786505042311 3.573536843061447 6301
1786505044891 3.5939237028360367 6302
1786505047472 3.5432472229003906 6303
1786505050052 3.517698734998703 6304
1786505052632 3.545369952917099 6305
1786505055213 3.603564739227295 6306
1786505057794 3.4743253141641617 6307
1786505060375 3.470802992582321 6308
1786505062956 3.555466040968895 6309
1786505065540 3.487113296985626 6310
1786505068126 3.5855270624160767 6311
1786505070710 3.453259661793709 6312
1786505073292 3.5694422721862793 6313
1786505075873 3.603912189602852 6314
1786505078455 3.5377164632081985 6315
1786505081036 3.553365781903267 6316
1786505083617 3.54410357773304 6317
1786505086198 3.538482204079628 6318
1786505088779 3.484395533800125 6319
1786505091363 3.5568992346525192 6320
1786505093944 3.515295520424843 6321
1786505096526 3.5840099304914474 6322
1786505099106 3.5435903668403625 6323
1786505101683 3.5642033964395523 6324
1786505104258 3.5407982021570206 6325
1786505106835 3.5435326248407364 6326
1786505109411 3.607041373848915 6327
1786505111992 3.5315553545951843 6328
1786505114571 3.4784551858901978 6329
1786505117147 3.5427767783403397 6330
1786505119722 3.5746443271636963 6331
1786505122298 3.5020662099123 6332
1786505124873 3.4909131079912186 6333
1786505127448 3.4855313301086426 6334
1786505130022 3.582896590232849 6335
1786505132597 3.432008609175682 6336
1786505135173 3.534224212169647 6337
1786505137747 3.533859297633171 6338
1786505140322 3.4790209382772446 6339
1786505142897 3.4281057864427567 6340
1786505145471 3.571805626153946 6341
1786505148046 3.482064336538315 6342
1786505150622 3.5448314249515533 6343
1786505153198 3.519702732563019 6344
1786505155774 3.5472340881824493 6345
1786505158350 3.580922931432724 6346
1786505160926 3.4559687972068787 6347
1786505163504 3.5000284165143967 6348
1786505166081 3.5284989774227142 6349
1786505168657 3.5071238428354263 6350
1786505171232 3.5395870059728622 6351
1786505173810 3.560149624943733 6352
1786505176385 3.543497145175934 6353
1786505178961 3.6206214874982834 6354
1786505181542 3.576440617442131 6355
1786505184126 3.5925781428813934 6356
1786505186709 3.565330520272255 6357
1786505189291 3.559448331594467 6358
1786505191872 3.5105435252189636 6359
1786505194456 3.533137857913971 6360
1786505197039 3.628298118710518 6361
1786505199626 3.552966743707657 6362
1786505202208 3.5211695432662964 6363
1786505204793 3.5320730209350586 6364
1786505207374 3.5338287204504013 6365
1786505209956 3.476392760872841 6366
1786505212537 3.6479059159755707 6367
1786505215121 3.5530361980199814 6368
1786505217699 3.5588879138231277 6369
1786505220276 3.522739127278328 6370
1786505222852 3.5980032235383987 6371
1786505225432 3.5216242969036102 6372
1786505228010 3.5704244524240494 6373
1786505230591 3.49817818403244 6374
1786505233174 3.5954891592264175 6375
1786505235756 3.492573708295822 6376
1786505238336 3.478253662586212 6377
1786505240916 3.5365266650915146 6378
1786505243498 3.4799921959638596 6379
1786505246078 3.5441914051771164 6380
1786505248657 3.6236750185489655 6381
1786505251236 3.5332230627536774 6382
1786505253815 3.5127886682748795 6383
1786505256396 3.5114807039499283 6384
1786505258977 3.5145291835069656 6385
1786505261559 3.576167657971382 6386
1786505264141 3.5126706063747406 6387
1786505266721 3.573023959994316 6388
1786505269302 3.5126190036535263 6389
1786505271882 3.559752181172371 6390
1786505274465 3.5390214323997498 6391
1786505277046 3.605053797364235 6392
1786505279627 3.502006322145462 6393
1786505282207 3.579292744398117 6394
1786505284788 3.520778626203537 6395
1786505287369 3.5630375742912292 6396
1786505289949 3.5311900675296783 6397
1786505292530 3.5287327617406845 6398
1786505295112 3.531335785984993 6399
1786505297693 3.572107195854187 6400
1786505300273 3.5486774891614914 6401
1786505302853 3.542760595679283 6402
1786505305436 3.5382163375616074 6403
1786505308017 3.601450130343437 6404
1786505310597 3.5079465508461 6405
1786505313176 3.5610714107751846 6406
1786505315756 3.5369909703731537 6407
1786505318336 3.5106382071971893 6408
1786505320915 3.5725009739398956 6409
1786505323496 3.507407158613205 6410
1786505326075 3.4720031917095184 6411
1786505328655 3.5613106042146683 6412
1786505331237 3.630433827638626 6413
1786505333817 3.460596263408661 6414
1786505336397 3.539301335811615 6415
1786505338980 3.5061725676059723 6416
1786505341561 3.47504560649395 6417
1786505344141 3.5649584531784058 6418
1786505346722 3.559117406606674 6419
1786505349303 3.5031844675540924 6420
1786505351883 3.5835907757282257 6421
1786505354464 3.4852233678102493 6422
1786505357044 3.553337037563324 6423
1786505359625 3.4683405458927155 6424
1786505362206 3.5185246765613556 6425
1786505364787 3.4233873188495636 6426
1786505367368 3.512141227722168 6427
1786505369949 3.6171451956033707 6428
1786505372529 3.522906720638275 6429
1786505375110 3.5541555136442184 6430
1786505377691 3.5374687910079956 6431
1786505380272 3.454385682940483 6432
1786505382852 3.465282067656517 6433
1786505385432 3.5497849732637405 6434
1786505388013 3.5512811094522476 6435
1786505390593 3.4773884415626526 6436
1786505393174 3.4882219284772873 6437
1786505395755 3.5472118258476257 6438
1786505398336 3.53538054227829 6439
1786505400916 3.49860343337059 6440
1786505403498 3.506867066025734 6441
1786505406087 3.52094666659832 6442
1786505408667 3.5496818125247955 6443
1786505411247 3.497024327516556 6444
1786505413827 3.604708582162857 6445
1786505416408 3.5393823385238647 6446
1786505418989 3.540945813059807 6447
1786505421569 3.5558568239212036 6448
1786505424152 3.5496665984392166 6449
1786505426733 3.538218542933464 6450
1786505429316 3.6155873090028763 6451
1786505431897 3.4785938411951065 6452
1786505434479 3.47723388671875 6453
1786505437062 3.4800360053777695 6454
1786505439643 3.537087708711624 6455
1786505442226 3.5612154752016068 6456
1786505444807 3.5620298981666565 6457
1786505447389 3.485618010163307 6458
1786505449973 3.5333263128995895 6459
1786505452561 3.542844831943512 6460
1786505455145 3.575636252760887 6461
1786505457727 3.522618219256401 6462
1786505460309 3.528754770755768 6463
1786505462892 3.5742402970790863 6464
1786505465476 3.564859315752983 6465
1786505468058 3.57451169192791 6466
1786505470640 3.6101991534233093 6467
1786505473223 3.6176595389842987 6468
1786505475807 3.5877855718135834 6469
1786505478390 3.477668508887291 6470
1786505480973 3.5837355256080627 6471
1786505483556 3.527609169483185 6472
1786505486139 3.499106243252754 6473
1786505488722 3.4803398698568344 6474
1786505491305 3.593371108174324 6475
1786505493890 3.512984961271286 6476
1786505496475 3.4996813386678696 6477
1786505499059 3.5656201988458633 6478
1786505501641 3.4799342900514603 6479
1786505504224 3.62135948240757 6480
1786505506807 3.5860777348279953 6481
1786505509389 3.5254094898700714 6482
1786505511971 3.495249941945076 6483
1786505514550 3.5795834958553314 6484
1786505517130 3.513998806476593 6485
1786505519707 3.5634235739707947 6486
1786505522284 3.50949527323246 6487
1786505524860 3.4729443937540054 6488
1786505527438 3.525513380765915 6489
1786505530013 3.4573799669742584 6490
1786505532591 3.5067601054906845 6491
1786505535170 3.6317144483327866 6492
1786505537747 3.576654404401779 6493
1786505540325 3.523333266377449 6494
1786505542902 3.488094851374626 6495
1786505545485 3.5198247879743576 6496
1786505548067 3.5382098853588104 6497
1786505550649 3.5665036886930466 6498
1786505553232 3.5310091078281403 6499
1786505557208 3.559433713555336 6500
1786505559789 3.5496323257684708 6501
1786505562371 3.555004268884659 6502
1786505564953 3.5552132427692413 6503
1786505567535 3.539858400821686 6504
1786505570118 3.5511974543333054 6505
1786505572700 3.5964475125074387 6506
1786505575281 3.5085155963897705 6507
1786505577865 3.5836451798677444 6508
1786505580446 3.505050301551819 6509
1786505583027 3.510280966758728 6510
1786505585608 3.651855081319809 6511
1786505588189 3.564839005470276 6512
1786505590771 3.579306900501251 6513
1786505593354 3.5187885612249374 6514
1786505595936 3.5150025337934494 6515
1786505598518 3.568809136748314 6516
1786505601100 3.5496727973222733 6517
1786505603682 3.5821875482797623 6518
1786505606264 3.436448857188225 6519
1786505608846 3.5630539804697037 6520
1786505611428 3.5005738586187363 6521
1786505614010 3.464585319161415 6522
1786505616595 3.4953889548778534 6523
1786505619180 3.4446527659893036 6524
1786505621765 3.5711998343467712 6525
1786505624348 3.5149187594652176 6526
1786505626931 3.4569638520479202 6527
1786505629514 3.477693572640419 6528
1786505632097 3.529362067580223 6529
1786505634679 3.6052283197641373 6530
1786505637262 3.5245787650346756 6531
1786505639848 3.600358307361603 6532
1786505642430 3.5198230147361755 6533
1786505645012 3.6080376356840134 6534
1786505647595 3.551415294408798 6535
1786505650176 3.576227843761444 6536
1786505652759 3.582425445318222 6537
1786505655345 3.5445706397295 6538
1786505657934 3.531164675951004 6539
1786505660525 3.5154799968004227 6540
1786505663107 3.570307180285454 6541
1786505665689 3.500482991337776 6542
1786505668270 3.4984665513038635 6543
1786505670852 3.5836912244558334 6544
1786505673434 3.5101204365491867 6545
1786505676015 3.5333124548196793 6546
1786505678597 3.576157957315445 6547
1786505681179 3.554117187857628 6548
1786505683761 3.500905826687813 6549
1786505686343 3.5695372968912125 6550
1786505688925 3.4268925487995148 6551
1786505691508 3.5485991686582565 6552
1786505694090 3.5191598534584045 6553
1786505696676 3.5258320420980453 6554
1786505699258 3.581150934100151 6555
1786505701840 3.575665920972824 6556
1786505704424 3.5415890365839005 6557
1786505707009 3.492817610502243 6558
1786505709592 3.5145561695098877 6559
1786505712174 3.5328647792339325 6560
1786505714756 3.5578899830579758 6561
1786505717339 3.5059605538845062 6562
1786505719926 3.5441227853298187 6563
1786505722508 3.5585154592990875 6564
1786505725092 3.51237753033638 6565
1786505727674 3.4616606384515762 6566
1786505730257 3.465076595544815 6567
1786505732837 3.629165068268776 6568
1786505735418 3.5391800105571747 6569
1786505738000 3.5546610057353973 6570
1786505740581 3.5598125010728836 6571
1786505743163 3.528020739555359 6572
1786505745743 3.489405557513237 6573
1786505748323 3.4707655012607574 6574
1786505750906 3.559606119990349 6575
1786505753489 3.5878757387399673 6576
1786505756069 3.499767541885376 6577
1786505758651 3.4538533091545105 6578
1786505761232 3.5356947481632233 6579
1786505763812 3.5029740184545517 6580
1786505766392 3.488390937447548 6581
1786505768974 3.5633315593004227 6582
1786505771555 3.5370742231607437 6583
1786505774138 3.546100750565529 6584
1786505776720 3.5058279782533646 6585
1786505779301 3.5181285440921783 6586
1786505781882 3.4734838604927063 6587
1786505784463 3.542241722345352 6588
1786505787044 3.563363552093506 6589
1786505789627 3.4682963341474533 6590
1786505792211 3.5485850870609283 6591
1786505794795 3.611266329884529 6592
1786505797377 3.5030216574668884 6593
1786505799960 3.543353170156479 6594
1786505802544 3.5102872401475906 6595
1786505805125 3.5471487939357758 6596
1786505807706 3.5561353117227554 6597
1786505810288 3.4822985231876373 6598
1786505812870 3.502270981669426 6599
1786505815453 3.5869982838630676 6600
1786505818034 3.546810418367386 6601
1786505820617 3.6405431032180786 6602
1786505823203 3.5572420954704285 6603
1786505825787 3.53292478621006 6604
1786505828373 3.510412946343422 6605
1786505830957 3.5752070248126984 6606
1786505833548 3.519855037331581 6607
1786505836136 3.5140909403562546 6608
1786505838721 3.4928406327962875 6609
1786505841303 3.4989506155252457 6610
1786505843885 3.5240749418735504 6611
1786505846468 3.5952140539884567 6612
1786505849050 3.549619495868683 6613
1786505851635 3.569651648402214 6614
1786505854219 3.504338800907135 6615
1786505856813 3.568629205226898 6616
1786505859397 3.5425221621990204 6617
1786505861980 3.6171441078186035 6618
1786505864562 3.5726491659879684 6619
1786505867147 3.5034951716661453 6620
1786505869730 3.4878024011850357 6621
1786505872313 3.5371337831020355 6622
1786505874904 3.5686416625976562 6623
1786505877490 3.4869772493839264 6624
1786505880072 3.4786787927150726 6625
1786505882654 3.5453947484493256 6626
1786505885237 3.51944400370121 6627
1786505887821 3.598524048924446 6628
1786505890406 3.5710058361291885 6629
1786505892989 3.5893034785985947 6630
1786505895571 3.4671198278665543 6631
1786505898154 3.511683776974678 6632
1786505900737 3.4748671650886536 6633
1786505903319 3.567203775048256 6634
1786505905902 3.4516083747148514 6635
1786505908485 3.4951861649751663 6636
1786505911066 3.5143235474824905 6637
1786505913658 3.5393963307142258 6638
1786505916242 3.538536101579666 6639
1786505918829 3.5278265476226807 6640
1786505921413 3.6130988746881485 6641
1786505923996 3.498893901705742 6642
1786505926580 3.563988909125328 6643
1786505929164 3.510929688811302 6644
1786505931748 3.588431239128113 6645
1786505934331 3.5239817202091217 6646
1786505936912 3.583417132496834 6647
1786505939492 3.5762771666049957 6648
1786505942073 3.5384166836738586 6649
1786505944656 3.5755876153707504 6650
1786505947237 3.5373615473508835 6651
1786505949822 3.5039680004119873 6652
1786505952406 3.5228473097085953 6653
1786505954984 3.4852332025766373 6654
1786505957562 3.5024350732564926 6655
1786505960140 3.6087385565042496 6656
1786505962717 3.488423630595207 6657
1786505965296 3.4958394318819046 6658
1786505967883 3.480363219976425 6659
1786505970466 3.5648897141218185 6660
1786505973047 3.5505460053682327 6661
1786505975629 3.5280418545007706 6662
1786505978212 3.5154633969068527 6663
1786505980794 3.51579749584198 6664
1786505983376 3.5516868233680725 6665
1786505985959 3.5652512311935425 6666
1786505988538 3.5124129951000214 6667
1786505991117 3.486257776618004 6668
1786505993699 3.6191673278808594 6669
1786505996284 3.462806776165962 6670
1786505998867 3.62260702252388 6671
1786506001452 3.5005040913820267 6672
1786506004033 3.496525764465332 6673
1786506006616 3.449773132801056 6674
1786506009206 3.5516161024570465 6675
1786506011787 3.4815180003643036 6676
1786506014369 3.494770109653473 6677
1786506016951 3.5109487622976303 6678
1786506019532 3.540907233953476 6679
1786506022115 3.5051481872797012 6680
1786506024695 3.4731681048870087 6681
1786506027276 3.4808084666728973 6682
1786506029857 3.5046114027500153 6683
1786506032439 3.527713030576706 6684
1786506035020 3.497164472937584 6685
1786506037602 3.5544945746660233 6686
1786506040182 3.536274805665016 6687
1786506042765 3.5096598118543625 6688
1786506045352 3.4954151660203934 6689
1786506047933 3.568987026810646 6690
1786506050517 3.560553163290024 6691
1786506053101 3.5512701869010925 6692
1786506055689 3.5513196736574173 6693
1786506058272 3.445813328027725 6694
1786506060855 3.398730918765068 6695
1786506063439 3.5053151100873947 6696
1786506066021 3.6197313517332077 6697
1786506068602 3.4515428096055984 6698
1786506071182 3.5348613262176514 6699
1786506073764 3.464720740914345 6700
1786506076345 3.556427761912346 6701
1786506078927 3.5129564255476 6702
1786506081509 3.5168431997299194 6703
1786506084090 3.4813611656427383 6704
1786506086672 3.4087155610322952 6705
1786506089253 3.4774245619773865 6706
1786506091836 3.553587168455124 6707
1786506094415 3.595848426222801 6708
1786506096994 3.4501723647117615 6709
1786506099573 3.51706925034523 6710
1786506102153 3.5992464274168015 6711
1786506104734 3.491785943508148 6712
1786506107315 3.5346420258283615 6713
1786506109899 3.4834809452295303 6714
1786506112482 3.4872186928987503 6715
1786506115064 3.531880795955658 6716
1786506117645 3.598248064517975 6717
1786506120231 3.5336155593395233 6718
1786506122815 3.471423417329788 6719
1786506125400 3.4860458821058273 6720
1786506127980 3.5723918676376343 6721
1786506130563 3.487729534506798 6722
1786506133145 3.4850884526968002 6723
1786506135726 3.5213886201381683 6724
1786506138306 3.4706525951623917 6725
1786506140886 3.5467422902584076 6726
1786506143466 3.5857735872268677 6727
1786506146047 3.494976907968521 6728
1786506148628 3.5358316004276276 6729
1786506151209 3.464908689260483 6730
1786506153790 3.525557979941368 6731
1786506156371 3.4954091906547546 6732
1786506158951 3.491473376750946 6733
1786506161531 3.517459124326706 6734
1786506164113 3.5136616826057434 6735
1786506166691 3.484510913491249 6736
1786506169269 3.557915583252907 6737
1786506171855 3.4637644439935684 6738
1786506174437 3.4678301960229874 6739
1786506177019 3.5120919942855835 6740
1786506179606 3.5086298882961273 6741
1786506182189 3.440963312983513 6742
1786506184772 3.5886584669351578 6743
1786506187356 3.5280120819807053 6744
1786506189938 3.504360407590866 6745
1786506192521 3.4831905514001846 6746
1786506195106 3.5787025541067123 6747
1786506197688 3.568012624979019 6748
1786506200265 3.543207436800003 6749
1786506202842 3.533337712287903 6750
1786506205419 3.484799772500992 6751
1786506207998 3.516726851463318 6752
1786506210574 3.545062005519867 6753
1786506213151 3.5244827270507812 6754
1786506215729 3.5003553479909897 6755
1786506218306 3.5142357498407364 6756
1786506220885 3.4987501055002213 6757
1786506223468 3.46293368935585 6758
1786506226049 3.5449175983667374 6759
1786506228631 3.516221135854721 6760
1786506231213 3.56234709918499 6761
1786506233794 3.489109992980957 6762
1786506236376 3.518578603863716 6763
1786506238958 3.5857964605093002 6764
1786506241541 3.462442845106125 6765
1786506244122 3.577553540468216 6766
1786506246705 3.5384166836738586 6767
1786506249287 3.5266007781028748 6768
1786506251868 3.564622461795807 6769
1786506254448 3.5151269286870956 6770
1786506257029 3.510607808828354 6771
1786506259609 3.5013861656188965 6772
1786506262192 3.5148229151964188 6773
1786506264770 3.4915901571512222 6774
1786506267345 3.597390830516815 6775
1786506269922 3.4448225051164627 6776
1786506272503 3.5556586533784866 6777
1786506275086 3.4445942491292953 6778
1786506277668 3.5299074053764343 6779
1786506280251 3.5494730472564697 6780
1786506282834 3.4975474029779434 6781
1786506285415 3.5395021736621857 6782
1786506287998 3.4237974733114243 6783
1786506290581 3.5810661911964417 6784
1786506293169 3.4322938323020935 6785
1786506295752 3.4441247284412384 6786
1786506298335 3.539759635925293 6787
1786506300919 3.497930273413658 6788
1786506303503 3.5685673356056213 6789
1786506306096 3.529711827635765 6790
1786506308677 3.4756903648376465 6791
1786506311260 3.4691538363695145 6792
1786506313843 3.563596859574318 6793
1786506316425 3.495165228843689 6794
1786506319008 3.5553732365369797 6795
1786506321592 3.4704418033361435 6796
1786506324174 3.5051735639572144 6797
1786506326756 3.4845542311668396 6798
1786506329338 3.582697942852974 6799
1786506331923 3.5786473006010056 6800
1786506334508 3.5331615954637527 6801
1786506337091 3.4288627058267593 6802
1786506339674 3.523889973759651 6803
1786506342259 3.4732984751462936 6804
1786506344845 3.523173749446869 6805
1786506347428 3.4860475659370422 6806
1786506350011 3.448573961853981 6807
1786506352594 3.5473349541425705 6808
1786506355171 3.496194913983345 6809
1786506357751 3.5961640626192093 6810
1786506360331 3.531401127576828 6811
1786506362913 3.485615834593773 6812
1786506365504 3.4881252348423004 6813
1786506368091 3.4795654118061066 6814
1786506370672 3.5475108921527863 6815
1786506373255 3.4970261454582214 6816
1786506375836 3.496414363384247 6817
1786506378419 3.529471680521965 6818
1786506381001 3.5093585550785065 6819
1786506383584 3.500769153237343 6820
1786506386166 3.584761291742325 6821
1786506388749 3.519805982708931 6822
1786506391332 3.5179919600486755 6823
1786506393917 3.470418229699135 6824
1786506396499 3.5044781118631363 6825
1786506399081 3.468085452914238 6826
1786506401662 3.5207314044237137 6827
1786506404246 3.485772132873535 6828
1786506406829 3.5688028186559677 6829
1786506409418 3.4752142429351807 6830
1786506412001 3.50131319463253 6831
1786506414586 3.4565596878528595 6832
1786506417169 3.501677379012108 6833
1786506419752 3.4502373039722443 6834
1786506422339 3.5408857315778732 6835
1786506424920 3.4965654015541077 6836
1786506427502 3.5939939618110657 6837
1786506430084 3.5198206454515457 6838
1786506432666 3.586327850818634 6839
1786506435249 3.520373985171318 6840
1786506437831 3.498437002301216 6841
1786506440413 3.511250138282776 6842
1786506442995 3.4787240624427795 6843
1786506445580 3.5987521708011627 6844
1786506448163 3.5881559252738953 6845
1786506450744 3.5202094316482544 6846
1786506453330 3.5244771540164948 6847
1786506455913 3.515195667743683 6848
1786506458496 3.5500072985887527 6849
1786506461084 3.4639074355363846 6850
1786506463666 3.5109871476888657 6851
1786506466248 3.4586541056632996 6852
1786506468831 3.4442135244607925 6853
1786506471420 3.5965337455272675 6854
1786506474007 3.5339877754449844 6855
1786506476593 3.5621894150972366 6856
1786506479186 3.513020321726799 6857
1786506481779 3.606277897953987 6858
1786506484363 3.4831583946943283 6859
1786506486944 3.444671392440796 6860
1786506489525 3.5511060506105423 6861
1786506492107 3.4425428807735443 6862
1786506494689 3.530696675181389 6863
1786506497271 3.5209379494190216 6864
1786506499853 3.513432964682579 6865
1786506502435 3.5243925154209137 6866
1786506505018 3.4696694910526276 6867
1786506507602 3.526282548904419 6868
1786506510183 3.4592765122652054 6869
1786506512765 3.5012212991714478 6870
1786506515347 3.5585262179374695 6871
1786506517931 3.504629746079445 6872
1786506520510 3.480223625898361 6873
1786506523090 3.46584215760231 6874
1786506525670 3.554427832365036 6875
1786506528251 3.425284221768379 6876
1786506530837 3.4739007651805878 6877
1786506533428 3.557895764708519 6878
1786506536010 3.491751343011856 6879
1786506538591 3.5526361018419266 6880
1786506541168 3.5289492458105087 6881
1786506543746 3.474342569708824 6882
1786506546330 3.5627827793359756 6883
1786506548915 3.553629159927368 6884
1786506551497 3.4846228808164597 6885
1786506554082 3.5596636831760406 6886
1786506556665 3.5613993257284164 6887
1786506559250 3.5081606954336166 6888
1786506561831 3.4531871378421783 6889
1786506564413 3.4714425802230835 6890
1786506566995 3.5754136741161346 6891
1786506569578 3.5080284476280212 6892
1786506572159 3.6260908246040344 6893
1786506574741 3.428574651479721 6894
1786506577324 3.4073086827993393 6895
1786506579909 3.515670344233513 6896
1786506582490 3.466652885079384 6897
1786506585072 3.5947461873292923 6898
1786506587653 3.52381893992424 6899
1786506590236 3.5811518281698227 6900
1786506592818 3.4349529296159744 6901
1786506595399 3.455967366695404 6902
1786506597981 3.5323061794042587 6903
1786506600563 3.4551899284124374 6904
1786506603144 3.5142071545124054 6905
1786506605725 3.5793519616127014 6906
1786506608307 3.5250506550073624 6907
1786506610889 3.496314972639084 6908
1786506613471 3.482333153486252 6909
1786506616052 3.529189959168434 6910
1786506618633 3.530924528837204 6911
1786506621215 3.5445695519447327 6912
1786506623796 3.5233129113912582 6913
1786506626378 3.52193683385849 6914
1786506628959 3.4832953065633774 6915
1786506631543 3.4515574872493744 6916
1786506634124 3.51801198720932 6917
1786506636707 3.475396439433098 6918
1786506639289 3.512173593044281 6919
1786506641869 3.482983022928238 6920
1786506644450 3.4469749331474304 6921
1786506647030 3.480700343847275 6922
1786506649611 3.5406511276960373 6923
1786506652190 3.4298857748508453 6924
1786506654770 3.5092848986387253 6925
1786506657350 3.5291458666324615 6926
1786506659930 3.5089752078056335 6927
1786506662512 3.509093925356865 6928
1786506665093 3.3798721730709076 6929
1786506667676 3.5136682987213135 6930
1786506670257 3.4766679853200912 6931
1786506672839 3.5414134562015533 6932
1786506675420 3.5191555470228195 6933
1786506678001 3.516685277223587 6934
1786506680582 3.49593448638916 6935
1786506683165 3.4517216980457306 6936
1786506685746 3.4940197616815567 6937
1786506688327 3.5414642095565796 6938
1786506690908 3.4730608761310577 6939
1786506693490 3.5848617255687714 6940
1786506696072 3.533317804336548 6941
1786506698655 3.5287858694791794 6942
1786506701238 3.5124605298042297 6943
1786506703821 3.5385060757398605 6944
1786506706406 3.433214411139488 6945
1786506708983 3.553162783384323 6946
1786506711561 3.4603728652000427 6947
1786506714137 3.4229930490255356 6948
1786506716713 3.537766605615616 6949
1786506719291 3.4106873124837875 6950
1786506721868 3.5006041824817657 6951
1786506724446 3.529757633805275 6952
1786506727024 3.4794483333826065 6953
1786506729601 3.4982689172029495 6954
1786506732178 3.5244594663381577 6955
1786506734756 3.5382664650678635 6956
1786506737333 3.5174927413463593 6957
1786506739911 3.4363140165805817 6958
1786506742488 3.4736375212669373 6959
1786506745065 3.5146869719028473 6960
1786506747643 3.4907835721969604 6961
1786506750221 3.4758710116147995 6962
1786506752798 3.4300775676965714 6963
1786506755377 3.576398104429245 6964
1786506757955 3.509296879172325 6965
1786506760531 3.5336568653583527 6966
1786506763107 3.473812907934189 6967
1786506765684 3.598717048764229 6968
1786506768260 3.5228190422058105 6969
1786506770837 3.527505502104759 6970
1786506773414 3.587624117732048 6971
1786506775992 3.5279314517974854 6972
1786506778569 3.607848733663559 6973
1786506781149 3.5620219856500626 6974
1786506783726 3.533240020275116 6975
1786506786309 3.56246617436409 6976
1786506788890 3.5508249551057816 6977
1786506791469 3.5017690509557724 6978
1786506794046 3.630679965019226 6979
1786506796623 3.4596837908029556 6980
1786506799201 3.446343570947647 6981
1786506801777 3.5414034873247147 6982
1786506804353 3.481009989976883 6983
1786506806928 3.4591527432203293 6984
1786506809502 3.5024979412555695 6985
1786506812077 3.4877993166446686 6986
1786506814652 3.4868778586387634 6987
1786506817231 3.530724123120308 6988
1786506819815 3.53899322450161 6989
1786506822398 3.51238913834095 6990
1786506824982 3.4847081750631332 6991
1786506827566 3.503356173634529 6992
1786506830152 3.400030016899109 6993
1786506832735 3.514356166124344 6994
1786506835319 3.496126487851143 6995
1786506837901 3.452707529067993 6996
1786506840484 3.440830796957016 6997
1786506843065 3.5236490815877914 6998
1786506845649 3.575881242752075 6999
1786506849298 3.4964143484830856 7000
1786506851879 3.5567116141319275 7001
1786506854461 3.496024399995804 7002
1786506857043 3.4608571380376816 7003
1786506859624 3.514053225517273 7004
1786506862205 3.500278428196907 7005
1786506864787 3.5627639144659042 7006
1786506867369 3.455801948904991 7007
1786506869950 3.571317821741104 7008
1786506872534 3.5597728192806244 7009
1786506875122 3.510845363140106 7010
1786506877706 3.508328214287758 7011
1786506880288 3.5093079954385757 7012
1786506882871 3.506430059671402 7013
1786506885453 3.45454441010952 7014
1786506888034 3.5189794301986694 7015
1786506890616 3.4622034430503845 7016
1786506893198 3.429568827152252 7017
1786506895779 3.5140987187623978 7018
1786506898360 3.477543607354164 7019
1786506900940 3.4963902682065964 7020
1786506903521 3.5123115479946136 7021
1786506906102 3.4961615800857544 7022
1786506908683 3.476372167468071 7023
1786506911268 3.4925245195627213 7024
1786506913850 3.5683732330799103 7025
1786506916431 3.4890795797109604 7026
1786506919010 3.483375683426857 7027
1786506921587 3.5367650538682938 7028
1786506924164 3.5084844678640366 7029
1786506926746 3.6004661470651627 7030
1786506929334 3.5489984452724457 7031
1786506931923 3.4897494465112686 7032
1786506934505 3.4090124368667603 7033
1786506937086 3.531146079301834 7034
1786506939671 3.54262013733387 7035
1786506942262 3.4429220259189606 7036
1786506944850 3.5283775478601456 7037
1786506947440 3.5330133885145187 7038
1786506950029 3.4625197052955627 7039
1786506952618 3.4622390270233154 7040
1786506955202 3.4277357161045074 7041
1786506957784 3.4559069871902466 7042
1786506960366 3.5221276730298996 7043
1786506962947 3.534966066479683 7044
1786506965528 3.4414906203746796 7045
1786506968111 3.4329131692647934 7046
1786506970693 3.4330804497003555 7047
1786506973273 3.478014349937439 7048
1786506975850 3.5926786810159683 7049
1786506978427 3.46425424516201 7050
1786506981003 3.5486042350530624 7051
1786506983580 3.497070997953415 7052
1786506986156 3.474503308534622 7053
1786506988732 3.538679137825966 7054
1786506991307 3.523324653506279 7055
1786506993887 3.5299354940652847 7056
1786506996464 3.486529231071472 7057
1786506999041 3.4373157769441605 7058
1786507001620 3.5336238741874695 7059
1786507004196 3.4695072919130325 7060
1786507006772 3.4747160375118256 7061
1786507009348 3.5702514946460724 7062
1786507011926 3.5414512157440186 7063
1786507014505 3.5439548194408417 7064
1786507017083 3.3577917218208313 7065
1786507019659 3.4696184247732162 7066
1786507022236 3.5314159840345383 7067
1786507024812 3.512847974896431 7068
1786507027390 3.476519599556923 7069
1786507029966 3.6230285614728928 7070
1786507032543 3.528875932097435 7071
1786507035120 3.528160259127617 7072
1786507037696 3.473740890622139 7073
1786507040273 3.574687361717224 7074
1786507042851 3.468495190143585 7075
1786507045428 3.4476168900728226 7076
1786507048005 3.5066799223423004 7077
1786507050582 3.4239692986011505 7078
1786507053159 3.5262130796909332 7079
1786507055736 3.5200625360012054 7080
1786507058313 3.5334761291742325 7081
1786507060890 3.496150478720665 7082
1786507063467 3.4680114537477493 7083
1786507066045 3.5355594903230667 7084
1786507068622 3.563546195626259 7085
1786507071199 3.4997794181108475 7086
1786507073777 3.4933455139398575 7087
1786507076356 3.5163538455963135 7088
1786507078935 3.435332104563713 7089
1786507081515 3.5901117771863937 7090
1786507084094 3.589271754026413 7091
1786507086674 3.523474708199501 7092
1786507089254 3.5271240174770355 7093
1786507091834 3.5193597972393036 7094
1786507094413 3.520866736769676 7095
1786507096993 3.501506820321083 7096
1786507099575 3.483064293861389 7097
1786507102156 3.505717694759369 7098
1786507104737 3.506431221961975 7099
1786507107320 3.5252302289009094 7100
1786507109901 3.500043362379074 7101
1786507112484 3.485597714781761 7102
1786507115066 3.492900997400284 7103
1786507117650 3.494058981537819 7104
1786507120233 3.498280182480812 7105
1786507122813 3.492084264755249 7106
1786507125393 3.5442465245723724 7107
1786507127975 3.529854714870453 7108
1786507130558 3.5033350437879562 7109
1786507133138 3.5733620077371597 7110
1786507135725 3.527920350432396 7111
1786507138306 3.617530569434166 7112
1786507140888 3.490489050745964 7113
1786507143471 3.471846491098404 7114
1786507146053 3.536537989974022 7115
1786507148635 3.5421599447727203 7116
1786507151216 3.4817213863134384 7117
1786507153799 3.488018035888672 7118
1786507156382 3.550623968243599 7119
1786507158965 3.4563839733600616 7120
1786507161548 3.5553223341703415 7121
1786507164132 3.4935770481824875 7122
1786507166716 3.5907076448202133 7123
1786507169297 3.456856742501259 7124
1786507171879 3.4307650327682495 7125
1786507174462 3.5004756301641464 7126
1786507177045 3.5597792118787766 7127
1786507179628 3.526889532804489 7128
1786507182211 3.487516075372696 7129
1786507184794 3.4649794697761536 7130
1786507187377 3.4944403767585754 7131
1786507189960 3.4948110580444336 7132
1786507192547 3.4589056372642517 7133
1786507195130 3.364110752940178 7134
1786507197713 3.4833915531635284 7135
1786507200296 3.5400701463222504 7136
1786507202881 3.4735173285007477 7137
1786507205474 3.522061735391617 7138
1786507208057 3.519748330116272 7139
1786507210639 3.4284428358078003 7140
1786507213223 3.496990531682968 7141
1786507215806 3.527510553598404 7142
1786507218389 3.4862234741449356 7143
1786507220971 3.573105663061142 7144
1786507223553 3.4851047694683075 7145
1786507226135 3.5916623771190643 7146
1786507228718 3.5516979843378067 7147
1786507231302 3.427220657467842 7148
1786507233884 3.5043189227581024 7149
1786507236467 3.4607871621847153 7150
1786507239049 3.487056463956833 7151
1786507241631 3.5283056497573853 7152
1786507244213 3.5843661725521088 7153
1786507246795 3.5449233055114746 7154
1786507249378 3.4941148161888123 7155
1786507251961 3.5891609638929367 7156
1786507254545 3.5818048268556595 7157
1786507257132 3.546140506863594 7158
1786507259714 3.5327879786491394 7159
1786507262299 3.466405227780342 7160
1786507264881 3.4556598365306854 7161
1786507267462 3.476861819624901 7162
1786507270045 3.522504523396492 7163
1786507272627 3.538185238838196 7164
1786507275208 3.5535508692264557 7165
1786507277789 3.5097883194684982 7166
1786507280370 3.434285342693329 7167
1786507282952 3.49639168381691 7168
1786507285534 3.3972988575696945 7169
1786507288115 3.5682361274957657 7170
1786507290696 3.4369543343782425 7171
1786507293278 3.4625233560800552 7172
1786507295860 3.536017954349518 7173
1786507298441 3.5016522258520126 7174
1786507301022 3.5591083019971848 7175
1786507303604 3.533893272280693 7176
1786507306186 3.4957707673311234 7177
1786507308767 3.4862165451049805 7178
1786507311349 3.5178636610507965 7179
1786507313930 3.4974547177553177 7180
1786507316509 3.47939570248127 7181
1786507319088 3.4915990382432938 7182
1786507321667 3.519508019089699 7183
1786507324247 3.4706712812185287 7184
1786507326828 3.5484241396188736 7185
1786507329410 3.4230381548404694 7186
1786507331991 3.517042949795723 7187
1786507334573 3.435843512415886 7188
1786507337155 3.496040090918541 7189
1786507339736 3.412937358021736 7190
1786507342318 3.519534081220627 7191
1786507344901 3.4562730938196182 7192
1786507347482 3.471885472536087 7193
1786507350063 3.5379297137260437 7194
1786507352644 3.495030015707016 7195
1786507355225 3.576974630355835 7196
1786507357806 3.504674717783928 7197
1786507360388 3.486425369977951 7198
1786507362969 3.4306465536355972 7199
1786507365552 3.485667333006859 7200
1786507368133 3.5219246596097946 7201
1786507370715 3.544092744588852 7202
1786507373299 3.490097686648369 7203
1786507375882 3.5387042462825775 7204
1786507378463 3.490956172347069 7205
1786507381046 3.5084685534238815 7206
1786507383628 3.5163009464740753 7207
1786507386210 3.5557868629693985 7208
1786507388793 3.492487907409668 7209
1786507391374 3.5864493548870087 7210
1786507393957 3.431481644511223 7211
1786507396540 3.5744133591651917 7212
1786507399122 3.5809807628393173 7213
1786507401704 3.4791251122951508 7214
1786507404286 3.4722234457731247 7215
1786507406869 3.5136791467666626 7216
1786507409451 3.5889856815338135 7217
1786507412031 3.4375177174806595 7218
1786507414612 3.504211500287056 7219
1786507417193 3.4741637110710144 7220
1786507419774 3.5549059361219406 7221
1786507422355 3.447737768292427 7222
1786507424936 3.338737800717354 7223
1786507427513 3.57461379468441 7224
1786507430089 3.4431171268224716 7225
1786507432664 3.48303559422493 7226
1786507435240 3.407225951552391 7227
1786507437817 3.4716375917196274 7228
1786507440394 3.4932977855205536 7229
1786507442971 3.550526276230812 7230
1786507445546 3.4801017194986343 7231
1786507448123 3.4622810781002045 7232
1786507450700 3.4796257466077805 7233
1786507453277 3.5465679317712784 7234
1786507455854 3.5516237169504166 7235
1786507458432 3.4929829239845276 7236
1786507461009 3.507146254181862 7237
1786507463586 3.413862645626068 7238
1786507466162 3.4536720514297485 7239
1786507468738 3.4999311566352844 7240
1786507471316 3.446098253130913 7241
1786507473893 3.5312397330999374 7242
1786507476471 3.5485620349645615 7243
1786507479048 3.454221338033676 7244
1786507481626 3.4809796810150146 7245
1786507484203 3.4938350319862366 7246
1786507486782 3.495431661605835 7247
1786507489365 3.4708593636751175 7248
1786507491951 3.519573986530304 7249
1786507494533 3.4844508320093155 7250
1786507497114 3.50896218419075 7251
1786507499694 3.4845734983682632 7252
1786507502276 3.484266981482506 7253
1786507504858 3.5065047442913055 7254
1786507507440 3.52218659222126 7255
1786507510022 3.513711631298065 7256
1786507512605 3.493545413017273 7257
1786507515186 3.513130411505699 7258
1786507517766 3.393739193677902 7259
1786507520347 3.496543452143669 7260
1786507522928 3.522463858127594 7261
1786507525510 3.463699847459793 7262
1786507528092 3.5452138036489487 7263
1786507530673 3.441164553165436 7264
1786507533255 3.5411097705364227 7265
1786507535836 3.5420647263526917 7266
1786507538418 3.508097678422928 7267
1786507540999 3.4519288688898087 7268
1786507543580 3.51415553689003 7269
1786507546163 3.506883427500725 7270
1786507548745 3.4985602349042892 7271
1786507551329 3.5304502844810486 7272
1786507553911 3.5256474018096924 7273
1786507556494 3.4954415410757065 7274
1786507559074 3.496443971991539 7275
1786507561659 3.529756173491478 7276
1786507564240 3.493963196873665 7277
1786507566821 3.5891376584768295 7278
1786507569404 3.469386726617813 7279
1786507571984 3.4275603890419006 7280
1786507574566 3.4923262149095535 7281
1786507577149 3.5293972194194794 7282
1786507579730 3.50500425696373 7283
1786507582313 3.4693954586982727 7284
1786507584894 3.468569129705429 7285
1786507587476 3.4592444598674774 7286
1786507590057 3.4177524149417877 7287
1786507592638 3.4945328682661057 7288
1786507595220 3.5276978611946106 7289
1786507597802 3.476571097970009 7290
1786507600384 3.544357478618622 7291
1786507602966 3.5701626986265182 7292
1786507605549 3.520854189991951 7293
1786507608130 3.550901770591736 7294
1786507610712 3.50112247467041 7295
1786507613297 3.4871371686458588 7296
1786507615883 3.522991731762886 7297
1786507618469 3.3803775161504745 7298
1786507621052 3.5343530476093292 7299
1786507623636 3.4808907359838486 7300
1786507626218 3.516938015818596 7301
1786507628800 3.5554055869579315 7302
1786507631382 3.5379437804222107 7303
1786507633964 3.489767998456955 7304
1786507636546 3.5136535614728928 7305
1786507639127 3.5364128798246384 7306
1786507641708 3.4913651645183563 7307
1786507644289 3.4980083107948303 7308
1786507646870 3.4842193573713303 7309
1786507649452 3.5528802275657654 7310
1786507652034 3.500708743929863 7311
1786507654617 3.476861849427223 7312
1786507657200 3.4464804977178574 7313
1786507659783 3.507748067378998 7314
1786507662366 3.5164350122213364 7315
1786507664948 3.4789340049028397 7316
1786507667530 3.452544331550598 7317
1786507670112 3.52532759308815 7318
1786507672695 3.568368226289749 7319
1786507675280 3.441166862845421 7320
1786507677869 3.562074452638626 7321
1786507680451 3.484329953789711 7322
1786507683032 3.5546556264162064 7323
1786507685615 3.5217464715242386 7324
1786507688199 3.5299872905015945 7325
1786507690776 3.3957390785217285 7326
1786507693353 3.552331179380417 7327
1786507695929 3.4958214461803436 7328
1786507698505 3.5119848251342773 7329
1786507701080 3.4641024470329285 7330
1786507703656 3.535735696554184 7331
1786507706233 3.450049862265587 7332
1786507708809 3.4818602353334427 7333
1786507711386 3.5445802807807922 7334
1786507713962 3.5083323568105698 7335
1786507716539 3.489566370844841 7336
1786507719116 3.5147164463996887 7337
1786507721694 3.5485828518867493 7338
1786507724270 3.6082767844200134 7339
1786507726847 3.477043628692627 7340
1786507729425 3.4993041157722473 7341
1786507732007 3.474546179175377 7342
1786507734588 3.6093168556690216 7343
1786507737169 3.4226476699113846 7344
1786507739750 3.514144167304039 7345
1786507742331 3.484457790851593 7346
1786507744911 3.4793527722358704 7347
1786507747492 3.5043246001005173 7348
1786507750074 3.483834609389305 7349
1786507752655 3.4957108050584793 7350
1786507755237 3.5038867592811584 7351
1786507757818 3.447885826230049 7352
1786507760399 3.5333564281463623 7353
1786507762979 3.5286871790885925 7354
1786507765558 3.4318855106830597 7355
1786507768140 3.5707527697086334 7356
1786507770727 3.5964959114789963 7357
1786507773312 3.47852823138237 7358
1786507775898 3.505135476589203 7359
1786507778485 3.494687467813492 7360
1786507781068 3.5064879655838013 7361
1786507783650 3.436829537153244 7362
1786507786234 3.446219727396965 7363
1786507788815 3.4595376402139664 7364
1786507791396 3.5453659147024155 7365
1786507793979 3.4349607974290848 7366
1786507796561 3.4528167247772217 7367
1786507799143 3.5959966480731964 7368
1786507801725 3.509273588657379 7369
1786507804306 3.488776907324791 7370
1786507806888 3.4118287563323975 7371
1786507809471 3.4806748926639557 7372
1786507812052 3.441303253173828 7373
1786507814634 3.495940700173378 7374
1786507817217 3.635457143187523 7375
1786507819800 3.5174762308597565 7376
1786507822383 3.444818764925003 7377
1786507824965 3.50861956179142 7378
1786507827547 3.5957282334566116 7379
1786507830129 3.449460491538048 7380
1786507832712 3.499921575188637 7381
1786507835295 3.427262455224991 7382
1786507837876 3.522877812385559 7383
1786507840458 3.512027531862259 7384
1786507843041 3.512284129858017 7385
1786507845623 3.4574896693229675 7386
1786507848206 3.446165055036545 7387
1786507850790 3.4888861030340195 7388
1786507853375 3.529583379626274 7389
1786507855958 3.5286557525396347 7390
1786507858539 3.3964917808771133 7391
1786507861125 3.439029574394226 7392
1786507863710 3.495123028755188 7393
1786507866292 3.5284180343151093 7394
1786507868877 3.4868825525045395 7395
1786507871458 3.4194441437721252 7396
1786507874042 3.5202640742063522 7397
1786507876631 3.5178424268960953 7398
1786507879212 3.5181984454393387 7399
1786507881793 3.500717058777809 7400
1786507884377 3.54027196764946 7401
1786507886957 3.502075508236885 7402
1786507889538 3.493162825703621 7403
1786507892119 3.504537418484688 7404
1786507894700 3.457865133881569 7405
1786507897281 3.5276847928762436 7406
1786507899863 3.511568307876587 7407
1786507902444 3.489363372325897 7408
1786507905025 3.5731766670942307 7409
1786507907606 3.4655927270650864 7410
1786507910187 3.5218896716833115 7411
1786507912769 3.4438657015562057 7412
1786507915350 3.5149519741535187 7413
1786507917933 3.4567474126815796 7414
1786507920515 3.485144764184952 7415
1786507923101 3.4540368765592575 7416
1786507925688 3.4232660681009293 7417
1786507928276 3.5303408354520798 7418
1786507930855 3.5329185128211975 7419
1786507933434 3.466317355632782 7420
1786507936017 3.4419696778059006 7421
1786507938599 3.5540202111005783 7422
1786507941181 3.5587860494852066 7423
1786507943763 3.513764128088951 7424
1786507946341 3.4730816781520844 7425
1786507948917 3.4865375757217407 7426
1786507951495 3.5470193922519684 7427
1786507954072 3.426059514284134 7428
1786507956648 3.5033757984638214 7429
1786507959225 3.504447564482689 7430
1786507961802 3.5479007363319397 7431
1786507964378 3.464932754635811 7432
1786507966962 3.4254558235406876 7433
1786507969544 3.462910771369934 7434
1786507972128 3.528935581445694 7435
1786507974715 3.5251578986644745 7436
1786507977301 3.5585214495658875 7437
1786507979881 3.496751293540001 7438
1786507982462 3.4723624885082245 7439
1786507985043 3.525442808866501 7440
1786507987623 3.454627051949501 7441
1786507990204 3.5233144313097 7442
1786507992786 3.510942280292511 7443
1786507995371 3.509859621524811 7444
1786507997954 3.4094760715961456 7445
1786508000533 3.557234764099121 7446
1786508003109 3.4755416214466095 7447
1786508005685 3.496380031108856 7448
1786508008263 3.4469059258699417 7449
1786508010840 3.530433639883995 7450
1786508013417 3.501843214035034 7451
1786508015996 3.450429305434227 7452
1786508018573 3.4742506742477417 7453
1786508021151 3.4471039921045303 7454
1786508023727 3.4212539047002792 7455
1786508026303 3.552591159939766 7456
1786508028880 3.5165407806634903 7457
1786508031457 3.428952634334564 7458
1786508034038 3.4690086990594864 7459
1786508036622 3.5249843299388885 7460
1786508039204 3.457974150776863 7461
1786508041785 3.478144094347954 7462
1786508044364 3.472568318247795 7463
1786508046945 3.4765929728746414 7464
1786508049527 3.455083653330803 7465
1786508052105 3.4946706742048264 7466
1786508054686 3.505522206425667 7467
1786508057265 3.474460631608963 7468
1786508059847 3.4211545437574387 7469
1786508062431 3.5561705827713013 7470
1786508065015 3.5373804718255997 7471
1786508067596 3.522642746567726 7472
1786508070174 3.4735408425331116 7473
1786508072754 3.462685137987137 7474
1786508075335 3.4952659755945206 7475
1786508077917 3.452436551451683 7476
1786508080499 3.469612941145897 7477
1786508083082 3.4413447827100754 7478
1786508085667 3.4694268256425858 7479
1786508088252 3.466809406876564 7480
1786508090837 3.528392568230629 7481
1786508093423 3.4793966710567474 7482
1786508096008 3.546870708465576 7483
1786508098590 3.461779683828354 7484
1786508101168 3.5024476796388626 7485
1786508103754 3.3791192322969437 7486
1786508106349 3.4766399413347244 7487
1786508108931 3.4715321213006973 7488
1786508111511 3.4695859253406525 7489
1786508114094 3.5328581482172012 7490
1786508116674 3.4357659965753555 7491
1786508119255 3.4599964767694473 7492
1786508121837 3.47072197496891 7493
1786508124419 3.4978784769773483 7494
1786508127000 3.536568745970726 7495
1786508129581 3.522102266550064 7496
1786508132163 3.4442217499017715 7497
1786508134743 3.446165457367897 7498
1786508137325 3.461129605770111 7499
1786508141301 3.4275482445955276 7500
1786508143882 3.488623261451721 7501
1786508146463 3.5097910910844803 7502
1786508149040 3.47602179646492 7503
1786508151615 3.463004007935524 7504
1786508154197 3.530772015452385 7505
1786508156778 3.468796357512474 7506
1786508159359 3.4161926358938217 7507
1786508161940 3.454064264893532 7508
1786508164520 3.451077029109001 7509
1786508167101 3.4871525019407272 7510
1786508169682 3.5615713000297546 7511
1786508172263 3.4903501123189926 7512
1786508174845 3.4593691378831863 7513
1786508177425 3.523315951228142 7514
1786508180007 3.446097269654274 7515
1786508182588 3.4542934745550156 7516
1786508185170 3.5398801416158676 7517
1786508187750 3.4699191451072693 7518
1786508190330 3.446861192584038 7519
1786508192910 3.513133078813553 7520
1786508195494 3.3975203782320023 7521
1786508198074 3.447140261530876 7522
1786508200654 3.445542737841606 7523
1786508203235 3.494022399187088 7524
1786508205815 3.4600784331560135 7525
1786508208396 3.5916060507297516 7526
1786508210977 3.5425293892621994 7527
1786508213560 3.4976151138544083 7528
1786508216141 3.5353006720542908 7529
1786508218722 3.4226887077093124 7530
1786508221301 3.5222246646881104 7531
1786508223881 3.5352510660886765 7532
1786508226461 3.4672818779945374 7533
1786508229042 3.5158965438604355 7534
1786508231622 3.528551772236824 7535
1786508234203 3.5530440360307693 7536
1786508236783 3.5171746015548706 7537
1786508239363 3.5389277637004852 7538
1786508241942 3.503952607512474 7539
1786508244523 3.518954947590828 7540
1786508247104 3.51676407456398 7541
1786508249684 3.4241365790367126 7542
1786508252263 3.541169047355652 7543
1786508254843 3.5615221112966537 7544
1786508257424 3.529808536171913 7545
1786508260003 3.5086709856987 7546
1786508262583 3.48838771879673 7547
1786508265158 3.489071160554886 7548
1786508267733 3.4357432574033737 7549
1786508270309 3.4268203377723694 7550
1786508272884 3.4417201429605484 7551
1786508275459 3.5375393331050873 7552
1786508278034 3.49339996278286 7553
1786508280610 3.4754076451063156 7554
1786508283185 3.49874509871006 7555
1786508285759 3.563597187399864 7556
1786508288334 3.4258238822221756 7557
1786508290909 3.495612144470215 7558
1786508293484 3.5450429767370224 7559
1786508296059 3.5191795378923416 7560
1786508298638 3.5243189483880997 7561
1786508301217 3.4189542531967163 7562
1786508303796 3.4943030923604965 7563
1786508306376 3.4860154688358307 7564
1786508308955 3.433156579732895 7565
1786508311539 3.511215716600418 7566
1786508314118 3.3949125558137894 7567
1786508316696 3.469656690955162 7568
1786508319275 3.526377812027931 7569
1786508321857 3.568630188703537 7570
1786508324437 3.541645586490631 7571
1786508327018 3.4686267226934433 7572
1786508329599 3.4957609474658966 7573
1786508332181 3.4981848150491714 7574
1786508334762 3.5074441134929657 7575
1786508337343 3.4038551300764084 7576
1786508339925 3.411962166428566 7577
1786508342507 3.5093932896852493 7578
1786508345095 3.5221719443798065 7579
1786508347676 3.5421795696020126 7580
1786508350256 3.4437153935432434 7581
1786508352837 3.49160298705101 7582
1786508355417 3.4614363461732864 7583
1786508357997 3.489003077149391 7584
1786508360577 3.436380088329315 7585
1786508363157 3.5594243854284286 7586
1786508365739 3.5351502150297165 7587
1786508368323 3.5162393748760223 7588
1786508370902 3.514400601387024 7589
1786508373485 3.5427566319704056 7590
1786508376072 3.4282110184431076 7591
1786508378660 3.523663118481636 7592
1786508381266 3.4328837543725967 7593
1786508383853 3.485829144716263 7594
1786508386438 3.4507268965244293 7595
1786508389025 3.477096810936928 7596
1786508391610 3.549421548843384 7597
1786508394197 3.584920823574066 7598
1786508396781 3.492939442396164 7599
1786508399366 3.4223517030477524 7600
1786508401952 3.468508243560791 7601
1786508404536 3.515600711107254 7602
1786508407124 3.465301901102066 7603
1786508409710 3.5913869738578796 7604
1786508412298 3.508836567401886 7605
1786508414892 3.469261482357979 7606
1786508417477 3.5833406150341034 7607
1786508420066 3.462182566523552 7608
1786508422650 3.460806682705879 7609
1786508425238 3.5381333082914352 7610
1786508427821 3.4821775257587433 7611
1786508430402 3.478075325489044 7612
1786508432982 3.5277465730905533 7613
1786508435562 3.4172674268484116 7614
1786508438138 3.5039794594049454 7615
1786508440713 3.442293494939804 7616
1786508443289 3.4932210594415665 7617
1786508445868 3.5080691426992416 7618
1786508448443 3.5869529992341995 7619
1786508451019 3.4305941313505173 7620
1786508453594 3.4720362424850464 7621
1786508456171 3.4655818939208984 7622
1786508458747 3.5095281153917313 7623
1786508461322 3.477899983525276 7624
1786508463898 3.538403704762459 7625
1786508466475 3.4654535055160522 7626
1786508469050 3.459331899881363 7627
1786508471626 3.4732187390327454 7628
1786508474201 3.359232097864151 7629
1786508476779 3.508801653981209 7630
1786508479355 3.511052593588829 7631
1786508481930 3.5666456818580627 7632
1786508484507 3.496933028101921 7633
1786508487088 3.4141662269830704 7634
1786508489668 3.510003536939621 7635
1786508492248 3.4873348623514175 7636
1786508494826 3.4635044783353806 7637
1786508497405 3.5358123630285263 7638
1786508499988 3.5733769685029984 7639
1786508502578 3.460134521126747 7640
1786508505172 3.4567423462867737 7641
1786508507763 3.5313907712697983 7642
1786508510357 3.491148665547371 7643
1786508512945 3.4647250175476074 7644
1786508515532 3.494063898921013 7645
1786508518122 3.5000810623168945 7646
1786508520711 3.52391617000103 7647
1786508523295 3.5086716264486313 7648
1786508525883 3.549100548028946 7649
1786508528470 3.4942246973514557 7650
1786508531058 3.4878782480955124 7651
1786508533637 3.4908836632966995 7652
1786508536226 3.4572785198688507 7653
1786508538820 3.5399427860975266 7654
1786508541410 3.3880777209997177 7655
1786508543999 3.475727990269661 7656
1786508546586 3.497998923063278 7657
1786508549171 3.483836829662323 7658
1786508551759 3.404402956366539 7659
1786508554350 3.4666395485401154 7660
1786508556937 3.39866504073143 7661
1786508559525 3.5088733434677124 7662
1786508562104 3.5348034352064133 7663
1786508564683 3.544780522584915 7664
1786508567261 3.51192007958889 7665
1786508569838 3.4126923084259033 7666
1786508572415 3.462848648428917 7667
1786508574993 3.4635098427534103 7668
1786508577571 3.503665342926979 7669
1786508580148 3.4544742703437805 7670
1786508582724 3.470516160130501 7671
1786508585302 3.569100469350815 7672
1786508587883 3.5213284343481064 7673
1786508590463 3.4176042079925537 7674
1786508593043 3.4952826350927353 7675
1786508595624 3.4649854600429535 7676
1786508598204 3.435231998562813 7677
1786508600783 3.4736907482147217 7678
1786508603362 3.488796591758728 7679
1786508605941 3.4676960110664368 7680
1786508608524 3.488231524825096 7681
1786508611105 3.5117855072021484 7682
1786508613686 3.519747868180275 7683
1786508616267 3.468087300658226 7684
1786508618849 3.442552000284195 7685
1786508621428 3.493435427546501 7686
1786508624007 3.5258441865444183 7687
1786508626587 3.479538157582283 7688
1786508629167 3.4608835577964783 7689
1786508631750 3.5148786455392838 7690
1786508634332 3.4851901084184647 7691
1786508636915 3.543147996068001 7692
1786508639495 3.4339700490236282 7693
1786508642079 3.490416646003723 7694
1786508644661 3.475745916366577 7695
1786508647240 3.5101333409547806 7696
1786508649819 3.4147402942180634 7697
1786508652403 3.4333563446998596 7698
1786508654982 3.591152086853981 7699
1786508657561 3.536476656794548 7700
1786508660140 3.4216648042201996 7701
1786508662720 3.522996723651886 7702
1786508665299 3.4664002060890198 7703
1786508667878 3.5294047594070435 7704
1786508670458 3.506750375032425 7705
1786508673039 3.4755124300718307 7706
1786508675619 3.4089319109916687 7707
1786508678198 3.4517808109521866 7708
1786508680777 3.5551836043596268 7709
1786508683357 3.5187449157238007 7710
1786508685937 3.4656891226768494 7711
1786508688516 3.486278682947159 7712
1786508691104 3.4744950234889984 7713
1786508693686 3.5063062608242035 7714
1786508696266 3.5261908173561096 7715
1786508698845 3.461329773068428 7716
1786508701425 3.461319178342819 7717
1786508704006 3.4177484214305878 7718
1786508706588 3.526498258113861 7719
1786508709168 3.502140387892723 7720
1786508711747 3.5061448216438293 7721
1786508714328 3.4835568964481354 7722
1786508716908 3.5097611397504807 7723
1786508719488 3.450088456273079 7724
1786508722070 3.5251402258872986 7725
1786508724652 3.539920851588249 7726
1786508727232 3.4384314715862274 7727
1786508729812 3.552615776658058 7728
1786508732393 3.421889156103134 7729
1786508734974 3.4617568403482437 7730
1786508737554 3.4374021738767624 7731
1786508740135 3.5408935248851776 7732
1786508742716 3.5178953260183334 7733
1786508745297 3.5037114173173904 7734
1786508747878 3.486343875527382 7735
1786508750461 3.481409251689911 7736
1786508753042 3.494276538491249 7737
1786508755623 3.4733548164367676 7738
1786508758204 3.452831670641899 7739
1786508760785 3.512886494398117 7740
1786508763366 3.4252578169107437 7741
1786508765947 3.4963133186101913 7742
1786508768523 3.469939112663269 7743
1786508771102 3.4733378887176514 7744
1786508773681 3.4628205597400665 7745
1786508776262 3.501269370317459 7746
1786508778842 3.5077431946992874 7747
1786508781421 3.4756089448928833 7748
1786508784002 3.4801805168390274 7749
1786508786582 3.443006694316864 7750
1786508789163 3.399033397436142 7751
1786508791746 3.4258031398057938 7752
1786508794326 3.5472968369722366 7753
1786508796907 3.408610552549362 7754
1786508799488 3.492957755923271 7755
1786508802070 3.529815196990967 7756
1786508804650 3.4909451007843018 7757
1786508807229 3.487553358078003 7758
1786508809809 3.4656616896390915 7759
1786508812393 3.4883754551410675 7760
1786508814973 3.540269151329994 7761
1786508817552 3.470111608505249 7762
1786508820131 3.4784587025642395 7763
1786508822710 3.4012411534786224 7764
1786508825288 3.5191686749458313 7765
1786508827868 3.473885625600815 7766
1786508830447 3.493104100227356 7767
1786508833025 3.481100082397461 7768
1786508835604 3.38101327419281 7769
1786508838185 3.501099154353142 7770
1786508840763 3.4863912761211395 7771
1786508843342 3.5279913544654846 7772
1786508845921 3.4644714295864105 7773
1786508848500 3.4333558082580566 7774
1786508851081 3.420173555612564 7775
1786508853660 3.4203606247901917 7776
1786508856240 3.450263559818268 7777
1786508858819 3.4885833859443665 7778
1786508861399 3.5459533631801605 7779
1786508863978 3.4027180075645447 7780
1786508866557 3.5537253618240356 7781
1786508869137 3.379656970500946 7782
1786508871717 3.5351064652204514 7783
1786508874296 3.504765957593918 7784
1786508876876 3.3869214355945587 7785
1786508879454 3.512338951230049 7786
1786508882033 3.502010852098465 7787
1786508884612 3.4605361372232437 7788
1786508887191 3.475181668996811 7789
1786508889769 3.4840208142995834 7790
1786508892348 3.4570382982492447 7791
1786508894927 3.523564949631691 7792
1786508897505 3.488234505057335 7793
1786508900084 3.5534862875938416 7794
1786508902664 3.5650977045297623 7795
1786508905243 3.5436010360717773 7796
1786508907823 3.4845752120018005 7797
1786508910402 3.4981617629528046 7798
1786508912981 3.5257454216480255 7799
1786508915560 3.4909921139478683 7800
1786508918139 3.467563644051552 7801
1786508920718 3.498368352651596 7802
1786508923297 3.449819788336754 7803
1786508925875 3.5189749151468277 7804
1786508928454 3.44437900185585 7805
1786508931034 3.5238737612962723 7806
1786508933613 3.502796098589897 7807
1786508936194 3.478227972984314 7808
1786508938774 3.48794586956501 7809
1786508941353 3.4500742405653 7810
1786508943932 3.4107506573200226 7811
1786508946512 3.4478039741516113 7812
1786508949094 3.468687027692795 7813
1786508951674 3.4944261461496353 7814
1786508954253 3.4835817217826843 7815
1786508956831 3.4122570902109146 7816
1786508959410 3.433641344308853 7817
1786508961989 3.5349359065294266 7818
1786508964568 3.4552028626203537 7819
1786508967147 3.446310728788376 7820
1786508969728 3.4725369662046432 7821
1786508972308 3.410192459821701 7822
1786508974887 3.53801092505455 7823
1786508977467 3.4186650216579437 7824
1786508980046 3.4558690041303635 7825
1786508982625 3.5182684808969498 7826
1786508985205 3.4026923775672913 7827
1786508987784 3.479497015476227 7828
1786508990364 3.491725981235504 7829
1786508992944 3.327876627445221 7830
1786508995524 3.389709696173668 7831
1786508998103 3.444430634379387 7832
1786509000685 3.5001333951950073 7833
1786509003266 3.48941308259964 7834
1786509005853 3.4398933202028275 7835
1786509008433 3.5181486308574677 7836
1786509011013 3.347576454281807 7837
1786509013593 3.529639706015587 7838
1786509016173 3.396117851138115 7839
1786509018753 3.42501600086689 7840
1786509021333 3.488446056842804 7841
1786509023913 3.482252299785614 7842
1786509026493 3.542400300502777 7843
1786509029073 3.449971854686737 7844
1786509031653 3.5041280537843704 7845
1786509034235 3.548313170671463 7846
1786509036816 3.47782538831234 7847
1786509039396 3.538236141204834 7848
1786509041976 3.4187072962522507 7849
1786509044557 3.482238471508026 7850
1786509047138 3.4251981526613235 7851
1786509049719 3.428951933979988 7852
1786509052303 3.344894289970398 7853
1786509054884 3.3839301615953445 7854
1786509057464 3.4764709770679474 7855
1786509060045 3.452928677201271 7856
1786509062625 3.4938020557165146 7857
1786509065205 3.4362011700868607 7858
1786509067786 3.4715379178524017 7859
1786509070367 3.515751078724861 7860
1786509072947 3.4230540841817856 7861
1786509075527 3.4727960526943207 7862
1786509078108 3.4783659130334854 7863
1786509080688 3.427307441830635 7864
1786509083268 3.4627120792865753 7865
1786509085848 3.475372225046158 7866
1786509088429 3.487836629152298 7867
1786509091012 3.4837897419929504 7868
1786509093592 3.500166952610016 7869
1786509096172 3.4413021504879 7870
1786509098754 3.470497950911522 7871
1786509101335 3.451754778623581 7872
1786509103916 3.449736401438713 7873
1786509106496 3.443132147192955 7874
1786509109076 3.462368294596672 7875
1786509111658 3.489867627620697 7876
1786509114240 3.502893105149269 7877
1786509116822 3.4818461388349533 7878
1786509119405 3.5145286470651627 7879
1786509121986 3.3781760036945343 7880
1786509124565 3.4305745512247086 7881
1786509127147 3.4894206523895264 7882
1786509129728 3.448090448975563 7883
1786509132311 3.4491945058107376 7884
1786509134891 3.446090951561928 7885
1786509137472 3.4016420394182205 7886
1786509140052 3.507938712835312 7887
1786509142631 3.486066073179245 7888
1786509145211 3.5511464178562164 7889
1786509147792 3.4560428708791733 7890
1786509150372 3.480724588036537 7891
1786509152954 3.5673823207616806 7892
1786509155540 3.439063221216202 7893
1786509158120 3.4522767663002014 7894
1786509160703 3.493390366435051 7895
1786509163283 3.4834672659635544 7896
1786509165866 3.4471316784620285 7897
1786509168446 3.503069743514061 7898
1786509171026 3.4608490020036697 7899
1786509173607 3.435439720749855 7900
1786509176189 3.4665636271238327 7901
1786509178770 3.5614031702280045 7902
1786509181349 3.47981433570385 7903
1786509183930 3.537087306380272 7904
1786509186510 3.462926670908928 7905
1786509189090 3.4358946830034256 7906
1786509191670 3.5608906596899033 7907
1786509194250 3.4016565084457397 7908
1786509196831 3.4659153670072556 7909
1786509199413 3.4827825725078583 7910
1786509201992 3.542268142104149 7911
1786509204573 3.4810608625411987 7912
1786509207154 3.4636010080575943 7913
1786509209733 3.424301341176033 7914
1786509212313 3.49214830994606 7915
1786509214893 3.3816854059696198 7916
1786509217473 3.5162977427244186 7917
1786509220052 3.4697903990745544 7918
1786509222633 3.455683410167694 7919
1786509225213 3.4148513674736023 7920
1786509227792 3.428689032793045 7921
1786509230378 3.4425377249717712 7922
1786509232972 3.5323090702295303 7923
1786509235556 3.474329173564911 7924
1786509238138 3.443652480840683 7925
1786509240719 3.486037775874138 7926
1786509243300 3.4549471735954285 7927
1786509245885 3.4231710880994797 7928
1786509248466 3.5620478242635727 7929
1786509251045 3.4675727635622025 7930
1786509253627 3.433810532093048 7931
1786509256208 3.4439327865839005 7932
1786509258789 3.600628688931465 7933
1786509261368 3.4120056182146072 7934
1786509263949 3.4783467203378677 7935
1786509266529 3.4793068319559097 7936
1786509269108 3.4898003339767456 7937
1786509271689 3.4688994735479355 7938
1786509274269 3.4342369437217712 7939
1786509276849 3.4919978827238083 7940
1786509279430 3.4975122809410095 7941
1786509282010 3.4588846415281296 7942
1786509284590 3.4920754581689835 7943
1786509287169 3.5061313807964325 7944
1786509289750 3.477505624294281 7945
1786509292333 3.4349422603845596 7946
1786509294916 3.474125787615776 7947
1786509297497 3.484808087348938 7948
1786509300075 3.4738189429044724 7949
1786509302654 3.4562575072050095 7950
1786509305246 3.4750853776931763 7951
1786509307835 3.4938791692256927 7952
1786509310422 3.4272920340299606 7953
1786509313012 3.5418828576803207 7954
1786509315604 3.4167758226394653 7955
1786509318196 3.5248906016349792 7956
1786509320793 3.4165875166654587 7957
1786509323386 3.4253179132938385 7958
1786509325983 3.4404808580875397 7959
1786509328598 3.460752621293068 7960
1786509331183 3.489722788333893 7961
1786509333775 3.517707407474518 7962
1786509336366 3.5095216184854507 7963
1786509338961 3.4589002281427383 7964
1786509341553 3.3800347447395325 7965
1786509344139 3.4991397112607956 7966
1786509346730 3.44553804397583 7967
1786509349315 3.5383226573467255 7968
1786509351900 3.4959098994731903 7969
1786509354493 3.4216312021017075 7970
1786509357083 3.492350220680237 7971
1786509359679 3.44646155834198 7972
1786509362271 3.4442111551761627 7973
1786509364863 3.4859082847833633 7974
1786509367451 3.487885132431984 7975
1786509370043 3.4421102106571198 7976
1786509372629 3.492740049958229 7977
1786509375227 3.5385017693042755 7978
1786509377811 3.525619864463806 7979
1786509380408 3.386510044336319 7980
1786509382996 3.4967707991600037 7981
1786509385584 3.40425281226635 7982
1786509388169 3.5581206530332565 7983
1786509390759 3.464774012565613 7984
1786509393342 3.462889850139618 7985
1786509395929 3.4752395898103714 7986
1786509398512 3.449886456131935 7987
1786509401105 3.537514016032219 7988
1786509403687 3.5012070685625076 7989
1786509406266 3.5165251195430756 7990
1786509408848 3.399767190217972 7991
1786509411431 3.5107697248458862 7992
1786509414012 3.4941893219947815 7993
1786509416590 3.519908592104912 7994
1786509419165 3.4867924600839615 7995
1786509421741 3.453525736927986 7996
1786509424315 3.447301000356674 7997
1786509426893 3.4672768265008926 7998
1786509429467 3.5285735428333282 7999
1786509434417 3.480178102850914 8000
1786509436991 3.516645133495331 8001
1786509439567 3.4889250099658966 8002
1786509442148 3.4880171567201614 8003
1786509444731 3.4997649043798447 8004
1786509447312 3.4226020872592926 8005
1786509449893 3.4976221174001694 8006
1786509452475 3.447269916534424 8007
1786509455055 3.489586353302002 8008
1786509457635 3.466088116168976 8009
1786509460218 3.5214199870824814 8010
1786509462799 3.4710260778665543 8011
1786509465378 3.481795698404312 8012
1786509467958 3.5621239840984344 8013
1786509470541 3.501696303486824 8014
1786509473122 3.4597373753786087 8015
1786509475703 3.449225828051567 8016
1786509478284 3.409094423055649 8017
1786509480865 3.4401299953460693 8018
1786509483445 3.4787935614585876 8019
1786509486021 3.4956500977277756 8020
1786509488597 3.506025195121765 8021
1786509491173 3.4149001836776733 8022
1786509493752 3.429524779319763 8023
1786509496328 3.5237097293138504 8024
1786509498904 3.4246166199445724 8025
1786509501479 3.5106683522462845 8026
1786509504056 3.429641470313072 8027
1786509506632 3.450940504670143 8028
1786509509209 3.423983722925186 8029
1786509511785 3.522781476378441 8030
1786509514362 3.420270249247551 8031
1786509516938 3.5438696891069412 8032
1786509519515 3.5634874254465103 8033
1786509522091 3.403370887041092 8034
1786509524667 3.448086157441139 8035
1786509527244 3.400567442178726 8036
1786509529821 3.5508537888526917 8037
1786509532397 3.5041016191244125 8038
1786509534973 3.5943259596824646 8039
1786509537549 3.455416366457939 8040
1786509540126 3.3621374666690826 8041
1786509542701 3.479470804333687 8042
1786509545278 3.4740089178085327 8043
1786509547854 3.470304310321808 8044
1786509550433 3.4410225600004196 8045
1786509553015 3.45995531976223 8046
1786509555597 3.634586051106453 8047
1786509558179 3.4880266785621643 8048
1786509560761 3.4674693644046783 8049
1786509563343 3.4527062326669693 8050
1786509565924 3.5105954706668854 8051
1786509568505 3.5203145146369934 8052
1786509571087 3.553921937942505 8053
1786509573669 3.4460837095975876 8054
1786509576251 3.438019424676895 8055
1786509578832 3.4520272612571716 8056
1786509581413 3.470383733510971 8057
1786509583993 3.544399932026863 8058
1786509586574 3.484763041138649 8059
1786509589155 3.3928853571414948 8060
1786509591737 3.421094849705696 8061
1786509594319 3.528813973069191 8062
1786509596900 3.4395434856414795 8063
1786509599482 3.465043380856514 8064
1786509602064 3.509109914302826 8065
1786509604646 3.5299547612667084 8066
1786509607227 3.3946869671344757 8067
1786509609809 3.503637745976448 8068
1786509612391 3.4517577439546585 8069
1786509614973 3.465030238032341 8070
1786509617554 3.4354966431856155 8071
1786509620136 3.5111486613750458 8072
1786509622718 3.4866751432418823 8073
1786509625302 3.4923064559698105 8074
1786509627883 3.454187035560608 8075
1786509630465 3.4385127127170563 8076
1786509633046 3.423826679587364 8077
1786509635629 3.4904036968946457 8078
1786509638210 3.339236706495285 8079
1786509640792 3.4904794692993164 8080
1786509643373 3.519232004880905 8081
1786509645954 3.3832676857709885 8082
1786509648535 3.4315692484378815 8083
1786509651117 3.421900749206543 8084
1786509653698 3.376548409461975 8085
1786509656281 3.432531923055649 8086
1786509658862 3.465597853064537 8087
1786509661444 3.4829684495925903 8088
1786509664025 3.512866571545601 8089
1786509666607 3.4123590141534805 8090
1786509669189 3.5319620966911316 8091
1786509671770 3.524271458387375 8092
1786509674351 3.4516976326704025 8093
1786509676934 3.5041151642799377 8094
1786509679524 3.3841216564178467 8095
1786509682105 3.421503961086273 8096
1786509684687 3.4636933356523514 8097
1786509687270 3.427421510219574 8098
1786509689852 3.4085966646671295 8099
1786509692434 3.4951110184192657 8100
1786509695015 3.4258227944374084 8101
1786509697602 3.476390555500984 8102
1786509700183 3.4324551671743393 8103
1786509702765 3.465263530611992 8104
1786509705346 3.4973092824220657 8105
1786509707929 3.5452835261821747 8106
1786509710510 3.472402721643448 8107
1786509713092 3.462926298379898 8108
1786509715673 3.5502505004405975 8109
1786509718255 3.487435832619667 8110
1786509720837 3.4783838093280792 8111
1786509723419 3.4917718172073364 8112
1786509726001 3.396274507045746 8113
1786509728582 3.459204390645027 8114
1786509731164 3.5297903269529343 8115
1786509733744 3.502421721816063 8116
1786509736326 3.49619223177433 8117
1786509738907 3.44030499458313 8118
1786509741488 3.4815446883440018 8119
1786509744069 3.5034000873565674 8120
1786509746652 3.4975485801696777 8121
1786509749232 3.514844536781311 8122
1786509751812 3.425780802965164 8123
1786509754393 3.420023202896118 8124
1786509756974 3.3805833756923676 8125
1786509759555 3.43991781771183 8126
1786509762137 3.4604684859514236 8127
1786509764718 3.5070476680994034 8128
1786509767299 3.4285521805286407 8129
1786509769879 3.44577856361866 8130
1786509772461 3.4275895953178406 8131
1786509775044 3.4972871989011765 8132
1786509777625 3.467196986079216 8133
1786509780207 3.4869647920131683 8134
1786509782787 3.5096933990716934 8135
1786509785368 3.4007335156202316 8136
1786509787949 3.470529794692993 8137
1786509790530 3.507551833987236 8138
1786509793110 3.4868319928646088 8139
1786509795690 3.435273990035057 8140
1786509798270 3.4512861222028732 8141
1786509800852 3.4936789721250534 8142
1786509803432 3.518222525715828 8143
1786509806013 3.4831301867961884 8144
1786509808594 3.5117228031158447 8145
1786509811175 3.5161388367414474 8146
1786509813755 3.493748888373375 8147
1786509816335 3.554544597864151 8148
1786509818917 3.3974975794553757 8149
1786509821500 3.4727367907762527 8150
1786509824083 3.4718488603830338 8151
1786509826664 3.4320005774497986 8152
1786509829245 3.4762543588876724 8153
1786509831828 3.49981227517128 8154
1786509834411 3.5101659148931503 8155
1786509836991 3.462362304329872 8156
1786509839571 3.4185140281915665 8157
1786509842151 3.4868340492248535 8158
1786509844731 3.3937724977731705 8159
1786509847312 3.4991167038679123 8160
1786509849891 3.43229116499424 8161
1786509852470 3.4533813297748566 8162
1786509855051 3.435110718011856 8163
1786509857630 3.483551636338234 8164
1786509860210 3.3912153095006943 8165
1786509862791 3.4168775975704193 8166
1786509865372 3.414774551987648 8167
1786509867954 3.4669912606477737 8168
1786509870535 3.4353944659233093 8169
1786509873117 3.527690351009369 8170
1786509875699 3.473749354481697 8171
1786509878280 3.5259282886981964 8172
1786509880861 3.5847322046756744 8173
1786509883442 3.432376801967621 8174
1786509886024 3.4360800683498383 8175
1786509888605 3.4181176126003265 8176
1786509891187 3.5162306278944016 8177
1786509893769 3.5297483801841736 8178
1786509896350 3.4683888852596283 8179
1786509898931 3.472918853163719 8180
1786509901513 3.4547566026449203 8181
1786509904093 3.4607470482587814 8182
1786509906684 3.4339908361434937 8183
1786509909264 3.479127809405327 8184
1786509911844 3.571077823638916 8185
1786509914426 3.4512300938367844 8186
1786509917007 3.4762396961450577 8187
1786509919589 3.416969671845436 8188
1786509922171 3.5639564841985703 8189
1786509924753 3.513899177312851 8190
1786509927334 3.5495168566703796 8191
1786509929916 3.4830441176891327 8192
1786509932498 3.458756610751152 8193
1786509935080 3.448440760374069 8194
1786509937662 3.4607844054698944 8195
1786509940244 3.4362607896327972 8196
1786509942824 3.4805504828691483 8197
1786509945406 3.448530077934265 8198
1786509947987 3.4429942965507507 8199
1786509950568 3.5186637192964554 8200
1786509953151 3.5143308341503143 8201
1786509955733 3.448099598288536 8202
1786509958314 3.489077165722847 8203
1786509960896 3.5267259180545807 8204
1786509963478 3.548089638352394 8205
1786509966059 3.4538743048906326 8206
1786509968641 3.5597579926252365 8207
1786509971224 3.4744450002908707 8208
1786509973805 3.3980877101421356 8209
1786509976387 3.4915766417980194 8210
1786509978969 3.4124503284692764 8211
1786509981551 3.3755189031362534 8212
1786509984135 3.507505312561989 8213
1786509986716 3.4369663894176483 8214
1786509989298 3.416774794459343 8215
1786509991879 3.4579408317804337 8216
1786509994461 3.4091493636369705 8217
1786509997044 3.509745091199875 8218
1786509999628 3.4224398732185364 8219
1786510002211 3.5025169104337692 8220
1786510004793 3.4420718997716904 8221
1786510007376 3.446522742509842 8222
1786510009959 3.5055171996355057 8223
1786510012542 3.5176303386688232 8224
1786510015126 3.4709334820508957 8225
1786510017714 3.416829526424408 8226
1786510020296 3.5281461477279663 8227
1786510022877 3.460186779499054 8228
1786510025461 3.5451336205005646 8229
1786510028043 3.5087147504091263 8230
1786510030625 3.532364934682846 8231
1786510033205 3.383144736289978 8232
1786510035785 3.4298259764909744 8233
1786510038365 3.457248881459236 8234
1786510040946 3.4987238496541977 8235
1786510043527 3.53655244410038 8236
1786510046109 3.4611878991127014 8237
1786510048691 3.4528662711381912 8238
1786510051273 3.5045148134231567 8239
1786510053855 3.4456250071525574 8240
1786510056437 3.4756739288568497 8241
1786510059019 3.4766679257154465 8242
1786510061601 3.461872696876526 8243
1786510064182 3.4372485280036926 8244
1786510066763 3.3177781850099564 8245
1786510069347 3.4251997470855713 8246
1786510071930 3.5253391414880753 8247
1786510074513 3.463296800851822 8248
1786510077098 3.4307631105184555 8249
1786510079682 3.543584495782852 8250
1786510082264 3.4406066834926605 8251
1786510084843 3.500084728002548 8252
1786510087429 3.498310685157776 8253
1786510090013 3.430047318339348 8254
1786510092593 3.4251607954502106 8255
1786510095174 3.4816258996725082 8256
1786510097756 3.415650352835655 8257
1786510100336 3.4478253573179245 8258
1786510102918 3.503449410200119 8259
1786510105497 3.5069135576486588 8260
1786510108077 3.457706168293953 8261
1786510110657 3.4856633991003036 8262
1786510113237 3.507015496492386 8263
1786510115818 3.5127003341913223 8264
1786510118398 3.5170064717531204 8265
1786510120979 3.516670435667038 8266
1786510123560 3.473976969718933 8267
1786510126141 3.5376354455947876 8268
1786510128723 3.450295925140381 8269
1786510131304 3.4608173817396164 8270
1786510133885 3.5270732045173645 8271
1786510136467 3.4493258595466614 8272
1786510139048 3.3721408545970917 8273
1786510141629 3.409165173768997 8274
1786510144209 3.4142331928014755 8275
1786510146790 3.4717001616954803 8276
1786510149372 3.444933846592903 8277
1786510151953 3.537086769938469 8278
1786510154534 3.5127447098493576 8279
1786510157115 3.451011747121811 8280
1786510159697 3.4774985164403915 8281
1786510162278 3.4110572189092636 8282
1786510164860 3.4119361340999603 8283
1786510167441 3.4287199527025223 8284
1786510170024 3.4279754757881165 8285
1786510172605 3.5069903433322906 8286
1786510175186 3.4860165417194366 8287
1786510177767 3.44253446161747 8288
1786510180348 3.3678168654441833 8289
1786510182930 3.4126772433519363 8290
1786510185512 3.5366787016391754 8291
1786510188093 3.4658179581165314 8292
1786510190674 3.4074885696172714 8293
1786510193255 3.477845251560211 8294
1786510195836 3.4099244475364685 8295
1786510198416 3.4511011242866516 8296
1786510200998 3.393014222383499 8297
1786510203579 3.474109634757042 8298
1786510206160 3.4918739646673203 8299
1786510208741 3.4226537942886353 8300
1786510211321 3.3742083460092545 8301
1786510213903 3.4684926867485046 8302
1786510216484 3.560718074440956 8303
1786510219064 3.4386496245861053 8304
1786510221646 3.507869467139244 8305
1786510224228 3.487986445426941 8306
1786510226808 3.416620373725891 8307
1786510229389 3.505652204155922 8308
1786510231970 3.3865108340978622 8309
1786510234552 3.457734927535057 8310
1786510237134 3.454049274325371 8311
1786510239714 3.43524432182312 8312
1786510242296 3.4813142865896225 8313
1786510244877 3.459270104765892 8314
1786510247459 3.549966976046562 8315
1786510250040 3.4843543022871017 8316
1786510252621 3.5167419016361237 8317
1786510255201 3.4454212486743927 8318
1786510257782 3.4564719796180725 8319
1786510260363 3.4535849541425705 8320
1786510262943 3.4204012155532837 8321
1786510265522 3.4678636342287064 8322
1786510268101 3.4023590832948685 8323
1786510270682 3.4612520337104797 8324
1786510273272 3.4777169227600098 8325
1786510275852 3.4132648408412933 8326
1786510278433 3.404526576399803 8327
1786510281020 3.436876490712166 8328
1786510283609 3.4583077281713486 8329
1786510286198 3.361385405063629 8330
1786510288787 3.3866747617721558 8331
1786510291376 3.5421029776334763 8332
1786510293967 3.4996541291475296 8333
1786510296558 3.4993623793125153 8334
1786510299147 3.4894756078720093 8335
1786510301736 3.4148231893777847 8336
1786510304328 3.327638119459152 8337
1786510306916 3.4434023201465607 8338
1786510309504 3.4972111582756042 8339
1786510312096 3.466790199279785 8340
1786510314683 3.478389620780945 8341
1786510317272 3.46122707426548 8342
1786510319864 3.460880696773529 8343
1786510322451 3.442379280924797 8344
1786510325036 3.4320273101329803 8345
1786510327623 3.4079896360635757 8346
1786510330211 3.4979173839092255 8347
1786510332799 3.540882930159569 8348
1786510335386 3.394109472632408 8349
1786510337975 3.4866963773965836 8350
1786510340561 3.4194830805063248 8351
1786510343150 3.4637575149536133 8352
1786510345741 3.4398012310266495 8353
1786510348327 3.4447984099388123 8354
1786510350915 3.432650551199913 8355
1786510353503 3.3808057010173798 8356
1786510356097 3.4412737488746643 8357
1786510358683 3.4252819567918777 8358
1786510361269 3.4307118207216263 8359
1786510363860 3.459746688604355 8360
1786510366469 3.494445726275444 8361
1786510369069 3.383961647748947 8362
1786510371658 3.517693594098091 8363
1786510374243 3.41826593875885 8364
1786510376829 3.4727400690317154 8365
1786510379415 3.445530414581299 8366
1786510381999 3.4172711968421936 8367
1786510384577 3.436157137155533 8368
1786510387158 3.435414046049118 8369
1786510389738 3.382190093398094 8370
1786510392318 3.4723042398691177 8371
1786510394899 3.4562984257936478 8372
1786510397482 3.4674857407808304 8373
1786510400062 3.3548984676599503 8374
1786510402641 3.4476057291030884 8375
1786510405223 3.4642656296491623 8376
1786510407804 3.383542060852051 8377
1786510410386 3.4973310977220535 8378
1786510412965 3.495754987001419 8379
1786510415545 3.5201131403446198 8380
1786510418125 3.4353599846363068 8381
1786510420706 3.476944863796234 8382
1786510423287 3.459086090326309 8383
1786510425867 3.4239421784877777 8384
1786510428447 3.471998080611229 8385
1786510431027 3.3992855697870255 8386
1786510433609 3.4027646631002426 8387
1786510436190 3.5069828033447266 8388
1786510438771 3.411429241299629 8389
1786510441351 3.4663801193237305 8390
1786510443932 3.4422386437654495 8391
1786510446513 3.4349747002124786 8392
1786510449093 3.4683716893196106 8393
1786510451671 3.4550416469573975 8394
1786510454251 3.4651395082473755 8395
1786510456835 3.4892860800027847 8396
1786510459415 3.4411083310842514 8397
1786510461995 3.507904604077339 8398
1786510464575 3.511376455426216 8399
1786510467157 3.430105447769165 8400
1786510469739 3.499427080154419 8401
1786510472318 3.475676953792572 8402
1786510474898 3.5895178765058517 8403
1786510477480 3.435129225254059 8404
1786510480059 3.4282169491052628 8405
1786510482639 3.4460236728191376 8406
1786510485219 3.4230588227510452 8407
1786510487799 3.4560781568288803 8408
1786510490381 3.394393026828766 8409
1786510492961 3.513980895280838 8410
1786510495543 3.4943425059318542 8411
1786510498123 3.4311365336179733 8412
1786510500704 3.4142140448093414 8413
1786510503284 3.466945081949234 8414
1786510505866 3.493988484144211 8415
1786510508450 3.496855542063713 8416
1786510511027 3.4851155877113342 8417
1786510513603 3.4331286251544952 8418
1786510516181 3.3218898624181747 8419
1786510518757 3.496102422475815 8420
1786510521335 3.4106335490942 8421
1786510523911 3.4212999492883682 8422
1786510526494 3.4608045369386673 8423
1786510529079 3.608460083603859 8424
1786510531657 3.4710981100797653 8425
1786510534236 3.4600809514522552 8426
1786510536818 3.484742149710655 8427
1786510539403 3.4485774785280228 8428
1786510541986 3.4097567349672318 8429
1786510544567 3.478155329823494 8430
1786510547147 3.437907099723816 8431
1786510549727 3.508095160126686 8432
1786510552312 3.4536374509334564 8433
1786510554892 3.4287154376506805 8434
1786510557470 3.5259997099637985 8435
1786510560046 3.415479600429535 8436
1786510562623 3.4215455502271652 8437
1786510565200 3.484046444296837 8438
1786510567778 3.4582485258579254 8439
1786510570356 3.4409715235233307 8440
1786510572937 3.482881397008896 8441
1786510575522 3.4985551238059998 8442
1786510578109 3.4849999397993088 8443
1786510580695 3.436095207929611 8444
1786510583277 3.4790118634700775 8445
1786510585858 3.482593297958374 8446
1786510588441 3.4805383384227753 8447
1786510591022 3.342796579003334 8448
1786510593608 3.3983300626277924 8449
1786510596196 3.4634954631328583 8450
1786510598778 3.4355759620666504 8451
1786510601359 3.4632633328437805 8452
1786510603940 3.418917343020439 8453
1786510606522 3.491575002670288 8454
1786510609105 3.4560717344284058 8455
1786510611686 3.414071574807167 8456
1786510614271 3.4034111350774765 8457
1786510616861 3.5284454077482224 8458
1786510619441 3.4694278836250305 8459
1786510622021 3.4783875197172165 8460
1786510624600 3.478194981813431 8461
1786510627181 3.452466145157814 8462
1786510629761 3.4224341958761215 8463
1786510632340 3.399164840579033 8464
1786510634920 3.498685047030449 8465
1786510637501 3.430775612592697 8466
1786510640084 3.496832773089409 8467
1786510642664 3.528040111064911 8468
1786510645245 3.3823914974927902 8469
1786510647827 3.457500234246254 8470
1786510650410 3.4570614397525787 8471
1786510652993 3.432586297392845 8472
1786510655573 3.452850639820099 8473
1786510658153 3.472909852862358 8474
1786510660733 3.4007919877767563 8475
1786510663312 3.4284228682518005 8476
1786510665892 3.4114661663770676 8477
1786510668471 3.377708464860916 8478
1786510671052 3.433754801750183 8479
1786510673633 3.480484202504158 8480
1786510676213 3.535511463880539 8481
1786510678792 3.4088760912418365 8482
1786510681372 3.4433033168315887 8483
1786510683951 3.4261940717697144 8484
1786510686531 3.4057750403881073 8485
1786510689110 3.4225692451000214 8486
1786510691690 3.535714328289032 8487
1786510694270 3.450330600142479 8488
1786510696849 3.569706305861473 8489
1786510699429 3.4214875549077988 8490
1786510702006 3.429740861058235 8491
1786510704581 3.4393815845251083 8492
1786510707156 3.4473918974399567 8493
1786510709732 3.3685965538024902 8494
1786510712310 3.497617229819298 8495
1786510714886 3.483137935400009 8496
1786510717462 3.5114023089408875 8497
1786510720039 3.4090192317962646 8498
1786510722615 3.4776386618614197 8499
1786510726587 3.4833717197179794 8500
1786510729163 3.4503506869077682 8501
1786510731740 3.4243778437376022 8502
1786510734318 3.4322081208229065 8503
1786510736895 3.500899776816368 8504
1786510739472 3.5661438405513763 8505
1786510742048 3.350413367152214 8506
1786510744624 3.409611761569977 8507
1786510747200 3.461193934082985 8508
1786510749776 3.4023565500974655 8509
1786510752352 3.4605187326669693 8510
1786510754927 3.5106405466794968 8511
1786510757503 3.4643824845552444 8512
1786510760078 3.414967253804207 8513
1786510762654 3.4137775152921677 8514
1786510765234 3.4383949041366577 8515
1786510767816 3.496317148208618 8516
1786510770398 3.4524325877428055 8517
1786510772979 3.4162265360355377 8518
1786510775559 3.481325849890709 8519
1786510778140 3.400861069560051 8520
1786510780721 3.4755707532167435 8521
1786510783302 3.5214665830135345 8522
1786510785882 3.4736279249191284 8523
1786510788465 3.5666007846593857 8524
1786510791054 3.4960607439279556 8525
1786510793636 3.413593217730522 8526
1786510796217 3.438641235232353 8527
1786510798797 3.4011520594358444 8528
1786510801372 3.5247825384140015 8529
1786510803954 3.4590555876493454 8530
1786510806541 3.47099806368351 8531
1786510809117 3.480052813887596 8532
1786510811698 3.4905220568180084 8533
1786510814281 3.516901820898056 8534
1786510816864 3.467828020453453 8535
1786510819443 3.4930025190114975 8536
1786510822018 3.498056411743164 8537
1786510824594 3.4266351759433746 8538
1786510827169 3.485842704772949 8539
1786510829743 3.4811278581619263 8540
1786510832317 3.408128648996353 8541
1786510834892 3.4415998607873917 8542
1786510837470 3.4102921336889267 8543
1786510840045 3.452257364988327 8544
1786510842620 3.4868923127651215 8545
1786510845194 3.5252141058444977 8546
1786510847768 3.4740389585494995 8547
1786510850345 3.3920877277851105 8548
1786510852921 3.422738716006279 8549
1786510855499 3.454061672091484 8550
1786510858075 3.4245585054159164 8551
1786510860651 3.467398315668106 8552
1786510863227 3.4904682487249374 8553
1786510865802 3.4267062097787857 8554
1786510868378 3.407025545835495 8555
1786510870955 3.521123990416527 8556
1786510873531 3.4374441504478455 8557
1786510876107 3.5133015662431717 8558
1786510878682 3.523213103413582 8559
1786510881258 3.4647030532360077 8560
1786510883834 3.374090313911438 8561
1786510886411 3.4650350511074066 8562
1786510888987 3.4817225486040115 8563
1786510891563 3.502902701497078 8564
1786510894139 3.467762842774391 8565
1786510896716 3.3500939458608627 8566
1786510899292 3.5126478523015976 8567
1786510901868 3.3787316232919693 8568
1786510904443 3.438042864203453 8569
1786510907019 3.4511287212371826 8570
1786510909595 3.393035411834717 8571
1786510912170 3.403142958879471 8572
1786510914746 3.491654723882675 8573
1786510917322 3.4906209111213684 8574
1786510919898 3.408377155661583 8575
1786510922474 3.558588743209839 8576
1786510925050 3.5263527929782867 8577
1786510927626 3.476504296064377 8578
1786510930201 3.5434864312410355 8579
1786510932777 3.4881256073713303 8580
1786510935356 3.4350844025611877 8581
1786510937932 3.4416338205337524 8582
1786510940507 3.471692070364952 8583
1786510943083 3.4300198405981064 8584
1786510945659 3.4424488246440887 8585
1786510948236 3.427610903978348 8586
1786510950811 3.4342204928398132 8587
1786510953388 3.4234476536512375 8588
1786510955964 3.4729983508586884 8589
1786510958540 3.4645930975675583 8590
1786510961116 3.502172201871872 8591
1786510963692 3.5148302018642426 8592
1786510966269 3.4762774854898453 8593
1786510968846 3.4899975061416626 8594
1786510971422 3.39975406229496 8595
1786510973999 3.4538630098104477 8596
1786510976575 3.4993483424186707 8597
1786510979151 3.5441489666700363 8598
1786510981727 3.451530084013939 8599
1786510984302 3.467298611998558 8600
1786510986879 3.5504908859729767 8601
1786510989455 3.524079605937004 8602
1786510992030 3.463344484567642 8603
1786510994606 3.408481702208519 8604
1786510997182 3.438302919268608 8605
1786510999760 3.450870245695114 8606
1786511002340 3.463211014866829 8607
1786511004920 3.507589265704155 8608
1786511007500 3.4287750869989395 8609
1786511010080 3.484688863158226 8610
1786511012660 3.400242567062378 8611
1786511015240 3.4048716574907303 8612
1786511017819 3.4667865484952927 8613
1786511020399 3.4386689960956573 8614
1786511022978 3.39202444255352 8615
1786511025556 3.4973673075437546 8616
1786511028135 3.4926207065582275 8617
1786511030713 3.4567888528108597 8618
1786511033294 3.4410486221313477 8619
1786511035874 3.5135647505521774 8620
1786511038454 3.427223563194275 8621
1786511041035 3.5153941363096237 8622
1786511043613 3.4245015382766724 8623
1786511046192 3.4324438273906708 8624
1786511048770 3.415413960814476 8625
1786511051349 3.4093945920467377 8626
1786511053927 3.4073639065027237 8627
1786511056506 3.4100478440523148 8628
1786511059086 3.444397523999214 8629
1786511061665 3.4162378311157227 8630
1786511064245 3.4408280104398727 8631
1786511066825 3.402876541018486 8632
1786511069407 3.4323846101760864 8633
1786511071986 3.429094612598419 8634
1786511074566 3.41406612098217 8635
1786511077147 3.433167427778244 8636
1786511079730 3.433908149600029 8637
1786511082309 3.476741924881935 8638
1786511084888 3.3174300640821457 8639
1786511087467 3.4831391274929047 8640
1786511090049 3.3547203093767166 8641
1786511092629 3.4417386800050735 8642
1786511095209 3.419341057538986 8643
1786511097790 3.4221260994672775 8644
1786511100372 3.395765170454979 8645
1786511102951 3.476820096373558 8646
1786511105530 3.440550595521927 8647
1786511108109 3.4973369389772415 8648
1786511110688 3.4777478128671646 8649
1786511113267 3.400978997349739 8650
1786511115846 3.483115181326866 8651
1786511118426 3.532697767019272 8652
1786511121008 3.4472589194774628 8653
1786511123589 3.503201112151146 8654
1786511126168 3.4826043397188187 8655
1786511128748 3.4298834204673767 8656
1786511131330 3.5363435447216034 8657
1786511133909 3.341782510280609 8658
1786511136489 3.4088641703128815 8659
1786511139069 3.384880095720291 8660
1786511141649 3.4722236692905426 8661
1786511144229 3.4553014636039734 8662
1786511146808 3.5002186447381973 8663
1786511149388 3.5023439675569534 8664
1786511151967 3.505373552441597 8665
1786511154547 3.4373478442430496 8666
1786511157130 3.5366006046533585 8667
1786511159709 3.4730117172002792 8668
1786511162290 3.451845869421959 8669
1786511164871 3.4309360533952713 8670
1786511167451 3.4018232822418213 8671
1786511170029 3.4337673485279083 8672
1786511172611 3.4467257112264633 8673
1786511175197 3.401573285460472 8674
1786511177778 3.323971673846245 8675
1786511180358 3.459658458828926 8676
1786511182932 3.497175559401512 8677
1786511185514 3.415035232901573 8678
1786511188094 3.42545248568058 8679
1786511190675 3.467185527086258 8680
1786511193258 3.420013353228569 8681
1786511195840 3.4570871144533157 8682
1786511198423 3.3964363634586334 8683
1786511201004 3.3917838633060455 8684
1786511203584 3.490929201245308 8685
1786511206163 3.4693652242422104 8686
1786511208743 3.4903105050325394 8687
1786511211325 3.4909660071134567 8688
1786511213909 3.468579441308975 8689
1786511216488 3.454090937972069 8690
1786511219065 3.3946561962366104 8691
1786511221640 3.4722986817359924 8692
1786511224214 3.4036681950092316 8693
1786511226789 3.498377278447151 8694
1786511229365 3.3583558201789856 8695
1786511231940 3.5063470900058746 8696
1786511234516 3.515574663877487 8697
1786511237092 3.4548519551754 8698
1786511239667 3.451750412583351 8699
1786511242243 3.446821242570877 8700
1786511244821 3.4894753247499466 8701
1786511247396 3.4869433492422104 8702
1786511249972 3.4952821135520935 8703
1786511252547 3.530829131603241 8704
1786511255123 3.4398261308670044 8705
1786511257699 3.572277694940567 8706
1786511260274 3.4177677631378174 8707
1786511262850 3.4440386593341827 8708
1786511265424 3.4102706909179688 8709
1786511267998 3.4280151575803757 8710
1786511270573 3.407248303294182 8711
1786511273149 3.464361220598221 8712
1786511275725 3.442260891199112 8713
1786511278300 3.4960316717624664 8714
1786511280876 3.4121720641851425 8715
1786511283451 3.4350348711013794 8716
1786511286026 3.4794075191020966 8717
1786511288600 3.485735610127449 8718
1786511291174 3.350996121764183 8719
1786511293748 3.441978842020035 8720
1786511296325 3.3725064545869827 8721
1786511298901 3.4390601068735123 8722
1786511301476 3.382240578532219 8723
1786511304052 3.481989771127701 8724
1786511306627 3.5381338000297546 8725
1786511309202 3.446325197815895 8726
1786511311778 3.4943084120750427 8727
1786511314354 3.49179607629776 8728
1786511316931 3.4062716364860535 8729
1786511319507 3.4925431609153748 8730
1786511322082 3.411156103014946 8731
1786511324658 3.421816974878311 8732
1786511327235 3.413085713982582 8733
1786511329812 3.3809326887130737 8734
1786511332387 3.3770183622837067 8735
1786511334963 3.458998054265976 8736
1786511337541 3.4199389070272446 8737
1786511340117 3.4418739825487137 8738
1786511342692 3.406308025121689 8739
1786511345268 3.468732312321663 8740
1786511347844 3.465307906270027 8741
1786511350419 3.4695356339216232 8742
1786511352994 3.4820482432842255 8743
1786511355570 3.425986275076866 8744
1786511358146 3.4271597415208817 8745
1786511360723 3.491935521364212 8746
1786511363299 3.4872954338788986 8747
1786511365874 3.365814223885536 8748
1786511368449 3.4118416011333466 8749
1786511371023 3.4122604727745056 8750
1786511373597 3.499041572213173 8751
1786511376171 3.543953448534012 8752
1786511378747 3.410886198282242 8753
1786511381323 3.4621191024780273 8754
1786511383898 3.480982169508934 8755
1786511386474 3.5363211780786514 8756
1786511389049 3.444766953587532 8757
1786511391625 3.4601051956415176 8758
1786511394201 3.443721905350685 8759
1786511396776 3.3935299068689346 8760
1786511399353 3.4558847546577454 8761
1786511401928 3.4580197483301163 8762
1786511404504 3.4811693876981735 8763
1786511407080 3.448095738887787 8764
1786511409656 3.483359158039093 8765
1786511412232 3.4728593081235886 8766
1786511414807 3.4961468428373337 8767
1786511417383 3.4313134253025055 8768
1786511419959 3.373747155070305 8769
1786511422534 3.5132953822612762 8770
1786511425110 3.40544493496418 8771
1786511427687 3.4477365761995316 8772
1786511430264 3.4378009140491486 8773
1786511432839 3.4043050706386566 8774
1786511435415 3.392953932285309 8775
1786511437991 3.4166636914014816 8776
1786511440568 3.4133219122886658 8777
1786511443144 3.471764639019966 8778
1786511445719 3.422517567873001 8779
1786511448294 3.45648592710495 8780
1786511450871 3.4103459268808365 8781
1786511453448 3.4764920324087143 8782
1786511456024 3.4888060837984085 8783
1786511458605 3.431223288178444 8784
1786511461185 3.4577296525239944 8785
1786511463762 3.46970596909523 8786
1786511466340 3.479815363883972 8787
1786511468918 3.4343885630369186 8788
1786511471493 3.426771268248558 8789
1786511474070 3.376029372215271 8790
1786511476646 3.489345759153366 8791
1786511479221 3.404867008328438 8792
1786511481797 3.445984110236168 8793
1786511484373 3.3932172507047653 8794
1786511486947 3.4162910729646683 8795
1786511489523 3.4212413132190704 8796
1786511492101 3.4633508920669556 8797
1786511494677 3.4122171252965927 8798
1786511497256 3.4258281886577606 8799
1786511499833 3.3991626650094986 8800
1786511502412 3.455547481775284 8801
1786511504993 3.4221881181001663 8802
1786511507574 3.460927441716194 8803
1786511510155 3.4723940938711166 8804
1786511512736 3.4618187695741653 8805
1786511515322 3.376929149031639 8806
1786511517903 3.401528224349022 8807
1786511520484 3.4164045602083206 8808
1786511523065 3.47138711810112 8809
1786511525648 3.472911223769188 8810
1786511528228 3.5125768929719925 8811
1786511530809 3.506032630801201 8812
1786511533389 3.457560047507286 8813
1786511535968 3.468185395002365 8814
1786511538548 3.4128012359142303 8815
1786511541128 3.4592759013175964 8816
1786511543710 3.390814960002899 8817
1786511546289 3.433516949415207 8818
1786511548869 3.407854303717613 8819
1786511551447 3.5049348026514053 8820
1786511554024 3.4540899246931076 8821
1786511556600 3.4244009256362915 8822
1786511559178 3.400821790099144 8823
1786511561755 3.487443834543228 8824
1786511564331 3.483609586954117 8825
1786511566907 3.4806699007749557 8826
1786511569483 3.4246612936258316 8827
1786511572061 3.408027946949005 8828
1786511574643 3.4977588951587677 8829
1786511577228 3.4582890421152115 8830
1786511579809 3.3714599609375 8831
1786511582390 3.4152478128671646 8832
1786511584971 3.453878551721573 8833
1786511587552 3.554581046104431 8834
1786511590134 3.3839090317487717 8835
1786511592715 3.4472528398036957 8836
1786511595301 3.4403320997953415 8837
1786511597881 3.522233322262764 8838
1786511600461 3.4516507983207703 8839
1786511603043 3.378969684243202 8840
1786511605628 3.4797948598861694 8841
1786511608212 3.476941794157028 8842
1786511610792 3.5396426916122437 8843
1786511613374 3.4473236948251724 8844
1786511615954 3.478687509894371 8845
1786511618534 3.450324445962906 8846
1786511621115 3.4585349559783936 8847
1786511623695 3.4568429440259933 8848
1786511626278 3.3740219324827194 8849
1786511628858 3.494947984814644 8850
1786511631439 3.488297760486603 8851
1786511634022 3.4662794023752213 8852
1786511636609 3.4812889248132706 8853
1786511639191 3.4256874322891235 8854
1786511641771 3.3847596794366837 8855
1786511644351 3.4213696271181107 8856
1786511646933 3.5065042674541473 8857
1786511649514 3.504694476723671 8858
1786511652095 3.4082498252391815 8859
1786511654675 3.47392575442791 8860
1786511657257 3.487027168273926 8861
1786511659836 3.4718188494443893 8862
1786511662416 3.4203108698129654 8863
1786511664998 3.4179938435554504 8864
1786511667579 3.3876547515392303 8865
1786511670160 3.512012794613838 8866
1786511672741 3.414197012782097 8867
1786511675322 3.4557950496673584 8868
1786511677906 3.465676799416542 8869
1786511680490 3.4534109383821487 8870
1786511683070 3.470484420657158 8871
1786511685655 3.5130219757556915 8872
1786511688237 3.488695040345192 8873
1786511690822 3.4412664026021957 8874
1786511693408 3.484391674399376 8875
1786511695994 3.421268492937088 8876
1786511698575 3.501741901040077 8877
1786511701156 3.3949682861566544 8878
1786511703736 3.4405758678913116 8879
1786511706327 3.3987491875886917 8880
1786511708908 3.4458378851413727 8881
1786511711488 3.4513823091983795 8882
1786511714068 3.550509989261627 8883
1786511716650 3.4637999683618546 8884
1786511719231 3.3078776597976685 8885
1786511721821 3.5123960226774216 8886
1786511724402 3.444281220436096 8887
1786511726984 3.3786866664886475 8888
1786511729565 3.491882845759392 8889
1786511732146 3.392672911286354 8890
1786511734727 3.4178234338760376 8891
1786511737307 3.4679743200540543 8892
1786511739887 3.3909218311309814 8893
1786511742470 3.426604524254799 8894
1786511745055 3.4845485389232635 8895
1786511747640 3.431748926639557 8896
1786511750221 3.4745945185422897 8897
1786511752802 3.383134752511978 8898
1786511755378 3.3778493106365204 8899
1786511757953 3.436593547463417 8900
1786511760527 3.5020088106393814 8901
1786511763101 3.506685495376587 8902
1786511765676 3.382025808095932 8903
1786511768254 3.386064648628235 8904
1786511770836 3.4194339364767075 8905
1786511773418 3.4238503873348236 8906
1786511776001 3.459011733531952 8907
1786511778585 3.329184502363205 8908
1786511781166 3.394329607486725 8909
1786511783749 3.4565731287002563 8910
1786511786331 3.470103442668915 8911
1786511788912 3.4498464167118073 8912
1786511791493 3.4919647574424744 8913
1786511794074 3.5297329425811768 8914
1786511796653 3.410143181681633 8915
1786511799229 3.5048141479492188 8916
1786511801809 3.431079164147377 8917
1786511804390 3.4230487942695618 8918
1786511806970 3.4849094599485397 8919
1786511809551 3.5099669694900513 8920
1786511812132 3.4397127479314804 8921
1786511814715 3.4520094096660614 8922
1786511817299 3.3773079067468643 8923
1786511819883 3.3904669731855392 8924
1786511822462 3.4436215609312057 8925
1786511825044 3.4146109223365784 8926
1786511827624 3.4912519603967667 8927
1786511830204 3.462799444794655 8928
1786511832785 3.455815628170967 8929
1786511835366 3.460171401500702 8930
1786511837946 3.493357703089714 8931
1786511840526 3.401170715689659 8932
1786511843106 3.424166366457939 8933
1786511845686 3.4582929760217667 8934
1786511848265 3.485107585787773 8935
1786511850849 3.4554685205221176 8936
1786511853436 3.418913960456848 8937
1786511856016 3.456886887550354 8938
1786511858598 3.4671685993671417 8939
1786511861180 3.4389920383691788 8940
1786511863760 3.4010396748781204 8941
1786511866340 3.4123573005199432 8942
1786511868920 3.3934961557388306 8943
1786511871504 3.430487632751465 8944
1786511874084 3.473529726266861 8945
1786511876664 3.443668767809868 8946
1786511879245 3.45744526386261 8947
1786511881827 3.4283900558948517 8948
1786511884409 3.3898962885141373 8949
1786511886990 3.481817379593849 8950
1786511889571 3.4039000123739243 8951
1786511892162 3.3834324032068253 8952
1786511894748 3.380495771765709 8953
1786511897335 3.443111941218376 8954
1786511899917 3.4776679277420044 8955
1786511902498 3.46128748357296 8956
1786511905078 3.473957985639572 8957
1786511907659 3.4419449865818024 8958
1786511910240 3.4894989132881165 8959
1786511912822 3.3991327583789825 8960
1786511915401 3.4738673865795135 8961
1786511917983 3.443694159388542 8962
1786511920563 3.409511297941208 8963
1786511923145 3.449982240796089 8964
1786511925726 3.4999017417430878 8965
1786511928307 3.460297003388405 8966
1786511930887 3.4390405863523483 8967
1786511933469 3.5381206274032593 8968
1786511936052 3.4251462668180466 8969
1786511938633 3.4831895530223846 8970
1786511941212 3.437263324856758 8971
1786511943792 3.490177571773529 8972
1786511946373 3.414068326354027 8973
1786511948953 3.4083770513534546 8974
1786511951533 3.454357787966728 8975
1786511954115 3.402422711253166 8976
1786511956695 3.4937629103660583 8977
1786511959275 3.414491578936577 8978
1786511961855 3.487745061516762 8979
1786511964436 3.4778176993131638 8980
1786511967018 3.482476070523262 8981
1786511969600 3.4712898433208466 8982
1786511972183 3.453773856163025 8983
1786511974767 3.465146392583847 8984
1786511977347 3.4610401540994644 8985
1786511979928 3.445559874176979 8986
1786511982510 3.3742523044347763 8987
1786511985092 3.38619664311409 8988
1786511987673 3.4853016287088394 8989
1786511990255 3.457058757543564 8990
1786511992835 3.449029639363289 8991
1786511995412 3.4458435773849487 8992
1786511997993 3.512909397482872 8993
1786512000574 3.4306395053863525 8994
1786512003156 3.467012047767639 8995
1786512005738 3.5106502920389175 8996
1786512008319 3.420002058148384 8997
1786512010896 3.3848529756069183 8998
1786512013473 3.504139244556427 8999
1786512017443 3.407959744334221 9000
1786512020019 3.464325472712517 9001
1786512022594 3.4684451073408127 9002
1786512025171 3.413079619407654 9003
1786512027750 3.4411337226629257 9004
1786512030331 3.441254734992981 9005
1786512032912 3.3901539146900177 9006
1786512035496 3.4485574811697006 9007
1786512038077 3.4378513544797897 9008
1786512040657 3.479954108595848 9009
1786512043237 3.4025341123342514 9010
1786512045819 3.386851653456688 9011
1786512048400 3.4151019901037216 9012
1786512050982 3.4389584362506866 9013
1786512053563 3.3229637145996094 9014
1786512056146 3.4241960644721985 9015
1786512058727 3.379589304327965 9016
1786512061306 3.489954888820648 9017
1786512063885 3.474974125623703 9018
1786512066460 3.420341745018959 9019
1786512069035 3.4421155601739883 9020
1786512071610 3.5021580308675766 9021
1786512074189 3.490656226873398 9022
1786512076768 3.345098063349724 9023
1786512079348 3.5053419172763824 9024
1786512081928 3.386301264166832 9025
1786512084508 3.3778175711631775 9026
1786512087088 3.4506622701883316 9027
1786512089668 3.404754787683487 9028
1786512092248 3.422493740916252 9029
1786512094826 3.5132467299699783 9030
1786512097406 3.386380970478058 9031
1786512099984 3.45173616707325 9032
1786512102562 3.478379026055336 9033
1786512105140 3.4994277954101562 9034
1786512107720 3.5003273338079453 9035
1786512110299 3.440283313393593 9036
1786512112878 3.35530324280262 9037
1786512115464 3.4226343482732773 9038
1786512118048 3.419636517763138 9039
1786512120630 3.4751861691474915 9040
1786512123211 3.472706377506256 9041
1786512125792 3.4009261280298233 9042
1786512128374 3.3818914592266083 9043
1786512130955 3.4255544245243073 9044
1786512133535 3.4135821908712387 9045
1786512136111 3.361275315284729 9046
1786512138687 3.477633163332939 9047
1786512141263 3.4422044157981873 9048
1786512143840 3.4293370097875595 9049
1786512146420 3.481683135032654 9050
1786512149003 3.3090131878852844 9051
1786512151584 3.4209204018115997 9052
1786512154166 3.4171087592840195 9053
1786512156748 3.4290938675403595 9054
1786512159330 3.4739136397838593 9055
1786512161911 3.4135018438100815 9056
1786512164494 3.3905844390392303 9057
1786512167075 3.458667680621147 9058
1786512169658 3.4010713547468185 9059
1786512172240 3.3969594091176987 9060
1786512174827 3.4311978071928024 9061
1786512177408 3.442973345518112 9062
1786512179989 3.388298884034157 9063
1786512182571 3.3803914189338684 9064
1786512185154 3.4142444133758545 9065
1786512187737 3.4565419405698776 9066
1786512190320 3.5231091678142548 9067
1786512192899 3.4614394307136536 9068
1786512195479 3.3879179805517197 9069
1786512198059 3.4883803725242615 9070
1786512200641 3.388119876384735 9071
1786512203220 3.382925420999527 9072
1786512205803 3.4613764882087708 9073
1786512208384 3.4753353595733643 9074
1786512210965 3.4084699898958206 9075
1786512213546 3.387473776936531 9076
1786512216126 3.398231938481331 9077
1786512218708 3.463592991232872 9078
1786512221288 3.388629227876663 9079
1786512223867 3.4101045429706573 9080
1786512226446 3.4183581173419952 9081
1786512229026 3.4068778604269028 9082
1786512231609 3.421170726418495 9083
1786512234190 3.5504937916994095 9084
1786512236770 3.5259823501110077 9085
1786512239346 3.4591763466596603 9086
1786512241921 3.39510515332222 9087
1786512244498 3.451801151037216 9088
1786512247076 3.4901739060878754 9089
1786512249652 3.4214950054883957 9090
1786512252229 3.4276288896799088 9091
1786512254808 3.383878007531166 9092
1786512257387 3.452456697821617 9093
1786512259972 3.4387936145067215 9094
1786512262555 3.4817421585321426 9095
1786512265136 3.5313891023397446 9096
1786512267719 3.437876597046852 9097
1786512270307 3.442159965634346 9098
1786512272887 3.3525331765413284 9099
1786512275470 3.4583975672721863 9100
1786512278057 3.4537039548158646 9101
1786512280642 3.4277624636888504 9102
1786512283223 3.419973224401474 9103
1786512285804 3.4766908437013626 9104
1786512288384 3.3839539289474487 9105
1786512290967 3.3877021074295044 9106
1786512293547 3.458646908402443 9107
1786512296128 3.4108895510435104 9108
1786512298710 3.467732384800911 9109
1786512301294 3.4502352476119995 9110
1786512303876 3.4325281530618668 9111
1786512306457 3.4631490856409073 9112
1786512309039 3.3857573717832565 9113
1786512311622 3.457028165459633 9114
1786512314203 3.410505712032318 9115
1786512316779 3.4326161295175552 9116
1786512319355 3.4558029025793076 9117
1786512321930 3.485535889863968 9118
1786512324507 3.493960991501808 9119
1786512327082 3.420238807797432 9120
1786512329658 3.357648879289627 9121
1786512332234 3.4169631600379944 9122
1786512334811 3.3818865567445755 9123
1786512337387 3.422635704278946 9124
1786512339963 3.3936987966299057 9125
1786512342539 3.3825134932994843 9126
1786512345115 3.4631079882383347 9127
1786512347690 3.531878277659416 9128
1786512350266 3.4736895859241486 9129
1786512352841 3.362362325191498 9130
1786512355416 3.3856259882450104 9131
1786512357992 3.4259090274572372 9132
1786512360568 3.3668441772460938 9133
1786512363144 3.445702776312828 9134
1786512365719 3.44003863632679 9135
1786512368293 3.399136170744896 9136
1786512370867 3.5181294828653336 9137
1786512373441 3.4498634934425354 9138
1786512376018 3.4300985038280487 9139
1786512378593 3.4521725922822952 9140
1786512381169 3.43912073969841 9141
1786512383744 3.4256045669317245 9142
1786512386320 3.544709488749504 9143
1786512388895 3.415391683578491 9144
1786512391471 3.4274288713932037 9145
1786512394046 3.483471989631653 9146
1786512396621 3.4463841170072556 9147
1786512399196 3.459939166903496 9148
1786512401771 3.449170008301735 9149
1786512404347 3.455802947282791 9150
1786512406924 3.3653760701417923 9151
1786512409504 3.413597911596298 9152
1786512412083 3.460024878382683 9153
1786512414664 3.389509439468384 9154
1786512417243 3.406393676996231 9155
1786512419822 3.3802968561649323 9156
1786512422401 3.416445180773735 9157
1786512424979 3.4281662851572037 9158
1786512427558 3.469821497797966 9159
1786512430137 3.384922295808792 9160
1786512432716 3.496694400906563 9161
1786512435295 3.427199751138687 9162
1786512437875 3.3865618109703064 9163
1786512440456 3.4766582399606705 9164
1786512443038 3.408912792801857 9165
1786512445618 3.4300711899995804 9166
1786512448199 3.3569478392601013 9167
1786512450780 3.4280014783143997 9168
1786512453362 3.3563026934862137 9169
1786512455944 3.3922698199748993 9170
1786512458527 3.4486032128334045 9171
1786512461109 3.436848297715187 9172
1786512463690 3.4197859466075897 9173
1786512466269 3.428903117775917 9174
1786512468847 3.36809866130352 9175
1786512471426 3.4352956116199493 9176
1786512474009 3.4568520933389664 9177
1786512476598 3.490867555141449 9178
1786512479179 3.5300164967775345 9179
1786512481759 3.3789857625961304 9180
1786512484338 3.449473649263382 9181
1786512486919 3.4905775636434555 9182
1786512489500 3.4717581421136856 9183
1786512492081 3.4739871621131897 9184
1786512494663 3.4587421268224716 9185
1786512497244 3.3961491137742996 9186
1786512499824 3.4405577480793 9187
1786512502405 3.3374659419059753 9188
1786512504988 3.4756255745887756 9189
1786512507570 3.350454717874527 9190
1786512510149 3.4157342314720154 9191
1786512512731 3.46095834672451 9192
1786512515312 3.4340805262327194 9193
1786512517894 3.3971884697675705 9194
1786512520475 3.4358216524124146 9195
1786512523055 3.4480232298374176 9196
1786512525636 3.401998221874237 9197
1786512528217 3.4278994649648666 9198
1786512530797 3.4429536014795303 9199
1786512533381 3.5277635157108307 9200
1786512535965 3.419108659029007 9201
1786512538546 3.394418403506279 9202
1786512541129 3.442993089556694 9203
1786512543713 3.424330562353134 9204
1786512546296 3.420628309249878 9205
1786512548877 3.4527483880519867 9206
1786512551458 3.355505406856537 9207
1786512554039 3.4692875295877457 9208
1786512556620 3.4916396141052246 9209
1786512559201 3.460228353738785 9210
1786512561782 3.4921634048223495 9211
1786512564362 3.519917830824852 9212
1786512566943 3.397640347480774 9213
1786512569524 3.397288680076599 9214
1786512572104 3.4350723326206207 9215
1786512574686 3.4485896080732346 9216
1786512577267 3.438363790512085 9217
1786512579847 3.3180150538682938 9218
1786512582427 3.5114077627658844 9219
1786512585009 3.417774513363838 9220
1786512587591 3.4325883388519287 9221
1786512590172 3.4173478484153748 9222
1786512592754 3.4696772396564484 9223
1786512595333 3.364292562007904 9224
1786512597913 3.416025549173355 9225
1786512600493 3.4833984971046448 9226
1786512603074 3.3497170954942703 9227
1786512605668 3.4844214618206024 9228
1786512608248 3.500490754842758 9229
1786512610828 3.3998834788799286 9230
1786512613409 3.414790228009224 9231
1786512615985 3.4578409641981125 9232
1786512618562 3.438745394349098 9233
1786512621138 3.365512192249298 9234
1786512623714 3.5310716331005096 9235
1786512626289 3.4091446846723557 9236
1786512628865 3.3762219101190567 9237
1786512631441 3.4006911367177963 9238
1786512634016 3.5087632685899734 9239
1786512636592 3.488826483488083 9240
1786512639169 3.4085043370723724 9241
1786512641745 3.4957537949085236 9242
1786512644320 3.4590741246938705 9243
1786512646902 3.4411910325288773 9244
1786512649484 3.476583033800125 9245
1786512652065 3.5199533253908157 9246
1786512654651 3.4148079454898834 9247
1786512657236 3.44804684817791 9248
1786512659816 3.472175121307373 9249
1786512662396 3.3903718441724777 9250
1786512664977 3.3964116126298904 9251
1786512667557 3.403793588280678 9252
1786512670138 3.5306731909513474 9253
1786512672721 3.517801061272621 9254
1786512675303 3.40945965051651 9255
1786512677883 3.4904619604349136 9256
1786512680464 3.4330481588840485 9257
1786512683046 3.36306793987751 9258
1786512685627 3.3895061165094376 9259
1786512688207 3.420245796442032 9260
1786512690796 3.3717969208955765 9261
1786512693377 3.428539827466011 9262
1786512695958 3.3693933933973312 9263
1786512698542 3.4559780210256577 9264
1786512701126 3.4929962754249573 9265
1786512703712 3.460503712296486 9266
1786512706293 3.4313558787107468 9267
1786512708874 3.4155516624450684 9268
1786512711455 3.5002278089523315 9269
1786512714035 3.4785802215337753 9270
1786512716616 3.4424384981393814 9271
1786512719196 3.3460517078638077 9272
1786512721776 3.4844518303871155 9273
1786512724356 3.378478229045868 9274
1786512726937 3.3984303772449493 9275
1786512729518 3.4080264419317245 9276
1786512732098 3.4366470873355865 9277
1786512734678 3.4414504170417786 9278
1786512737263 3.4094157814979553 9279
1786512739844 3.403138428926468 9280
1786512742425 3.3813914507627487 9281
1786512745005 3.4737482964992523 9282
1786512747584 3.460784435272217 9283
1786512750165 3.536682441830635 9284
1786512752744 3.4078048020601273 9285
1786512755323 3.454720064997673 9286
1786512757904 3.364161968231201 9287
1786512760483 3.4139686822891235 9288
1786512763062 3.396650090813637 9289
1786512765641 3.474105343222618 9290
1786512768220 3.3662523329257965 9291
1786512770803 3.4771797508001328 9292
1786512773381 3.446348875761032 9293
1786512775963 3.382951706647873 9294
1786512778543 3.4645118564367294 9295
1786512781124 3.452555328607559 9296
1786512783706 3.3609478920698166 9297
1786512786287 3.4358058124780655 9298
1786512788868 3.4439619332551956 9299
1786512791451 3.3488132059574127 9300
1786512794033 3.399953857064247 9301
1786512796615 3.4516444504261017 9302
1786512799196 3.542278975248337 9303
1786512801779 3.4065959602594376 9304
1786512804361 3.435985803604126 9305
1786512806942 3.4364566653966904 9306
1786512809524 3.3577431738376617 9307
1786512812106 3.3287809938192368 9308
1786512814687 3.519527941942215 9309
1786512817271 3.3851018100976944 9310
1786512819852 3.5037912130355835 9311
1786512822432 3.421573832631111 9312
1786512825013 3.491132155060768 9313
1786512827593 3.448294848203659 9314
1786512830174 3.4033169001340866 9315
1786512832754 3.431683734059334 9316
1786512835335 3.411791667342186 9317
1786512837917 3.3941641449928284 9318
1786512840498 3.4101498872041702 9319
1786512843079 3.4652635008096695 9320
1786512845660 3.388170138001442 9321
1786512848242 3.3988483399152756 9322
1786512850822 3.325728803873062 9323
1786512853408 3.4597039073705673 9324
1786512855988 3.417481631040573 9325
1786512858568 3.4038742780685425 9326
1786512861148 3.3915182650089264 9327
1786512863728 3.5306077152490616 9328
1786512866308 3.4579731971025467 9329
1786512868888 3.3905434608459473 9330
1786512871469 3.453912064433098 9331
1786512874049 3.41354338824749 9332
1786512876631 3.4761359095573425 9333
1786512879209 3.4546115398406982 9334
1786512881788 3.4922792315483093 9335
1786512884367 3.4543723315000534 9336
1786512886946 3.4089504033327103 9337
1786512889524 3.4023150205612183 9338
1786512892105 3.453327029943466 9339
1786512894685 3.4275937527418137 9340
1786512897261 3.543998584151268 9341
1786512899835 3.4695427119731903 9342
1786512902413 3.3842629194259644 9343
1786512904989 3.529313012957573 9344
1786512907565 3.525587484240532 9345
1786512910139 3.399113357067108 9346
1786512912714 3.4554668962955475 9347
1786512915290 3.4372606724500656 9348
1786512917864 3.3942383527755737 9349
1786512920439 3.450075313448906 9350
1786512923013 3.4469416439533234 9351
1786512925589 3.373012587428093 9352
1786512928163 3.2980185002088547 9353
1786512930738 3.364855483174324 9354
1786512933317 3.4426477253437042 9355
1786512935891 3.3807774484157562 9356
1786512938466 3.490547150373459 9357
1786512941041 3.5051379203796387 9358
1786512943615 3.475523367524147 9359
1786512946191 3.46451036632061 9360
1786512948765 3.440395712852478 9361
1786512951341 3.3854625076055527 9362
1786512953917 3.477673962712288 9363
1786512956492 3.3446606397628784 9364
1786512959067 3.4112342447042465 9365
1786512961641 3.4529233276844025 9366
1786512964216 3.39128677546978 9367
1786512966794 3.4533083587884903 9368
1786512969370 3.4867233633995056 9369
1786512971947 3.379670038819313 9370
1786512974528 3.4183379113674164 9371
1786512977109 3.5249253660440445 9372
1786512979689 3.406000182032585 9373
1786512982270 3.4069903194904327 9374
1786512984852 3.4884624630212784 9375
1786512987434 3.3842993676662445 9376
1786512990017 3.3598784506320953 9377
1786512992598 3.4137197732925415 9378
1786512995179 3.356566846370697 9379
1786512997761 3.4140100330114365 9380
1786513000348 3.3282654732465744 9381
1786513002930 3.458388715982437 9382
1786513005512 3.385283902287483 9383
1786513008096 3.4516133964061737 9384
1786513010678 3.394229754805565 9385
1786513013261 3.430551365017891 9386
1786513015842 3.421128898859024 9387
1786513018425 3.377721905708313 9388
1786513021008 3.451940283179283 9389
1786513023589 3.3749448508024216 9390
1786513026173 3.4730395078659058 9391
1786513028754 3.4398039132356644 9392
1786513031336 3.401783734560013 9393
1786513033918 3.4726310074329376 9394
1786513036500 3.4377513974905014 9395
1786513039083 3.3953537195920944 9396
1786513041664 3.4434217661619186 9397
1786513044246 3.477317214012146 9398
1786513046828 3.438584938645363 9399
1786513049413 3.409833326935768 9400
1786513051995 3.4667933136224747 9401
1786513054576 3.382546991109848 9402
1786513057166 3.3473668098449707 9403
1786513059755 3.4205827713012695 9404
1786513062344 3.430641934275627 9405
1786513064939 3.501543268561363 9406
1786513067523 3.4700284153223038 9407
1786513070112 3.4073934853076935 9408
1786513072701 3.4135734736919403 9409
1786513075287 3.511861175298691 9410
1786513077875 3.4261101484298706 9411
1786513080463 3.410122722387314 9412
1786513083051 3.415189892053604 9413
1786513085639 3.415696293115616 9414
1786513088224 3.37941575050354 9415
1786513090806 3.5483897626399994 9416
1786513093387 3.402318835258484 9417
1786513095967 3.434835910797119 9418
1786513098554 3.388914033770561 9419
1786513101137 3.4382237792015076 9420
1786513103718 3.3816760033369064 9421
1786513106299 3.385942652821541 9422
1786513108877 3.417694568634033 9423
1786513111457 3.421513184905052 9424
1786513114035 3.4858304262161255 9425
1786513116616 3.464955121278763 9426
1786513119198 3.4029460847377777 9427
1786513121779 3.4442136585712433 9428
1786513124359 3.4960351288318634 9429
1786513126939 3.4571198374032974 9430
1786513129521 3.4226816296577454 9431
1786513132103 3.475534126162529 9432
1786513134692 3.474102035164833 9433
1786513137276 3.4215962439775467 9434
1786513139859 3.389223888516426 9435
1786513142441 3.4090329855680466 9436
1786513145023 3.3918645828962326 9437
1786513147605 3.4062908440828323 9438
1786513150187 3.3686604648828506 9439
1786513152772 3.406960979104042 9440
1786513155356 3.4506712555885315 9441
1786513157940 3.407237470149994 9442
1786513160521 3.417449787259102 9443
1786513163109 3.4843716770410538 9444
1786513165691 3.3913819640874863 9445
1786513168271 3.3831074982881546 9446
1786513170854 3.3809501230716705 9447
1786513173434 3.435418054461479 9448
1786513176015 3.3858560025691986 9449
1786513178596 3.455533266067505 9450
1786513181178 3.424237474799156 9451
1786513183758 3.378104582428932 9452
1786513186337 3.4030184000730515 9453
1786513188923 3.369171977043152 9454
1786513191506 3.419632688164711 9455
1786513194088 3.480424478650093 9456
1786513196679 3.4238722771406174 9457
1786513199259 3.432526096701622 9458
1786513201844 3.39076729118824 9459
1786513204429 3.48410102725029 9460
1786513207014 3.347308188676834 9461
1786513209599 3.455475941300392 9462
1786513212184 3.511035695672035 9463
1786513214769 3.354939579963684 9464
1786513217355 3.4447608292102814 9465
1786513219940 3.4813293367624283 9466
1786513222528 3.4115911424160004 9467
1786513225113 3.4142855554819107 9468
1786513227698 3.5377648919820786 9469
1786513230286 3.4199939519166946 9470
1786513232871 3.427103891968727 9471
1786513235457 3.3967831134796143 9472
1786513238043 3.3835457265377045 9473
1786513240629 3.434083715081215 9474
1786513243214 3.4605779945850372 9475
1786513245800 3.4231868237257004 9476
1786513248385 3.3812254816293716 9477
1786513250970 3.411188617348671 9478
1786513253561 3.48933382332325 9479
1786513256149 3.332846373319626 9480
1786513258733 3.4102003276348114 9481
1786513261321 3.4723824709653854 9482
1786513263902 3.383186012506485 9483
1786513266479 3.390049397945404 9484
1786513269056 3.396000936627388 9485
1786513271632 3.404123082756996 9486
1786513274208 3.449656620621681 9487
1786513276785 3.4511767476797104 9488
1786513279364 3.4350942820310593 9489
1786513281946 3.458783969283104 9490
1786513284527 3.434819057583809 9491
1786513287108 3.473384276032448 9492
1786513289689 3.4137399047613144 9493
1786513292272 3.3627085387706757 9494
1786513294856 3.384816139936447 9495
1786513297438 3.431788593530655 9496
1786513300020 3.416189342737198 9497
1786513302602 3.4655629247426987 9498
1786513305184 3.316299393773079 9499
1786513308831 3.3762305676937103 9500
1786513311413 3.4709953516721725 9501
1786513313994 3.388581722974777 9502
1786513316579 3.355504110455513 9503
1786513319162 3.340462163090706 9504
1786513321740 3.47947196662426 9505
1786513324324 3.4238229990005493 9506
1786513326906 3.4062471091747284 9507
1786513329490 3.4150955379009247 9508
1786513332072 3.51753069460392 9509
1786513334656 3.4356303960084915 9510
1786513337243 3.3895558267831802 9511
1786513339826 3.3521520644426346 9512
1786513342414 3.445608526468277 9513
1786513344996 3.421494647860527 9514
1786513347577 3.4985965341329575 9515
1786513350158 3.444923609495163 9516
1786513352739 3.3959313184022903 9517
1786513355326 3.408628076314926 9518
1786513357908 3.4091028422117233 9519
1786513360493 3.46685753762722 9520
1786513363074 3.4020391404628754 9521
1786513365662 3.401526987552643 9522
1786513368243 3.5194821506738663 9523
1786513370824 3.347798928618431 9524
1786513373405 3.421058401465416 9525
1786513375985 3.501415491104126 9526
1786513378565 3.4303510785102844 9527
1786513381146 3.4505540132522583 9528
1786513383725 3.409092053771019 9529
1786513386308 3.440604329109192 9530
1786513388890 3.4484887570142746 9531
1786513391475 3.3958566784858704 9532
1786513394063 3.508979305624962 9533
1786513396648 3.365366294980049 9534
1786513399230 3.4304288625717163 9535
1786513401812 3.399524435400963 9536
1786513404393 3.498549446463585 9537
1786513406974 3.366133615374565 9538
1786513409558 3.410176858305931 9539
1786513412144 3.4770880341529846 9540
1786513414727 3.3822340071201324 9541
1786513417310 3.4538580030202866 9542
1786513419892 3.445896252989769 9543
1786513422473 3.3973479717969894 9544
1786513425056 3.401752084493637 9545
1786513427638 3.4076196551322937 9546
1786513430219 3.4507996737957 9547
1786513432801 3.3947682231664658 9548
1786513435383 3.4176249504089355 9549
1786513437963 3.4260616153478622 9550
1786513440544 3.457975074648857 9551
1786513443131 3.3964005559682846 9552
1786513445719 3.3828751146793365 9553
1786513448302 3.432327538728714 9554
1786513450883 3.4432125985622406 9555
1786513453463 3.472752794623375 9556
1786513456053 3.413880079984665 9557
1786513458636 3.4603309482336044 9558
1786513461217 3.5112925320863724 9559
1786513463792 3.4223949313163757 9560
1786513466368 3.419291988015175 9561
1786513468944 3.465523436665535 9562
1786513471519 3.3699944764375687 9563
1786513474095 3.395526275038719 9564
1786513476671 3.4176603257656097 9565
1786513479253 3.4395043402910233 9566
1786513481839 3.3738767504692078 9567
1786513484433 3.4491774141788483 9568
1786513487023 3.4962520599365234 9569
1786513489607 3.331891715526581 9570
1786513492191 3.316235437989235 9571
1786513494768 3.444304868578911 9572
1786513497350 3.408042833209038 9573
1786513499928 3.3268541395664215 9574
1786513502504 3.406791612505913 9575
1786513505096 3.3872539550065994 9576
1786513507679 3.4954293221235275 9577
1786513510262 3.3777709901332855 9578
1786513512844 3.4143848419189453 9579
1786513515424 3.4283595234155655 9580
1786513518006 3.469663515686989 9581
1786513520588 3.360157147049904 9582
1786513523170 3.4345943182706833 9583
1786513525752 3.387557715177536 9584
1786513528337 3.440376788377762 9585
1786513530919 3.4340735375881195 9586
1786513533501 3.368013694882393 9587
1786513536083 3.3672508895397186 9588
1786513538667 3.382272884249687 9589
1786513541249 3.4671410620212555 9590
1786513543830 3.399139493703842 9591
1786513546412 3.3634102940559387 9592
1786513548993 3.374235436320305 9593
1786513551577 3.4273314625024796 9594
1786513554167 3.413229450583458 9595
1786513556748 3.4182375222444534 9596
1786513559327 3.3347727358341217 9597
1786513561906 3.461354300379753 9598
1786513564485 3.3788362592458725 9599
1786513567065 3.464348942041397 9600
1786513569645 3.4786985516548157 9601
1786513572224 3.4021553993225098 9602
1786513574803 3.389654725790024 9603
1786513577382 3.4678043872117996 9604
1786513579961 3.4977359920740128 9605
1786513582541 3.357770875096321 9606
1786513585120 3.4544485807418823 9607
1786513587699 3.413258880376816 9608
1786513590279 3.4475254118442535 9609
1786513592858 3.467817723751068 9610
1786513595438 3.4312877357006073 9611
1786513598018 3.437602922320366 9612
1786513600598 3.4631680250167847 9613
1786513603177 3.3679735362529755 9614
1786513605757 3.451931357383728 9615
1786513608336 3.4399046897888184 9616
1786513610917 3.435939207673073 9617
1786513613497 3.4524551182985306 9618
1786513616077 3.4704971462488174 9619
1786513618659 3.3923129439353943 9620
1786513621240 3.397750645875931 9621
1786513623820 3.4474897533655167 9622
1786513626400 3.3459652811288834 9623
1786513628980 3.473785772919655 9624
1786513631559 3.4305235147476196 9625
1786513634139 3.4794679284095764 9626
1786513636718 3.4124490171670914 9627
1786513639298 3.366710677742958 9628
1786513641878 3.42130184173584 9629
1786513644457 3.4070504903793335 9630
1786513647038 3.4696194529533386 9631
1786513649618 3.4273762553930283 9632
1786513652198 3.377733036875725 9633
1786513654777 3.4122959077358246 9634
1786513657357 3.485898971557617 9635
1786513659938 3.4528845697641373 9636
1786513662517 3.3907584846019745 9637
1786513665095 3.382204607129097 9638
1786513667670 3.533586159348488 9639
1786513670245 3.4480115473270416 9640
1786513672820 3.446753814816475 9641
1786513675395 3.428983584046364 9642
1786513677970 3.459636613726616 9643
1786513680547 3.4410371631383896 9644
1786513683123 3.343638777732849 9645
1786513685699 3.4068857431411743 9646
1786513688274 3.49496366083622 9647
1786513690849 3.391801744699478 9648
1786513693424 3.334032893180847 9649
1786513696000 3.459526851773262 9650
1786513698575 3.3584452271461487 9651
1786513701150 3.4224282056093216 9652
1786513703725 3.3511235415935516 9653
1786513706301 3.4487295001745224 9654
1786513708876 3.4216902405023575 9655
1786513711451 3.426622435450554 9656
1786513714026 3.4628819078207016 9657
1786513716602 3.393493816256523 9658
1786513719180 3.376881629228592 9659
1786513721756 3.4785377383232117 9660
1786513724331 3.3853889852762222 9661
1786513726907 3.367430195212364 9662
1786513729482 3.4573962539434433 9663
1786513732059 3.4757517725229263 9664
1786513734635 3.4735784977674484 9665
1786513737211 3.4198571890592575 9666
1786513739786 3.4457315653562546 9667
1786513742362 3.451055034995079 9668
1786513744937 3.386006787419319 9669
1786513747513 3.52132448554039 9670
1786513750089 3.332882985472679 9671
1786513752664 3.4361273050308228 9672
1786513755239 3.5024743378162384 9673
1786513757815 3.3650914430618286 9674
1786513760390 3.4188464134931564 9675
1786513762966 3.4095926880836487 9676
1786513765542 3.423432096838951 9677
1786513768118 3.456988885998726 9678
1786513770694 3.422399550676346 9679
1786513773270 3.46106718480587 9680
1786513775845 3.4388876110315323 9681
1786513778421 3.4090230762958527 9682
1786513780996 3.3745346069335938 9683
1786513783573 3.398756757378578 9684
1786513786149 3.410802274942398 9685
1786513788724 3.413015067577362 9686
1786513791300 3.4538703858852386 9687
1786513793877 3.4563631266355515 9688
1786513796453 3.342165485024452 9689
1786513799028 3.418132945895195 9690
1786513801603 3.396207720041275 9691
1786513804179 3.3446288853883743 9692
1786513806755 3.3867741972208023 9693
1786513809330 3.3435356616973877 9694
1786513811905 3.4399843961000443 9695
1786513814481 3.4691962748765945 9696
1786513817058 3.3474711775779724 9697
1786513819633 3.4238291680812836 9698
1786513822208 3.3894557803869247 9699
1786513824783 3.3850956708192825 9700
1786513827359 3.3917621076107025 9701
1786513829934 3.411222457885742 9702
1786513832509 3.4092720448970795 9703
1786513835084 3.3924614638090134 9704
1786513837660 3.420575737953186 9705
1786513840236 3.4359505623579025 9706
1786513842812 3.465361163020134 9707
1786513845389 3.484067842364311 9708
1786513847966 3.3376256227493286 9709
1786513850542 3.4612226486206055 9710
1786513853118 3.41740745306015 9711
1786513855694 3.5155491828918457 9712
1786513858270 3.5069601088762283 9713
1786513860845 3.3986571431159973 9714
1786513863420 3.4621356427669525 9715
1786513865996 3.3647305220365524 9716
1786513868571 3.4509955644607544 9717
1786513871146 3.473986193537712 9718
1786513873721 3.3310917019844055 9719
1786513876298 3.467674493789673 9720
1786513878873 3.433918282389641 9721
1786513881450 3.4507360011339188 9722
1786513884025 3.3399948179721832 9723
1786513886600 3.497530519962311 9724
1786513889175 3.445931166410446 9725
1786513891750 3.442672550678253 9726
1786513894326 3.393647149205208 9727
1786513896901 3.3523102551698685 9728
1786513899477 3.421549901366234 9729
1786513902052 3.4307996183633804 9730
1786513904627 3.3818137645721436 9731
1786513907202 3.383446052670479 9732
1786513909778 3.453610733151436 9733
1786513912354 3.4055483788251877 9734
1786513914931 3.4144251346588135 9735
1786513917508 3.432110548019409 9736
1786513920083 3.361354351043701 9737
1786513922659 3.418045312166214 9738
1786513925235 3.4479511976242065 9739
1786513927811 3.3755500614643097 9740
1786513930387 3.455657184123993 9741
1786513932962 3.3994007855653763 9742
1786513935537 3.394075259566307 9743
1786513938112 3.479874312877655 9744
1786513940687 3.3892140090465546 9745
1786513943262 3.5045123398303986 9746
1786513945837 3.334095686674118 9747
1786513948416 3.4982469975948334 9748
1786513950997 3.5146912336349487 9749
1786513953578 3.3483009934425354 9750
1786513956159 3.449063405394554 9751
1786513958740 3.514411762356758 9752
1786513961320 3.410354733467102 9753
1786513963900 3.3789799213409424 9754
1786513966482 3.377735659480095 9755
1786513969064 3.409254401922226 9756
1786513971648 3.4086195081472397 9757
1786513974230 3.485633537173271 9758
1786513976812 3.4096094220876694 9759
1786513979397 3.4512570947408676 9760
1786513981977 3.4052513539791107 9761
1786513984560 3.350611165165901 9762
1786513987142 3.330107167363167 9763
1786513989727 3.409391537308693 9764
1786513992310 3.400741085410118 9765
1786513994896 3.3261436820030212 9766
1786513997477 3.458248198032379 9767
1786514000058 3.451734885573387 9768
1786514002638 3.4360876232385635 9769
1786514005218 3.5140538215637207 9770
1786514007798 3.525736451148987 9771
1786514010378 3.485003352165222 9772
1786514012956 3.3128007352352142 9773
1786514015532 3.387479305267334 9774
1786514018107 3.391094371676445 9775
1786514020683 3.4099803119897842 9776
1786514023259 3.4364987164735794 9777
1786514025834 3.372684583067894 9778
1786514028410 3.420640245079994 9779
1786514030986 3.462416425347328 9780
1786514033562 3.4470413476228714 9781
1786514036139 3.500071421265602 9782
1786514038720 3.4245358407497406 9783
1786514041302 3.4710235595703125 9784
1786514043882 3.4264814108610153 9785
1786514046464 3.360446721315384 9786
1786514049044 3.4557101130485535 9787
1786514051626 3.357827290892601 9788
1786514054208 3.3600724190473557 9789
1786514056795 3.4061366617679596 9790
1786514059377 3.379373177886009 9791
1786514061957 3.4743484407663345 9792
1786514064536 3.4748858362436295 9793
1786514067112 3.4466078132390976 9794
1786514069688 3.370090365409851 9795
1786514072266 3.404921904206276 9796
1786514074846 3.3649526834487915 9797
1786514077428 3.3948679715394974 9798
1786514080008 3.419896677136421 9799
1786514082590 3.3408675491809845 9800
1786514085173 3.411703050136566 9801
1786514087751 3.4197346419095993 9802
1786514090328 3.411387085914612 9803
1786514092903 3.353114038705826 9804
1786514095485 3.477053552865982 9805
1786514098068 3.456107497215271 9806
1786514100649 3.413166970014572 9807
1786514103231 3.4809202402830124 9808
1786514105812 3.397725060582161 9809
1786514108393 3.487811788916588 9810
1786514110975 3.402134209871292 9811
1786514113557 3.4858795553445816 9812
1786514116138 3.436935007572174 9813
1786514118718 3.424840047955513 9814
1786514121300 3.45547716319561 9815
1786514123881 3.3200132101774216 9816
1786514126461 3.3887533396482468 9817
1786514129040 3.393606796860695 9818
1786514131621 3.396472677588463 9819
1786514134202 3.42064568400383 9820
1786514136779 3.3430563509464264 9821
1786514139356 3.4368845969438553 9822
1786514141932 3.3972626626491547 9823
1786514144510 3.3663474172353745 9824
1786514147085 3.4258199483156204 9825
1786514149661 3.4262860864400864 9826
1786514152238 3.3575161397457123 9827
1786514154813 3.3895269334316254 9828
1786514157389 3.452623814344406 9829
1786514159965 3.312541112303734 9830
1786514162541 3.4680642038583755 9831
1786514165116 3.4199778735637665 9832
1786514167692 3.4542047530412674 9833
1786514170267 3.34515243768692 9834
1786514172843 3.3692910075187683 9835
1786514175420 3.4050661623477936 9836
1786514177996 3.388765051960945 9837
1786514180571 3.4104434847831726 9838
1786514183147 3.389574408531189 9839
1786514185722 3.400085300207138 9840
1786514188298 3.5014649033546448 9841
1786514190873 3.387767270207405 9842
1786514193448 3.44968843460083 9843
1786514196024 3.49279747903347 9844
1786514198601 3.4965784400701523 9845
1786514201176 3.3686770647764206 9846
1786514203752 3.3748333752155304 9847
1786514206328 3.3946130871772766 9848
1786514208905 3.4626920223236084 9849
1786514211481 3.3943527936935425 9850
1786514214059 3.3808192908763885 9851
1786514216635 3.4817929714918137 9852
1786514219211 3.4663511216640472 9853
1786514221786 3.375773772597313 9854
1786514224362 3.4958216547966003 9855
1786514226937 3.3808508217334747 9856
1786514229512 3.448655843734741 9857
1786514232088 3.4332934468984604 9858
1786514234664 3.4448509961366653 9859
1786514237240 3.401106357574463 9860
1786514239816 3.395339548587799 9861
1786514242393 3.370307609438896 9862
1786514244968 3.4291116297245026 9863
1786514247544 3.4174965023994446 9864
1786514250119 3.422261953353882 9865
1786514252694 3.4394634068012238 9866
1786514255270 3.4229600578546524 9867
1786514257845 3.4304174929857254 9868
1786514260421 3.391847312450409 9869
1786514262997 3.398603469133377 9870
1786514265577 3.41347636282444 9871
1786514268158 3.49842968583107 9872
1786514270738 3.374769926071167 9873
1786514273323 3.3447022140026093 9874
1786514275905 3.3973740339279175 9875
1786514278493 3.4395559281110764 9876
1786514281079 3.3908834755420685 9877
1786514283662 3.4708768874406815 9878
1786514286244 3.477894648909569 9879
1786514288828 3.4067197293043137 9880
1786514291408 3.4346586018800735 9881
1786514293989 3.3315443992614746 9882
1786514296570 3.3963641226291656 9883
1786514299150 3.4604430943727493 9884
1786514301730 3.4228086173534393 9885
1786514304309 3.4406215846538544 9886
1786514306890 3.444489762187004 9887
1786514309469 3.397113412618637 9888
1786514312049 3.3097396194934845 9889
1786514314628 3.370644122362137 9890
1786514317208 3.4042373597621918 9891
1786514319789 3.4245106279850006 9892
1786514322371 3.45911568403244 9893
1786514324952 3.4898428916931152 9894
1786514327532 3.4315657019615173 9895
1786514330108 3.4556749165058136 9896
1786514332684 3.358860671520233 9897
1786514335260 3.4403633922338486 9898
1786514337839 3.4252975583076477 9899
1786514340417 3.4752475172281265 9900
1786514342993 3.4567945450544357 9901
1786514345572 3.4754969030618668 9902
1786514348159 3.356344148516655 9903
1786514350740 3.4272489100694656 9904
1786514353321 3.3597290068864822 9905
1786514355901 3.458239659667015 9906
1786514358622 3.4273625910282135 9907
1786514361221 3.5020050555467606 9908
1786514364031 3.3735069036483765 9909
1786514367114 3.365347221493721 9910
1786514369696 3.4709824472665787 9911
1786514372276 3.4121653139591217 9912
1786514374856 3.400193303823471 9913
1786514377437 3.5128228068351746 9914
1786514380019 3.4923148155212402 9915
1786514382599 3.4008320719003677 9916
1786514385179 3.3809163868427277 9917
1786514387759 3.4439061135053635 9918
1786514390342 3.3674385398626328 9919
1786514392923 3.449895426630974 9920
1786514395505 3.3640025556087494 9921
1786514398085 3.3383788764476776 9922
1786514400662 3.4117825776338577 9923
1786514403236 3.4284368753433228 9924
1786514405827 3.2931739687919617 9925
1786514408409 3.417156606912613 9926
1786514410991 3.4769746363162994 9927
1786514413571 3.4242256432771683 9928
1786514416154 3.4592094272375107 9929
1786514418740 3.329799637198448 9930
1786514421327 3.3811648339033127 9931
1786514423908 3.4022509157657623 9932
1786514426489 3.3443679064512253 9933
1786514429066 3.331641525030136 9934
1786514431642 3.4055143892765045 9935
1786514434218 3.4220937341451645 9936
1786514436794 3.297791063785553 9937
1786514439373 3.395569786429405 9938
1786514441950 3.4166607707738876 9939
1786514444526 3.370772749185562 9940
1786514447101 3.419808253645897 9941
1786514449678 3.373602494597435 9942
1786514452257 3.3942108005285263 9943
1786514454839 3.43563412129879 9944
1786514457419 3.411532089114189 9945
1786514460013 3.435259774327278 9946
1786514462606 3.449867531657219 9947
1786514465197 3.4509579688310623 9948
1786514467789 3.3918392956256866 9949
1786514470386 3.419227197766304 9950
1786514472974 3.470153644680977 9951
1786514475555 3.4488842338323593 9952
1786514478137 3.3859236389398575 9953
1786514480718 3.414962500333786 9954
1786514483299 3.411980614066124 9955
1786514485885 3.462376981973648 9956
1786514488464 3.4118649810552597 9957
1786514491042 3.4123256653547287 9958
1786514493622 3.4423669427633286 9959
1786514496199 3.3810701817274094 9960
1786514498775 3.4297531247138977 9961
1786514501350 3.393356680870056 9962
1786514503927 3.370114892721176 9963
1786514506503 3.369827762246132 9964
1786514509078 3.3846414983272552 9965
1786514511655 3.365703448653221 9966
1786514514232 3.4350920617580414 9967
1786514516809 3.441516011953354 9968
1786514519388 3.5015273690223694 9969
1786514521965 3.3912466317415237 9970
1786514524541 3.4384802877902985 9971
1786514527119 3.4608336091041565 9972
1786514529699 3.4354609549045563 9973
1786514532280 3.4147024899721146 9974
1786514534860 3.401159256696701 9975
1786514537441 3.427699998021126 9976
1786514540021 3.516801342368126 9977
1786514542601 3.4256013333797455 9978
1786514545182 3.4207840263843536 9979
1786514547762 3.428177759051323 9980
1786514550342 3.4287372529506683 9981
1786514552921 3.4675837010145187 9982
1786514555502 3.3629881143569946 9983
1786514558082 3.450550690293312 9984
1786514560660 3.3490009903907776 9985
1786514563235 3.413809284567833 9986
1786514565812 3.3941184133291245 9987
1786514568387 3.440962091088295 9988
1786514570964 3.4680934250354767 9989
1786514573547 3.3416610658168793 9990
1786514576128 3.469097748398781 9991
1786514578709 3.314456984400749 9992
1786514581289 3.390616789460182 9993
1786514583870 3.475794330239296 9994
1786514586451 3.4468545019626617 9995
1786514589032 3.434941351413727 9996
1786514591616 3.4688341915607452 9997
1786514594196 3.445132628083229 9998
1786514596780 3.4570557922124863 9999
1786514601400 3.4944094866514206 10000
1786514603983 3.495997875928879 10001
1786514606568 3.4688718169927597 10002
1786514609150 3.479205146431923 10003
1786514611731 3.4045576751232147 10004
1786514614313 3.3626414835453033 10005
1786514616894 3.445239320397377 10006
1786514619477 3.4146122187376022 10007
1786514622058 3.4114255756139755 10008
1786514624639 3.3845874667167664 10009
1786514627219 3.3875575065612793 10010
1786514629804 3.3658379167318344 10011
1786514632386 3.4160514920949936 10012
1786514634974 3.4073979556560516 10013
1786514637565 3.4483074694871902 10014
1786514640146 3.3574270009994507 10015
1786514642730 3.4052823781967163 10016
1786514645313 3.3314542323350906 10017
1786514647896 3.477570429444313 10018
1786514650481 3.465326815843582 10019
1786514653063 3.4198664873838425 10020
1786514655657 3.415380284190178 10021
1786514658249 3.4825758934020996 10022
1786514660835 3.4140347242355347 10023
1786514663419 3.4146089255809784 10024
1786514666002 3.467246636748314 10025
1786514668585 3.398137241601944 10026
1786514671167 3.34958079457283 10027
1786514673753 3.480223923921585 10028
1786514676341 3.45293790102005 10029
1786514678924 3.361713156104088 10030
1786514681507 3.3617254346609116 10031
1786514684088 3.390886589884758 10032
1786514686672 3.3554143011569977 10033
1786514689258 3.4307288080453873 10034
1786514691847 3.332019880414009 10035
1786514694437 3.4318641275167465 10036
1786514697027 3.366378739476204 10037
1786514699618 3.310391888022423 10038
1786514702201 3.34097458422184 10039
1786514704791 3.38219390809536 10040
1786514707376 3.374177098274231 10041
1786514709961 3.399737849831581 10042
1786514712551 3.447573184967041 10043
1786514715137 3.4321112632751465 10044
1786514717728 3.3385611325502396 10045
1786514720318 3.4068283438682556 10046
1786514722903 3.4407582730054855 10047
1786514725486 3.3814314901828766 10048
1786514728069 3.3501158505678177 10049
1786514730664 3.3946496695280075 10050
1786514733251 3.4398725479841232 10051
1786514735841 3.4101480841636658 10052
1786514738426 3.437120497226715 10053
1786514741008 3.4408351331949234 10054
1786514743591 3.455920323729515 10055
1786514746176 3.460095450282097 10056
1786514748762 3.4447964131832123 10057
1786514751353 3.367976099252701 10058
1786514753944 3.335845395922661 10059
1786514756535 3.3636450320482254 10060
1786514759121 3.424720361828804 10061
1786514761708 3.4894313663244247 10062
1786514764299 3.397207647562027 10063
1786514766880 3.4725527614355087 10064
1786514769464 3.4182137846946716 10065
1786514772045 3.409502238035202 10066
1786514774630 3.3345662653446198 10067
1786514777211 3.4143661558628082 10068
1786514779797 3.395445466041565 10069
1786514782382 3.356254205107689 10070
1786514784969 3.4538524746894836 10071
1786514787553 3.4534029066562653 10072
1786514790135 3.414704456925392 10073
1786514792716 3.379776418209076 10074
1786514795298 3.413938418030739 10075
1786514797880 3.3441497683525085 10076
1786514800461 3.3784194737672806 10077
1786514803044 3.5260522663593292 10078
1786514805627 3.427018418908119 10079
1786514808212 3.442010670900345 10080
1786514810797 3.3417424112558365 10081
1786514813391 3.4384289383888245 10082
1786514815984 3.4337862730026245 10083
1786514818566 3.402474969625473 10084
1786514821149 3.41940675675869 10085
1786514823732 3.405998170375824 10086
1786514826319 3.4596422016620636 10087
1786514828904 3.4321069568395615 10088
1786514831487 3.327265188097954 10089
1786514834070 3.423939347267151 10090
1786514836656 3.3773262053728104 10091
1786514839243 3.4073918908834457 10092
1786514841829 3.4324600994586945 10093
1786514844414 3.382074922323227 10094
1786514846996 3.4676083475351334 10095
1786514849575 3.3502760380506516 10096
1786514852154 3.3940344750881195 10097
1786514854731 3.501809611916542 10098
1786514857307 3.4977670311927795 10099
1786514859884 3.4333957582712173 10100
1786514862462 3.4311347901821136 10101
1786514865045 3.386337012052536 10102
1786514867635 3.41687573492527 10103
1786514870218 3.4610162675380707 10104
1786514872807 3.3584057986736298 10105
1786514875400 3.3789487034082413 10106
1786514877988 3.410404622554779 10107
1786514880571 3.4015986174345016 10108
1786514883153 3.4240030497312546 10109
1786514885737 3.4522943645715714 10110
1786514888325 3.3686037361621857 10111
1786514890914 3.379724770784378 10112
1786514893503 3.393106773495674 10113
1786514896088 3.4136328250169754 10114
