1786493922882 1.4016228094696999 2000
1786493925456 1.357983686029911 2001
1786493928031 1.3839285299181938 2002
1786493930608 1.395343542098999 2003
1786493933187 1.37493297457695 2004
1786493935766 1.3728755936026573 2005
1786493938345 1.381791166961193 2006
1786493940924 1.3923598155379295 2007
1786493943528 1.3742156997323036 2008
1786493946105 1.3897026553750038 2009
1786493948682 1.3647319599986076 2010
1786493951259 1.3900851681828499 2011
1786493953837 1.3789991214871407 2012
1786493956414 1.388826109468937 2013
1786493958992 1.3608248382806778 2014
1786493961570 1.355657011270523 2015
1786493964147 1.390622891485691 2016
1786493966725 1.3351891487836838 2017
1786493969304 1.3612711504101753 2018
1786493971882 1.3560432344675064 2019
1786493974461 1.3866646960377693 2020
1786493977041 1.3757626414299011 2021
1786493979619 1.3562358766794205 2022
1786493982199 1.3863874897360802 2023
1786493984780 1.3599897250533104 2024
1786493987360 1.3766280263662338 2025
1786493989939 1.3812007084488869 2026
1786493992519 1.3591090366244316 2027
1786493995099 1.3763727396726608 2028
1786493997679 1.382448136806488 2029
1786494000258 1.3724756017327309 2030
1786494002839 1.3744220659136772 2031
1786494005422 1.3734913393855095 2032
1786494008004 1.351765125989914 2033
1786494010585 1.3605802431702614 2034
1786494013167 1.3541215285658836 2035
1786494015749 1.342262826859951 2036
1786494018331 1.3638919368386269 2037
1786494020914 1.366901382803917 2038
1786494023495 1.374029852449894 2039
1786494026077 1.3532687202095985 2040
1786494028661 1.3521663546562195 2041
1786494031242 1.3619588911533356 2042
1786494033824 1.3595715090632439 2043
1786494036406 1.3499194085597992 2044
1786494038988 1.3412011861801147 2045
1786494041571 1.3695935606956482 2046
1786494044153 1.3503734767436981 2047
1786494046731 1.3750301748514175 2048
1786494049309 1.3702323287725449 2049
1786494051893 1.3717695251107216 2050
1786494054477 1.378690131008625 2051
1786494057065 1.3441229611635208 2052
1786494059647 1.3739308193325996 2053
1786494062228 1.3656560704112053 2054
1786494064809 1.3738623410463333 2055
1786494067392 1.374718390405178 2056
1786494069974 1.3513018488883972 2057
1786494072556 1.3621118813753128 2058
1786494075140 1.3608581498265266 2059
1786494077719 1.32819015532732 2060
1786494080297 1.3835849091410637 2061
1786494082874 1.3645857647061348 2062
1786494085452 1.3537299111485481 2063
1786494088029 1.3619287461042404 2064
1786494090608 1.3696150556206703 2065
1786494093185 1.3777181431651115 2066
1786494095762 1.3712108433246613 2067
1786494098339 1.376215621829033 2068
1786494100917 1.369092583656311 2069
1786494103494 1.336419366300106 2070
1786494106072 1.3620465770363808 2071
1786494108650 1.3617356270551682 2072
1786494111232 1.3619480207562447 2073
1786494113813 1.3466119766235352 2074
1786494116395 1.3716122657060623 2075
1786494118977 1.3341268301010132 2076
1786494121558 1.373354934155941 2077
1786494124140 1.3549373000860214 2078
1786494126722 1.384774312376976 2079
1786494129305 1.354514755308628 2080
1786494131887 1.3500598296523094 2081
1786494134469 1.340310662984848 2082
1786494137051 1.3699989765882492 2083
1786494139633 1.3590295016765594 2084
1786494142214 1.3572869971394539 2085
1786494144796 1.3583508431911469 2086
1786494147377 1.348539538681507 2087
1786494149958 1.3582561165094376 2088
1786494152540 1.3294189274311066 2089
1786494155122 1.3509179428219795 2090
1786494157705 1.3553481996059418 2091
1786494160288 1.3549196049571037 2092
1786494162870 1.3721584305167198 2093
1786494165452 1.3742310255765915 2094
1786494168035 1.3597151413559914 2095
1786494170616 1.3681515008211136 2096
1786494173204 1.3444399237632751 2097
1786494175781 1.345574326813221 2098
1786494178362 1.3546261191368103 2099
1786494180945 1.3622678518295288 2100
1786494183528 1.358549788594246 2101
1786494186110 1.342029146850109 2102
1786494188688 1.3745457157492638 2103
1786494191267 1.3585880100727081 2104
1786494193846 1.3429554626345634 2105
1786494196424 1.3511788696050644 2106
1786494199002 1.3460108563303947 2107
1786494201581 1.3505249693989754 2108
1786494204166 1.3398353531956673 2109
1786494206752 1.3537131920456886 2110
1786494209334 1.365106426179409 2111
1786494211916 1.3115230277180672 2112
1786494214500 1.3541248142719269 2113
1786494217082 1.3580507189035416 2114
1786494219666 1.3492506369948387 2115
1786494222249 1.3661363273859024 2116
1786494224831 1.3398308530449867 2117
1786494227412 1.3590601459145546 2118
1786494229999 1.3548060208559036 2119
1786494232586 1.3691266030073166 2120
1786494235174 1.332101233303547 2121
1786494237757 1.3315138965845108 2122
1786494240340 1.3397847563028336 2123
1786494242923 1.3459272161126137 2124
1786494245505 1.3559168055653572 2125
1786494248087 1.3481793478131294 2126
1786494250669 1.3545486330986023 2127
1786494253251 1.3593850806355476 2128
1786494255834 1.3229542151093483 2129
1786494258417 1.3539302423596382 2130
1786494260999 1.340593934059143 2131
1786494263581 1.3717428967356682 2132
1786494266163 1.3746430799365044 2133
1786494268746 1.3394795283675194 2134
1786494271331 1.341872788965702 2135
1786494273914 1.3489544317126274 2136
1786494276496 1.328878603875637 2137
1786494279078 1.353071242570877 2138
1786494281661 1.3442029058933258 2139
1786494284244 1.3454390838742256 2140
1786494286826 1.355943500995636 2141
1786494289409 1.3352487310767174 2142
1786494291991 1.3349860310554504 2143
1786494294570 1.341967061161995 2144
1786494297154 1.3450806513428688 2145
1786494299736 1.3595410212874413 2146
1786494302314 1.3509354814887047 2147
1786494304894 1.3686236962676048 2148
1786494307476 1.324516624212265 2149
1786494310054 1.3624673560261726 2150
1786494312631 1.351445510983467 2151
1786494315209 1.3314916640520096 2152
1786494317786 1.3123854398727417 2153
1786494320365 1.3483121693134308 2154
1786494322945 1.355525940656662 2155
1786494325524 1.3526872619986534 2156
1786494328102 1.3559787571430206 2157
1786494330680 1.3457186967134476 2158
1786494333259 1.3394487723708153 2159
1786494335839 1.3605152815580368 2160
1786494338419 1.3380097448825836 2161
1786494340998 1.323730431497097 2162
1786494343575 1.3200008422136307 2163
1786494346155 1.3200891986489296 2164
1786494348734 1.3429995402693748 2165
1786494351312 1.3368288427591324 2166
1786494353900 1.3253718838095665 2167
1786494356485 1.3163605332374573 2168
1786494359068 1.3425001502037048 2169
1786494361651 1.3298988044261932 2170
1786494364233 1.35803934186697 2171
1786494366816 1.3609462901949883 2172
1786494369400 1.3334599882364273 2173
1786494371982 1.3307540118694305 2174
1786494374564 1.3563035428524017 2175
1786494377147 1.3301930651068687 2176
1786494379728 1.327434629201889 2177
1786494382312 1.3418862968683243 2178
1786494384895 1.319335050880909 2179
1786494387481 1.3437616601586342 2180
1786494390064 1.341642126441002 2181
1786494392649 1.322483278810978 2182
1786494395232 1.3569402769207954 2183
1786494397817 1.3434497117996216 2184
1786494400401 1.3453716412186623 2185
1786494402984 1.3501690700650215 2186
1786494405568 1.346495382487774 2187
1786494408150 1.3495961502194405 2188
1786494410734 1.2959469854831696 2189
1786494413320 1.3327805772423744 2190
1786494415905 1.3507248237729073 2191
1786494418488 1.3370252698659897 2192
1786494421071 1.3503562361001968 2193
1786494423652 1.3265810385346413 2194
1786494426234 1.3347771242260933 2195
1786494428816 1.3406463786959648 2196
1786494431398 1.3268588781356812 2197
1786494433980 1.310025230050087 2198
1786494436562 1.3325225934386253 2199
1786494439141 1.3455826342105865 2200
1786494441718 1.3140362054109573 2201
1786494444294 1.3382494002580643 2202
1786494446871 1.317138560116291 2203
1786494449448 1.3601137772202492 2204
1786494452025 1.3383389934897423 2205
1786494454602 1.3216435015201569 2206
1786494457181 1.3422111794352531 2207
1786494459758 1.3341535404324532 2208
1786494462335 1.3375152200460434 2209
1786494464912 1.3234372586011887 2210
1786494467491 1.339059330523014 2211
1786494470068 1.3365878984332085 2212
1786494472646 1.325048990547657 2213
1786494475223 1.3152341544628143 2214
1786494477802 1.3232628181576729 2215
1786494480379 1.3312253057956696 2216
1786494482956 1.3361580148339272 2217
1786494485533 1.325146034359932 2218
1786494488112 1.3052792847156525 2219
1786494490689 1.3378937393426895 2220
1786494493266 1.343658559024334 2221
1786494495842 1.335146114230156 2222
1786494498419 1.3294119089841843 2223
1786494500997 1.3170434385538101 2224
1786494503574 1.3328248485922813 2225
1786494506151 1.3310655131936073 2226
1786494508729 1.3413574174046516 2227
1786494511305 1.3308275640010834 2228
1786494513882 1.3091315254569054 2229
1786494516458 1.3327509239315987 2230
1786494519035 1.3156729862093925 2231
1786494521612 1.2924484014511108 2232
1786494524189 1.3091746121644974 2233
1786494526766 1.3354031071066856 2234
1786494529344 1.3512377962470055 2235
1786494531924 1.3117651343345642 2236
1786494534511 1.3513669222593307 2237
1786494537093 1.3309229090809822 2238
1786494539675 1.3181417509913445 2239
1786494542256 1.3470346182584763 2240
1786494544838 1.3386083990335464 2241
1786494547422 1.3266424387693405 2242
1786494550003 1.3358671814203262 2243
1786494552586 1.3054746612906456 2244
1786494555168 1.3395383805036545 2245
1786494557750 1.3250393271446228 2246
1786494560332 1.3329386562108994 2247
1786494562916 1.3344400450587273 2248
1786494565504 1.3214321807026863 2249
1786494568092 1.3157088980078697 2250
1786494570680 1.306238941848278 2251
1786494573264 1.312874585390091 2252
1786494575847 1.3327892199158669 2253
1786494578430 1.3235908895730972 2254
1786494581013 1.3439126461744308 2255
1786494583597 1.3270891159772873 2256
1786494586180 1.3353595212101936 2257
1786494588761 1.335077092051506 2258
1786494591349 1.332465335726738 2259
1786494593934 1.3306756690144539 2260
1786494596515 1.3273120820522308 2261
1786494599098 1.3352456018328667 2262
1786494601688 1.3570689111948013 2263
1786494604270 1.3322285860776901 2264
1786494606861 1.3390691727399826 2265
1786494609443 1.3428913429379463 2266
1786494612021 1.3418988734483719 2267
1786494614598 1.3413321450352669 2268
1786494617177 1.3530787751078606 2269
1786494619762 1.332484893500805 2270
1786494622341 1.3187900111079216 2271
1786494624926 1.302987053990364 2272
1786494627508 1.337154045701027 2273
1786494630090 1.3402774035930634 2274
1786494632674 1.3234151974320412 2275
1786494635259 1.3262714371085167 2276
1786494637842 1.3419269025325775 2277
1786494640424 1.3254978656768799 2278
1786494643008 1.3329584822058678 2279
1786494645591 1.314122051000595 2280
1786494648174 1.3027561902999878 2281
1786494650759 1.309476613998413 2282
1786494653345 1.3056464865803719 2283
1786494655937 1.316142961382866 2284
1786494658525 1.3003611490130424 2285
1786494661107 1.3134776428341866 2286
1786494663690 1.3248510882258415 2287
1786494666274 1.2881060168147087 2288
1786494668855 1.3067257553339005 2289
1786494671437 1.3291766941547394 2290
1786494674019 1.3146221116185188 2291
1786494676601 1.3363979533314705 2292
1786494679183 1.3268455415964127 2293
1786494681764 1.307443618774414 2294
1786494684346 1.3178238570690155 2295
1786494686929 1.3165929839015007 2296
1786494689509 1.3110781908035278 2297
1786494692087 1.3095951974391937 2298
1786494694664 1.3471083864569664 2299
1786494697246 1.3378043323755264 2300
1786494699828 1.296509489417076 2301
1786494702409 1.3103574514389038 2302
1786494704991 1.3246479108929634 2303
1786494707574 1.361333817243576 2304
1786494710162 1.3304426223039627 2305
1786494712750 1.3032753616571426 2306
1786494715334 1.3186006844043732 2307
1786494717918 1.337517186999321 2308
1786494720502 1.3438268527388573 2309
1786494723084 1.320906363427639 2310
1786494725667 1.330977737903595 2311
1786494728250 1.3257191106677055 2312
1786494730833 1.3352294638752937 2313
1786494733415 1.3135458156466484 2314
1786494735998 1.3279807046055794 2315
1786494738580 1.3173316568136215 2316
1786494741165 1.3118244633078575 2317
1786494743747 1.3189696222543716 2318
1786494746327 1.3168039247393608 2319
1786494748910 1.3153363689780235 2320
1786494751492 1.3255083709955215 2321
1786494754073 1.3080954849720001 2322
1786494756654 1.3291730433702469 2323
1786494759235 1.3326526507735252 2324
1786494761821 1.2864639833569527 2325
1786494764402 1.3128110244870186 2326
1786494766984 1.335657186806202 2327
1786494769568 1.3346193209290504 2328
1786494772155 1.3075674995779991 2329
1786494774740 1.2845611721277237 2330
1786494777326 1.2980725392699242 2331
1786494779904 1.333087496459484 2332
1786494782483 1.316865123808384 2333
1786494785061 1.321409523487091 2334
1786494787639 1.3203710541129112 2335
1786494790216 1.3180967941880226 2336
1786494792794 1.3338162824511528 2337
1786494795373 1.3039199486374855 2338
1786494797950 1.3065751418471336 2339
1786494800535 1.2963165417313576 2340
1786494803119 1.3215644359588623 2341
1786494805702 1.31600833684206 2342
1786494808284 1.300363264977932 2343
1786494810868 1.2897864356637 2344
1786494813451 1.3162506371736526 2345
1786494816035 1.31504724919796 2346
1786494818619 1.303730733692646 2347
1786494821203 1.3328144550323486 2348
1786494823788 1.3296153843402863 2349
1786494826371 1.292265273630619 2350
1786494828953 1.311177022755146 2351
1786494831536 1.320346362888813 2352
1786494834118 1.3222872242331505 2353
1786494836703 1.3252530544996262 2354
1786494839286 1.3226411938667297 2355
1786494841868 1.3321720734238625 2356
1786494844451 1.323372446000576 2357
1786494847038 1.3024527356028557 2358
1786494849622 1.3112598434090614 2359
1786494852205 1.310735858976841 2360
1786494854787 1.3258760124444962 2361
1786494857373 1.3126546517014503 2362
1786494859960 1.3320005312561989 2363
1786494862598 1.3297399058938026 2364
1786494865181 1.3475633412599564 2365
1786494867765 1.3388973399996758 2366
1786494870348 1.3144079968333244 2367
1786494872930 1.30939532071352 2368
1786494875513 1.324917383491993 2369
1786494878095 1.328868918120861 2370
1786494880677 1.2875169292092323 2371
1786494883258 1.2867547422647476 2372
1786494885840 1.2930517047643661 2373
1786494888422 1.327261433005333 2374
1786494891003 1.3188073486089706 2375
1786494893586 1.2950889244675636 2376
1786494896169 1.3230154812335968 2377
1786494898750 1.3378103971481323 2378
1786494901332 1.286651685833931 2379
1786494903913 1.3251589089632034 2380
1786494906496 1.309200718998909 2381
1786494909077 1.298529751598835 2382
1786494911659 1.3072035238146782 2383
1786494914240 1.3087621852755547 2384
1786494916821 1.298100359737873 2385
1786494919402 1.333017759025097 2386
1786494921984 1.3326698020100594 2387
1786494924567 1.3040751069784164 2388
1786494927151 1.3117826879024506 2389
1786494929733 1.302590772509575 2390
1786494932319 1.3214247971773148 2391
1786494934903 1.3009549602866173 2392
1786494937486 1.3250106573104858 2393
1786494940067 1.2963581681251526 2394
1786494942648 1.3218745216727257 2395
1786494945230 1.3141981735825539 2396
1786494947814 1.2958785444498062 2397
1786494950399 1.33736964315176 2398
1786494952986 1.3024903982877731 2399
1786494955568 1.297926016151905 2400
1786494958151 1.3181090876460075 2401
1786494960734 1.3206428736448288 2402
1786494963316 1.2980957105755806 2403
1786494965899 1.3168357759714127 2404
1786494968481 1.322121225297451 2405
1786494971063 1.309424802660942 2406
1786494973645 1.2810739129781723 2407
1786494976226 1.3152441531419754 2408
1786494978808 1.3019611239433289 2409
1786494981389 1.290736474096775 2410
1786494983971 1.3073368147015572 2411
1786494986553 1.3207617700099945 2412
1786494989135 1.2897238284349442 2413
1786494991718 1.3047471195459366 2414
1786494994301 1.3266486078500748 2415
1786494996883 1.332773596048355 2416
1786494999465 1.2917235866189003 2417
1786495002046 1.3170245438814163 2418
1786495004628 1.3179513439536095 2419
1786495007210 1.3063547015190125 2420
1786495009793 1.2937105372548103 2421
1786495012375 1.3091078996658325 2422
1786495014957 1.3044063821434975 2423
1786495017540 1.312725082039833 2424
1786495020121 1.296881914138794 2425
1786495022702 1.3201692029833794 2426
1786495025284 1.3036458864808083 2427
1786495027867 1.3224420994520187 2428
1786495030449 1.3118740916252136 2429
1786495033031 1.304275743663311 2430
1786495035613 1.2980242520570755 2431
1786495038194 1.2764204666018486 2432
1786495040776 1.314793273806572 2433
1786495043357 1.2975033521652222 2434
1786495045939 1.3087259083986282 2435
1786495048520 1.3022748455405235 2436
1786495051102 1.310830220580101 2437
1786495053684 1.313956506550312 2438
1786495056266 1.293710619211197 2439
1786495058848 1.3087166920304298 2440
1786495061431 1.3122020661830902 2441
1786495064013 1.2879260182380676 2442
1786495066595 1.2908265367150307 2443
1786495069177 1.2915590181946754 2444
1786495071761 1.3110625222325325 2445
1786495074343 1.3083840012550354 2446
1786495076924 1.292076401412487 2447
1786495079506 1.3342418745160103 2448
1786495082089 1.280126892030239 2449
1786495084670 1.3051510900259018 2450
1786495087256 1.3057192414999008 2451
1786495089839 1.2748138681054115 2452
1786495092422 1.316350243985653 2453
1786495095004 1.3099924996495247 2454
1786495097587 1.3126887679100037 2455
1786495100168 1.3171762526035309 2456
1786495102750 1.2877929583191872 2457
1786495105333 1.2937176302075386 2458
1786495107916 1.2986723631620407 2459
1786495110498 1.3383150845766068 2460
1786495113081 1.3140438571572304 2461
1786495115664 1.2957739904522896 2462
1786495118247 1.3102736696600914 2463
1786495120829 1.2857010141015053 2464
1786495123413 1.3317248225212097 2465
1786495125995 1.2857956141233444 2466
1786495128577 1.3117939308285713 2467
1786495131161 1.3325405046343803 2468
1786495133744 1.2820339128375053 2469
1786495136326 1.3045917600393295 2470
1786495138908 1.3303872272372246 2471
1786495141491 1.2941431924700737 2472
1786495144073 1.3076000064611435 2473
1786495146656 1.3012501373887062 2474
1786495149239 1.3201544731855392 2475
1786495151822 1.2857212275266647 2476
1786495154405 1.2847653478384018 2477
1786495156989 1.30014418810606 2478
1786495159571 1.2984526604413986 2479
1786495162153 1.2916729301214218 2480
1786495164735 1.2926011085510254 2481
1786495167320 1.2917190119624138 2482
1786495169904 1.2945528253912926 2483
1786495172486 1.2884517088532448 2484
1786495175069 1.3041609823703766 2485
1786495177653 1.3152204379439354 2486
1786495180237 1.2696346044540405 2487
1786495182819 1.3013670146465302 2488
1786495185400 1.3114796802401543 2489
1786495187983 1.2727519869804382 2490
1786495190567 1.321982465684414 2491
1786495193148 1.2876452282071114 2492
1786495195735 1.3164374306797981 2493
1786495198318 1.3101084381341934 2494
1786495200901 1.289926916360855 2495
1786495203483 1.2912836521863937 2496
1786495206066 1.2898794785141945 2497
1786495208649 1.2936794608831406 2498
1786495211233 1.2991557344794273 2499
1786495215206 1.307006523013115 2500
1786495217788 1.3043310418725014 2501
1786495220369 1.2916050031781197 2502
1786495222952 1.2934711575508118 2503
1786495225535 1.285901665687561 2504
1786495228118 1.3211341723799706 2505
1786495230700 1.2987838611006737 2506
1786495233283 1.2814721465110779 2507
1786495235866 1.2992809414863586 2508
1786495238448 1.3109380006790161 2509
1786495241030 1.2997978329658508 2510
1786495243612 1.2905436754226685 2511
1786495246195 1.301154538989067 2512
1786495248777 1.285581849515438 2513
1786495251360 1.2945880889892578 2514
1786495253943 1.29591104388237 2515
1786495256525 1.2942996472120285 2516
1786495259107 1.2879336774349213 2517
1786495261689 1.2952280044555664 2518
1786495264273 1.2881677597761154 2519
1786495266855 1.3057834953069687 2520
1786495269438 1.3131145164370537 2521
1786495272022 1.2931866124272346 2522
1786495274606 1.2734920009970665 2523
1786495277189 1.2933099791407585 2524
1786495279771 1.25902459025383 2525
1786495282353 1.3117063716053963 2526
1786495284943 1.3050293549895287 2527
1786495287533 1.285764291882515 2528
1786495290123 1.2715005800127983 2529
1786495292710 1.300669364631176 2530
1786495295296 1.266932375729084 2531
1786495297879 1.3020101711153984 2532
1786495300461 1.2895837053656578 2533
1786495303046 1.312064528465271 2534
1786495305630 1.2931710183620453 2535
1786495308213 1.2947451323270798 2536
1786495310796 1.2932680323719978 2537
1786495313379 1.2694969549775124 2538
1786495315971 1.2886516526341438 2539
1786495318561 1.2990115880966187 2540
1786495321144 1.3205436915159225 2541
1786495323728 1.303322933614254 2542
1786495326313 1.3019039258360863 2543
1786495328896 1.2930470332503319 2544
1786495331478 1.281903475522995 2545
1786495334059 1.3033798187971115 2546
1786495336641 1.2842558845877647 2547
1786495339225 1.277015171945095 2548
1786495341807 1.2960599064826965 2549
1786495344390 1.2757106870412827 2550
1786495346975 1.2855134531855583 2551
1786495349562 1.2875787541270256 2552
1786495352144 1.293399192392826 2553
1786495354726 1.2800294980406761 2554
1786495357310 1.2573280408978462 2555
1786495359892 1.284907266497612 2556
1786495362475 1.307254172861576 2557
1786495365060 1.2875133976340294 2558
1786495367641 1.277460590004921 2559
1786495370227 1.278140775859356 2560
1786495372817 1.2802589535713196 2561
1786495375399 1.2774736657738686 2562
1786495377980 1.2887226268649101 2563
1786495380557 1.3002912402153015 2564
1786495383133 1.3002171516418457 2565
1786495385716 1.3048707768321037 2566
1786495388298 1.2882637456059456 2567
1786495390879 1.3051592633128166 2568
1786495393460 1.313545286655426 2569
1786495396040 1.2893199920654297 2570
1786495398621 1.282427042722702 2571
1786495401201 1.270446002483368 2572
1786495403782 1.2882081493735313 2573
1786495406362 1.3003291264176369 2574
1786495408942 1.2810988947749138 2575
1786495411527 1.283537670969963 2576
1786495414108 1.2715297117829323 2577
1786495416690 1.2721553593873978 2578
1786495419273 1.277483008801937 2579
1786495421853 1.2837068066000938 2580
1786495424434 1.2917735651135445 2581
1786495427015 1.2994139939546585 2582
1786495429597 1.2952175810933113 2583
1786495432182 1.2959740981459618 2584
1786495434764 1.2769835591316223 2585
1786495437345 1.2883899062871933 2586
1786495439927 1.2872198894619942 2587
1786495442510 1.2960132658481598 2588
1786495445093 1.2992383167147636 2589
1786495447680 1.3034040555357933 2590
1786495450266 1.2917387038469315 2591
1786495452846 1.2745505571365356 2592
1786495455428 1.2781703621149063 2593
1786495458010 1.2799059078097343 2594
1786495460593 1.2909892946481705 2595
1786495463174 1.3027613162994385 2596
1786495465755 1.2729494199156761 2597
1786495468337 1.2671975791454315 2598
1786495470919 1.2900182157754898 2599
1786495473500 1.3223502710461617 2600
1786495476082 1.2961560562252998 2601
1786495478663 1.2759409546852112 2602
1786495481246 1.2772222682833672 2603
1786495483829 1.2832963913679123 2604
1786495486411 1.2961703464388847 2605
1786495488993 1.2987392023205757 2606
1786495491574 1.2777849286794662 2607
1786495494156 1.2930063307285309 2608
1786495496737 1.2944848239421844 2609
1786495499318 1.2867330759763718 2610
1786495501899 1.2736979722976685 2611
1786495504482 1.292274832725525 2612
1786495507076 1.2796107903122902 2613
1786495509656 1.2868836000561714 2614
1786495512245 1.2987287789583206 2615
1786495514826 1.2939052060246468 2616
1786495517408 1.2812237367033958 2617
1786495519999 1.256708137691021 2618
1786495522590 1.2780386805534363 2619
1786495525181 1.2897723987698555 2620
1786495527758 1.2797542065382004 2621
1786495530334 1.2866118028759956 2622
1786495532910 1.2890135943889618 2623
1786495535487 1.2998912185430527 2624
1786495538065 1.28669985383749 2625
1786495540642 1.2962380796670914 2626
1786495543220 1.2662489041686058 2627
1786495545802 1.3055251836776733 2628
1786495548385 1.277563363313675 2629
1786495550971 1.3014803156256676 2630
1786495553554 1.2771854624152184 2631
1786495556141 1.2899114340543747 2632
1786495558728 1.2811140716075897 2633
1786495561315 1.2839167565107346 2634
1786495563904 1.2589177638292313 2635
1786495566488 1.2542444542050362 2636
1786495569068 1.2595531195402145 2637
1786495571648 1.257654808461666 2638
1786495574229 1.2865796312689781 2639
1786495576811 1.283915288746357 2640
1786495579392 1.276480458676815 2641
1786495581978 1.2721478044986725 2642
1786495584560 1.2979624196887016 2643
1786495587142 1.2697872892022133 2644
1786495589725 1.2918719425797462 2645
1786495592306 1.3117111325263977 2646
1786495594889 1.279470518231392 2647
1786495597472 1.263034626841545 2648
1786495600055 1.263469859957695 2649
1786495602638 1.2789616286754608 2650
1786495605221 1.290698990225792 2651
1786495607804 1.293290264904499 2652
1786495610388 1.2639050856232643 2653
1786495612971 1.2895221784710884 2654
1786495615557 1.287032961845398 2655
1786495618139 1.2988333404064178 2656
1786495620722 1.299045316874981 2657
1786495623305 1.2831175401806831 2658
1786495625887 1.2655348256230354 2659
1786495628471 1.2807525247335434 2660
1786495631054 1.2717505544424057 2661
1786495633636 1.282232604920864 2662
1786495636217 1.277115747332573 2663
1786495638799 1.2924970388412476 2664
1786495641380 1.2735477164387703 2665
1786495643962 1.2665223181247711 2666
1786495646544 1.274914875626564 2667
1786495649127 1.281159646809101 2668
1786495651710 1.2958817929029465 2669
1786495654293 1.2925651594996452 2670
1786495656876 1.285415917634964 2671
1786495659458 1.2699197977781296 2672
1786495662039 1.2907144129276276 2673
1786495664623 1.2952410951256752 2674
1786495667207 1.3082953914999962 2675
1786495669788 1.289460651576519 2676
1786495672373 1.2314310371875763 2677
1786495674955 1.2858276888728142 2678
1786495677536 1.2839681059122086 2679
1786495680120 1.2878872528672218 2680
1786495682702 1.276692233979702 2681
1786495685284 1.2751629129052162 2682
1786495687865 1.2776958495378494 2683
1786495690446 1.28953318297863 2684
1786495693028 1.2984047085046768 2685
1786495695609 1.2832067757844925 2686
1786495698190 1.2876128852367401 2687
1786495700772 1.2841087132692337 2688
1786495703353 1.2700727880001068 2689
1786495705933 1.2856948301196098 2690
1786495708514 1.2742469012737274 2691
1786495711095 1.2713538706302643 2692
1786495713678 1.284823715686798 2693
1786495716259 1.2922521531581879 2694
1786495718839 1.26459139585495 2695
1786495721421 1.27774328738451 2696
1786495724002 1.2785805463790894 2697
1786495726583 1.2791364639997482 2698
1786495729164 1.2615861296653748 2699
1786495731745 1.2926708236336708 2700
1786495734325 1.294053852558136 2701
1786495736900 1.2797176018357277 2702
1786495739477 1.291742354631424 2703
1786495742053 1.2863199338316917 2704
1786495744630 1.2804792374372482 2705
1786495747208 1.2714412808418274 2706
1786495749784 1.2882816791534424 2707
1786495752360 1.282125473022461 2708
1786495754936 1.268332913517952 2709
1786495757512 1.262997381389141 2710
1786495760088 1.2934949472546577 2711
1786495762664 1.2914107590913773 2712
1786495765240 1.2694313079118729 2713
1786495767817 1.2771294191479683 2714
1786495770392 1.2636166960000992 2715
1786495772968 1.2563856467604637 2716
1786495775545 1.2906775027513504 2717
1786495778121 1.2811138704419136 2718
1786495780698 1.2694368436932564 2719
1786495783274 1.2806510031223297 2720
1786495785850 1.2799382284283638 2721
1786495788426 1.2703501135110855 2722
1786495791002 1.277396708726883 2723
1786495793579 1.2937707677483559 2724
1786495796157 1.27884890884161 2725
1786495798733 1.275777891278267 2726
1786495801313 1.2719041928648949 2727
1786495803899 1.258867286145687 2728
1786495806482 1.2512000277638435 2729
1786495809065 1.2974551171064377 2730
1786495811650 1.2782720252871513 2731
1786495814233 1.2853872552514076 2732
1786495816814 1.2564937472343445 2733
1786495819397 1.2773756310343742 2734
1786495821979 1.270522028207779 2735
1786495824561 1.2684444263577461 2736
1786495827142 1.275963582098484 2737
1786495829723 1.2684580609202385 2738
1786495832305 1.2900266721844673 2739
1786495834887 1.2736827060580254 2740
1786495837468 1.2645028159022331 2741
1786495840050 1.266399770975113 2742
1786495842632 1.283862642943859 2743
1786495845216 1.2755490615963936 2744
1786495847798 1.2740865796804428 2745
1786495850385 1.2752168625593185 2746
1786495852962 1.2900261953473091 2747
1786495855539 1.2588643804192543 2748
1786495858117 1.2644716054201126 2749
1786495860693 1.2696035876870155 2750
1786495863269 1.2509024068713188 2751
1786495865846 1.268056444823742 2752
1786495868422 1.2687421590089798 2753
1786495870998 1.2591592371463776 2754
1786495873575 1.2688912004232407 2755
1786495876151 1.2731814831495285 2756
1786495878728 1.286644995212555 2757
1786495881305 1.2838998213410378 2758
1786495883881 1.2846565768122673 2759
1786495886458 1.2524573504924774 2760
1786495889034 1.2697897627949715 2761
1786495891610 1.2709913700819016 2762
1786495894186 1.2741322740912437 2763
1786495896763 1.2643309459090233 2764
1786495899339 1.3034916818141937 2765
1786495901914 1.259549617767334 2766
1786495904490 1.243008866906166 2767
1786495907066 1.2800252214074135 2768
1786495909643 1.288757473230362 2769
1786495912221 1.266066074371338 2770
1786495914798 1.2582909762859344 2771
1786495917374 1.2478319481015205 2772
1786495919951 1.2885674983263016 2773
1786495922527 1.2704643532633781 2774
1786495925103 1.2498923242092133 2775
1786495927680 1.2657585740089417 2776
1786495930257 1.2737472355365753 2777
1786495932834 1.2563695088028908 2778
1786495935410 1.27754408121109 2779
1786495937986 1.252381555736065 2780
1786495940562 1.2754673212766647 2781
1786495943139 1.2811396643519402 2782
1786495945715 1.2633306682109833 2783
1786495948293 1.2625431343913078 2784
1786495950870 1.3096259534358978 2785
1786495953447 1.273200049996376 2786
1786495956024 1.2765349447727203 2787
1786495958601 1.2538157850503922 2788
1786495961178 1.2807767391204834 2789
1786495963753 1.305517040193081 2790
1786495966329 1.2529976516962051 2791
1786495968905 1.2692473828792572 2792
1786495971484 1.2742415741086006 2793
1786495974061 1.2808499783277512 2794
1786495976642 1.2739956751465797 2795
1786495979223 1.2380578443408012 2796
1786495981805 1.2680837661027908 2797
1786495984385 1.3199249058961868 2798
1786495986966 1.313487783074379 2799
1786495989547 1.274015061557293 2800
1786495992128 1.2565762624144554 2801
1786495994709 1.2702899277210236 2802
1786495997290 1.264379307627678 2803
1786495999870 1.2663098499178886 2804
1786496002452 1.270938292145729 2805
1786496005033 1.2744221240282059 2806
1786496007614 1.279187060892582 2807
1786496010196 1.2801156044006348 2808
1786496012777 1.2620837911963463 2809
1786496015358 1.2841938510537148 2810
1786496017939 1.275314137339592 2811
1786496020520 1.288593091070652 2812
1786496023100 1.262921303510666 2813
1786496025681 1.282253436744213 2814
1786496028262 1.2590012848377228 2815
1786496030842 1.2454449087381363 2816
1786496033423 1.2861364260315895 2817
1786496036004 1.2651999816298485 2818
1786496038586 1.2756619676947594 2819
1786496041169 1.2584524378180504 2820
1786496043749 1.2595302239060402 2821
1786496046331 1.2794309929013252 2822
1786496048912 1.2773618176579475 2823
1786496051494 1.2780577018857002 2824
1786496054076 1.2620736956596375 2825
1786496056658 1.2642967626452446 2826
1786496059240 1.2783823758363724 2827
1786496061822 1.2784443199634552 2828
1786496064403 1.272534765303135 2829
1786496066985 1.2903626635670662 2830
1786496069566 1.2696899846196175 2831
1786496072148 1.2792736738920212 2832
1786496074730 1.2891170233488083 2833
1786496077313 1.2550729364156723 2834
1786496079895 1.2744693830609322 2835
1786496082476 1.2766411677002907 2836
1786496085056 1.2697533294558525 2837
1786496087637 1.273003026843071 2838
1786496090218 1.253459207713604 2839
1786496092798 1.2634011879563332 2840
1786496095378 1.265406645834446 2841
1786496097959 1.2725814133882523 2842
1786496100539 1.2783004119992256 2843
1786496103118 1.2650731578469276 2844
1786496105699 1.257306583225727 2845
1786496108281 1.252703607082367 2846
1786496110862 1.2557563781738281 2847
1786496113442 1.264782153069973 2848
1786496116023 1.2783876210451126 2849
1786496118603 1.2797427773475647 2850
1786496121183 1.2551780566573143 2851
1786496123763 1.26130460947752 2852
1786496126344 1.2565581873059273 2853
1786496128925 1.2657764628529549 2854
1786496131506 1.2743781134486198 2855
1786496134086 1.28761675208807 2856
1786496136666 1.2771957516670227 2857
1786496139247 1.2663758546113968 2858
1786496141827 1.2383507117629051 2859
1786496144407 1.2909340113401413 2860
1786496146987 1.2868078723549843 2861
1786496149568 1.2560806721448898 2862
1786496152149 1.2532103210687637 2863
1786496154729 1.2647003903985023 2864
1786496157313 1.2814415395259857 2865
1786496159898 1.289646252989769 2866
1786496162484 1.2806462422013283 2867
1786496165067 1.2688495069742203 2868
1786496167650 1.265534333884716 2869
1786496170226 1.2500476613640785 2870
1786496172803 1.2808618023991585 2871
1786496175379 1.277969665825367 2872
1786496177954 1.2832059934735298 2873
1786496180530 1.2753955498337746 2874
1786496183106 1.2902446538209915 2875
1786496185682 1.2558191567659378 2876
1786496188258 1.277354657649994 2877
1786496190834 1.2472236305475235 2878
1786496193410 1.2466156706213951 2879
1786496195987 1.250429555773735 2880
1786496198563 1.2630676627159119 2881
1786496201140 1.2813390791416168 2882
1786496203721 1.2532325387001038 2883
1786496206303 1.270335577428341 2884
1786496208883 1.2724131643772125 2885
1786496211466 1.2626221030950546 2886
1786496214051 1.2623371705412865 2887
1786496216633 1.2526214346289635 2888
1786496219214 1.2728009596467018 2889
1786496221796 1.251286968588829 2890
1786496224377 1.2541401162743568 2891
1786496226959 1.2715277820825577 2892
1786496229541 1.274311602115631 2893
1786496232122 1.2955903187394142 2894
1786496234703 1.2852712720632553 2895
1786496237285 1.245784431695938 2896
1786496239866 1.2490428015589714 2897
1786496242447 1.2724846452474594 2898
1786496245027 1.2695463597774506 2899
1786496247608 1.2851844355463982 2900
1786496250190 1.2546403631567955 2901
1786496252772 1.2581917196512222 2902
1786496255354 1.2440607845783234 2903
1786496257935 1.2395959943532944 2904
1786496260516 1.239042453467846 2905
1786496263097 1.2624749317765236 2906
1786496265678 1.2938070446252823 2907
1786496268258 1.2652376294136047 2908
1786496270846 1.2744688540697098 2909
1786496273434 1.2738383635878563 2910
1786496276019 1.2457480654120445 2911
1786496278602 1.2655847296118736 2912
1786496281184 1.2640984654426575 2913
1786496283767 1.241038978099823 2914
1786496286349 1.2776959761977196 2915
1786496288931 1.2631744891405106 2916
1786496291513 1.2536458373069763 2917
1786496294095 1.2658611088991165 2918
1786496296677 1.2745581045746803 2919
1786496299260 1.2605656534433365 2920
1786496301841 1.2649503722786903 2921
1786496304424 1.2804248556494713 2922
1786496307007 1.2630946561694145 2923
1786496309591 1.2364533841609955 2924
1786496312174 1.2620192840695381 2925
1786496314758 1.2663767263293266 2926
1786496317340 1.2559153214097023 2927
1786496319921 1.2560299634933472 2928
1786496322503 1.2551062852144241 2929
1786496325087 1.2672153934836388 2930
1786496327672 1.2630741074681282 2931
1786496330254 1.2489917948842049 2932
1786496332839 1.2354134693741798 2933
1786496335422 1.2728061154484749 2934
1786496338002 1.2485786154866219 2935
1786496340582 1.2769891619682312 2936
1786496343161 1.272045910358429 2937
1786496345742 1.289883367717266 2938
1786496348322 1.244873933494091 2939
1786496350902 1.248776614665985 2940
1786496353481 1.2244131490588188 2941
1786496356061 1.2605478391051292 2942
1786496358641 1.2613203823566437 2943
1786496361221 1.2673612385988235 2944
1786496363801 1.2650868967175484 2945
1786496366380 1.2551533207297325 2946
1786496368963 1.2483605965971947 2947
1786496371544 1.2699452936649323 2948
1786496374124 1.2620641812682152 2949
1786496376703 1.244638167321682 2950
1786496379284 1.2688405588269234 2951
1786496381865 1.2717262953519821 2952
1786496384445 1.2601983472704887 2953
1786496387027 1.2618888169527054 2954
1786496389610 1.2663061022758484 2955
1786496392194 1.2632027566432953 2956
1786496394775 1.2555969879031181 2957
1786496397356 1.267055220901966 2958
1786496399937 1.258720025420189 2959
1786496402518 1.261222667992115 2960
1786496405111 1.2934708967804909 2961
1786496407694 1.266588680446148 2962
1786496410278 1.2612023130059242 2963
1786496412861 1.2678929939866066 2964
1786496415442 1.2758830860257149 2965
1786496418023 1.2660260573029518 2966
1786496420604 1.2898673564195633 2967
1786496423186 1.2422082647681236 2968
1786496425766 1.2677475735545158 2969
1786496428348 1.2669781520962715 2970
1786496430930 1.261956349015236 2971
1786496433517 1.2521672025322914 2972
1786496436100 1.2636689394712448 2973
1786496438681 1.2695301547646523 2974
1786496441263 1.2155232056975365 2975
1786496443845 1.2542841583490372 2976
1786496446426 1.2701960355043411 2977
1786496449009 1.28175787627697 2978
1786496451597 1.2652003094553947 2979
1786496454183 1.2683349773287773 2980
1786496456766 1.2644623443484306 2981
1786496459345 1.2754603400826454 2982
1786496461922 1.2694919928908348 2983
1786496464499 1.2522995620965958 2984
1786496467077 1.2859965115785599 2985
1786496469654 1.2771019116044044 2986
1786496472231 1.254971832036972 2987
1786496474809 1.2656458243727684 2988
1786496477385 1.248611070215702 2989
1786496479963 1.2489152699708939 2990
1786496482539 1.2451046779751778 2991
1786496485117 1.2400062382221222 2992
1786496487693 1.253417193889618 2993
1786496490270 1.2682724371552467 2994
1786496492847 1.2723029553890228 2995
1786496495424 1.2594796419143677 2996
1786496498001 1.2569633647799492 2997
1786496500579 1.2534159421920776 2998
1786496503162 1.2917851209640503 2999
1786496507140 1.2723289132118225 3000
1786496509722 1.2654705122113228 3001
1786496512304 1.254456304013729 3002
1786496514887 1.2745183408260345 3003
1786496517469 1.2947228774428368 3004
1786496520052 1.2426886707544327 3005
1786496522634 1.2338412329554558 3006
1786496525215 1.2587092518806458 3007
1786496527798 1.2638717964291573 3008
1786496530380 1.2759403064846992 3009
1786496532967 1.2678319439291954 3010
1786496535546 1.2631356120109558 3011
1786496538122 1.2419933676719666 3012
1786496540698 1.2390908300876617 3013
1786496543274 1.246338076889515 3014
1786496545856 1.261683128774166 3015
1786496548438 1.2360896468162537 3016
1786496551019 1.250962421298027 3017
1786496553600 1.2437218055129051 3018
1786496556182 1.2573387250304222 3019
1786496558764 1.2577980905771255 3020
1786496561345 1.265760712325573 3021
1786496563926 1.2399279549717903 3022
1786496566510 1.2789002731442451 3023
1786496569091 1.2657134532928467 3024
1786496571674 1.2740184739232063 3025
1786496574255 1.2617784962058067 3026
1786496576837 1.264873631298542 3027
1786496579417 1.2506792470812798 3028
1786496581998 1.2491686195135117 3029
1786496584579 1.2468708381056786 3030
1786496587162 1.2585256844758987 3031
1786496589742 1.271742582321167 3032
1786496592330 1.257042407989502 3033
1786496594910 1.267318993806839 3034
1786496597487 1.2534412816166878 3035
1786496600064 1.2689272165298462 3036
1786496602641 1.276849314570427 3037
1786496605223 1.2548857405781746 3038
1786496607804 1.2599963918328285 3039
1786496610387 1.2785004302859306 3040
1786496612972 1.256756104528904 3041
1786496615554 1.247275359928608 3042
1786496618136 1.2539524212479591 3043
1786496620719 1.2634406313300133 3044
1786496623301 1.2603762820363045 3045
1786496625887 1.2738059908151627 3046
1786496628475 1.249683752655983 3047
1786496631058 1.2659563645720482 3048
1786496633648 1.253393515944481 3049
1786496636236 1.2480778992176056 3050
1786496638826 1.2653347477316856 3051
1786496641414 1.2474344074726105 3052
1786496644001 1.2340479716658592 3053
1786496646588 1.2503303438425064 3054
1786496649175 1.2415830045938492 3055
1786496651767 1.2460331246256828 3056
1786496654350 1.225887767970562 3057
1786496656932 1.232541523873806 3058
1786496659515 1.2450323179364204 3059
1786496662098 1.2269267365336418 3060
1786496664681 1.2683006078004837 3061
1786496667262 1.2329994440078735 3062
1786496669844 1.2621413692831993 3063
1786496672427 1.2638994753360748 3064
1786496675009 1.2653678357601166 3065
1786496677593 1.2421354949474335 3066
1786496680175 1.2417385056614876 3067
1786496682763 1.245928131043911 3068
1786496685346 1.2424615621566772 3069
1786496687927 1.257715992629528 3070
1786496690509 1.2319164350628853 3071
1786496693091 1.2384404465556145 3072
1786496695673 1.2491296902298927 3073
1786496698252 1.2459228858351707 3074
1786496700828 1.2499576732516289 3075
1786496703405 1.2626021951436996 3076
1786496705982 1.2485854029655457 3077
1786496708560 1.25088632106781 3078
1786496711136 1.268109381198883 3079
1786496713713 1.2608117833733559 3080
1786496716290 1.2430109083652496 3081
1786496718867 1.2614077404141426 3082
1786496721444 1.2707799449563026 3083
1786496724021 1.2423700466752052 3084
1786496726599 1.2324576005339622 3085
1786496729176 1.2767053321003914 3086
1786496731753 1.2524580284953117 3087
1786496734330 1.258062556385994 3088
1786496736907 1.2624885588884354 3089
1786496739483 1.2281605452299118 3090
1786496742060 1.2439102157950401 3091
1786496744640 1.2629925161600113 3092
1786496747220 1.2453724592924118 3093
1786496749798 1.244076892733574 3094
1786496752379 1.2574079632759094 3095
1786496754962 1.2581542283296585 3096
1786496757547 1.2788462191820145 3097
1786496760131 1.2636312693357468 3098
1786496762715 1.2560700550675392 3099
1786496765297 1.2608753517270088 3100
1786496767880 1.2621943652629852 3101
1786496770463 1.238284707069397 3102
1786496773044 1.2624761909246445 3103
1786496775627 1.2657984122633934 3104
1786496778210 1.2453807219862938 3105
1786496780798 1.2519776672124863 3106
1786496783380 1.2846451252698898 3107
1786496785961 1.2418636158108711 3108
1786496788542 1.262983314692974 3109
1786496791122 1.2381576001644135 3110
1786496793698 1.2598198279738426 3111
1786496796280 1.2437557578086853 3112
1786496798861 1.2763972282409668 3113
1786496801442 1.2542301341891289 3114
1786496804024 1.2685291543602943 3115
1786496806601 1.263997457921505 3116
1786496809181 1.2451176866889 3117
1786496811764 1.2186222299933434 3118
1786496814348 1.2264898866415024 3119
1786496816930 1.2669757157564163 3120
1786496819510 1.2338865920901299 3121
1786496822092 1.248710423707962 3122
1786496824672 1.236935131251812 3123
1786496827255 1.2386115789413452 3124
1786496829833 1.2486156672239304 3125
1786496832414 1.2474117651581764 3126
1786496834996 1.2394752353429794 3127
1786496837577 1.2640446349978447 3128
1786496840155 1.240559197962284 3129
1786496842732 1.2596201077103615 3130
1786496845309 1.2538393065333366 3131
1786496847885 1.2682116776704788 3132
1786496850462 1.2466766238212585 3133
1786496853038 1.242969162762165 3134
1786496855614 1.2504518628120422 3135
1786496858190 1.2613822743296623 3136
1786496860775 1.2364055663347244 3137
1786496863358 1.2530732601881027 3138
1786496865943 1.2523005530238152 3139
1786496868524 1.2493658512830734 3140
1786496871105 1.2503227144479752 3141
1786496873689 1.2403671443462372 3142
1786496876269 1.2448222264647484 3143
1786496878851 1.2351427748799324 3144
1786496881432 1.250073380768299 3145
1786496884014 1.2445503026247025 3146
1786496886595 1.259946033358574 3147
1786496889173 1.255367323756218 3148
1786496891751 1.231231801211834 3149
1786496894329 1.2158008366823196 3150
1786496896905 1.2427317574620247 3151
1786496899482 1.2363612428307533 3152
1786496902058 1.256472110748291 3153
1786496904635 1.2239271402359009 3154
1786496907213 1.2305622547864914 3155
1786496909790 1.2419131398200989 3156
1786496912366 1.2602894976735115 3157
1786496914942 1.2667796164751053 3158
1786496917519 1.2625665366649628 3159
1786496920095 1.2455607131123543 3160
1786496922672 1.2319410219788551 3161
1786496925250 1.2412283718585968 3162
1786496927827 1.2399102374911308 3163
1786496930403 1.2349118739366531 3164
1786496932983 1.2552212700247765 3165
1786496935564 1.2686644941568375 3166
1786496938145 1.2364789694547653 3167
1786496940725 1.2283423766493797 3168
1786496943305 1.24896752089262 3169
1786496945886 1.2460090145468712 3170
1786496948467 1.2541948109865189 3171
1786496951048 1.23096414655447 3172
1786496953631 1.2720990404486656 3173
1786496956209 1.2460929453372955 3174
1786496958787 1.2505503222346306 3175
1786496961364 1.2640936076641083 3176
1786496963942 1.2541403993964195 3177
1786496966519 1.2451492175459862 3178
1786496969096 1.2556244730949402 3179
1786496971673 1.242043063044548 3180
1786496974254 1.2584971711039543 3181
1786496976832 1.2505979388952255 3182
1786496979413 1.2521839141845703 3183
1786496981993 1.2510808631777763 3184
1786496984574 1.2452619895339012 3185
1786496987158 1.2479979991912842 3186
1786496989742 1.2356240525841713 3187
1786496992328 1.2377420887351036 3188
1786496994912 1.2384585216641426 3189
1786496997496 1.2748719826340675 3190
1786497000079 1.2529623359441757 3191
1786497002660 1.2371076792478561 3192
1786497005244 1.2449945360422134 3193
1786497007829 1.2633172124624252 3194
1786497010417 1.1945008784532547 3195
1786497013001 1.2402097210288048 3196
1786497015585 1.253449372947216 3197
1786497018169 1.251539207994938 3198
1786497020753 1.2432929873466492 3199
1786497023337 1.2554778680205345 3200
1786497025923 1.2231219336390495 3201
1786497028507 1.245604321360588 3202
1786497031092 1.227599486708641 3203
1786497033669 1.2504647821187973 3204
1786497036246 1.2494656518101692 3205
1786497038822 1.2501159757375717 3206
1786497041399 1.2467101365327835 3207
1786497043976 1.262875460088253 3208
1786497046552 1.2307567819952965 3209
1786497049129 1.248938873410225 3210
1786497051713 1.2557396218180656 3211
1786497054298 1.256010614335537 3212
1786497056884 1.2473875358700752 3213
1786497059468 1.2585100829601288 3214
1786497062052 1.262530192732811 3215
1786497064636 1.2334564998745918 3216
1786497067216 1.2470509856939316 3217
1786497069792 1.2471092715859413 3218
1786497072369 1.235185794532299 3219
1786497074946 1.2519469261169434 3220
1786497077523 1.2318693399429321 3221
1786497080108 1.2386621534824371 3222
1786497082692 1.2392877489328384 3223
1786497085276 1.2716797515749931 3224
1786497087859 1.2392680570483208 3225
1786497090445 1.2532958313822746 3226
1786497093029 1.2356421574950218 3227
1786497095613 1.2617228403687477 3228
1786497098196 1.276508167386055 3229
1786497100781 1.2683984264731407 3230
1786497103365 1.2304283380508423 3231
1786497105945 1.2512503415346146 3232
1786497108523 1.232601024210453 3233
1786497111102 1.2526277005672455 3234
1786497113679 1.237553395330906 3235
1786497116257 1.2480098083615303 3236
1786497118834 1.2287154719233513 3237
1786497121411 1.2452043145895004 3238
1786497123990 1.2509899735450745 3239
1786497126567 1.2421109080314636 3240
1786497129144 1.239048346877098 3241
1786497131721 1.233648031949997 3242
1786497134298 1.2344830557703972 3243
1786497136875 1.2361747696995735 3244
1786497139452 1.2365531623363495 3245
1786497142031 1.2307701259851456 3246
1786497144611 1.233700804412365 3247
1786497147190 1.2539111003279686 3248
1786497149769 1.2366656586527824 3249
1786497152352 1.2488581612706184 3250
1786497154934 1.2615839093923569 3251
1786497157512 1.2424252927303314 3252
1786497160090 1.2367396503686905 3253
1786497162667 1.2690404951572418 3254
1786497165246 1.2433287873864174 3255
1786497167827 1.2467087879776955 3256
1786497170409 1.2519664093852043 3257
1786497172992 1.2425469607114792 3258
1786497175580 1.2492699101567268 3259
1786497178161 1.2336054295301437 3260
1786497180738 1.2424310818314552 3261
1786497183315 1.2289928793907166 3262
1786497185893 1.2497055307030678 3263
1786497188470 1.228388860821724 3264
1786497191047 1.2415710985660553 3265
1786497193624 1.2343309819698334 3266
1786497196201 1.2684022039175034 3267
1786497198778 1.2524364441633224 3268
1786497201355 1.2580817565321922 3269
1786497203932 1.2343202531337738 3270
1786497206509 1.223844476044178 3271
1786497209086 1.2617943733930588 3272
1786497211663 1.254552200436592 3273
1786497214240 1.222364254295826 3274
1786497216818 1.2557686567306519 3275
1786497219403 1.2142975702881813 3276
1786497221987 1.226113736629486 3277
1786497224571 1.2467296347022057 3278
1786497227155 1.2313078120350838 3279
1786497229737 1.2320027202367783 3280
1786497232315 1.245728723704815 3281
1786497234901 1.2382182031869888 3282
1786497237487 1.26761394739151 3283
1786497240068 1.2464164718985558 3284
1786497242650 1.2303414344787598 3285
1786497245232 1.2320760264992714 3286
1786497247813 1.2558917552232742 3287
1786497250394 1.2431709244847298 3288
1786497252976 1.272976078093052 3289
1786497255557 1.2442802712321281 3290
1786497258139 1.2687861770391464 3291
1786497260721 1.2305231168866158 3292
1786497263304 1.2462807893753052 3293
1786497265885 1.2545207291841507 3294
1786497268467 1.2716758772730827 3295
1786497271049 1.2516824007034302 3296
1786497273632 1.2475013583898544 3297
1786497276214 1.2329571098089218 3298
1786497278796 1.2258264496922493 3299
1786497281380 1.2369818463921547 3300
1786497283964 1.2268124148249626 3301
1786497286554 1.2382120043039322 3302
1786497289144 1.22622961550951 3303
1786497291731 1.2436038330197334 3304
1786497294317 1.24634899944067 3305
1786497296899 1.239017277956009 3306
1786497299481 1.2669832482933998 3307
1786497302065 1.2572044134140015 3308
1786497304649 1.245034597814083 3309
1786497307242 1.263285145163536 3310
1786497309824 1.2458891794085503 3311
1786497312407 1.253430388867855 3312
1786497314989 1.2359029799699783 3313
1786497317571 1.238806463778019 3314
1786497320156 1.243790552020073 3315
1786497322745 1.2381517738103867 3316
1786497325327 1.220727525651455 3317
1786497327908 1.238733947277069 3318
1786497330490 1.2290909737348557 3319
1786497333077 1.2261063158512115 3320
1786497335660 1.2616491168737411 3321
1786497338248 1.2375970408320427 3322
1786497340834 1.2550817281007767 3323
1786497343416 1.2370284870266914 3324
1786497345999 1.212625838816166 3325
1786497348582 1.2321668788790703 3326
1786497351170 1.2568350061774254 3327
1786497353759 1.252933755517006 3328
1786497356338 1.2303450927138329 3329
1786497358915 1.2584332972764969 3330
1786497361491 1.2244739904999733 3331
1786497364068 1.230870060622692 3332
1786497366644 1.2518318593502045 3333
1786497369220 1.2495768293738365 3334
1786497371797 1.248398631811142 3335
1786497374373 1.2226662039756775 3336
1786497376949 1.2493897676467896 3337
1786497379525 1.2441318184137344 3338
1786497382102 1.2532968670129776 3339
1786497384680 1.251256324350834 3340
1786497387256 1.2355402037501335 3341
1786497389832 1.249040924012661 3342
1786497392408 1.211916945874691 3343
1786497394984 1.238247111439705 3344
1786497397560 1.2399380505084991 3345
1786497400136 1.2485073879361153 3346
1786497402711 1.2537620812654495 3347
1786497405287 1.2360422313213348 3348
1786497407862 1.226568065583706 3349
1786497410438 1.2372778728604317 3350
1786497413014 1.239881992340088 3351
1786497415590 1.2350476458668709 3352
1786497418167 1.2501714378595352 3353
1786497420743 1.2463272735476494 3354
1786497423318 1.2329774126410484 3355
1786497425894 1.2506203800439835 3356
1786497428471 1.2342514395713806 3357
1786497431047 1.244745671749115 3358
1786497433627 1.2458910793066025 3359
1786497436209 1.2294621542096138 3360
1786497438792 1.2288972660899162 3361
1786497441375 1.2583575770258904 3362
1786497443958 1.2417384460568428 3363
1786497446539 1.253124825656414 3364
1786497449121 1.2227509245276451 3365
1786497451704 1.2488674372434616 3366
1786497454287 1.21592016518116 3367
1786497456869 1.2345957309007645 3368
1786497459453 1.2348411977291107 3369
1786497462035 1.2517443969845772 3370
1786497464620 1.2347910851240158 3371
1786497467199 1.2474358528852463 3372
1786497469779 1.241439938545227 3373
1786497472365 1.2572944834828377 3374
1786497474947 1.256020300090313 3375
1786497477530 1.2455370128154755 3376
1786497480114 1.2347089052200317 3377
1786497482696 1.2477222457528114 3378
1786497485278 1.2432646676898003 3379
1786497487861 1.2259249463677406 3380
1786497490444 1.2174616158008575 3381
1786497493029 1.2249183058738708 3382
1786497495612 1.2365560978651047 3383
1786497498194 1.223930723965168 3384
1786497500776 1.2309320196509361 3385
1786497503359 1.2465919703245163 3386
1786497505941 1.2484767735004425 3387
1786497508522 1.2343850806355476 3388
1786497511104 1.2354801818728447 3389
1786497513685 1.2539932504296303 3390
1786497516267 1.2232269495725632 3391
1786497518848 1.214228980243206 3392
1786497521429 1.2350353375077248 3393
1786497524010 1.2394843623042107 3394
1786497526591 1.2317317426204681 3395
1786497529173 1.2589397430419922 3396
1786497531755 1.230346418917179 3397
1786497534338 1.22862196713686 3398
1786497536919 1.2636577785015106 3399
1786497539501 1.2426929771900177 3400
1786497542086 1.2079798951745033 3401
1786497544664 1.241718828678131 3402
1786497547240 1.2166306525468826 3403
1786497549817 1.2398038133978844 3404
1786497552394 1.2354168146848679 3405
1786497554972 1.2409137859940529 3406
1786497557550 1.2205274030566216 3407
1786497560127 1.2131607979536057 3408
1786497562704 1.2343678548932076 3409
1786497565281 1.236851803958416 3410
1786497567864 1.2631595432758331 3411
1786497570446 1.2635018825531006 3412
1786497573029 1.246575079858303 3413
1786497575613 1.2679240256547928 3414
1786497578197 1.2462421655654907 3415
1786497580781 1.2349265590310097 3416
1786497583362 1.2275902926921844 3417
1786497585944 1.2249149307608604 3418
1786497588525 1.2376351356506348 3419
1786497591108 1.2455846294760704 3420
1786497593696 1.2505379915237427 3421
1786497596278 1.2228200659155846 3422
1786497598860 1.2404026687145233 3423
1786497601442 1.2245466783642769 3424
1786497604026 1.2449167892336845 3425
1786497606616 1.2432102262973785 3426
1786497609199 1.217521771788597 3427
1786497611783 1.2236575484275818 3428
1786497614367 1.2301030308008194 3429
1786497616950 1.249528594315052 3430
1786497619534 1.225482888519764 3431
1786497622115 1.2586670964956284 3432
1786497624696 1.232165478169918 3433
1786497627277 1.2226126417517662 3434
1786497629859 1.2285258620977402 3435
1786497632440 1.2404380589723587 3436
1786497635021 1.2565201446413994 3437
1786497637602 1.2407590672373772 3438
1786497640184 1.2431066110730171 3439
1786497642765 1.246044360101223 3440
1786497645346 1.2582728117704391 3441
1786497647931 1.2393388003110886 3442
1786497650513 1.2590797692537308 3443
1786497653095 1.2294038385152817 3444
1786497655675 1.228950396180153 3445
1786497658258 1.2372280582785606 3446
1786497660840 1.2474379241466522 3447
1786497663420 1.2368590906262398 3448
1786497666000 1.2267646491527557 3449
1786497668582 1.2219201102852821 3450
1786497671162 1.2275043055415154 3451
1786497673742 1.2642092481255531 3452
1786497676323 1.2399119064211845 3453
1786497678908 1.2189438864588737 3454
1786497681489 1.2193789184093475 3455
1786497684070 1.2172482386231422 3456
1786497686651 1.2420687600970268 3457
1786497689234 1.2341107800602913 3458
1786497691823 1.2494409829378128 3459
1786497694415 1.236571691930294 3460
1786497696999 1.221583604812622 3461
1786497699584 1.2467794641852379 3462
1786497702174 1.245091512799263 3463
1786497704763 1.235037513077259 3464
1786497707346 1.249106116592884 3465
1786497709927 1.2283201292157173 3466
1786497712511 1.2344840690493584 3467
1786497715095 1.2337754890322685 3468
1786497717676 1.2203854024410248 3469
1786497720258 1.2255433648824692 3470
1786497722841 1.2509774044156075 3471
1786497725423 1.2295589596033096 3472
1786497728004 1.2480093240737915 3473
1786497730585 1.220638707280159 3474
1786497733167 1.2145064398646355 3475
1786497735748 1.245602399110794 3476
1786497738330 1.2316368371248245 3477
1786497740912 1.2411246970295906 3478
1786497743493 1.2451227903366089 3479
1786497746076 1.2260083556175232 3480
1786497748658 1.2076458409428596 3481
1786497751238 1.2112653031945229 3482
1786497753822 1.2270713225007057 3483
1786497756403 1.205399289727211 3484
1786497758984 1.2236791998147964 3485
1786497761566 1.2397291213274002 3486
1786497764147 1.2274391576647758 3487
1786497766728 1.2358152121305466 3488
1786497769309 1.2531199976801872 3489
1786497771893 1.2284384965896606 3490
1786497774478 1.2262479588389397 3491
1786497777061 1.2364060431718826 3492
1786497779643 1.2049230560660362 3493
1786497782224 1.243298850953579 3494
1786497784805 1.2393511459231377 3495
1786497787386 1.2164587900042534 3496
1786497789968 1.2371705248951912 3497
1786497792549 1.1971228420734406 3498
1786497795131 1.2274780049920082 3499
1786497799105 1.229446567595005 3500
1786497801685 1.245233565568924 3501
1786497804265 1.2378956377506256 3502
1786497806845 1.222295455634594 3503
1786497809426 1.229770965874195 3504
1786497812007 1.226433202624321 3505
1786497814588 1.2460009455680847 3506
1786497817171 1.2291466668248177 3507
1786497819753 1.2446426898241043 3508
1786497822335 1.2480389028787613 3509
1786497824918 1.226714827120304 3510
1786497827501 1.2677065283060074 3511
1786497830083 1.2357664927840233 3512
1786497832665 1.2419715076684952 3513
1786497835245 1.2421462684869766 3514
1786497837830 1.2201671227812767 3515
1786497840411 1.2084308937191963 3516
1786497842993 1.200579710304737 3517
1786497845576 1.2209051251411438 3518
1786497848157 1.2430450394749641 3519
1786497850739 1.2540113180875778 3520
1786497853322 1.237294614315033 3521
1786497855904 1.2458190470933914 3522
1786497858486 1.2103441879153252 3523
1786497861067 1.241680584847927 3524
1786497863648 1.2039466351270676 3525
1786497866228 1.2367221117019653 3526
1786497868809 1.24588792771101 3527
1786497871389 1.2243829891085625 3528
1786497873970 1.2461679056286812 3529
1786497876552 1.2177253365516663 3530
1786497879132 1.2359599843621254 3531
1786497881713 1.2259552404284477 3532
1786497884292 1.245132490992546 3533
1786497886873 1.2310019358992577 3534
1786497889455 1.2353254705667496 3535
1786497892037 1.2189175188541412 3536
1786497894620 1.2311206385493279 3537
1786497897202 1.246675118803978 3538
1786497899785 1.2319874987006187 3539
1786497902367 1.2113652527332306 3540
1786497904948 1.2170690298080444 3541
1786497907529 1.2291420325636864 3542
1786497910111 1.2499910145998 3543
1786497912694 1.2264413759112358 3544
1786497915276 1.2082861959934235 3545
1786497917858 1.2134643569588661 3546
1786497920441 1.2313746958971024 3547
1786497923026 1.2266053780913353 3548
1786497925608 1.2097721546888351 3549
1786497928190 1.23692137748003 3550
1786497930776 1.2291519567370415 3551
1786497933359 1.2074299529194832 3552
1786497935936 1.2215221226215363 3553
1786497938514 1.2193297147750854 3554
1786497941094 1.212463654577732 3555
1786497943675 1.2253089174628258 3556
1786497946254 1.2434556186199188 3557
1786497948834 1.2314743399620056 3558
1786497951416 1.2167617231607437 3559
1786497954001 1.2181436195969582 3560
1786497956586 1.237675853073597 3561
1786497959168 1.2210218757390976 3562
1786497961751 1.2179673090577126 3563
1786497964334 1.2122251689434052 3564
1786497966918 1.206543155014515 3565
1786497969501 1.2202757596969604 3566
1786497972084 1.2087931856513023 3567
1786497974673 1.2149483934044838 3568
1786497977256 1.2158939987421036 3569
1786497979842 1.2484795972704887 3570
1786497982425 1.2138361632823944 3571
1786497985007 1.2223276123404503 3572
1786497987588 1.2114596366882324 3573
1786497990169 1.2408205419778824 3574
1786497992751 1.2355651333928108 3575
1786497995334 1.2550838217139244 3576
1786497997915 1.2176507264375687 3577
1786498000497 1.2172928899526596 3578
1786498003078 1.2277453243732452 3579
1786498005659 1.2125513926148415 3580
1786498008242 1.199668012559414 3581
1786498010828 1.2117402255535126 3582
1786498013411 1.2176883518695831 3583
1786498015994 1.2203119471669197 3584
1786498018577 1.2024576514959335 3585
1786498021161 1.224741369485855 3586
1786498023744 1.2276602387428284 3587
1786498026328 1.2287793830037117 3588
1786498028913 1.2425892725586891 3589
1786498031498 1.2404820621013641 3590
1786498034082 1.2434487789869308 3591
1786498036666 1.226347953081131 3592
1786498039251 1.1990629434585571 3593
1786498041836 1.2073381319642067 3594
1786498044421 1.2467906326055527 3595
1786498047006 1.230208121240139 3596
1786498049589 1.2495325431227684 3597
1786498052174 1.2176710739731789 3598
1786498054760 1.230030708014965 3599
1786498057350 1.2399277091026306 3600
1786498059938 1.2203286066651344 3601
1786498062525 1.2203246131539345 3602
1786498065109 1.1935443356633186 3603
1786498067697 1.2200831770896912 3604
1786498070279 1.2315618619322777 3605
1786498072863 1.2026971206068993 3606
1786498075446 1.2262764051556587 3607
1786498078030 1.2332696095108986 3608
1786498080612 1.210339330136776 3609
1786498083196 1.255070984363556 3610
1786498085779 1.23582923412323 3611
1786498088363 1.2084053605794907 3612
1786498090944 1.2352481484413147 3613
1786498093529 1.222967490553856 3614
1786498096116 1.217644914984703 3615
1786498098697 1.2422643229365349 3616
1786498101279 1.202466607093811 3617
1786498103861 1.2175746485590935 3618
1786498106444 1.2261752858757973 3619
1786498109026 1.214298240840435 3620
1786498111608 1.228601649403572 3621
1786498114190 1.2223973646759987 3622
1786498116772 1.2415866404771805 3623
1786498119356 1.220224104821682 3624
1786498121939 1.2022750228643417 3625
1786498124521 1.229069970548153 3626
1786498127106 1.2357051596045494 3627
1786498129688 1.221606321632862 3628
1786498132272 1.2328484281897545 3629
1786498134855 1.2403537258505821 3630
1786498137437 1.2194685116410255 3631
1786498140019 1.247662790119648 3632
1786498142601 1.2201822325587273 3633
1786498145182 1.2103450894355774 3634
1786498147764 1.214301809668541 3635
1786498150347 1.2088704854249954 3636
1786498152930 1.2159646227955818 3637
1786498155513 1.204796515405178 3638
1786498158095 1.2371442466974258 3639
1786498160676 1.2460236847400665 3640
1786498163260 1.2219394072890282 3641
1786498165842 1.227496363222599 3642
1786498168424 1.2384769842028618 3643
1786498171008 1.2420032173395157 3644
1786498173591 1.229426808655262 3645
1786498176172 1.213261604309082 3646
1786498178753 1.20104019343853 3647
1786498181334 1.2370017170906067 3648
1786498183915 1.228446640074253 3649
1786498186498 1.2298972457647324 3650
1786498189080 1.2230808660387993 3651
1786498191662 1.2171203047037125 3652
1786498194246 1.21986673027277 3653
1786498196828 1.2419645488262177 3654
1786498199409 1.2139337733387947 3655
1786498201992 1.2386382892727852 3656
1786498204574 1.230711467564106 3657
1786498207160 1.2216791957616806 3658
1786498209744 1.2371061071753502 3659
1786498212325 1.20780511200428 3660
1786498214907 1.2268733531236649 3661
1786498217487 1.2133029401302338 3662
1786498220067 1.2355818673968315 3663
1786498222649 1.2157682180404663 3664
1786498225231 1.2274891436100006 3665
1786498227817 1.2148019820451736 3666
1786498230402 1.21323774009943 3667
1786498232985 1.2064499482512474 3668
1786498235568 1.2174204513430595 3669
1786498238152 1.1991431713104248 3670
1786498240735 1.2296550422906876 3671
1786498243319 1.234504111111164 3672
1786498245904 1.1936490908265114 3673
1786498248486 1.2124399915337563 3674
1786498251076 1.241619236767292 3675
1786498253664 1.2220410704612732 3676
1786498256247 1.2032017186284065 3677
1786498258828 1.223328597843647 3678
1786498261413 1.2211667969822884 3679
1786498263995 1.2167396023869514 3680
1786498266579 1.2344698682427406 3681
1786498269175 1.233527660369873 3682
1786498271754 1.2186747267842293 3683
1786498274332 1.2393721640110016 3684
1786498276910 1.2327387183904648 3685
1786498279489 1.2296284958720207 3686
1786498282067 1.2184002175927162 3687
1786498284644 1.2377602383494377 3688
1786498287223 1.224820427596569 3689
1786498289800 1.224123015999794 3690
1786498292381 1.237730287015438 3691
1786498294963 1.1991486623883247 3692
1786498297546 1.2265818566083908 3693
1786498300129 1.20798060297966 3694
1786498302718 1.2282248735427856 3695
1786498305300 1.2157732546329498 3696
1786498307882 1.2442437335848808 3697
1786498310464 1.207963079214096 3698
1786498313044 1.2310732379555702 3699
1786498315624 1.2266245037317276 3700
1786498318210 1.2551310062408447 3701
1786498320791 1.2268931046128273 3702
1786498323373 1.1993658617138863 3703
1786498325955 1.2445443719625473 3704
1786498328536 1.2556587159633636 3705
1786498331117 1.2094581052660942 3706
1786498333698 1.2391094043850899 3707
1786498336283 1.2163505405187607 3708
1786498338865 1.2272524610161781 3709
1786498341447 1.2417209446430206 3710
1786498344028 1.2322606965899467 3711
1786498346609 1.2160544693470001 3712
1786498349191 1.2258317098021507 3713
1786498351772 1.2436703070998192 3714
1786498354353 1.2564629688858986 3715
1786498356935 1.2056065648794174 3716
1786498359517 1.2049481123685837 3717
1786498362100 1.2229901850223541 3718
1786498364681 1.2333242669701576 3719
1786498367263 1.2361896857619286 3720
1786498369847 1.2410131096839905 3721
1786498372430 1.2289617881178856 3722
1786498375013 1.2556871622800827 3723
1786498377595 1.2018097788095474 3724
1786498380177 1.211489848792553 3725
1786498382759 1.2187368124723434 3726
1786498385342 1.2101359218358994 3727
1786498387924 1.2360362261533737 3728
1786498390506 1.2101818099617958 3729
1786498393089 1.2236225605010986 3730
1786498395670 1.2237766906619072 3731
1786498398251 1.2028851881623268 3732
1786498400834 1.204940341413021 3733
1786498403415 1.2136991992592812 3734
1786498405997 1.224740020930767 3735
1786498408580 1.2150511890649796 3736
1786498411161 1.2350099757313728 3737
1786498413742 1.2044335901737213 3738
1786498416322 1.2036491483449936 3739
1786498418903 1.2555031478404999 3740
1786498421485 1.200263611972332 3741
1786498424067 1.228292778134346 3742
1786498426650 1.228688359260559 3743
1786498429234 1.2275767251849174 3744
1786498431818 1.2144334837794304 3745
1786498434405 1.2453252971172333 3746
1786498436989 1.228606328368187 3747
1786498439573 1.2444657161831856 3748
1786498442156 1.2154178619384766 3749
1786498444739 1.1979916095733643 3750
1786498447325 1.24589254707098 3751
1786498449915 1.227696232497692 3752
1786498452511 1.2251166328787804 3753
1786498455096 1.217425860464573 3754
1786498457684 1.229285679757595 3755
1786498460271 1.2093779891729355 3756
1786498462858 1.2107359394431114 3757
1786498465443 1.1952861696481705 3758
1786498468028 1.197881057858467 3759
1786498470618 1.2285716831684113 3760
1786498473204 1.2180003747344017 3761
1786498475789 1.214158572256565 3762
1786498478377 1.2261617183685303 3763
1786498480964 1.2192477732896805 3764
1786498483550 1.2188285142183304 3765
1786498486137 1.223891220986843 3766
1786498488721 1.2406573444604874 3767
1786498491306 1.213902473449707 3768
1786498493893 1.2336987778544426 3769
1786498496477 1.2138806730508804 3770
1786498499059 1.2248375415802002 3771
1786498501642 1.2281307354569435 3772
1786498504225 1.2019570022821426 3773
1786498506808 1.2407208681106567 3774
1786498509390 1.2059601247310638 3775
1786498511974 1.2003257125616074 3776
1786498514558 1.2438934892416 3777
1786498517140 1.2579840272665024 3778
1786498519721 1.235418677330017 3779
1786498522303 1.2014793902635574 3780
1786498524886 1.230034925043583 3781
1786498527469 1.2390056774020195 3782
1786498530053 1.2132869735360146 3783
1786498532636 1.217346616089344 3784
1786498535220 1.2353228405117989 3785
1786498537805 1.217037133872509 3786
1786498540390 1.2301459312438965 3787
1786498542973 1.2091113775968552 3788
1786498545556 1.2053894102573395 3789
1786498548139 1.2227260991930962 3790
1786498550723 1.2281692251563072 3791
1786498553307 1.1958083733916283 3792
1786498555895 1.2119042426347733 3793
1786498558481 1.2169662863016129 3794
1786498561067 1.218859575688839 3795
1786498563654 1.23017767816782 3796
1786498566240 1.2300043180584908 3797
1786498568826 1.205163910984993 3798
1786498571410 1.207538202404976 3799
1786498573995 1.2206303477287292 3800
1786498576580 1.2223628163337708 3801
1786498579164 1.223075658082962 3802
1786498581748 1.2024251967668533 3803
1786498584335 1.1987057104706764 3804
1786498586923 1.223560243844986 3805
1786498589512 1.229492999613285 3806
1786498592097 1.214206539094448 3807
1786498594684 1.1995614096522331 3808
1786498597270 1.220280610024929 3809
1786498599855 1.210775002837181 3810
1786498602442 1.2127043008804321 3811
1786498605028 1.204653538763523 3812
1786498607614 1.2125069424510002 3813
1786498610206 1.2090753093361855 3814
1786498612794 1.1948316469788551 3815
1786498615379 1.205459862947464 3816
1786498617962 1.2115777358412743 3817
1786498620545 1.2283592149615288 3818
1786498623128 1.2052289098501205 3819
1786498625714 1.2282337099313736 3820
1786498628298 1.206164911389351 3821
1786498630881 1.2249684259295464 3822
1786498633464 1.2195544689893723 3823
1786498636050 1.2298009097576141 3824
1786498638631 1.214338593184948 3825
1786498641210 1.2170306891202927 3826
1786498643788 1.214478261768818 3827
1786498646369 1.2023059949278831 3828
1786498648955 1.2213375717401505 3829
1786498651541 1.2134139388799667 3830
1786498654123 1.2065537050366402 3831
1786498656707 1.2185104563832283 3832
1786498659294 1.2203912511467934 3833
1786498661882 1.2102419659495354 3834
1786498664471 1.223083272576332 3835
1786498667059 1.2052079737186432 3836
1786498669646 1.2272538170218468 3837
1786498672229 1.2152144759893417 3838
1786498674811 1.217127688229084 3839
1786498677393 1.2290796712040901 3840
1786498679974 1.2078317403793335 3841
1786498682556 1.2105344161391258 3842
1786498685139 1.2296282276511192 3843
1786498687721 1.2307660803198814 3844
1786498690303 1.2200611010193825 3845
1786498692889 1.2372924536466599 3846
1786498695477 1.230081468820572 3847
1786498698062 1.220691666007042 3848
1786498700650 1.2231648564338684 3849
1786498703236 1.195278324186802 3850
1786498705818 1.2201955169439316 3851
1786498708396 1.2082609683275223 3852
1786498710974 1.225060611963272 3853
1786498713552 1.2052436470985413 3854
1786498716131 1.2141139283776283 3855
1786498718713 1.235471397638321 3856
1786498721294 1.2175594568252563 3857
1786498723876 1.2035177126526833 3858
1786498726458 1.202658250927925 3859
1786498729040 1.211744599044323 3860
1786498731619 1.19452665746212 3861
1786498734200 1.22669717669487 3862
1786498736779 1.226392574608326 3863
1786498739356 1.232951745390892 3864
1786498741932 1.2274471819400787 3865
1786498744509 1.2140761613845825 3866
1786498747087 1.2137523144483566 3867
1786498749664 1.2260964438319206 3868
1786498752242 1.211983360350132 3869
1786498754820 1.1971681043505669 3870
1786498757397 1.1924174800515175 3871
1786498759976 1.1986980140209198 3872
1786498762558 1.2188438475131989 3873
1786498765147 1.1890396252274513 3874
1786498767729 1.2241933569312096 3875
1786498770313 1.2422024086117744 3876
1786498772899 1.227867029607296 3877
1786498775482 1.216205157339573 3878
1786498778064 1.2321357652544975 3879
1786498780645 1.2161955684423447 3880
1786498783228 1.2320659831166267 3881
1786498785814 1.2135230228304863 3882
1786498788396 1.1924666836857796 3883
1786498790981 1.2306506410241127 3884
1786498793567 1.208835907280445 3885
1786498796150 1.1808790490031242 3886
1786498798734 1.1989757269620895 3887
1786498801318 1.201593540608883 3888
1786498803901 1.2194825932383537 3889
1786498806488 1.2208941951394081 3890
1786498809073 1.2116806581616402 3891
1786498811657 1.2178872600197792 3892
1786498814240 1.2117383629083633 3893
1786498816824 1.2232986614108086 3894
1786498819408 1.2330016270279884 3895
1786498821992 1.2148820981383324 3896
1786498824575 1.2163113579154015 3897
1786498827160 1.2082777991890907 3898
1786498829746 1.206875041127205 3899
1786498832331 1.2057790234684944 3900
1786498834915 1.2034327611327171 3901
1786498837498 1.2184175625443459 3902
1786498840081 1.2143751084804535 3903
1786498842663 1.2035313993692398 3904
1786498845246 1.2186510786414146 3905
1786498847830 1.2082546576857567 3906
1786498850416 1.203806348145008 3907
1786498852999 1.203430823981762 3908
1786498855584 1.186095952987671 3909
1786498858167 1.2131910622119904 3910
1786498860749 1.236835591495037 3911
1786498863333 1.2155937179923058 3912
1786498865916 1.1991260647773743 3913
1786498868499 1.2202068716287613 3914
1786498871080 1.2231561616063118 3915
1786498873659 1.211926780641079 3916
1786498876237 1.2019861787557602 3917
1786498878815 1.22609543800354 3918
1786498881394 1.2208605706691742 3919
1786498883972 1.2153601422905922 3920
1786498886550 1.2027760297060013 3921
1786498889131 1.2267967015504837 3922
1786498891713 1.204688735306263 3923
1786498894293 1.2254842221736908 3924
1786498896875 1.1983580216765404 3925
1786498899455 1.2057925537228584 3926
1786498902035 1.2063443884253502 3927
1786498904615 1.186657153069973 3928
1786498907196 1.2231485173106194 3929
1786498909778 1.2039135918021202 3930
1786498912359 1.217650555074215 3931
1786498914942 1.2153304293751717 3932
1786498917523 1.2260289639234543 3933
1786498920103 1.2034375593066216 3934
1786498922683 1.2053144201636314 3935
1786498925264 1.228766806423664 3936
1786498927846 1.215775765478611 3937
1786498930430 1.2257148325443268 3938
1786498933013 1.229628175497055 3939
1786498935595 1.2274768725037575 3940
1786498938177 1.226637914776802 3941
1786498940761 1.2067249715328217 3942
1786498943345 1.2012218981981277 3943
1786498945929 1.2130783945322037 3944
1786498948512 1.2073701918125153 3945
1786498951097 1.2013512700796127 3946
1786498953681 1.204709604382515 3947
1786498956263 1.21144687384367 3948
1786498958847 1.2026100531220436 3949
1786498961431 1.2273399606347084 3950
1786498964015 1.2010207176208496 3951
1786498966597 1.2015412375330925 3952
1786498969182 1.1854425072669983 3953
1786498971767 1.2034132331609726 3954
1786498974349 1.195425771176815 3955
1786498976948 1.2004080340266228 3956
1786498979530 1.2151608318090439 3957
1786498982123 1.2125495970249176 3958
1786498984714 1.215754047036171 3959
1786498987301 1.2185433506965637 3960
1786498989888 1.2088747695088387 3961
1786498992473 1.2172902822494507 3962
1786498995061 1.207928217947483 3963
1786498997644 1.2166031375527382 3964
1786499000226 1.2329786494374275 3965
1786499002811 1.2220213189721107 3966
1786499005393 1.2140251025557518 3967
1786499007975 1.2089750245213509 3968
1786499010558 1.2033230364322662 3969
1786499013143 1.208829179406166 3970
1786499015728 1.1797239854931831 3971
1786499018311 1.1990339383482933 3972
1786499020895 1.2162426859140396 3973
1786499023480 1.2186380848288536 3974
1786499026063 1.2256018817424774 3975
1786499028647 1.2265838235616684 3976
1786499031233 1.199713684618473 3977
1786499033816 1.2057713568210602 3978
1786499036398 1.2010634392499924 3979
1786499038981 1.2044245451688766 3980
1786499041563 1.25324334949255 3981
1786499044145 1.219715692102909 3982
1786499046727 1.2120997607707977 3983
1786499049310 1.2152941450476646 3984
1786499051892 1.2099459320306778 3985
1786499054477 1.2339451164007187 3986
1786499057058 1.2011857330799103 3987
1786499059642 1.20419792085886 3988
1786499062232 1.1893868297338486 3989
1786499064818 1.199727676808834 3990
1786499067397 1.2197319269180298 3991
1786499069975 1.2200359180569649 3992
1786499072552 1.2361989170312881 3993
1786499075130 1.2303719148039818 3994
1786499077708 1.2450164332985878 3995
1786499080286 1.216609627008438 3996
1786499082863 1.1957931593060493 3997
1786499085441 1.2156014367938042 3998
1786499088018 1.2185207530856133 3999
1786499092950 1.200646311044693 4000
1786499095529 1.220243126153946 4001
1786499098109 1.2166769728064537 4002
1786499100688 1.2347728312015533 4003
1786499103267 1.224968135356903 4004
1786499105858 1.2026145234704018 4005
1786499108439 1.2097882851958275 4006
1786499111019 1.1779930219054222 4007
1786499113599 1.2173274159431458 4008
1786499116178 1.2304727509617805 4009
1786499118759 1.2055758237838745 4010
1786499121338 1.1885429322719574 4011
1786499123918 1.1852780282497406 4012
1786499126501 1.2348202243447304 4013
1786499129082 1.2356585413217545 4014
1786499131662 1.2008100301027298 4015
1786499134242 1.220960110425949 4016
1786499136822 1.1979143172502518 4017
1786499139404 1.208655521273613 4018
1786499141983 1.227617435157299 4019
1786499144564 1.1858446598052979 4020
1786499147144 1.1740759760141373 4021
1786499149723 1.1817104443907738 4022
1786499152307 1.2185386419296265 4023
1786499154892 1.2059951648116112 4024
1786499157472 1.2113584652543068 4025
1786499160054 1.198927529156208 4026
1786499162634 1.2111757174134254 4027
1786499165214 1.1978095546364784 4028
1786499167793 1.2192961126565933 4029
1786499170372 1.2163418605923653 4030
1786499172952 1.231964386999607 4031
1786499175532 1.2238822057843208 4032
1786499178112 1.2234453037381172 4033
1786499180692 1.2127063795924187 4034
1786499183273 1.2120784148573875 4035
1786499185853 1.2084377855062485 4036
1786499188434 1.2043405249714851 4037
1786499191015 1.2360824346542358 4038
1786499193599 1.213775485754013 4039
1786499196179 1.22506645321846 4040
1786499198759 1.1880758553743362 4041
1786499201339 1.1932393908500671 4042
1786499203919 1.2124589756131172 4043
1786499206499 1.2230975404381752 4044
1786499209082 1.2021703273057938 4045
1786499211663 1.215098924934864 4046
1786499214243 1.2202154994010925 4047
1786499216822 1.2100720256567001 4048
1786499219404 1.2212289199233055 4049
1786499221984 1.2150569707155228 4050
1786499224566 1.2048764750361443 4051
1786499227148 1.200431302189827 4052
1786499229730 1.200033277273178 4053
1786499232310 1.2224333211779594 4054
1786499234896 1.210220754146576 4055
1786499237484 1.2048533782362938 4056
1786499240073 1.2018671557307243 4057
1786499242661 1.2283885180950165 4058
1786499245249 1.201287418603897 4059
1786499247836 1.2033436670899391 4060
1786499250425 1.201673373579979 4061
1786499253010 1.2224929556250572 4062
1786499255595 1.2187808379530907 4063
1786499258184 1.1963002234697342 4064
1786499260772 1.222838081419468 4065
1786499263359 1.2178786173462868 4066
1786499265946 1.2333223223686218 4067
1786499268533 1.227436125278473 4068
1786499271121 1.2347145453095436 4069
1786499273703 1.2205904126167297 4070
1786499276284 1.201516643166542 4071
1786499278866 1.215756170451641 4072
1786499281451 1.1918207928538322 4073
1786499284031 1.240294173359871 4074
1786499286612 1.222009189426899 4075
1786499289192 1.1872378513216972 4076
1786499291773 1.2052891999483109 4077
1786499294355 1.2117978408932686 4078
1786499296936 1.2120413705706596 4079
1786499299517 1.2187213152647018 4080
1786499302097 1.1859074234962463 4081
1786499304678 1.2257036343216896 4082
1786499307259 1.2110198736190796 4083
1786499309840 1.2171813175082207 4084
1786499312421 1.2133829593658447 4085
1786499315005 1.1911489516496658 4086
1786499317589 1.19596628844738 4087
1786499320173 1.2061243280768394 4088
1786499322757 1.1864073500037193 4089
1786499325340 1.2283326238393784 4090
1786499327921 1.204653300344944 4091
1786499330501 1.2376175224781036 4092
1786499333084 1.2284789606928825 4093
1786499335665 1.1984135136008263 4094
1786499338245 1.1879948675632477 4095
1786499340827 1.22963135689497 4096
1786499343407 1.20618037879467 4097
1786499345989 1.223972961306572 4098
1786499348570 1.2112419232726097 4099
1786499351152 1.2255851104855537 4100
1786499353733 1.2130504325032234 4101
1786499356314 1.225620836019516 4102
1786499358895 1.2277917116880417 4103
1786499361474 1.2034090012311935 4104
1786499364055 1.2295692563056946 4105
1786499366636 1.2295678853988647 4106
1786499369217 1.1958355605602264 4107
1786499371799 1.224000245332718 4108
1786499374380 1.2096173390746117 4109
1786499376963 1.225326493382454 4110
1786499379544 1.1927223354578018 4111
1786499382127 1.2257519513368607 4112
1786499384707 1.1993308439850807 4113
1786499387289 1.2085355147719383 4114
1786499389874 1.1940344795584679 4115
1786499392457 1.2055838331580162 4116
1786499395039 1.246884137392044 4117
1786499397621 1.2163174822926521 4118
1786499400203 1.2073629796504974 4119
1786499402784 1.2000379487872124 4120
1786499405365 1.2078972607851028 4121
1786499407947 1.2079893350601196 4122
1786499410530 1.2039630711078644 4123
1786499413111 1.2307708039879799 4124
1786499415693 1.2224536165595055 4125
1786499418273 1.2000526934862137 4126
1786499420854 1.2077247723937035 4127
1786499423434 1.1918591856956482 4128
1786499426014 1.197799637913704 4129
1786499428595 1.2138150408864021 4130
1786499431176 1.2287426367402077 4131
1786499433759 1.1719400882720947 4132
1786499436340 1.2177713811397552 4133
1786499438920 1.1995328851044178 4134
1786499441500 1.2155568450689316 4135
1786499444080 1.2385241761803627 4136
1786499446660 1.207751877605915 4137
1786499449239 1.207462266087532 4138
1786499451821 1.2091910988092422 4139
1786499454401 1.2021149396896362 4140
1786499456983 1.1832646131515503 4141
1786499459563 1.2096965461969376 4142
1786499462142 1.228196144104004 4143
1786499464722 1.198458507657051 4144
1786499467302 1.2088904976844788 4145
1786499469881 1.2054653242230415 4146
1786499472465 1.2203428447246552 4147
1786499475047 1.2283699437975883 4148
1786499477627 1.2074738070368767 4149
1786499480207 1.2028348669409752 4150
1786499482787 1.2195623368024826 4151
1786499485366 1.197886198759079 4152
1786499487957 1.2054405510425568 4153
1786499490537 1.1909088045358658 4154
1786499493119 1.1747737750411034 4155
1786499495705 1.2081282064318657 4156
1786499498286 1.207805298268795 4157
1786499500867 1.2147570699453354 4158
1786499503448 1.2115812227129936 4159
1786499506028 1.2198637425899506 4160
1786499508609 1.2338526546955109 4161
1786499511196 1.2142816185951233 4162
1786499513783 1.2126865833997726 4163
1786499516366 1.1992948725819588 4164
1786499518957 1.190396435558796 4165
1786499521538 1.2203835397958755 4166
1786499524118 1.2026208713650703 4167
1786499526699 1.1955881416797638 4168
1786499529283 1.191640354692936 4169
1786499531866 1.2085532248020172 4170
1786499534446 1.1975245103240013 4171
1786499537027 1.2289447858929634 4172
1786499539607 1.2168564349412918 4173
1786499542187 1.2119129300117493 4174
1786499544768 1.184533230960369 4175
1786499547348 1.1884657442569733 4176
1786499549928 1.2139578238129616 4177
1786499552510 1.1839267536997795 4178
1786499555090 1.1933269873261452 4179
1786499557669 1.2221782505512238 4180
1786499560249 1.2063495218753815 4181
1786499562830 1.2113026678562164 4182
1786499565412 1.2220707535743713 4183
1786499567993 1.2178397551178932 4184
1786499570573 1.2203423380851746 4185
1786499573157 1.2245861068367958 4186
1786499575739 1.2077031508088112 4187
1786499578319 1.2279910519719124 4188
1786499580900 1.226487211883068 4189
1786499583480 1.2157115936279297 4190
1786499586064 1.2136696875095367 4191
1786499588644 1.1936633884906769 4192
1786499591224 1.2178609147667885 4193
1786499593805 1.2158260196447372 4194
1786499596386 1.1943275928497314 4195
1786499598966 1.2064099088311195 4196
1786499601546 1.203208938241005 4197
1786499604127 1.219958871603012 4198
1786499606707 1.1867739781737328 4199
1786499609287 1.2187044620513916 4200
1786499611868 1.1873294115066528 4201
1786499614448 1.1988447085022926 4202
1786499617029 1.2161947414278984 4203
1786499619610 1.1669060438871384 4204
1786499622190 1.2166076973080635 4205
1786499624771 1.2112273946404457 4206
1786499627351 1.2149899378418922 4207
1786499629931 1.225758396089077 4208
1786499632517 1.218373842537403 4209
1786499635098 1.2257004454731941 4210
1786499637683 1.2219913452863693 4211
1786499640263 1.1944437250494957 4212
1786499642844 1.2120425403118134 4213
1786499645425 1.1949505731463432 4214
1786499648010 1.2021574452519417 4215
1786499650596 1.2197571322321892 4216
1786499653180 1.2419806495308876 4217
1786499655760 1.2369191348552704 4218
1786499658341 1.2357037886977196 4219
1786499660921 1.1788128204643726 4220
1786499663502 1.2078827917575836 4221
1786499666082 1.2022621408104897 4222
1786499668662 1.195068083703518 4223
1786499671243 1.195766992866993 4224
1786499673823 1.1901914179325104 4225
1786499676405 1.2171925380825996 4226
1786499678986 1.2109822183847427 4227
1786499681566 1.1913531571626663 4228
1786499684147 1.2157137170433998 4229
1786499686728 1.203578144311905 4230
1786499689308 1.181233748793602 4231
1786499691889 1.208288051187992 4232
1786499694471 1.2110027596354485 4233
1786499697056 1.1954511106014252 4234
1786499699640 1.1920828372240067 4235
1786499702220 1.2108784466981888 4236
1786499704801 1.214435875415802 4237
1786499707382 1.2030986174941063 4238
1786499709963 1.198109693825245 4239
1786499712545 1.2127135768532753 4240
1786499715126 1.2314063981175423 4241
1786499717708 1.2065790891647339 4242
1786499720288 1.1967049837112427 4243
1786499722869 1.198379397392273 4244
1786499725449 1.2104103416204453 4245
1786499728030 1.2243884205818176 4246
1786499730610 1.219448134303093 4247
1786499733191 1.2310761660337448 4248
1786499735772 1.207053154706955 4249
1786499738352 1.2122813314199448 4250
1786499740932 1.2208301424980164 4251
1786499743512 1.2032890394330025 4252
1786499746092 1.1974116787314415 4253
1786499748673 1.177955612540245 4254
1786499751255 1.22920673340559 4255
1786499753835 1.203172244131565 4256
1786499756416 1.2052900716662407 4257
1786499758997 1.2091283351182938 4258
1786499761578 1.1918905675411224 4259
1786499764163 1.206813484430313 4260
1786499766744 1.2001622393727303 4261
1786499769328 1.2193797901272774 4262
1786499771908 1.2047565802931786 4263
1786499774489 1.2254589423537254 4264
1786499777070 1.2113995105028152 4265
1786499779652 1.203972451388836 4266
1786499782234 1.2164627313613892 4267
1786499784815 1.1941224560141563 4268
1786499787396 1.2173011302947998 4269
1786499789976 1.2142503336071968 4270
1786499792556 1.223680280148983 4271
1786499795135 1.2313255071640015 4272
1786499797715 1.2112215533852577 4273
1786499800295 1.2091279104351997 4274
1786499802876 1.2019235044717789 4275
1786499805456 1.216610699892044 4276
1786499808037 1.211394339799881 4277
1786499810621 1.2232218608260155 4278
1786499813210 1.217190720140934 4279
1786499815804 1.2064351364970207 4280
1786499818386 1.2228662222623825 4281
1786499820967 1.2185230776667595 4282
1786499823548 1.2133691161870956 4283
1786499826129 1.1874211952090263 4284
1786499828709 1.1905768811702728 4285
1786499831290 1.1935061365365982 4286
1786499833872 1.2110703215003014 4287
1786499836453 1.2019180059432983 4288
1786499839033 1.2120293006300926 4289
1786499841613 1.2074724957346916 4290
1786499844196 1.209768570959568 4291
1786499846783 1.2120914459228516 4292
1786499849376 1.2275473028421402 4293
1786499851970 1.2241968587040901 4294
1786499854554 1.2115586549043655 4295
1786499857136 1.2211881577968597 4296
1786499859717 1.1974730864167213 4297
1786499862297 1.2101461440324783 4298
1786499864877 1.1981671899557114 4299
1786499867457 1.215580202639103 4300
1786499870041 1.220933236181736 4301
1786499872629 1.2318491414189339 4302
1786499875214 1.2269887030124664 4303
1786499877796 1.193127602338791 4304
1786499880377 1.1881549134850502 4305
1786499882958 1.1929552182555199 4306
1786499885540 1.2027968913316727 4307
1786499888121 1.210209883749485 4308
1786499890702 1.211576908826828 4309
1786499893284 1.1996135041117668 4310
1786499895866 1.1879264935851097 4311
1786499898448 1.180918850004673 4312
1786499901030 1.2166255488991737 4313
1786499903613 1.1707552149891853 4314
1786499906194 1.1958008408546448 4315
1786499908776 1.217199333012104 4316
1786499911361 1.1927154138684273 4317
1786499913944 1.190522201359272 4318
1786499916524 1.2170123979449272 4319
1786499919105 1.207706242799759 4320
1786499921686 1.2158064246177673 4321
1786499924268 1.1786785423755646 4322
1786499926848 1.214441329240799 4323
1786499929428 1.2091678977012634 4324
1786499932010 1.2279963195323944 4325
1786499934594 1.2023948282003403 4326
1786499937174 1.1964111104607582 4327
1786499939757 1.209402896463871 4328
1786499942339 1.2123263329267502 4329
1786499944921 1.1981059834361076 4330
1786499947505 1.2134157717227936 4331
1786499950086 1.2158208563923836 4332
1786499952670 1.2029026448726654 4333
1786499955254 1.209130898118019 4334
1786499957836 1.2050995528697968 4335
1786499960417 1.1885896995663643 4336
1786499962998 1.1928085014224052 4337
1786499965580 1.2337473258376122 4338
1786499968161 1.1917492374777794 4339
1786499970743 1.1960516422986984 4340
1786499973330 1.1984279602766037 4341
1786499975915 1.2188945710659027 4342
1786499978498 1.2072248682379723 4343
1786499981080 1.2120581790804863 4344
1786499983662 1.2260620817542076 4345
1786499986244 1.2046283707022667 4346
1786499988825 1.190906085073948 4347
1786499991406 1.1870658323168755 4348
1786499993989 1.2243345752358437 4349
1786499996571 1.182455413043499 4350
1786499999152 1.2068046256899834 4351
1786500001733 1.228176824748516 4352
1786500004317 1.2117331996560097 4353
1786500006907 1.1983502730727196 4354
1786500009488 1.2043997570872307 4355
1786500012072 1.230727680027485 4356
1786500014653 1.226695716381073 4357
1786500017233 1.18560990691185 4358
1786500019814 1.193953774869442 4359
1786500022395 1.222716063261032 4360
1786500024975 1.2158929258584976 4361
1786500027556 1.1965045407414436 4362
1786500030136 1.2116390243172646 4363
1786500032718 1.1981494948267937 4364
1786500035298 1.2050041556358337 4365
1786500037878 1.2151959463953972 4366
1786500040458 1.2100208848714828 4367
1786500043039 1.1969225108623505 4368
1786500045621 1.2094672173261642 4369
1786500048201 1.1802579909563065 4370
1786500050782 1.190708115696907 4371
1786500053361 1.1914272531867027 4372
1786500055936 1.184674471616745 4373
1786500058518 1.1805329471826553 4374
1786500061100 1.2021055221557617 4375
1786500063687 1.1869669631123543 4376
1786500066270 1.1990252509713173 4377
1786500068852 1.2233730852603912 4378
1786500071433 1.206857293844223 4379
1786500074015 1.2017795071005821 4380
1786500076597 1.2014033272862434 4381
1786500079179 1.2199605330824852 4382
1786500081759 1.2015757039189339 4383
1786500084340 1.1739305332303047 4384
1786500086922 1.210996389389038 4385
1786500089502 1.185474194586277 4386
1786500092083 1.1790907755494118 4387
1786500094665 1.178396962583065 4388
1786500097245 1.194728434085846 4389
1786500099827 1.2090334445238113 4390
1786500102408 1.207924596965313 4391
1786500104989 1.1759915128350258 4392
1786500107570 1.2111918404698372 4393
1786500110154 1.2233222872018814 4394
1786500112738 1.2151595503091812 4395
1786500115318 1.2141553834080696 4396
1786500117898 1.2198622673749924 4397
1786500120478 1.2224851548671722 4398
1786500123058 1.2010595425963402 4399
1786500125637 1.1898980364203453 4400
1786500128217 1.2138613909482956 4401
1786500130798 1.2093577161431313 4402
1786500133379 1.1930605545639992 4403
1786500135963 1.1970176622271538 4404
1786500138547 1.2050599679350853 4405
1786500141132 1.205382026731968 4406
1786500143723 1.1769977062940598 4407
1786500146314 1.2026209980249405 4408
1786500148898 1.1965713948011398 4409
1786500151482 1.2404146268963814 4410
1786500154064 1.1925065591931343 4411
1786500156646 1.20415960252285 4412
1786500159228 1.2175035551190376 4413
1786500161808 1.1754332408308983 4414
1786500164388 1.1965853944420815 4415
1786500166968 1.2271389812231064 4416
1786500169548 1.1976496577262878 4417
1786500172133 1.2225075960159302 4418
1786500174713 1.2015070095658302 4419
1786500177297 1.1895158290863037 4420
1786500179882 1.1819707974791527 4421
1786500182466 1.18718970566988 4422
1786500185047 1.1899003684520721 4423
1786500187628 1.2126607596874237 4424
1786500190208 1.2057605013251305 4425
1786500192793 1.1933543682098389 4426
1786500195376 1.2156237959861755 4427
1786500197958 1.2055922821164131 4428
1786500200540 1.2175652980804443 4429
1786500203120 1.1974277645349503 4430
1786500205700 1.2029434889554977 4431
1786500208281 1.1910309344530106 4432
1786500210860 1.2039286121726036 4433
1786500213441 1.1965100839734077 4434
1786500216023 1.1759521290659904 4435
1786500218605 1.2049768045544624 4436
1786500221188 1.2124215960502625 4437
1786500223770 1.1786127611994743 4438
1786500226351 1.1795035302639008 4439
1786500228933 1.1899109855294228 4440
1786500231514 1.1901217997074127 4441
1786500234097 1.2100690454244614 4442
1786500236679 1.2021855786442757 4443
1786500239262 1.1916034743189812 4444
1786500241846 1.1662683933973312 4445
1786500244428 1.1954358294606209 4446
1786500247010 1.2047519460320473 4447
1786500249592 1.1561922952532768 4448
1786500252174 1.1817596927285194 4449
1786500254756 1.197410523891449 4450
1786500257339 1.1883815675973892 4451
1786500259920 1.1803486049175262 4452
1786500262502 1.191120371222496 4453
1786500265084 1.2218376323580742 4454
1786500267666 1.2074817419052124 4455
1786500270247 1.186401978135109 4456
1786500272830 1.1943999081850052 4457
1786500275411 1.2008455768227577 4458
1786500277993 1.184521920979023 4459
1786500280573 1.1879808381199837 4460
1786500283156 1.2007376849651337 4461
1786500285739 1.2237319573760033 4462
1786500288320 1.2079747319221497 4463
1786500290900 1.201502911746502 4464
1786500293481 1.1798134669661522 4465
1786500296062 1.1964969411492348 4466
1786500298643 1.181883029639721 4467
1786500301233 1.2102620750665665 4468
1786500303825 1.2168099582195282 4469
1786500306418 1.2304594963788986 4470
1786500309010 1.2139646634459496 4471
1786500311602 1.1896468624472618 4472
1786500314195 1.2141703367233276 4473
1786500316787 1.1834679916501045 4474
1786500319378 1.1752975955605507 4475
1786500321970 1.1958826407790184 4476
1786500324561 1.1920519471168518 4477
1786500327153 1.2021686509251595 4478
1786500329745 1.21271912753582 4479
1786500332327 1.2111196964979172 4480
1786500334915 1.2131457403302193 4481
1786500337500 1.185604803264141 4482
1786500340082 1.2055529952049255 4483
1786500342671 1.204806387424469 4484
1786500345254 1.1946624666452408 4485
1786500347836 1.1958186402916908 4486
1786500350420 1.2062117159366608 4487
1786500353011 1.1974280253052711 4488
1786500355602 1.2174127399921417 4489
1786500358193 1.1933401077985764 4490
1786500360784 1.207788348197937 4491
1786500363374 1.1992533504962921 4492
1786500365961 1.1695294976234436 4493
1786500368548 1.210937850177288 4494
1786500371141 1.1965591683983803 4495
1786500373734 1.1966143026947975 4496
1786500376325 1.2116790860891342 4497
1786500378915 1.1826219111680984 4498
1786500381496 1.2168889939785004 4499
1786500385476 1.1940508857369423 4500
1786500388058 1.2072486579418182 4501
1786500390641 1.217121809720993 4502
1786500393224 1.186620831489563 4503
1786500395807 1.2163876593112946 4504
1786500398390 1.210052728652954 4505
1786500400972 1.1906460225582123 4506
1786500403553 1.1673179417848587 4507
1786500406135 1.1965155526995659 4508
1786500408715 1.1994253918528557 4509
1786500411300 1.2051163241267204 4510
1786500413890 1.1955010667443275 4511
1786500416484 1.2093075811862946 4512
1786500419065 1.2151468768715858 4513
1786500421642 1.1699450463056564 4514
1786500424219 1.1989975199103355 4515
1786500426796 1.2059958651661873 4516
1786500429372 1.1871176213026047 4517
1786500431956 1.2179465368390083 4518
1786500434532 1.1901668682694435 4519
1786500437109 1.198863998055458 4520
1786500439684 1.194012589752674 4521
1786500442264 1.2169754356145859 4522
1786500444840 1.161874808371067 4523
1786500447417 1.2027875408530235 4524
1786500449993 1.197635754942894 4525
1786500452570 1.183210775256157 4526
1786500455146 1.2090478464961052 4527
1786500457723 1.1915012784302235 4528
1786500460301 1.1981819793581963 4529
1786500462883 1.1983813643455505 4530
1786500465465 1.203229807317257 4531
1786500468048 1.199355997145176 4532
1786500470632 1.2077623456716537 4533
1786500473216 1.1981319785118103 4534
1786500475797 1.2031188383698463 4535
1786500478378 1.1909337267279625 4536
1786500480959 1.1780653968453407 4537
1786500483542 1.2099993973970413 4538
1786500486125 1.2058446109294891 4539
1786500488709 1.1890969946980476 4540
1786500491294 1.2019388899207115 4541
1786500493875 1.1859714984893799 4542
1786500496458 1.2124661728739738 4543
1786500499040 1.2032785564661026 4544
1786500501622 1.2130359411239624 4545
1786500504205 1.208896279335022 4546
1786500506788 1.2068826332688332 4547
1786500509370 1.2082160264253616 4548
1786500511952 1.2125941440463066 4549
1786500514533 1.2064409330487251 4550
1786500517115 1.2043724060058594 4551
1786500519696 1.1973075345158577 4552
1786500522277 1.1788454428315163 4553
1786500524856 1.2089293897151947 4554
1786500527436 1.2104644551873207 4555
1786500530016 1.2036089599132538 4556
1786500532601 1.1747590973973274 4557
1786500535182 1.2253739163279533 4558
1786500537766 1.1886228770017624 4559
1786500540347 1.184198759496212 4560
1786500542927 1.2140801548957825 4561
1786500545508 1.209638811647892 4562
1786500548087 1.1965970993041992 4563
1786500550666 1.1945376172661781 4564
1786500553246 1.1992747858166695 4565
1786500555827 1.2045314237475395 4566
1786500558407 1.219032347202301 4567
1786500560989 1.1807614043354988 4568
1786500563570 1.205926813185215 4569
1786500566150 1.1801036149263382 4570
1786500568729 1.2322499305009842 4571
1786500571310 1.2299799695611 4572
1786500573890 1.1951547488570213 4573
1786500576469 1.1928130313754082 4574
1786500579052 1.1830413937568665 4575
1786500581634 1.207276925444603 4576
1786500584214 1.2058306112885475 4577
1786500586793 1.199389100074768 4578
1786500589372 1.2262142971158028 4579
1786500591956 1.201732024550438 4580
1786500594544 1.1798945665359497 4581
1786500597134 1.1870347782969475 4582
1786500599718 1.2075256183743477 4583
1786500602302 1.1980010345578194 4584
1786500604886 1.1863787397742271 4585
1786500607471 1.2273062318563461 4586
1786500610055 1.194148376584053 4587
1786500612641 1.1723659932613373 4588
1786500615225 1.2050351798534393 4589
1786500617808 1.2143132537603378 4590
1786500620392 1.1807968616485596 4591
1786500622974 1.200994834303856 4592
1786500625555 1.210549734532833 4593
1786500628137 1.213264063000679 4594
1786500630718 1.2118807211518288 4595
1786500633299 1.212723046541214 4596
1786500635881 1.1804744601249695 4597
1786500638463 1.200571596622467 4598
1786500641045 1.1931171342730522 4599
1786500643627 1.1962370723485947 4600
1786500646212 1.1988207176327705 4601
1786500648795 1.183163471519947 4602
1786500651378 1.1998119205236435 4603
1786500653959 1.1752764731645584 4604
1786500656540 1.1666375175118446 4605
1786500659122 1.2018555998802185 4606
1786500661704 1.1725741252303123 4607
1786500664287 1.2042460888624191 4608
1786500666869 1.2224218919873238 4609
1786500669451 1.2086481004953384 4610
1786500672035 1.200148232281208 4611
1786500674617 1.1583205312490463 4612
1786500677198 1.2008726671338081 4613
1786500679779 1.21836256980896 4614
1786500682361 1.1955281794071198 4615
1786500684943 1.1910759434103966 4616
1786500687526 1.2041289582848549 4617
1786500690108 1.2221371531486511 4618
1786500692690 1.1739530712366104 4619
1786500695272 1.1768684536218643 4620
1786500697855 1.185273490846157 4621
1786500700437 1.2176082357764244 4622
1786500703019 1.2061362117528915 4623
1786500705600 1.226433426141739 4624
1786500708180 1.2005490735173225 4625
1786500710764 1.1915025413036346 4626
1786500713351 1.2112365365028381 4627
1786500715932 1.193465068936348 4628
1786500718516 1.2040181010961533 4629
1786500721100 1.171584703028202 4630
1786500723682 1.1976481303572655 4631
1786500726265 1.2098896875977516 4632
1786500728848 1.2025696486234665 4633
1786500731432 1.1690609380602837 4634
1786500734019 1.1898380815982819 4635
1786500736601 1.2107685878872871 4636
1786500739184 1.186492569744587 4637
1786500741767 1.192578986287117 4638
1786500744351 1.1976753175258636 4639
1786500746934 1.1957989558577538 4640
1786500749517 1.2028809636831284 4641
1786500752099 1.2056574374437332 4642
1786500754681 1.212153121829033 4643
1786500757263 1.2153227478265762 4644
1786500759847 1.2105419635772705 4645
1786500762434 1.183930478990078 4646
1786500765019 1.1922955885529518 4647
1786500767603 1.1972225308418274 4648
1786500770188 1.1773699074983597 4649
1786500772768 1.2053409442305565 4650
1786500775353 1.2092602029442787 4651
1786500777935 1.2220348194241524 4652
1786500780516 1.2339545339345932 4653
1786500783098 1.1928300708532333 4654
1786500785681 1.2003219947218895 4655
1786500788264 1.168943740427494 4656
1786500790849 1.172811672091484 4657
1786500793431 1.1940848380327225 4658
1786500796011 1.1685773879289627 4659
1786500798593 1.185913547873497 4660
1786500801176 1.206403486430645 4661
1786500803758 1.1950309202075005 4662
1786500806342 1.1729222163558006 4663
1786500808925 1.1813440173864365 4664
1786500811508 1.2072955444455147 4665
1786500814091 1.1897057965397835 4666
1786500816673 1.1963098794221878 4667
1786500819254 1.1937636360526085 4668
1786500821835 1.1813479959964752 4669
1786500824418 1.1700073555111885 4670
1786500827001 1.186609297990799 4671
1786500829583 1.1843331679701805 4672
1786500832166 1.220456026494503 4673
1786500834750 1.194896936416626 4674
1786500837333 1.2116507068276405 4675
1786500839916 1.212126761674881 4676
1786500842499 1.180977314710617 4677
1786500845081 1.1776440143585205 4678
1786500847666 1.190258003771305 4679
1786500850249 1.196652963757515 4680
1786500852831 1.2050646170973778 4681
1786500855414 1.2050130143761635 4682
1786500857996 1.211575485765934 4683
1786500860580 1.200915515422821 4684
1786500863163 1.2033064514398575 4685
1786500865747 1.1905601099133492 4686
1786500868330 1.1846980899572372 4687
1786500870913 1.2011320441961288 4688
1786500873494 1.2016449645161629 4689
1786500876075 1.173446498811245 4690
1786500878657 1.184600606560707 4691
1786500881242 1.1902902200818062 4692
1786500883825 1.194125197827816 4693
1786500886407 1.1859430596232414 4694
1786500888989 1.1895056888461113 4695
1786500891575 1.178897649049759 4696
1786500894162 1.1827654093503952 4697
1786500896747 1.2052870765328407 4698
1786500899330 1.1851751208305359 4699
1786500901912 1.1841007471084595 4700
1786500904496 1.2029735371470451 4701
1786500907090 1.2134074866771698 4702
1786500909671 1.2121985852718353 4703
1786500912254 1.1975949928164482 4704
1786500914836 1.2015460580587387 4705
1786500917419 1.1936520263552666 4706
1786500920002 1.1940147578716278 4707
1786500922589 1.1853162199258804 4708
1786500925172 1.200527399778366 4709
1786500927754 1.2032609954476357 4710
1786500930338 1.180855430662632 4711
1786500932926 1.234517216682434 4712
1786500935510 1.1972891688346863 4713
1786500938094 1.195394054055214 4714
1786500940672 1.191932812333107 4715
1786500943248 1.214085191488266 4716
1786500945826 1.196275681257248 4717
1786500948403 1.2017280086874962 4718
1786500950980 1.1857499554753304 4719
1786500953560 1.2034983038902283 4720
1786500956139 1.199394904077053 4721
1786500958716 1.2032610476016998 4722
1786500961294 1.20865548402071 4723
1786500963877 1.2038258090615273 4724
1786500966455 1.1886768490076065 4725
1786500969035 1.2034830003976822 4726
1786500971618 1.2012390941381454 4727
1786500974205 1.2000516057014465 4728
1786500976787 1.1932899951934814 4729
1786500979369 1.1765778735280037 4730
1786500981951 1.1841318309307098 4731
1786500984533 1.2054395228624344 4732
1786500987115 1.1875994428992271 4733
1786500989696 1.201641246676445 4734
1786500992277 1.1943607181310654 4735
1786500994859 1.1783845350146294 4736
1786500997441 1.205804355442524 4737
1786501000022 1.224110834300518 4738
1786501002605 1.1843717843294144 4739
1786501005186 1.1625171527266502 4740
1786501007767 1.218872308731079 4741
1786501010350 1.2086991220712662 4742
1786501012932 1.1959208846092224 4743
1786501015509 1.196005918085575 4744
1786501018090 1.205165944993496 4745
1786501020671 1.1960480585694313 4746
1786501023254 1.1896417140960693 4747
1786501025835 1.1821455359458923 4748
1786501028417 1.2149505987763405 4749
1786501030999 1.181040182709694 4750
1786501033580 1.2249563559889793 4751
1786501036162 1.1905844956636429 4752
1786501038743 1.1969334557652473 4753
1786501041323 1.2115561738610268 4754
1786501043905 1.1893853768706322 4755
1786501046486 1.198634885251522 4756
1786501049067 1.1860798671841621 4757
1786501051648 1.1905725449323654 4758
1786501054229 1.198712781071663 4759
1786501056810 1.1996315717697144 4760
1786501059392 1.1819813400506973 4761
1786501061975 1.178397350013256 4762
1786501064556 1.184837467968464 4763
1786501067139 1.1734346896409988 4764
1786501069722 1.1915985494852066 4765
1786501072306 1.2015912979841232 4766
1786501074888 1.1857760697603226 4767
1786501077472 1.1877541542053223 4768
1786501080058 1.1547225564718246 4769
1786501082643 1.1988410502672195 4770
1786501085229 1.1890567392110825 4771
1786501087814 1.201996810734272 4772
1786501090396 1.188939668238163 4773
1786501092980 1.2166112884879112 4774
1786501095566 1.187505565583706 4775
1786501098147 1.2280100211501122 4776
1786501100727 1.1708489060401917 4777
1786501103309 1.2075390443205833 4778
1786501105890 1.2049093693494797 4779
1786501108472 1.1709180101752281 4780
1786501111053 1.1882468685507774 4781
1786501113634 1.2097424566745758 4782
1786501116217 1.1740042194724083 4783
1786501118798 1.1897669211030006 4784
1786501121380 1.2188877761363983 4785
1786501123961 1.1930693536996841 4786
1786501126542 1.1959131062030792 4787
1786501129125 1.1885119304060936 4788
1786501131706 1.2096085250377655 4789
1786501134287 1.2082736864686012 4790
1786501136868 1.19462488591671 4791
1786501139449 1.20407085865736 4792
1786501142030 1.1782191023230553 4793
1786501144611 1.1880963519215584 4794
1786501147192 1.1799422577023506 4795
1786501149773 1.1847413629293442 4796
1786501152355 1.2002356424927711 4797
1786501154941 1.1781066618859768 4798
1786501157524 1.1767009794712067 4799
1786501160108 1.1889178082346916 4800
1786501162690 1.218072049319744 4801
1786501165272 1.1806225180625916 4802
1786501167854 1.2011713981628418 4803
1786501170439 1.2003654837608337 4804
1786501173023 1.1957834735512733 4805
1786501175607 1.173452541232109 4806
1786501178190 1.218817114830017 4807
1786501180774 1.1977484226226807 4808
1786501183357 1.1852054595947266 4809
1786501185938 1.1760176047682762 4810
1786501188520 1.173985205590725 4811
1786501191104 1.183260254561901 4812
1786501193689 1.1823558658361435 4813
1786501196274 1.183241680264473 4814
1786501198856 1.2029405757784843 4815
1786501201440 1.1647078767418861 4816
1786501204023 1.161143496632576 4817
1786501206605 1.2039538398385048 4818
1786501209189 1.1792193353176117 4819
1786501211772 1.1649765633046627 4820
1786501214355 1.18244057148695 4821
1786501216938 1.2005766928195953 4822
1786501219523 1.2066542878746986 4823
1786501222106 1.1809852495789528 4824
1786501224687 1.198344111442566 4825
1786501227275 1.174363173544407 4826
1786501229858 1.2260831743478775 4827
1786501232440 1.1770537495613098 4828
1786501235022 1.18773602694273 4829
1786501237604 1.2045670449733734 4830
1786501240187 1.1948444247245789 4831
1786501242772 1.1702294945716858 4832
1786501245353 1.1787413731217384 4833
1786501247936 1.1907289698719978 4834
1786501250517 1.1863468289375305 4835
1786501253099 1.2158621326088905 4836
1786501255680 1.1899913474917412 4837
1786501258263 1.1885312348604202 4838
1786501260844 1.2114525064826012 4839
1786501263428 1.1937840357422829 4840
1786501266011 1.1698646396398544 4841
1786501268593 1.18129912763834 4842
1786501271174 1.2118799164891243 4843
1786501273757 1.2004029750823975 4844
1786501276339 1.1887437775731087 4845
1786501278921 1.2247250005602837 4846
1786501281502 1.1951676830649376 4847
1786501284084 1.18023169785738 4848
1786501286669 1.1885616034269333 4849
1786501289251 1.2126275077462196 4850
1786501291829 1.1946379765868187 4851
1786501294410 1.171516515314579 4852
1786501296995 1.1859122887253761 4853
1786501299579 1.1862461864948273 4854
1786501302160 1.1739269867539406 4855
1786501304741 1.1919072642922401 4856
1786501307324 1.1918161064386368 4857
1786501309908 1.1878189519047737 4858
1786501312492 1.2103249803185463 4859
1786501315075 1.1791732907295227 4860
1786501317662 1.206857942044735 4861
1786501320243 1.196822114288807 4862
1786501322821 1.1766690164804459 4863
1786501325401 1.1784259155392647 4864
1786501327979 1.195676825940609 4865
1786501330557 1.2080400064587593 4866
1786501333135 1.196547657251358 4867
1786501335712 1.2019575089216232 4868
1786501338289 1.1854673847556114 4869
1786501340868 1.195452094078064 4870
1786501343452 1.1913741305470467 4871
1786501346039 1.1630222350358963 4872
1786501348622 1.1749800965189934 4873
1786501351204 1.1994005218148232 4874
1786501353789 1.1973919346928596 4875
1786501356372 1.1889679580926895 4876
1786501358956 1.1847026571631432 4877
1786501361538 1.1987811177968979 4878
1786501364122 1.204736165702343 4879
1786501366705 1.1908408403396606 4880
1786501369289 1.1877013444900513 4881
1786501371870 1.194391056895256 4882
1786501374449 1.2017036229372025 4883
1786501377026 1.1740713268518448 4884
1786501379602 1.1892341449856758 4885
1786501382178 1.201840579509735 4886
1786501384755 1.198453962802887 4887
1786501387335 1.1815692856907845 4888
1786501389916 1.2102770581841469 4889
1786501392496 1.204156257212162 4890
1786501395075 1.171118326485157 4891
1786501397656 1.1690315380692482 4892
1786501400237 1.182737909257412 4893
1786501402817 1.1935375928878784 4894
1786501405398 1.1910821422934532 4895
1786501407979 1.185864843428135 4896
1786501410559 1.1945585533976555 4897
1786501413140 1.1820452883839607 4898
1786501415721 1.1819032430648804 4899
1786501418302 1.1996027156710625 4900
1786501420885 1.1888634115457535 4901
1786501423468 1.1843395456671715 4902
1786501426051 1.1950951963663101 4903
1786501428634 1.1953207924962044 4904
1786501431216 1.1734333261847496 4905
1786501433797 1.1664287149906158 4906
1786501436377 1.180676393210888 4907
1786501438958 1.2102835029363632 4908
1786501441539 1.182166300714016 4909
1786501444119 1.2026036754250526 4910
1786501446700 1.194199189543724 4911
1786501449282 1.1859856396913528 4912
1786501451863 1.1894106045365334 4913
1786501454444 1.1922743394970894 4914
1786501457030 1.2006646394729614 4915
1786501459612 1.1862797811627388 4916
1786501462192 1.181813232600689 4917
1786501464773 1.1888354793190956 4918
1786501467355 1.1535033211112022 4919
1786501469945 1.1930780708789825 4920
1786501472534 1.2034012600779533 4921
1786501475124 1.198248527944088 4922
1786501477710 1.1995033398270607 4923
1786501480293 1.1991554945707321 4924
1786501482876 1.1869904845952988 4925
1786501485460 1.207087181508541 4926
1786501488043 1.18985203653574 4927
1786501490626 1.1874165683984756 4928
1786501493209 1.2094268053770065 4929
1786501495793 1.1574189737439156 4930
1786501498377 1.1755759865045547 4931
1786501500960 1.200986586511135 4932
1786501503543 1.1833049207925797 4933
1786501506126 1.1997935697436333 4934
1786501508712 1.1770681142807007 4935
1786501511296 1.2066389173269272 4936
1786501513881 1.1823214888572693 4937
1786501516464 1.2066311165690422 4938
1786501519047 1.1828574910759926 4939
1786501521634 1.1752363070845604 4940
1786501524221 1.1809732392430305 4941
1786501526803 1.205665647983551 4942
1786501529387 1.1957390904426575 4943
1786501531974 1.1760013550519943 4944
1786501534563 1.1957260593771935 4945
1786501537151 1.1935001388192177 4946
1786501539738 1.1733134761452675 4947
1786501542329 1.2083183228969574 4948
1786501544918 1.197945810854435 4949
1786501547507 1.2024407088756561 4950
1786501550095 1.2040827795863152 4951
1786501552686 1.2052432298660278 4952
1786501555272 1.178235985338688 4953
1786501557861 1.1955873593688011 4954
1786501560447 1.1675902754068375 4955
1786501563030 1.2009603455662727 4956
1786501565610 1.1821042820811272 4957
1786501568188 1.1881023794412613 4958
1786501570767 1.1612726747989655 4959
1786501573352 1.1851188689470291 4960
1786501575934 1.2116836085915565 4961
1786501578513 1.2038744166493416 4962
1786501581095 1.1522537842392921 4963
1786501583675 1.2047449499368668 4964
1786501586255 1.202273853123188 4965
1786501588837 1.1968732178211212 4966
1786501591420 1.1697845831513405 4967
1786501594003 1.200716882944107 4968
1786501596585 1.1968696638941765 4969
1786501599169 1.173489049077034 4970
1786501601758 1.194903925061226 4971
1786501604344 1.199700653553009 4972
1786501606927 1.176952488720417 4973
1786501609511 1.1740114763379097 4974
1786501612098 1.207379087805748 4975
1786501614689 1.196113407611847 4976
1786501617277 1.186882607638836 4977
1786501619867 1.1629209779202938 4978
1786501622457 1.1863039135932922 4979
1786501625046 1.1967845931649208 4980
1786501627635 1.185703918337822 4981
1786501630224 1.1654259786009789 4982
1786501632813 1.1796085759997368 4983
1786501635401 1.1856585517525673 4984
1786501637990 1.1746358945965767 4985
1786501640582 1.1805896237492561 4986
1786501643172 1.2017983049154282 4987
1786501645760 1.1819925159215927 4988
1786501648348 1.1967336758971214 4989
1786501650938 1.1769304275512695 4990
1786501653531 1.1981010437011719 4991
1786501656127 1.1998476758599281 4992
1786501658713 1.2104960680007935 4993
1786501661296 1.1937616541981697 4994
1786501663879 1.2060593366622925 4995
1786501666462 1.1796291023492813 4996
1786501669047 1.2192079573869705 4997
1786501671635 1.2149489969015121 4998
1786501674219 1.172483168542385 4999
1786501678183 1.179982714354992 5000
1786501680764 1.177417866885662 5001
1786501683344 1.1863550022244453 5002
1786501685927 1.2014137133955956 5003
1786501688506 1.1856169924139977 5004
1786501691087 1.192600965499878 5005
1786501693671 1.1726800799369812 5006
1786501696254 1.1834382861852646 5007
1786501698836 1.1856748461723328 5008
1786501701421 1.1742897182703018 5009
1786501704006 1.1796327084302902 5010
1786501706594 1.202966369688511 5011
1786501709187 1.1679516807198524 5012
1786501711775 1.197960041463375 5013
1786501714367 1.1854062601923943 5014
1786501716958 1.2124770060181618 5015
1786501719549 1.2005950435996056 5016
1786501722138 1.1873149499297142 5017
1786501724728 1.1876742094755173 5018
1786501727318 1.1936732158064842 5019
1786501729910 1.175731360912323 5020
1786501732501 1.1850167959928513 5021
1786501735089 1.1771281063556671 5022
1786501737681 1.2078015804290771 5023
1786501740275 1.1820102259516716 5024
1786501742866 1.1742968261241913 5025
1786501745450 1.185133084654808 5026
1786501748029 1.1703803539276123 5027
1786501750606 1.1645249128341675 5028
1786501753185 1.1706372573971748 5029
1786501755763 1.1863182485103607 5030
1786501758340 1.1801111623644829 5031
1786501760918 1.2005597203969955 5032
1786501763495 1.1735082566738129 5033
1786501766071 1.1886832937598228 5034
1786501768648 1.1767660975456238 5035
1786501771225 1.188642978668213 5036
1786501773802 1.2130516022443771 5037
1786501776380 1.1878879219293594 5038
1786501778961 1.1821274757385254 5039
1786501781544 1.2020787373185158 5040
1786501784131 1.171775259077549 5041
1786501786713 1.1765108183026314 5042
1786501789294 1.202917329967022 5043
1786501791880 1.1646371185779572 5044
1786501794464 1.1998827457427979 5045
1786501797050 1.189725585281849 5046
1786501799635 1.1540981829166412 5047
1786501802223 1.1639496684074402 5048
1786501804812 1.1850567236542702 5049
1786501807412 1.168223150074482 5050
1786501810001 1.1852688789367676 5051
1786501812590 1.1819175630807877 5052
1786501815179 1.196264572441578 5053
1786501817769 1.2073656395077705 5054
1786501820359 1.2049015909433365 5055
1786501822947 1.175682671368122 5056
1786501825535 1.1802673637866974 5057
1786501828124 1.1701373681426048 5058
1786501830712 1.1838444918394089 5059
1786501833300 1.1959412172436714 5060
1786501835881 1.1608402356505394 5061
1786501838464 1.1910705789923668 5062
1786501841050 1.175724059343338 5063
1786501843633 1.1888580843806267 5064
1786501846216 1.1852363497018814 5065
1786501848799 1.1973929926753044 5066
1786501851386 1.172794170677662 5067
1786501853971 1.1813255622982979 5068
1786501856554 1.1958843991160393 5069
1786501859136 1.1768435835838318 5070
1786501861716 1.191418118774891 5071
1786501864301 1.1902361810207367 5072
1786501866885 1.2159206792712212 5073
1786501869466 1.1812421679496765 5074
1786501872047 1.1796607673168182 5075
1786501874632 1.2116283178329468 5076
1786501877227 1.1834706515073776 5077
1786501879823 1.1981068029999733 5078
1786501882415 1.196893386542797 5079
1786501885002 1.1756928265094757 5080
1786501887589 1.1930861547589302 5081
1786501890178 1.1788886189460754 5082
1786501892766 1.1848842278122902 5083
1786501895357 1.1898588687181473 5084
1786501897945 1.1579078137874603 5085
1786501900533 1.1926668882369995 5086
1786501903121 1.1974802240729332 5087
1786501905709 1.1767993867397308 5088
1786501908299 1.1810373067855835 5089
1786501910885 1.2073671743273735 5090
1786501913473 1.189893290400505 5091
1786501916062 1.1869801729917526 5092
1786501918649 1.208027645945549 5093
1786501921238 1.1603623181581497 5094
1786501923826 1.1839350461959839 5095
1786501926415 1.1707380712032318 5096
1786501929005 1.1839778423309326 5097
1786501931592 1.1853288561105728 5098
1786501934174 1.1819238066673279 5099
1786501936756 1.19258501380682 5100
1786501939342 1.179106205701828 5101
1786501941925 1.1982704773545265 5102
1786501944516 1.180142067372799 5103
1786501947096 1.1720894128084183 5104
1786501949684 1.1810724288225174 5105
1786501952273 1.1915261894464493 5106
1786501954859 1.2014798447489738 5107
1786501957446 1.1963050216436386 5108
1786501960030 1.2054064571857452 5109
1786501962612 1.1641437038779259 5110
1786501965196 1.2006150633096695 5111
1786501967777 1.1849512830376625 5112
1786501970359 1.184313841164112 5113
1786501972944 1.1958641707897186 5114
1786501975532 1.1858345195651054 5115
1786501978113 1.2212306559085846 5116
1786501980695 1.202241413295269 5117
1786501983282 1.1907973140478134 5118
1786501985866 1.1846971660852432 5119
1786501988449 1.1762706339359283 5120
1786501991037 1.1865794956684113 5121
1786501993626 1.1847302243113518 5122
1786501996214 1.1995401978492737 5123
1786501998801 1.1900966614484787 5124
1786502001389 1.1983497440814972 5125
1786502003977 1.1763457283377647 5126
1786502006565 1.187988929450512 5127
1786502009152 1.2147690579295158 5128
1786502011737 1.1885026693344116 5129
1786502014322 1.219512328505516 5130
1786502016904 1.1770375818014145 5131
1786502019486 1.1854614689946175 5132
1786502022071 1.1783668175339699 5133
1786502024653 1.1647872477769852 5134
1786502027235 1.197695791721344 5135
1786502029817 1.1874442100524902 5136
1786502032400 1.1792473793029785 5137
1786502034983 1.1684707775712013 5138
1786502037564 1.1830637156963348 5139
1786502040140 1.1915940567851067 5140
1786502042716 1.1883619353175163 5141
1786502045293 1.1755595803260803 5142
1786502047872 1.1627680510282516 5143
1786502050447 1.1914767622947693 5144
1786502053027 1.1597326174378395 5145
1786502055603 1.1965139359235764 5146
1786502058179 1.1998099759221077 5147
1786502060760 1.185040406882763 5148
1786502063337 1.2028585597872734 5149
1786502065914 1.1845939382910728 5150
1786502068491 1.1942967027425766 5151
1786502071068 1.1756231561303139 5152
1786502073646 1.1845100969076157 5153
1786502076223 1.1909455060958862 5154
1786502078808 1.18427025526762 5155
1786502081391 1.1833220645785332 5156
1786502083977 1.1816558688879013 5157
1786502086558 1.1860134080052376 5158
1786502089140 1.1989910006523132 5159
1786502091723 1.1925115659832954 5160
1786502094307 1.198439121246338 5161
1786502096891 1.2049429193139076 5162
1786502099477 1.172022819519043 5163
1786502102066 1.1870905458927155 5164
1786502104654 1.1676761507987976 5165
1786502107240 1.191595308482647 5166
1786502109822 1.1777031794190407 5167
1786502112405 1.2004235610365868 5168
1786502114990 1.1801772937178612 5169
1786502117577 1.206045351922512 5170
1786502120170 1.1872395873069763 5171
1786502122760 1.2027221322059631 5172
1786502125348 1.1713847070932388 5173
1786502127938 1.1756134405732155 5174
1786502130521 1.180585466325283 5175
1786502133104 1.177013948559761 5176
1786502135685 1.1989628821611404 5177
1786502138266 1.1658443808555603 5178
1786502140848 1.1792835220694542 5179
1786502143429 1.1722456365823746 5180
1786502146012 1.196339599788189 5181
1786502148594 1.2043489888310432 5182
1786502151175 1.1933154240250587 5183
1786502153756 1.1902533546090126 5184
1786502156340 1.1773398742079735 5185
1786502158918 1.2011998444795609 5186
1786502161494 1.1964690014719963 5187
1786502164071 1.2105847597122192 5188
1786502166648 1.1570747941732407 5189
1786502169225 1.1912783980369568 5190
1786502171802 1.1619244515895844 5191
1786502174377 1.1963099092245102 5192
1786502176957 1.1685137152671814 5193
1786502179540 1.1903406158089638 5194
1786502182124 1.1890805810689926 5195
1786502184704 1.1819427236914635 5196
1786502187288 1.1732249036431313 5197
1786502189873 1.1901215016841888 5198
1786502192458 1.1873657703399658 5199
1786502195044 1.1955165714025497 5200
1786502197631 1.1912922784686089 5201
1786502200215 1.2075073197484016 5202
1786502202799 1.1919382214546204 5203
1786502205380 1.1715054586529732 5204
1786502207964 1.1823394522070885 5205
1786502210553 1.1583259254693985 5206
1786502213138 1.1940611451864243 5207
1786502215722 1.1701942533254623 5208
1786502218306 1.2032588049769402 5209
1786502220891 1.1803357750177383 5210
1786502223476 1.191995546221733 5211
1786502226062 1.1779488250613213 5212
1786502228643 1.1892715021967888 5213
1786502231224 1.1828535795211792 5214
1786502233805 1.18079674243927 5215
1786502236386 1.1820341721177101 5216
1786502238968 1.1663316190242767 5217
1786502241548 1.1801041141152382 5218
1786502244128 1.163777343928814 5219
1786502246709 1.172921560704708 5220
1786502249288 1.1812397241592407 5221
1786502251868 1.150830663740635 5222
1786502254449 1.1709932535886765 5223
1786502257030 1.203641377389431 5224
1786502259610 1.1867292150855064 5225
1786502262192 1.197843737900257 5226
1786502264774 1.1786152124404907 5227
1786502267357 1.1796107217669487 5228
1786502269938 1.1835086271166801 5229
1786502272515 1.169561468064785 5230
1786502275093 1.201952338218689 5231
1786502277677 1.1804999113082886 5232
1786502280258 1.1801085993647575 5233
1786502282838 1.1686572209000587 5234
1786502285420 1.180775061249733 5235
1786502288006 1.1675315499305725 5236
1786502290593 1.1981309801340103 5237
1786502293180 1.212717354297638 5238
1786502295769 1.1886169761419296 5239
1786502298353 1.2078541964292526 5240
1786502300932 1.1738768368959427 5241
1786502303511 1.1857839450240135 5242
1786502306093 1.1835251078009605 5243
1786502308685 1.2104532122612 5244
1786502311274 1.1952961757779121 5245
1786502313868 1.182880386710167 5246
1786502316456 1.171969510614872 5247
1786502319045 1.1811190247535706 5248
1786502321634 1.1810086220502853 5249
1786502324223 1.1981001794338226 5250
1786502326812 1.1764794811606407 5251
1786502329400 1.1987514197826385 5252
1786502331987 1.1980889067053795 5253
1786502334574 1.1621962264180183 5254
1786502337162 1.1858126781880856 5255
1786502339752 1.1771343871951103 5256
1786502342340 1.1793900951743126 5257
1786502344934 1.1843771189451218 5258
1786502347523 1.1785650849342346 5259
1786502350116 1.2018257901072502 5260
1786502352707 1.1852390468120575 5261
1786502355295 1.1855335533618927 5262
1786502357883 1.171943724155426 5263
1786502360472 1.1689282208681107 5264
1786502363061 1.2151783183217049 5265
1786502365648 1.215293325483799 5266
1786502368232 1.171926274895668 5267
1786502370826 1.2009959518909454 5268
1786502373416 1.1743954047560692 5269
1786502376001 1.1824855953454971 5270
1786502378584 1.1900492757558823 5271
1786502381165 1.1760270074009895 5272
1786502383745 1.1606853231787682 5273
1786502386326 1.207670122385025 5274
1786502388906 1.1893596276640892 5275
1786502391485 1.1888694018125534 5276
1786502394067 1.2040428221225739 5277
1786502396651 1.1725403144955635 5278
1786502399235 1.1460744813084602 5279
1786502401817 1.1636271700263023 5280
1786502404398 1.173118531703949 5281
1786502406979 1.1665329709649086 5282
1786502409561 1.171521820127964 5283
1786502412144 1.1802068874239922 5284
1786502414732 1.1877780109643936 5285
1786502417317 1.188783474266529 5286
1786502419898 1.1625909879803658 5287
1786502422479 1.1924105286598206 5288
1786502425060 1.1643806844949722 5289
1786502427641 1.153578259050846 5290
1786502430228 1.1675603315234184 5291
1786502432815 1.178134098649025 5292
1786502435402 1.1635275930166245 5293
1786502437990 1.1734746098518372 5294
1786502440577 1.179417684674263 5295
1786502443166 1.1753910332918167 5296
1786502445751 1.1874558255076408 5297
1786502448338 1.21120685338974 5298
1786502450928 1.1933749839663506 5299
1786502453518 1.1855336651206017 5300
1786502456106 1.180953860282898 5301
1786502458694 1.203424334526062 5302
1786502461282 1.1558030769228935 5303
1786502463872 1.1831589043140411 5304
1786502466463 1.1627221927046776 5305
1786502469050 1.2014993652701378 5306
1786502471637 1.1760386750102043 5307
1786502474225 1.2003604397177696 5308
1786502476815 1.1850169077515602 5309
1786502479404 1.1730988547205925 5310
1786502481992 1.1609867587685585 5311
1786502484574 1.1762544438242912 5312
1786502487153 1.1832391172647476 5313
1786502489733 1.195944905281067 5314
1786502492322 1.1785119846463203 5315
1786502494911 1.1729272603988647 5316
1786502497500 1.1805033534765244 5317
1786502500083 1.1848067343235016 5318
1786502502667 1.180816076695919 5319
1786502505251 1.1929072439670563 5320
1786502507832 1.204830527305603 5321
1786502510413 1.201661042869091 5322
1786502512990 1.1561940908432007 5323
1786502515574 1.1639160737395287 5324
1786502518157 1.1783313229680061 5325
1786502520740 1.169215127825737 5326
1786502523321 1.1658502891659737 5327
1786502525902 1.1492871046066284 5328
1786502528483 1.153426632285118 5329
1786502531064 1.1784370094537735 5330
1786502533644 1.1803374961018562 5331
1786502536223 1.1840740069746971 5332
1786502538803 1.1742065325379372 5333
1786502541383 1.2042377144098282 5334
1786502543965 1.1767587289214134 5335
1786502546546 1.1805524677038193 5336
1786502549127 1.17584777623415 5337
1786502551712 1.166982114315033 5338
1786502554300 1.1821312382817268 5339
1786502556890 1.1682940945029259 5340
1786502559478 1.1753697246313095 5341
1786502562062 1.1889474540948868 5342
1786502564648 1.1959159150719643 5343
1786502567235 1.1971262842416763 5344
1786502569822 1.20625838637352 5345
1786502572414 1.164117693901062 5346
1786502575003 1.17956081032753 5347
1786502577591 1.1909602507948875 5348
1786502580179 1.194235660135746 5349
1786502582766 1.1966925486922264 5350
1786502585356 1.1715047061443329 5351
1786502587945 1.1734493896365166 5352
1786502590530 1.182006150484085 5353
1786502593114 1.1631547436118126 5354
1786502595702 1.1849394664168358 5355
1786502598290 1.1760959774255753 5356
1786502600877 1.1975655928254128 5357
1786502603462 1.1692721545696259 5358
1786502606043 1.178521916270256 5359
1786502608634 1.1818833947181702 5360
1786502611217 1.1783969327807426 5361
1786502613805 1.1950531750917435 5362
1786502616389 1.170191191136837 5363
1786502618970 1.1801692247390747 5364
1786502621553 1.1896020099520683 5365
1786502624135 1.1698761507868767 5366
1786502626714 1.1994908973574638 5367
1786502629295 1.1822147369384766 5368
1786502631878 1.1927337273955345 5369
1786502634460 1.171109564602375 5370
1786502637044 1.1740897819399834 5371
1786502639624 1.1819500550627708 5372
1786502642210 1.1974230483174324 5373
1786502644796 1.1566277369856834 5374
1786502647384 1.1935848742723465 5375
1786502649971 1.1635783985257149 5376
1786502652558 1.1731863543391228 5377
1786502655145 1.1849131062626839 5378
1786502657736 1.1629164442420006 5379
1786502660323 1.1827050745487213 5380
1786502662910 1.196798637509346 5381
1786502665498 1.1899273842573166 5382
1786502668079 1.1727030128240585 5383
1786502670663 1.184330627322197 5384
1786502673249 1.194488413631916 5385
1786502675837 1.159268282353878 5386
1786502678425 1.176793061196804 5387
1786502681011 1.2053757533431053 5388
1786502683597 1.1806399896740913 5389
1786502686182 1.190996415913105 5390
1786502688767 1.1727337390184402 5391
1786502691355 1.197419449687004 5392
1786502693940 1.1567911580204964 5393
1786502696528 1.183181717991829 5394
1786502699116 1.1797569617629051 5395
1786502701702 1.1746150702238083 5396
1786502704291 1.1872463673353195 5397
1786502706884 1.171349175274372 5398
1786502709475 1.1867771670222282 5399
1786502712062 1.1717797592282295 5400
1786502714644 1.1981635242700577 5401
1786502717224 1.1696432158350945 5402
1786502719805 1.191716730594635 5403
1786502722385 1.173647254705429 5404
1786502724968 1.1827619522809982 5405
1786502727549 1.175573043525219 5406
1786502730130 1.1682534292340279 5407
1786502732711 1.1895448341965675 5408
1786502735292 1.1904046311974525 5409
1786502737876 1.1846930608153343 5410
1786502740457 1.18514983355999 5411
1786502743037 1.185890294611454 5412
1786502745617 1.1785852760076523 5413
1786502748197 1.168917253613472 5414
1786502750780 1.1917877197265625 5415
1786502753363 1.1872164011001587 5416
1786502755944 1.1799070984125137 5417
1786502758528 1.1710760220885277 5418
1786502761113 1.187544770538807 5419
1786502763701 1.1825420558452606 5420
1786502766287 1.1824709475040436 5421
1786502768874 1.1899116486310959 5422
1786502771464 1.193589948117733 5423
1786502774056 1.1927399262785912 5424
1786502776644 1.181911587715149 5425
1786502779232 1.2084873914718628 5426
1786502781820 1.1900267601013184 5427
1786502784407 1.1873306185007095 5428
1786502786995 1.1850461959838867 5429
1786502789582 1.1920315325260162 5430
1786502792170 1.204698070883751 5431
1786502794758 1.158174380660057 5432
1786502797345 1.1887922957539558 5433
1786502799935 1.1754135861992836 5434
1786502802527 1.1774163395166397 5435
1786502805116 1.1750881150364876 5436
1786502807703 1.1640239208936691 5437
1786502810292 1.1823912560939789 5438
1786502812880 1.1851255372166634 5439
1786502815469 1.1646645590662956 5440
1786502818057 1.1835158988833427 5441
1786502820644 1.1639764457941055 5442
1786502823232 1.172188550233841 5443
1786502825821 1.1703958362340927 5444
1786502828409 1.1773520410060883 5445
1786502830997 1.1662119328975677 5446
1786502833586 1.1758387014269829 5447
1786502836172 1.1592869311571121 5448
1786502838761 1.1982735842466354 5449
1786502841347 1.1684963405132294 5450
1786502843934 1.1838111504912376 5451
1786502846521 1.1534719988703728 5452
1786502849107 1.2016147002577782 5453
1786502851694 1.1743665784597397 5454
1786502854280 1.1797601208090782 5455
1786502856867 1.1881262511014938 5456
1786502859456 1.174108125269413 5457
1786502862049 1.182635821402073 5458
1786502864636 1.1764590740203857 5459
1786502867225 1.1364231184124947 5460
1786502869812 1.1832888945937157 5461
1786502872397 1.1735427975654602 5462
1786502874978 1.1743719428777695 5463
1786502877559 1.1788333132863045 5464
1786502880139 1.2106978669762611 5465
1786502882720 1.1836111322045326 5466
1786502885300 1.195209562778473 5467
1786502887882 1.203825868666172 5468
1786502890464 1.1750060319900513 5469
1786502893046 1.1907022595405579 5470
1786502895628 1.1777213141322136 5471
1786502898209 1.1917611807584763 5472
1786502900790 1.177611991763115 5473
1786502903371 1.1821541115641594 5474
1786502905952 1.1775979176163673 5475
1786502908532 1.1809454336762428 5476
1786502911112 1.1941166445612907 5477
1786502913693 1.18008141964674 5478
1786502916275 1.1837574541568756 5479
1786502918856 1.1653549820184708 5480
1786502921437 1.2059321254491806 5481
1786502924019 1.1801798194646835 5482
1786502926600 1.1768465042114258 5483
1786502929183 1.1746069863438606 5484
1786502931764 1.2027613669633865 5485
1786502934345 1.1889265850186348 5486
1786502936929 1.17062758654356 5487
1786502939512 1.177182164043188 5488
1786502942095 1.162025235593319 5489
1786502944677 1.196518287062645 5490
1786502947258 1.1688461154699326 5491
1786502949843 1.1961788907647133 5492
1786502952425 1.1925521790981293 5493
1786502955006 1.154162883758545 5494
1786502957587 1.1721966713666916 5495
1786502960169 1.1965727806091309 5496
1786502962750 1.1791770458221436 5497
1786502965336 1.1819073632359505 5498
1786502967925 1.1790439039468765 5499
1786502971920 1.1766373738646507 5500
1786502974506 1.1489145085215569 5501
1786502977092 1.1871755048632622 5502
1786502979675 1.1924370229244232 5503
1786502982263 1.173316016793251 5504
1786502984854 1.18226920068264 5505
1786502987444 1.1676175370812416 5506
1786502990031 1.1796958819031715 5507
1786502992618 1.1809569895267487 5508
1786502995205 1.188225083053112 5509
1786502997792 1.1882809847593307 5510
1786503000379 1.1890424489974976 5511
1786503002968 1.1745809614658356 5512
1786503005554 1.1772967353463173 5513
1786503008141 1.1562267988920212 5514
1786503010729 1.1725746616721153 5515
1786503013316 1.1925085335969925 5516
1786503015904 1.1707143560051918 5517
1786503018490 1.1819756478071213 5518
1786503021077 1.177927389740944 5519
1786503023666 1.1836400255560875 5520
1786503026253 1.183734230697155 5521
1786503028839 1.164996288716793 5522
1786503031427 1.1884137615561485 5523
1786503034015 1.1608416214585304 5524
1786503036603 1.1851625069975853 5525
1786503039190 1.1534507498145103 5526
1786503041775 1.1615294069051743 5527
1786503044356 1.1801572740077972 5528
1786503046936 1.210630215704441 5529
1786503049517 1.1714414581656456 5530
1786503052097 1.1589516326785088 5531
1786503054679 1.165802575647831 5532
1786503057265 1.1797126233577728 5533
1786503059845 1.1802889555692673 5534
1786503062426 1.1644268333911896 5535
1786503065006 1.177068516612053 5536
1786503067587 1.1710862666368484 5537
1786503070167 1.1988395676016808 5538
1786503072748 1.184908851981163 5539
1786503075328 1.1874316334724426 5540
1786503077907 1.1964995115995407 5541
1786503080486 1.184488207101822 5542
1786503083069 1.1779046654701233 5543
1786503085649 1.1873940899968147 5544
1786503088228 1.1753776520490646 5545
1786503090813 1.1842516139149666 5546
1786503093396 1.1897001713514328 5547
1786503095978 1.1809641867876053 5548
1786503098557 1.1805835217237473 5549
1786503101136 1.2033746764063835 5550
1786503103714 1.184223473072052 5551
1786503106292 1.1947851479053497 5552
1786503108869 1.1855184361338615 5553
1786503111447 1.1922764331102371 5554
1786503114025 1.1737459748983383 5555
1786503116612 1.2062098234891891 5556
1786503119194 1.1746553406119347 5557
1786503121777 1.212430514395237 5558
1786503124360 1.1953211426734924 5559
1786503126949 1.1621261239051819 5560
1786503129541 1.1907839998602867 5561
1786503132132 1.1624788269400597 5562
1786503134725 1.1610855162143707 5563
1786503137308 1.178184524178505 5564
1786503139888 1.1703878715634346 5565
1786503142466 1.1832826882600784 5566
1786503145044 1.1769081354141235 5567
1786503147624 1.1728921309113503 5568
1786503150206 1.1679645106196404 5569
1786503152790 1.1984399259090424 5570
1786503155379 1.1682230681180954 5571
1786503157970 1.1908137798309326 5572
1786503160559 1.1912162825465202 5573
1786503163143 1.170516461133957 5574
1786503165726 1.1931216344237328 5575
1786503168307 1.200224108994007 5576
1786503170885 1.162017285823822 5577
1786503173461 1.1701537147164345 5578
1786503176037 1.190614752471447 5579
1786503178614 1.181834876537323 5580
1786503181190 1.1697051003575325 5581
1786503183766 1.1849761828780174 5582
1786503186343 1.171632930636406 5583
1786503188919 1.1665682718157768 5584
1786503191495 1.1844549551606178 5585
1786503194072 1.182917095720768 5586
1786503196649 1.1538209691643715 5587
1786503199226 1.1697325333952904 5588
1786503201803 1.1724766567349434 5589
1786503204379 1.1966430768370628 5590
1786503206956 1.1693350672721863 5591
1786503209532 1.1833314821124077 5592
1786503212111 1.1651864051818848 5593
1786503214690 1.1800693795084953 5594
1786503217272 1.1756279319524765 5595
1786503219860 1.1791090294718742 5596
1786503222445 1.154090404510498 5597
1786503225031 1.1893392577767372 5598
1786503227616 1.1770172789692879 5599
1786503230202 1.171874850988388 5600
1786503232790 1.1966691240668297 5601
1786503235375 1.1796484887599945 5602
1786503237964 1.1661304458975792 5603
1786503240557 1.187928982079029 5604
1786503243146 1.1877631172537804 5605
1786503245733 1.1753074079751968 5606
1786503248320 1.1731134057044983 5607
1786503250903 1.188429519534111 5608
1786503253486 1.1925172954797745 5609
1786503256070 1.1846252158284187 5610
1786503258654 1.1902165114879608 5611
1786503261238 1.176362119615078 5612
1786503263819 1.1736465096473694 5613
1786503266400 1.1807741671800613 5614
1786503268980 1.1653173565864563 5615
1786503271564 1.181660071015358 5616
1786503274148 1.1936417371034622 5617
1786503276735 1.1691698357462883 5618
1786503279321 1.1720787659287453 5619
1786503281912 1.1923461258411407 5620
1786503284499 1.180386133491993 5621
1786503287087 1.1852535009384155 5622
1786503289676 1.1857180297374725 5623
1786503292262 1.1999384462833405 5624
1786503294844 1.1882209852337837 5625
1786503297425 1.1862284317612648 5626
1786503300008 1.1631903424859047 5627
1786503302588 1.1776641234755516 5628
1786503305171 1.1709891110658646 5629
1786503307753 1.183098092675209 5630
1786503310334 1.1579147726297379 5631
1786503312916 1.1706476509571075 5632
1786503315497 1.1627162545919418 5633
1786503318078 1.1836746409535408 5634
1786503320658 1.13206148147583 5635
1786503323239 1.1981991305947304 5636
1786503325820 1.1758796274662018 5637
1786503328401 1.1723812967538834 5638
1786503330984 1.165480263531208 5639
1786503333564 1.1720460280776024 5640
1786503336145 1.1748941913247108 5641
1786503338727 1.1818370893597603 5642
1786503341318 1.1540290266275406 5643
1786503343906 1.1714810505509377 5644
1786503346493 1.157935380935669 5645
1786503349080 1.2053185850381851 5646
1786503351669 1.16645148396492 5647
1786503354255 1.1731403842568398 5648
1786503356851 1.1628041043877602 5649
1786503359446 1.1705971732735634 5650
1786503362042 1.1715983524918556 5651
1786503364641 1.1788488551974297 5652
1786503367233 1.1602758392691612 5653
1786503369815 1.1569355353713036 5654
1786503372396 1.1569370776414871 5655
1786503374978 1.1829297617077827 5656
1786503377560 1.1759643629193306 5657
1786503380140 1.1969938576221466 5658
1786503382724 1.1810696050524712 5659
1786503385307 1.1808674484491348 5660
1786503387891 1.165151134133339 5661
1786503390476 1.208491988480091 5662
1786503393065 1.1765851229429245 5663
1786503395653 1.167424015700817 5664
1786503398241 1.20209289342165 5665
1786503400828 1.191607415676117 5666
1786503403416 1.1645708456635475 5667
1786503406002 1.1547339409589767 5668
1786503408589 1.174249343574047 5669
1786503411176 1.159472145140171 5670
1786503413764 1.1680677086114883 5671
1786503416352 1.1551661044359207 5672
1786503418938 1.176121599972248 5673
1786503421525 1.1851802691817284 5674
1786503424111 1.1664431244134903 5675
1786503426698 1.189876452088356 5676
1786503429290 1.1734065487980843 5677
1786503431873 1.1731557250022888 5678
1786503434456 1.1536666452884674 5679
1786503437042 1.1506119668483734 5680
1786503439628 1.1853066235780716 5681
1786503442216 1.201812095940113 5682
1786503444804 1.173011876642704 5683
1786503447392 1.184972658753395 5684
1786503449978 1.156428448855877 5685
1786503452570 1.1681515574455261 5686
1786503455161 1.1740958467125893 5687
1786503457747 1.1488052085042 5688
1786503460328 1.1721813902258873 5689
1786503462909 1.1623504906892776 5690
1786503465490 1.1755066886544228 5691
1786503468070 1.2152155935764313 5692
1786503470651 1.1502491012215614 5693
1786503473232 1.1553045064210892 5694
1786503475815 1.1555499136447906 5695
1786503478397 1.1779019311070442 5696
1786503480978 1.1586162745952606 5697
1786503483560 1.1882356405258179 5698
1786503486141 1.200150266289711 5699
1786503488721 1.1597979068756104 5700
1786503491301 1.1698308140039444 5701
1786503493881 1.1792362555861473 5702
1786503496462 1.182741068303585 5703
1786503499042 1.1674458533525467 5704
1786503501621 1.1763312444090843 5705
1786503504201 1.159827247262001 5706
1786503506782 1.1690331473946571 5707
1786503509363 1.1655377000570297 5708
1786503511944 1.1777307838201523 5709
1786503514525 1.145918294787407 5710
1786503517107 1.1731089428067207 5711
1786503519688 1.184406615793705 5712
1786503522271 1.1682537943124771 5713
1786503524854 1.1652318388223648 5714
1786503527437 1.1784908175468445 5715
1786503530021 1.1834665909409523 5716
1786503532604 1.17402184009552 5717
1786503535189 1.1775292977690697 5718
1786503537777 1.184200994670391 5719
1786503540364 1.1675790175795555 5720
1786503542953 1.1632473021745682 5721
1786503545540 1.1649729162454605 5722
1786503548128 1.1858180910348892 5723
1786503550716 1.171330250799656 5724
1786503553303 1.1643843725323677 5725
1786503555890 1.1875659227371216 5726
1786503558480 1.1829062700271606 5727
1786503561072 1.1946811750531197 5728
1786503563659 1.2140164971351624 5729
1786503566247 1.167865976691246 5730
1786503568834 1.1885513663291931 5731
1786503571417 1.1782356798648834 5732
1786503573999 1.1597986817359924 5733
1786503576579 1.161014348268509 5734
1786503579160 1.19130190461874 5735
1786503581740 1.157813422381878 5736
1786503584321 1.1602735370397568 5737
1786503586901 1.1544145569205284 5738
1786503589487 1.192168802022934 5739
1786503592071 1.154511347413063 5740
1786503594654 1.1723133400082588 5741
1786503597243 1.2048223987221718 5742
1786503599831 1.1629889979958534 5743
1786503602419 1.162944570183754 5744
1786503605006 1.1603954508900642 5745
1786503607599 1.1634635254740715 5746
1786503610180 1.1709872335195541 5747
1786503612762 1.1828932017087936 5748
1786503615350 1.1672667935490608 5749
1786503617937 1.1781043708324432 5750
1786503620523 1.1685294955968857 5751
1786503623115 1.1637005433440208 5752
1786503625704 1.1703010872006416 5753
1786503628295 1.1752534583210945 5754
1786503630883 1.158468559384346 5755
1786503633472 1.1634916588664055 5756
1786503636067 1.1737219467759132 5757
1786503638658 1.1586711779236794 5758
1786503641249 1.179030917584896 5759
1786503643852 1.1715414002537727 5760
1786503646448 1.1587871611118317 5761
1786503649039 1.181856483221054 5762
1786503651630 1.1707163825631142 5763
1786503654221 1.1432638466358185 5764
1786503656815 1.1771770641207695 5765
1786503659398 1.1911969631910324 5766
1786503661978 1.1621081605553627 5767
1786503664564 1.184997946023941 5768
1786503667146 1.1896736845374107 5769
1786503669728 1.175558716058731 5770
1786503672307 1.1653180792927742 5771
1786503674887 1.1483123525977135 5772
1786503677467 1.1639103516936302 5773
1786503680048 1.1779389530420303 5774
1786503682628 1.1698651686310768 5775
1786503685208 1.1862287074327469 5776
1786503687790 1.164601981639862 5777
1786503690371 1.18942379206419 5778
1786503692954 1.1684493571519852 5779
1786503695535 1.1514226719737053 5780
1786503698116 1.1670820638537407 5781
1786503700698 1.1687241047620773 5782
1786503703279 1.1613489463925362 5783
1786503705860 1.1914803758263588 5784
1786503708444 1.1755316704511642 5785
1786503711028 1.1537006050348282 5786
1786503713610 1.1611353233456612 5787
1786503716191 1.1682198643684387 5788
1786503718773 1.1908175647258759 5789
1786503721354 1.161828801035881 5790
1786503723935 1.1730124354362488 5791
1786503726517 1.181027077138424 5792
1786503729099 1.1684738546609879 5793
1786503731679 1.1627486497163773 5794
1786503734263 1.1858435943722725 5795
1786503736843 1.1731077209115028 5796
1786503739424 1.1925962641835213 5797
1786503742004 1.1763187944889069 5798
1786503744584 1.1535691916942596 5799
1786503747164 1.199162669479847 5800
1786503749744 1.1525235623121262 5801
1786503752325 1.190443977713585 5802
1786503754905 1.1572134420275688 5803
1786503757486 1.1782621294260025 5804
1786503760066 1.16584974527359 5805
1786503762646 1.1742342188954353 5806
1786503765226 1.1467874497175217 5807
1786503767807 1.1646968647837639 5808
1786503770389 1.1784670054912567 5809
1786503772971 1.1509980112314224 5810
1786503775552 1.1738503128290176 5811
1786503778134 1.1939923837780952 5812
1786503780715 1.1653865426778793 5813
1786503783295 1.1906311139464378 5814
1786503785876 1.1791154518723488 5815
1786503788457 1.1609695106744766 5816
1786503791039 1.1619302034378052 5817
1786503793621 1.1598860025405884 5818
1786503796198 1.147435188293457 5819
1786503798775 1.167065680027008 5820
1786503801351 1.2003462687134743 5821
1786503803928 1.1742679849267006 5822
1786503806505 1.163173422217369 5823
1786503809082 1.1834340691566467 5824
1786503811658 1.1672378852963448 5825
1786503814235 1.1549266651272774 5826
1786503816811 1.166751079261303 5827
1786503819391 1.1808476746082306 5828
1786503821972 1.1974574849009514 5829
1786503824553 1.1799695864319801 5830
1786503827134 1.1715304926037788 5831
1786503829716 1.1860259249806404 5832
1786503832297 1.1703529506921768 5833
1786503834878 1.209400251507759 5834
1786503837461 1.1746851280331612 5835
1786503840044 1.1880186200141907 5836
1786503842633 1.1868322119116783 5837
1786503845214 1.1698132753372192 5838
1786503847796 1.1579078435897827 5839
1786503850384 1.1727228984236717 5840
1786503852966 1.1825382187962532 5841
1786503855549 1.178334191441536 5842
1786503858138 1.1819182336330414 5843
1786503860726 1.1597426682710648 5844
1786503863312 1.1794279292225838 5845
1786503865894 1.1937132477760315 5846
1786503868475 1.1759824603796005 5847
1786503871057 1.1838235333561897 5848
1786503873640 1.1862392947077751 5849
1786503876221 1.1500441282987595 5850
1786503878802 1.1598926112055779 5851
1786503881386 1.1904398947954178 5852
1786503883969 1.177811712026596 5853
1786503886552 1.1674134582281113 5854
1786503889139 1.165655456483364 5855
1786503891723 1.18720942735672 5856
1786503894304 1.1527676358819008 5857
1786503896885 1.1790378838777542 5858
1786503899465 1.1760965958237648 5859
1786503902046 1.1651218309998512 5860
1786503904626 1.1651645973324776 5861
1786503907206 1.2038010209798813 5862
1786503909790 1.1570414900779724 5863
1786503912370 1.1717534437775612 5864
1786503914950 1.1760831251740456 5865
1786503917529 1.1741324290633202 5866
1786503920110 1.1753844991326332 5867
1786503922693 1.1685557812452316 5868
1786503925274 1.1696799099445343 5869
1786503927854 1.15682902187109 5870
1786503930435 1.1931412443518639 5871
1786503933016 1.1535587832331657 5872
1786503935601 1.1778402552008629 5873
1786503938187 1.1929844468832016 5874
1786503940768 1.1658692955970764 5875
1786503943349 1.172415278851986 5876
1786503945929 1.1730335280299187 5877
1786503948508 1.1598147600889206 5878
1786503951091 1.179374635219574 5879
1786503953676 1.1674042493104935 5880
1786503956261 1.1689460203051567 5881
1786503958843 1.1691519618034363 5882
1786503961428 1.2012691646814346 5883
1786503964009 1.1520482525229454 5884
1786503966589 1.1732808947563171 5885
1786503969171 1.1556353643536568 5886
1786503971752 1.1793069317936897 5887
1786503974333 1.1758648976683617 5888
1786503976914 1.1676090434193611 5889
1786503979494 1.1833215355873108 5890
1786503982077 1.169673666357994 5891
1786503984659 1.2020618468523026 5892
1786503987250 1.1743277534842491 5893
1786503989831 1.1734037399291992 5894
1786503992413 1.173046514391899 5895
1786503994998 1.183000572025776 5896
1786503997580 1.1708844676613808 5897
1786504000163 1.1672534197568893 5898
1786504002746 1.1819380447268486 5899
1786504005327 1.1740255430340767 5900
1786504007909 1.1796999424695969 5901
1786504010496 1.1550912261009216 5902
1786504013087 1.1580602750182152 5903
1786504015672 1.1783305034041405 5904
1786504018254 1.1628960818052292 5905
1786504020836 1.1862623319029808 5906
1786504023418 1.1805596202611923 5907
1786504026001 1.1524942144751549 5908
1786504028582 1.1778387129306793 5909
1786504031165 1.1899495124816895 5910
1786504033746 1.171801745891571 5911
1786504036327 1.1532447189092636 5912
1786504038908 1.1751850917935371 5913
1786504041490 1.1538035720586777 5914
1786504044072 1.1685376688838005 5915
1786504046655 1.1833384558558464 5916
1786504049236 1.1515124067664146 5917
1786504051819 1.1779312565922737 5918
1786504054401 1.1933881863951683 5919
1786504056983 1.1882525235414505 5920
1786504059565 1.1855842918157578 5921
1786504062146 1.1907689571380615 5922
1786504064727 1.165563702583313 5923
1786504067309 1.1786419674754143 5924
1786504069890 1.1678334027528763 5925
1786504072471 1.194410964846611 5926
1786504075052 1.161936555057764 5927
1786504077633 1.1744305342435837 5928
1786504080214 1.171939231455326 5929
1786504082795 1.174295298755169 5930
1786504085377 1.182662844657898 5931
1786504087959 1.1788931265473366 5932
1786504090541 1.1820315942168236 5933
1786504093121 1.187622994184494 5934
1786504095702 1.173549972474575 5935
1786504098283 1.1809354946017265 5936
1786504100864 1.1734131574630737 5937
1786504103444 1.189259685575962 5938
1786504106026 1.163823202252388 5939
1786504108607 1.1932236105203629 5940
1786504111188 1.1502143889665604 5941
1786504113769 1.171776570379734 5942
1786504116350 1.1631552949547768 5943
1786504118932 1.1761681139469147 5944
1786504121514 1.1706682443618774 5945
1786504124095 1.1731978431344032 5946
1786504126679 1.1774535179138184 5947
1786504129260 1.167532555758953 5948
1786504131841 1.1658407151699066 5949
1786504134425 1.183173544704914 5950
1786504137005 1.1517457626760006 5951
1786504139582 1.1823789775371552 5952
1786504142164 1.1619097292423248 5953
1786504144745 1.1588510572910309 5954
1786504147326 1.1719774827361107 5955
1786504149907 1.1650203093886375 5956
1786504152487 1.1693010851740837 5957
1786504155063 1.1506670862436295 5958
1786504157639 1.1600866466760635 5959
1786504160216 1.1871418058872223 5960
1786504162791 1.1802934780716896 5961
1786504165367 1.1765727400779724 5962
1786504167945 1.1557229347527027 5963
1786504170521 1.1675268337130547 5964
1786504173098 1.1932429894804955 5965
1786504175675 1.17671437561512 5966
1786504178253 1.1513604000210762 5967
1786504180829 1.1622260063886642 5968
1786504183406 1.1433024853467941 5969
1786504185982 1.1653207018971443 5970
1786504188560 1.1525758281350136 5971
1786504191138 1.1698159500956535 5972
1786504193718 1.1830341666936874 5973
1786504196295 1.1600565388798714 5974
1786504198872 1.1726763844490051 5975
1786504201448 1.1825537756085396 5976
1786504204029 1.1590305343270302 5977
1786504206610 1.1916760578751564 5978
1786504209192 1.1480316072702408 5979
1786504211773 1.1479730233550072 5980
1786504214354 1.184009626507759 5981
1786504216936 1.1687581911683083 5982
1786504219516 1.1769379749894142 5983
1786504222097 1.1723071113228798 5984
1786504224678 1.1585343405604362 5985
1786504227260 1.179511897265911 5986
1786504229840 1.177564024925232 5987
1786504232422 1.1858875676989555 5988
1786504235002 1.1592957898974419 5989
1786504237584 1.1681687980890274 5990
1786504240168 1.17830640822649 5991
1786504242755 1.1639085188508034 5992
1786504245335 1.1648245677351952 5993
1786504247919 1.1823742911219597 5994
1786504250503 1.16634913533926 5995
1786504253083 1.1737254932522774 5996
1786504255664 1.1889891102910042 5997
1786504258246 1.1536163315176964 5998
1786504260827 1.1747357994318008 5999
1786504265453 1.1592280566692352 6000
1786504268033 1.1659142598509789 6001
1786504270614 1.1727699413895607 6002
1786504273194 1.18232511729002 6003
1786504275775 1.1711696684360504 6004
1786504278355 1.1758507564663887 6005
1786504280937 1.1494400724768639 6006
1786504283522 1.1533053740859032 6007
1786504286103 1.166280783712864 6008
1786504288684 1.1943174079060555 6009
1786504291265 1.14500542730093 6010
1786504293848 1.1598127633333206 6011
1786504296429 1.1698820069432259 6012
1786504299010 1.172608770430088 6013
1786504301591 1.1839777529239655 6014
1786504304173 1.1822379380464554 6015
1786504306752 1.1480248272418976 6016
1786504309333 1.1860015094280243 6017
1786504311912 1.165325678884983 6018
1786504314495 1.1633233800530434 6019
1786504317074 1.1349577754735947 6020
1786504319654 1.1669083759188652 6021
1786504322234 1.1959446147084236 6022
1786504324816 1.1668252870440483 6023
1786504327396 1.1511981897056103 6024
1786504329976 1.1542924344539642 6025
1786504332558 1.1532526910305023 6026
1786504335140 1.160417802631855 6027
1786504337722 1.1619585752487183 6028
1786504340303 1.1737269461154938 6029
1786504342884 1.164674036204815 6030
1786504345467 1.1812930777668953 6031
1786504348049 1.140983723104 6032
1786504350629 1.1874247044324875 6033
1786504353209 1.1747207045555115 6034
1786504355789 1.1946173831820488 6035
1786504358371 1.168559417128563 6036
1786504360953 1.1659243926405907 6037
1786504363534 1.173706665635109 6038
1786504366115 1.1847915574908257 6039
1786504368696 1.188711479306221 6040
1786504371282 1.1787124946713448 6041
1786504373863 1.1558179333806038 6042
1786504376443 1.1802058219909668 6043
1786504379025 1.1812398955225945 6044
1786504381607 1.1950317844748497 6045
1786504384189 1.1750525385141373 6046
1786504386772 1.1831562221050262 6047
1786504389354 1.1735571771860123 6048
1786504391936 1.1837158650159836 6049
1786504394517 1.164680041372776 6050
1786504397098 1.1809713318943977 6051
1786504399680 1.1765348836779594 6052
1786504402261 1.1462384760379791 6053
1786504404843 1.169758528470993 6054
1786504407427 1.1727759763598442 6055
1786504410008 1.1675986722111702 6056
1786504412591 1.168212816119194 6057
1786504415172 1.1758840754628181 6058
1786504417754 1.1522108316421509 6059
1786504420336 1.175500549376011 6060
1786504422916 1.1667830720543861 6061
1786504425496 1.1823622062802315 6062
1786504428076 1.1723095625638962 6063
1786504430658 1.1853891462087631 6064
1786504433238 1.2055843770503998 6065
1786504435820 1.1704086586833 6066
1786504438402 1.1752264723181725 6067
1786504440983 1.1702712997794151 6068
1786504443562 1.1796462535858154 6069
1786504446144 1.176044523715973 6070
1786504448725 1.184510923922062 6071
1786504451305 1.1450421214103699 6072
1786504453885 1.1629162952303886 6073
1786504456467 1.1699773743748665 6074
1786504459047 1.1621375530958176 6075
1786504461628 1.1692792773246765 6076
1786504464209 1.1720051243901253 6077
1786504466791 1.1726126298308372 6078
1786504469373 1.167087897658348 6079
1786504471954 1.1676409766077995 6080
1786504474535 1.1868794858455658 6081
1786504477116 1.186181090772152 6082
1786504479700 1.1524114534258842 6083
1786504482281 1.164496622979641 6084
1786504484863 1.1703469455242157 6085
1786504487445 1.1538793817162514 6086
1786504490028 1.1560847908258438 6087
1786504492612 1.167540356516838 6088
1786504495194 1.1803950816392899 6089
1786504497776 1.1927342638373375 6090
1786504500358 1.177966482937336 6091
1786504502940 1.1734440550208092 6092
1786504505534 1.17562897503376 6093
1786504508119 1.172726221382618 6094
1786504510708 1.1793091669678688 6095
1786504513294 1.1865530163049698 6096
1786504515876 1.1604170352220535 6097
1786504518457 1.152949519455433 6098
1786504521039 1.1833242177963257 6099
1786504523620 1.1801467165350914 6100
1786504526201 1.1831590458750725 6101
1786504528783 1.1733297184109688 6102
1786504531366 1.1742448434233665 6103
1786504533948 1.1590901464223862 6104
1786504536531 1.151242971420288 6105
1786504539114 1.163778267800808 6106
1786504541695 1.188168004155159 6107
1786504544278 1.1457493901252747 6108
1786504546859 1.1760161444544792 6109
1786504549442 1.1742568165063858 6110
1786504552024 1.1687625348567963 6111
1786504554605 1.1776087880134583 6112
1786504557186 1.1804800629615784 6113
1786504559767 1.1527197733521461 6114
1786504562348 1.1560849770903587 6115
1786504564928 1.154291346669197 6116
1786504567509 1.1633041724562645 6117
1786504570090 1.1517269387841225 6118
1786504572671 1.154135912656784 6119
1786504575252 1.1711544021964073 6120
1786504577834 1.172883354127407 6121
1786504580415 1.1598260626196861 6122
1786504582997 1.167104810476303 6123
1786504585578 1.1537605077028275 6124
1786504588158 1.1701954305171967 6125
1786504590739 1.184198722243309 6126
1786504593320 1.125379428267479 6127
1786504595902 1.185287207365036 6128
1786504598483 1.1586867049336433 6129
1786504601064 1.1861899942159653 6130
1786504603646 1.1655805557966232 6131
1786504606229 1.159335307776928 6132
1786504608812 1.153537005186081 6133
1786504611396 1.1328334733843803 6134
1786504613982 1.161409616470337 6135
1786504616564 1.1796525046229362 6136
1786504619145 1.1612517461180687 6137
1786504621723 1.14727271348238 6138
1786504624303 1.1643871441483498 6139
1786504626883 1.1539873331785202 6140
1786504629463 1.1643665209412575 6141
1786504632044 1.1462011113762856 6142
1786504634625 1.1863702237606049 6143
1786504637207 1.1789962723851204 6144
1786504639788 1.160720705986023 6145
1786504642369 1.1743958592414856 6146
1786504644948 1.1811405792832375 6147
1786504647529 1.1697424575686455 6148
1786504650109 1.1796144470572472 6149
1786504652690 1.1844326928257942 6150
1786504655272 1.1562710627913475 6151
1786504657852 1.152172051370144 6152
1786504660434 1.1505508571863174 6153
1786504663014 1.174940600991249 6154
1786504665595 1.159635290503502 6155
1786504668176 1.1939136609435081 6156
1786504670760 1.1618447005748749 6157
1786504673342 1.1419303715229034 6158
1786504675927 1.1728095710277557 6159
1786504678508 1.180155873298645 6160
1786504681088 1.17184217274189 6161
1786504683668 1.1636183336377144 6162
1786504686246 1.1791411563754082 6163
1786504688822 1.1886793971061707 6164
1786504691398 1.1821072921156883 6165
1786504693975 1.1627077385783195 6166
1786504696551 1.163344383239746 6167
1786504699128 1.1700989827513695 6168
1786504701704 1.1561185494065285 6169
1786504704280 1.1505782045423985 6170
1786504706857 1.171891562640667 6171
1786504709434 1.1548989191651344 6172
1786504712011 1.1643335074186325 6173
1786504714587 1.1946699172258377 6174
1786504717164 1.1485824882984161 6175
1786504719741 1.1760595887899399 6176
1786504722317 1.1594706699252129 6177
1786504724894 1.1517077684402466 6178
1786504727470 1.1503914296627045 6179
1786504730048 1.1625374630093575 6180
1786504732631 1.1937570124864578 6181
1786504735217 1.1497480273246765 6182
1786504737799 1.1657362878322601 6183
1786504740382 1.1711993142962456 6184
1786504742964 1.148858293890953 6185
1786504745546 1.1586433127522469 6186
1786504748130 1.1449035704135895 6187
1786504750712 1.206741563975811 6188
1786504753294 1.1719274818897247 6189
1786504755876 1.1606950908899307 6190
1786504758457 1.1733110547065735 6191
1786504761039 1.1598832309246063 6192
1786504763620 1.1669553220272064 6193
1786504766201 1.1561540216207504 6194
1786504768782 1.1631260886788368 6195
1786504771362 1.1618326604366302 6196
1786504773944 1.158295914530754 6197
1786504776525 1.1853004321455956 6198
1786504779105 1.1862980127334595 6199
1786504781686 1.1641248017549515 6200
1786504784268 1.164104014635086 6201
1786504786848 1.170930564403534 6202
1786504789430 1.1815024092793465 6203
1786504792011 1.1461864560842514 6204
1786504794591 1.1710151508450508 6205
1786504797175 1.1847379505634308 6206
1786504799757 1.1817432790994644 6207
1786504802336 1.1488115265965462 6208
1786504804918 1.1855289489030838 6209
1786504807501 1.1672133579850197 6210
1786504810081 1.154735542833805 6211
1786504812662 1.1482704877853394 6212
1786504815243 1.1616492345929146 6213
1786504817824 1.1782485246658325 6214
1786504820404 1.1658447459340096 6215
1786504822985 1.1468344554305077 6216
1786504825565 1.172257699072361 6217
1786504828146 1.1726619601249695 6218
1786504830727 1.1748462468385696 6219
1786504833308 1.16601974517107 6220
1786504835889 1.1576995998620987 6221
1786504838472 1.1678697019815445 6222
1786504841054 1.1452318280935287 6223
1786504843634 1.1762716546654701 6224
1786504846216 1.1874496713280678 6225
1786504848798 1.169110082089901 6226
1786504851385 1.1474294066429138 6227
1786504853973 1.172321230173111 6228
1786504856555 1.1926084011793137 6229
1786504859138 1.1664439663290977 6230
1786504861721 1.1714852452278137 6231
1786504864304 1.1572283506393433 6232
1786504866888 1.1783753857016563 6233
1786504869471 1.1720780730247498 6234
1786504872053 1.1964552402496338 6235
1786504874634 1.1639248132705688 6236
1786504877214 1.1745270267128944 6237
1786504879797 1.1534495204687119 6238
1786504882377 1.163969725370407 6239
1786504884956 1.1823840737342834 6240
1786504887537 1.1649345755577087 6241
1786504890120 1.164786122739315 6242
1786504892698 1.1433198601007462 6243
1786504895274 1.1668975725769997 6244
1786504897850 1.145031601190567 6245
1786504900426 1.1571317985653877 6246
1786504903002 1.1793775334954262 6247
1786504905579 1.17278653383255 6248
1786504908155 1.1535274647176266 6249
1786504910731 1.1814517229795456 6250
1786504913307 1.1597023867070675 6251
1786504915885 1.1501795947551727 6252
1786504918461 1.1784523576498032 6253
1786504921036 1.143719144165516 6254
1786504923612 1.158827506005764 6255
1786504926189 1.1512650102376938 6256
1786504928765 1.1774524301290512 6257
1786504931341 1.1668486893177032 6258
1786504933917 1.1649718880653381 6259
1786504936494 1.1524083465337753 6260
1786504939068 1.173071451485157 6261
1786504941642 1.164853811264038 6262
1786504944219 1.1533530503511429 6263
1786504946799 1.1476091146469116 6264
1786504949379 1.1502211838960648 6265
1786504951959 1.1985044702887535 6266
1786504954539 1.1625178083777428 6267
1786504957119 1.1524195969104767 6268
1786504959699 1.145416997373104 6269
1786504962279 1.16331035643816 6270
1786504964861 1.1566433608531952 6271
1786504967444 1.1746917441487312 6272
1786504970029 1.156841367483139 6273
1786504972614 1.1599357277154922 6274
1786504975195 1.1778059527277946 6275
1786504977778 1.1780675798654556 6276
1786504980361 1.174000009894371 6277
1786504982943 1.1607081294059753 6278
1786504985525 1.1366965621709824 6279
1786504988109 1.1424657925963402 6280
1786504990690 1.1568440794944763 6281
1786504993272 1.1694434732198715 6282
1786504995853 1.1611738726496696 6283
1786504998435 1.149206466972828 6284
1786505001017 1.1586168184876442 6285
1786505003598 1.161871112883091 6286
1786505006179 1.1720908507704735 6287
1786505008759 1.1858762428164482 6288
1786505011340 1.1533789411187172 6289
1786505013921 1.1756497025489807 6290
1786505016502 1.1478845030069351 6291
1786505019083 1.1569359451532364 6292
1786505021663 1.157797433435917 6293
1786505024244 1.1666425243020058 6294
1786505026825 1.1727706864476204 6295
1786505029405 1.1765425130724907 6296
1786505031986 1.1612524762749672 6297
1786505034569 1.147777259349823 6298
1786505037151 1.16222732514143 6299
1786505039731 1.1617137491703033 6300
1786505042311 1.1735265329480171 6301
1786505044891 1.1796375066041946 6302
1786505047472 1.1636158376932144 6303
1786505050052 1.158045433461666 6304
1786505052632 1.1653742343187332 6305
1786505055213 1.1806661263108253 6306
1786505057794 1.1450094804167747 6307
1786505060375 1.1427282504737377 6308
1786505062956 1.1697717756032944 6309
1786505065540 1.1453783214092255 6310
1786505068126 1.1780295595526695 6311
1786505070710 1.1410466879606247 6312
1786505073292 1.1695422753691673 6313
1786505075873 1.1801367178559303 6314
1786505078455 1.1634698510169983 6315
1786505081036 1.1669931858778 6316
1786505083617 1.1672443002462387 6317
1786505086198 1.1627878099679947 6318
1786505088779 1.1453495994210243 6319
1786505091363 1.171336904168129 6320
1786505093944 1.1568137258291245 6321
1786505096526 1.1787780448794365 6322
1786505099106 1.1680112481117249 6323
1786505101683 1.172408476471901 6324
1786505104258 1.1649885773658752 6325
1786505106835 1.1642730087041855 6326
1786505109411 1.1883547455072403 6327
1786505111992 1.1638007909059525 6328
1786505114571 1.148132063448429 6329
1786505117147 1.1659187451004982 6330
1786505119722 1.1760278567671776 6331
1786505122298 1.153710126876831 6332
1786505124873 1.1493748724460602 6333
1786505127448 1.1485797837376595 6334
1786505130022 1.1775975748896599 6335
1786505132597 1.1335945054888725 6336
1786505135173 1.1596418432891369 6337
1786505137747 1.1640119329094887 6338
1786505140322 1.1445859298110008 6339
1786505142897 1.1334642693400383 6340
1786505145471 1.1744931414723396 6341
1786505148046 1.14912049472332 6342
1786505150622 1.1637220680713654 6343
1786505153198 1.1573735624551773 6344
1786505155774 1.1688968911767006 6345
1786505158350 1.1754991337656975 6346
1786505160926 1.1393538042902946 6347
1786505163504 1.151189811527729 6348
1786505166081 1.1620582193136215 6349
1786505168657 1.1562406122684479 6350
1786505171232 1.1646401062607765 6351
1786505173810 1.1703789755702019 6352
1786505176385 1.1643027514219284 6353
1786505178961 1.186906173825264 6354
1786505181542 1.1734674200415611 6355
1786505184126 1.1810367926955223 6356
1786505186709 1.169466257095337 6357
1786505189291 1.1682163998484612 6358
1786505191872 1.153423622250557 6359
1786505194456 1.1614711582660675 6360
1786505197039 1.191460981965065 6361
1786505199626 1.166341595351696 6362
1786505202208 1.160751648247242 6363
1786505204793 1.1627800464630127 6364
1786505207374 1.1636762842535973 6365
1786505209956 1.1469552367925644 6366
1786505212537 1.197507381439209 6367
1786505215121 1.1680120825767517 6368
1786505217699 1.168217457830906 6369
1786505220276 1.1605999916791916 6370
1786505222852 1.1819550767540932 6371
1786505225432 1.158453494310379 6372
1786505228010 1.170920118689537 6373
1786505230591 1.1540641710162163 6374
1786505233174 1.1789876967668533 6375
1786505235756 1.1502511501312256 6376
1786505238336 1.143931545317173 6377
1786505240916 1.162501260638237 6378
1786505243498 1.1490650475025177 6379
1786505246078 1.165981188416481 6380
1786505248657 1.188880316913128 6381
1786505251236 1.1633916273713112 6382
1786505253815 1.155212052166462 6383
1786505256396 1.154536858201027 6384
1786505258977 1.157859355211258 6385
1786505261559 1.1726525202393532 6386
1786505264141 1.1552703604102135 6387
1786505266721 1.175583928823471 6388
1786505269302 1.1536010429263115 6389
1786505271882 1.1690210551023483 6390
1786505274465 1.1624820753932 6391
1786505277046 1.1848633214831352 6392
1786505279627 1.154006503522396 6393
1786505282207 1.175882451236248 6394
1786505284788 1.1583986803889275 6395
1786505287369 1.1679556742310524 6396
1786505289949 1.159436583518982 6397
1786505292530 1.1616274043917656 6398
1786505295112 1.1615208834409714 6399
1786505297693 1.1726406514644623 6400
1786505300273 1.1686101257801056 6401
1786505302853 1.1634987518191338 6402
1786505305436 1.1618053764104843 6403
1786505308017 1.1836874410510063 6404
1786505310597 1.1564968526363373 6405
1786505313176 1.1720257550477982 6406
1786505315756 1.1650653183460236 6407
1786505318336 1.1564982533454895 6408
1786505320915 1.1730652078986168 6409
1786505323496 1.1532296761870384 6410
1786505326075 1.1457811743021011 6411
1786505328655 1.1726563200354576 6412
1786505331237 1.1901951506733894 6413
1786505333817 1.1419238597154617 6414
1786505336397 1.1624726876616478 6415
1786505338980 1.1557128578424454 6416
1786505341561 1.146935224533081 6417
1786505344141 1.1739982143044472 6418
1786505346722 1.1708070635795593 6419
1786505349303 1.1527076438069344 6420
1786505351883 1.1752693131566048 6421
1786505354464 1.1485070809721947 6422
1786505357044 1.1651943922042847 6423
1786505359625 1.1441970020532608 6424
1786505362206 1.160685382783413 6425
1786505364787 1.132711909711361 6426
1786505367368 1.158092088997364 6427
1786505369949 1.186723805963993 6428
1786505372529 1.1570379585027695 6429
1786505375110 1.1672124117612839 6430
1786505377691 1.1652654260396957 6431
1786505380272 1.1384889408946037 6432
1786505382852 1.140042558312416 6433
1786505385432 1.1661914810538292 6434
1786505388013 1.169995166361332 6435
1786505390593 1.1486582085490227 6436
1786505393174 1.149496465921402 6437
1786505395755 1.1656112521886826 6438
1786505398336 1.1631676703691483 6439
1786505400916 1.1524183750152588 6440
1786505403498 1.153694100677967 6441
1786505406087 1.1571997702121735 6442
1786505408667 1.1651574224233627 6443
1786505411247 1.1562511399388313 6444
1786505413827 1.181144341826439 6445
1786505416408 1.1627212017774582 6446
1786505418989 1.1660946309566498 6447
1786505421569 1.1674260273575783 6448
1786505424152 1.1625343188643456 6449
1786505426733 1.162433683872223 6450
1786505429316 1.186335638165474 6451
1786505431897 1.1466174349188805 6452
1786505434479 1.1468129456043243 6453
1786505437062 1.1474556773900986 6454
1786505439643 1.1617419943213463 6455
1786505442226 1.1693994253873825 6456
1786505444807 1.171945482492447 6457
1786505447389 1.147181823849678 6458
1786505449973 1.1632009148597717 6459
1786505452561 1.1652761846780777 6460
1786505455145 1.1771249622106552 6461
1786505457727 1.158651903271675 6462
1786505460309 1.1613282784819603 6463
1786505462892 1.1746247112751007 6464
1786505465476 1.169737994670868 6465
1786505468058 1.1744472235441208 6466
1786505470640 1.185327485203743 6467
1786505473223 1.188430406153202 6468
1786505475807 1.1793854460120201 6469
1786505478390 1.1463990360498428 6470
1786505480973 1.1756238713860512 6471
1786505483556 1.1591769233345985 6472
1786505486139 1.1512860804796219 6473
1786505488722 1.146273422986269 6474
1786505491305 1.1808024570345879 6475
1786505493890 1.15754634141922 6476
1786505496475 1.1503084376454353 6477
1786505499059 1.17161975055933 6478
1786505501641 1.143229492008686 6479
1786505504224 1.1916023343801498 6480
1786505506807 1.1786041781306267 6481
1786505509389 1.157868817448616 6482
1786505511971 1.150944098830223 6483
1786505514550 1.1772072613239288 6484
1786505517130 1.1580945923924446 6485
1786505519707 1.1693860292434692 6486
1786505522284 1.154601700603962 6487
1786505524860 1.14598298817873 6488
1786505527438 1.1591759622097015 6489
1786505530013 1.1400121748447418 6490
1786505532591 1.1557717472314835 6491
1786505535170 1.1911302581429482 6492
1786505537747 1.1770253032445908 6493
1786505540325 1.1591165661811829 6494
1786505542902 1.1484450548887253 6495
1786505545485 1.1606243699789047 6496
1786505548067 1.1639156937599182 6497
1786505550649 1.1759975254535675 6498
1786505553232 1.1625614985823631 6499
1786505557208 1.169444665312767 6500
1786505559789 1.1667688563466072 6501
1786505562371 1.1687368601560593 6502
1786505564953 1.1705878525972366 6503
1786505567535 1.165091596543789 6504
1786505570118 1.1653957664966583 6505
1786505572700 1.1823410242795944 6506
1786505575281 1.1524823755025864 6507
1786505577865 1.1790404096245766 6508
1786505580446 1.1524248719215393 6509
1786505583027 1.1538740620017052 6510
1786505585608 1.2002734169363976 6511
1786505588189 1.1702513843774796 6512
1786505590771 1.1763769015669823 6513
1786505593354 1.1585565954446793 6514
1786505595936 1.15615576505661 6515
1786505598518 1.1727399975061417 6516
1786505601100 1.1690825149416924 6517
1786505603682 1.1798026114702225 6518
1786505606264 1.1356629505753517 6519
1786505608846 1.1738504618406296 6520
1786505611428 1.153687372803688 6521
1786505614010 1.1414193511009216 6522
1786505616595 1.1525820568203926 6523
1786505619180 1.1363867968320847 6524
1786505621765 1.1735311299562454 6525
1786505624348 1.155276782810688 6526
1786505626931 1.1387246027588844 6527
1786505629514 1.1471298858523369 6528
1786505632097 1.1638771668076515 6529
1786505634679 1.1842420399188995 6530
1786505637262 1.1614081785082817 6531
1786505639848 1.1833663582801819 6532
1786505642430 1.1565394699573517 6533
1786505645012 1.1856149807572365 6534
1786505647595 1.1665528416633606 6535
1786505650176 1.1732860803604126 6536
1786505652759 1.1778471618890762 6537
1786505655345 1.1663846299052238 6538
1786505657934 1.16153484582901 6539
1786505660525 1.156120441854 6540
1786505663107 1.1728892475366592 6541
1786505665689 1.1526541262865067 6542
1786505668270 1.1510218530893326 6543
1786505670852 1.177922248840332 6544
1786505673434 1.1543623358011246 6545
1786505676015 1.159873515367508 6546
1786505678597 1.179462544620037 6547
1786505681179 1.1687152460217476 6548
1786505683761 1.1536760777235031 6549
1786505686343 1.1723240464925766 6550
1786505688925 1.1288816332817078 6551
1786505691508 1.1673158407211304 6552
1786505694090 1.1573547944426537 6553
1786505696676 1.1604055911302567 6554
1786505699258 1.1760683134198189 6555
1786505701840 1.1768599525094032 6556
1786505704424 1.1667980626225471 6557
1786505707009 1.1507198736071587 6558
1786505709592 1.15621916949749 6559
1786505712174 1.1619594618678093 6560
1786505714756 1.1701784506440163 6561
1786505717339 1.1549670994281769 6562
1786505719926 1.1672645956277847 6563
1786505722508 1.1692267209291458 6564
1786505725092 1.1563216745853424 6565
1786505727674 1.1409574747085571 6566
1786505730257 1.1457209438085556 6567
1786505732837 1.1905773654580116 6568
1786505735418 1.1633270680904388 6569
1786505738000 1.1662419065833092 6570
1786505740581 1.1688547730445862 6571
1786505743163 1.1620665490627289 6572
1786505745743 1.1513168811798096 6573
1786505748323 1.145573303103447 6574
1786505750906 1.170486994087696 6575
1786505753489 1.1785201355814934 6576
1786505756069 1.1516937986016273 6577
1786505758651 1.1380743607878685 6578
1786505761232 1.163117378950119 6579
1786505763812 1.152883343398571 6580
1786505766392 1.151377908885479 6581
1786505768974 1.1698809117078781 6582
1786505771555 1.1626969873905182 6583
1786505774138 1.1661843433976173 6584
1786505776720 1.154200702905655 6585
1786505779301 1.1585580855607986 6586
1786505781882 1.1459323689341545 6587
1786505784463 1.1649463698267937 6588
1786505787044 1.1723055616021156 6589
1786505789627 1.1423675864934921 6590
1786505792211 1.1659206375479698 6591
1786505794795 1.1858059614896774 6592
1786505797377 1.1543897911906242 6593
1786505799960 1.1665277481079102 6594
1786505802544 1.1548111885786057 6595
1786505805125 1.1664164885878563 6596
1786505807706 1.1670740023255348 6597
1786505810288 1.1490639746189117 6598
1786505812870 1.1544709727168083 6599
1786505815453 1.1789426729083061 6600
1786505818034 1.164347566664219 6601
1786505820617 1.1985418200492859 6602
1786505823203 1.171156607568264 6603
1786505825787 1.1627458110451698 6604
1786505828373 1.1559708192944527 6605
1786505830957 1.1742993295192719 6606
1786505833548 1.1603246629238129 6607
1786505836136 1.158789873123169 6608
1786505838721 1.151024006307125 6609
1786505841303 1.1541201546788216 6610
1786505843885 1.1599815040826797 6611
1786505846468 1.1821955516934395 6612
1786505849050 1.166116051375866 6613
1786505851635 1.1725958064198494 6614
1786505854219 1.152692399919033 6615
1786505856813 1.176086202263832 6616
1786505859397 1.1652885973453522 6617
1786505861980 1.1878763511776924 6618
1786505864562 1.1709269806742668 6619
1786505867147 1.1541554182767868 6620
1786505869730 1.1493498757481575 6621
1786505872313 1.1649124771356583 6622
1786505874904 1.1720207259058952 6623
1786505877490 1.1487580984830856 6624
1786505880072 1.148404836654663 6625
1786505882654 1.1653807684779167 6626
1786505885237 1.160299688577652 6627
1786505887821 1.1844913735985756 6628
1786505890406 1.1741428300738335 6629
1786505892989 1.1788686141371727 6630
1786505895571 1.143845982849598 6631
1786505898154 1.1571635082364082 6632
1786505900737 1.1424511596560478 6633
1786505903319 1.1739332228899002 6634
1786505905902 1.1380880624055862 6635
1786505908485 1.1542031839489937 6636
1786505911066 1.160969041287899 6637
1786505913658 1.1660010293126106 6638
1786505916242 1.163949690759182 6639
1786505918829 1.1589133366942406 6640
1786505921413 1.1861026883125305 6641
1786505923996 1.1497953608632088 6642
1786505926580 1.171448901295662 6643
1786505929164 1.1566348746418953 6644
1786505931748 1.1780859306454659 6645
1786505934331 1.161020427942276 6646
1786505936912 1.1760974302887917 6647
1786505939492 1.17605409771204 6648
1786505942073 1.1623564660549164 6649
1786505944656 1.1754999905824661 6650
1786505947237 1.1664509922266006 6651
1786505949822 1.1526905968785286 6652
1786505952406 1.1607429087162018 6653
1786505954984 1.14926378428936 6654
1786505957562 1.1550768613815308 6655
1786505960140 1.1837929710745811 6656
1786505962717 1.1510834619402885 6657
1786505965296 1.1524166762828827 6658
1786505967883 1.1447645649313927 6659
1786505970466 1.1694581508636475 6660
1786505973047 1.1657521352171898 6661
1786505975629 1.1603022366762161 6662
1786505978212 1.155011534690857 6663
1786505980794 1.1601608842611313 6664
1786505983376 1.1671712324023247 6665
1786505985959 1.1736340522766113 6666
1786505988538 1.157602496445179 6667
1786505991117 1.14783875644207 6668
1786505993699 1.1885806173086166 6669
1786505996284 1.1412011533975601 6670
1786505998867 1.1890747919678688 6671
1786506001452 1.152197852730751 6672
1786506004033 1.1534875482320786 6673
1786506006616 1.1369162052869797 6674
1786506009206 1.170338712632656 6675
1786506011787 1.1467935293912888 6676
1786506014369 1.1517115011811256 6677
1786506016951 1.157003216445446 6678
1786506019532 1.1668015271425247 6679
1786506022115 1.1550327315926552 6680
1786506024695 1.1494932398200035 6681
1786506027276 1.1451246067881584 6682
1786506029857 1.1530291885137558 6683
1786506032439 1.1628266125917435 6684
1786506035020 1.1524837240576744 6685
1786506037602 1.1663760915398598 6686
1786506040182 1.164194032549858 6687
1786506042765 1.1582915037870407 6688
1786506045352 1.1536099910736084 6689
1786506047933 1.1755181029438972 6690
1786506050517 1.1698483228683472 6691
1786506053101 1.1656351387500763 6692
1786506055689 1.1650990396738052 6693
1786506058272 1.1382935270667076 6694
1786506060855 1.122069425880909 6695
1786506063439 1.1540243178606033 6696
1786506066021 1.1863526925444603 6697
1786506068602 1.1395383849740028 6698
1786506071182 1.1605255529284477 6699
1786506073764 1.1438322812318802 6700
1786506076345 1.1691485047340393 6701
1786506078927 1.155984029173851 6702
1786506081509 1.1569089740514755 6703
1786506084090 1.1489165276288986 6704
1786506086672 1.1247318610548973 6705
1786506089253 1.1458099335432053 6706
1786506091836 1.169845275580883 6707
1786506094415 1.180764377117157 6708
1786506096994 1.1382763162255287 6709
1786506099573 1.1596423611044884 6710
1786506102153 1.183645874261856 6711
1786506104734 1.1513180881738663 6712
1786506107315 1.1618386954069138 6713
1786506109899 1.1507248133420944 6714
1786506112482 1.1497856378555298 6715
1786506115064 1.1640535593032837 6716
1786506117645 1.1817880645394325 6717
1786506120231 1.1651264056563377 6718
1786506122815 1.142378993332386 6719
1786506125400 1.1496502608060837 6720
1786506127980 1.173579379916191 6721
1786506130563 1.1515512689948082 6722
1786506133145 1.1487597301602364 6723
1786506135726 1.1597142666578293 6724
1786506138306 1.1435853019356728 6725
1786506140886 1.1672703698277473 6726
1786506143466 1.1792162284255028 6727
1786506146047 1.1529635787010193 6728
1786506148628 1.1656250655651093 6729
1786506151209 1.1443627253174782 6730
1786506153790 1.1669936329126358 6731
1786506156371 1.1533261686563492 6732
1786506158951 1.1529644653201103 6733
1786506161531 1.1580396071076393 6734
1786506164113 1.1567803919315338 6735
1786506166691 1.147708646953106 6736
1786506169269 1.1685002446174622 6737
1786506171855 1.1416985765099525 6738
1786506174437 1.1438260078430176 6739
1786506177019 1.1583156287670135 6740
1786506179606 1.1551664844155312 6741
1786506182189 1.1324423849582672 6742
1786506184772 1.1767880320549011 6743
1786506187356 1.1618000119924545 6744
1786506189938 1.1552061215043068 6745
1786506192521 1.1464377641677856 6746
1786506195106 1.1728201061487198 6747
1786506197688 1.1711634546518326 6748
1786506200265 1.1652151197195053 6749
1786506202842 1.1636791378259659 6750
1786506205419 1.1488244757056236 6751
1786506207998 1.15977393835783 6752
1786506210574 1.1658381447196007 6753
1786506213151 1.1618944481015205 6754
1786506215729 1.1509741768240929 6755
1786506218306 1.1570406183600426 6756
1786506220885 1.154034785926342 6757
1786506223468 1.1407488584518433 6758
1786506226049 1.1686057224869728 6759
1786506228631 1.157111443579197 6760
1786506231213 1.1727643758058548 6761
1786506233794 1.1494261771440506 6762
1786506236376 1.1589990556240082 6763
1786506238958 1.1761858090758324 6764
1786506241541 1.1415739357471466 6765
1786506244122 1.1761759743094444 6766
1786506246705 1.1653922870755196 6767
1786506249287 1.1638502031564713 6768
1786506251868 1.170838087797165 6769
1786506254448 1.1571295037865639 6770
1786506257029 1.1570544019341469 6771
1786506259609 1.154140017926693 6772
1786506262192 1.159245677292347 6773
1786506264770 1.152542106807232 6774
1786506267345 1.1827319040894508 6775
1786506269922 1.1385300606489182 6776
1786506272503 1.16956677287817 6777
1786506275086 1.1389981135725975 6778
1786506277668 1.1626965329051018 6779
1786506280251 1.1665839478373528 6780
1786506282834 1.1542908698320389 6781
1786506285415 1.1645497009158134 6782
1786506287998 1.1302668154239655 6783
1786506290581 1.176635019481182 6784
1786506293169 1.1323334649205208 6785
1786506295752 1.1382558345794678 6786
1786506298335 1.165959194302559 6787
1786506300919 1.1514823958277702 6788
1786506303503 1.1727720871567726 6789
1786506306096 1.1612244546413422 6790
1786506308677 1.1431876942515373 6791
1786506311260 1.1424062252044678 6792
1786506313843 1.1712717190384865 6793
1786506316425 1.15228670835495 6794
1786506319008 1.169093206524849 6795
1786506321592 1.1455678790807724 6796
1786506324174 1.154796950519085 6797
1786506326756 1.1503338664770126 6798
1786506329338 1.1786319315433502 6799
1786506331923 1.1749271526932716 6800
1786506334508 1.1622245162725449 6801
1786506337091 1.1304547637701035 6802
1786506339674 1.1574205085635185 6803
1786506342259 1.143064223229885 6804
1786506344845 1.1572923734784126 6805
1786506347428 1.147082470357418 6806
1786506350011 1.1377181187272072 6807
1786506352594 1.1689144670963287 6808
1786506355171 1.1553087085485458 6809
1786506357751 1.182110458612442 6810
1786506360331 1.1596346497535706 6811
1786506362913 1.1493937373161316 6812
1786506365504 1.149442844092846 6813
1786506368091 1.1479508876800537 6814
1786506370672 1.1650177612900734 6815
1786506373255 1.1518589928746223 6816
1786506375836 1.1526791900396347 6817
1786506378419 1.162136361002922 6818
1786506381001 1.1548343151807785 6819
1786506383584 1.1512708812952042 6820
1786506386166 1.1786587238311768 6821
1786506388749 1.1597843393683434 6822
1786506391332 1.1599638685584068 6823
1786506393917 1.1449487432837486 6824
1786506396499 1.1573406532406807 6825
1786506399081 1.1440772041678429 6826
1786506401662 1.157493069767952 6827
1786506404246 1.1491915807127953 6828
1786506406829 1.174500323832035 6829
1786506409418 1.1448262706398964 6830
1786506412001 1.156139574944973 6831
1786506414586 1.1388359181582928 6832
1786506417169 1.1521035954356194 6833
1786506419752 1.1414494588971138 6834
1786506422339 1.1645346507430077 6835
1786506424920 1.1524303629994392 6836
1786506427502 1.179345540702343 6837
1786506430084 1.1593886837363243 6838
1786506432666 1.1786948144435883 6839
1786506435249 1.1607812196016312 6840
1786506437831 1.152766115963459 6841
1786506440413 1.1557925641536713 6842
1786506442995 1.1480993703007698 6843
1786506445580 1.181624785065651 6844
1786506448163 1.1808920130133629 6845
1786506450744 1.1577236503362656 6846
1786506453330 1.1590326353907585 6847
1786506455913 1.1603203639388084 6848
1786506458496 1.1670163869857788 6849
1786506461084 1.1423665136098862 6850
1786506463666 1.154087208211422 6851
1786506466248 1.1442698538303375 6852
1786506468831 1.1334919705986977 6853
1786506471420 1.1807554364204407 6854
1786506474007 1.1653549745678902 6855
1786506476593 1.1723799481987953 6856
1786506479186 1.1581010818481445 6857
1786506481779 1.184256061911583 6858
1786506484363 1.1464364305138588 6859
1786506486944 1.1348623409867287 6860
1786506489525 1.1672490537166595 6861
1786506492107 1.1369575932621956 6862
1786506494689 1.1627365499734879 6863
1786506497271 1.1595309525728226 6864
1786506499853 1.1561572775244713 6865
1786506502435 1.1587820053100586 6866
1786506505018 1.1402735486626625 6867
1786506507602 1.1600299328565598 6868
1786506510183 1.1384326666593552 6869
1786506512765 1.1522486060857773 6870
1786506515347 1.1698410138487816 6871
1786506517931 1.1547654196619987 6872
1786506520510 1.1489424407482147 6873
1786506523090 1.1440250352025032 6874
1786506525670 1.170994557440281 6875
1786506528251 1.130618654191494 6876
1786506530837 1.145207479596138 6877
1786506533428 1.1691417917609215 6878
1786506536010 1.1495039984583855 6879
1786506538591 1.16619473695755 6880
1786506541168 1.1618147194385529 6881
1786506543746 1.1448116227984428 6882
1786506546330 1.1717953532934189 6883
1786506548915 1.16831024736166 6884
1786506551497 1.1475183889269829 6885
1786506554082 1.1716202571988106 6886
1786506556665 1.170812577009201 6887
1786506559250 1.1542480736970901 6888
1786506561831 1.1441488191485405 6889
1786506564413 1.1466990858316422 6890
1786506566995 1.1769910007715225 6891
1786506569578 1.1541738212108612 6892
1786506572159 1.19129628688097 6893
1786506574741 1.130129411816597 6894
1786506577324 1.1242167726159096 6895
1786506579909 1.158467024564743 6896
1786506582490 1.1459811106324196 6897
1786506585072 1.1823764741420746 6898
1786506587653 1.161912463605404 6899
1786506590236 1.1756507977843285 6900
1786506592818 1.1367500945925713 6901
1786506595399 1.1378494501113892 6902
1786506597981 1.163062870502472 6903
1786506600563 1.1431713476777077 6904
1786506603144 1.1553707495331764 6905
1786506605725 1.1785588189959526 6906
1786506608307 1.1616480648517609 6907
1786506610889 1.1515420340001583 6908
1786506613471 1.1531937718391418 6909
1786506616052 1.1625493690371513 6910
1786506618633 1.1619082242250443 6911
1786506621215 1.1652363985776901 6912
1786506623796 1.1598946303129196 6913
1786506626378 1.1576543003320694 6914
1786506628959 1.1466437615454197 6915
1786506631543 1.1369432508945465 6916
1786506634124 1.157378613948822 6917
1786506636707 1.1439554914832115 6918
1786506639289 1.1548162251710892 6919
1786506641869 1.1463996693491936 6920
1786506644450 1.1365760937333107 6921
1786506647030 1.1449126452207565 6922
1786506649611 1.1647551655769348 6923
1786506652190 1.1322161331772804 6924
1786506654770 1.1562690138816833 6925
1786506657350 1.1623266786336899 6926
1786506659930 1.1558800265192986 6927
1786506662512 1.1570211946964264 6928
1786506665093 1.1159324571490288 6929
1786506667676 1.158809594810009 6930
1786506670257 1.1452548280358315 6931
1786506672839 1.16438477486372 6932
1786506675420 1.1576808243989944 6933
1786506678001 1.1615666970610619 6934
1786506680582 1.1505908444523811 6935
1786506683165 1.1380200535058975 6936
1786506685746 1.1525264903903008 6937
1786506688327 1.165400169789791 6938
1786506690908 1.145758792757988 6939
1786506693490 1.1785757839679718 6940
1786506696072 1.1628627553582191 6941
1786506698655 1.1618124768137932 6942
1786506701238 1.1539493650197983 6943
1786506703821 1.1632319912314415 6944
1786506706406 1.1320957615971565 6945
1786506708983 1.1716412603855133 6946
1786506711561 1.141146294772625 6947
1786506714137 1.1318435594439507 6948
1786506716713 1.1635275855660439 6949
1786506719291 1.1299341693520546 6950
1786506721868 1.1522235944867134 6951
1786506724446 1.1632684841752052 6952
1786506727024 1.1492870822548866 6953
1786506729601 1.1536975428462029 6954
1786506732178 1.161959059536457 6955
1786506734756 1.1679036319255829 6956
1786506737333 1.1583219170570374 6957
1786506739911 1.1335975676774979 6958
1786506742488 1.1465387493371964 6959
1786506745065 1.1571532636880875 6960
1786506747643 1.1501215994358063 6961
1786506750221 1.1453135535120964 6962
1786506752798 1.1318768113851547 6963
1786506755377 1.1770271509885788 6964
1786506757955 1.1551145985722542 6965
1786506760531 1.1630753576755524 6966
1786506763107 1.1457298547029495 6967
1786506765684 1.1838619261980057 6968
1786506768260 1.1593904420733452 6969
1786506770837 1.160514622926712 6970
1786506773414 1.1810110211372375 6971
1786506775992 1.160617969930172 6972
1786506778569 1.1847526654601097 6973
1786506781149 1.1735035181045532 6974
1786506783726 1.1634894609451294 6975
1786506786309 1.1690495535731316 6976
1786506788890 1.1683350279927254 6977
1786506791469 1.1555324643850327 6978
1786506794046 1.1926821991801262 6979
1786506796623 1.1374152824282646 6980
1786506799201 1.1368978396058083 6981
1786506801777 1.1631880179047585 6982
1786506804353 1.1449979692697525 6983
1786506806928 1.140309177339077 6984
1786506809502 1.1526651456952095 6985
1786506812077 1.1487921699881554 6986
1786506814652 1.151271753013134 6987
1786506817231 1.1622818186879158 6988
1786506819815 1.1671187281608582 6989
1786506822398 1.1594732403755188 6990
1786506824982 1.149899885058403 6991
1786506827566 1.153124637901783 6992
1786506830152 1.122098881751299 6993
1786506832735 1.1564956530928612 6994
1786506835319 1.150972381234169 6995
1786506837901 1.139289639890194 6996
1786506840484 1.135143242776394 6997
1786506843065 1.1596212685108185 6998
1786506845649 1.1748962551355362 6999
1786506849298 1.1535420268774033 7000
1786506851879 1.1693387478590012 7001
1786506854461 1.152606725692749 7002
1786506857043 1.1415197774767876 7003
1786506859624 1.1578511223196983 7004
1786506862205 1.1534804925322533 7005
1786506864787 1.171701468527317 7006
1786506867369 1.1420028433203697 7007
1786506869950 1.1735548079013824 7008
1786506872534 1.169555589556694 7009
1786506875122 1.1561064198613167 7010
1786506877706 1.1539340019226074 7011
1786506880288 1.158040851354599 7012
1786506882871 1.1571396887302399 7013
1786506885453 1.1396670788526535 7014
1786506888034 1.1590960696339607 7015
1786506890616 1.146212138235569 7016
1786506893198 1.130039781332016 7017
1786506895779 1.1549676805734634 7018
1786506898360 1.1453726291656494 7019
1786506900940 1.1510111019015312 7020
1786506903521 1.1577755734324455 7021
1786506906102 1.1536978781223297 7022
1786506908683 1.1479678452014923 7023
1786506911268 1.1504994481801987 7024
1786506913850 1.1744301468133926 7025
1786506916431 1.1492013707756996 7026
1786506919010 1.1488370075821877 7027
1786506921587 1.1654350310564041 7028
1786506924164 1.1547653675079346 7029
1786506926746 1.181616097688675 7030
1786506929334 1.1684129536151886 7031
1786506931923 1.1471011191606522 7032
1786506934505 1.1244226023554802 7033
1786506937086 1.1605430617928505 7034
1786506939671 1.1663853600621223 7035
1786506942262 1.133366134017706 7036
1786506944850 1.1638337895274162 7037
1786506947440 1.1639916002750397 7038
1786506950029 1.1401458755135536 7039
1786506952618 1.1411505565047264 7040
1786506955202 1.1305831670761108 7041
1786506957784 1.1426009759306908 7042
1786506960366 1.1602140665054321 7043
1786506962947 1.1636033058166504 7044
1786506965528 1.135534130036831 7045
1786506968111 1.1323547065258026 7046
1786506970693 1.1347933039069176 7047
1786506973273 1.1467072069644928 7048
1786506975850 1.1780020147562027 7049
1786506978427 1.1407967060804367 7050
1786506981003 1.169550396502018 7051
1786506983580 1.1540270820260048 7052
1786506986156 1.1456782892346382 7053
1786506988732 1.1649113148450851 7054
1786506991307 1.159117005765438 7055
1786506993887 1.162452518939972 7056
1786506996464 1.147607408463955 7057
1786506999041 1.1332579776644707 7058
1786507001620 1.1641100570559502 7059
1786507004196 1.1446038708090782 7060
1786507006772 1.14520263671875 7061
1786507009348 1.171612337231636 7062
1786507011926 1.1696011051535606 7063
1786507014505 1.1641299948096275 7064
1786507017083 1.1086108013987541 7065
1786507019659 1.1426316685974598 7066
1786507022236 1.1640858203172684 7067
1786507024812 1.1583631858229637 7068
1786507027390 1.145018544048071 7069
1786507029966 1.1913727894425392 7070
1786507032543 1.1620528548955917 7071
1786507035120 1.1626934707164764 7072
1786507037696 1.146125577390194 7073
1786507040273 1.176113098859787 7074
1786507042851 1.1427982300519943 7075
1786507045428 1.139078289270401 7076
1786507048005 1.1543783619999886 7077
1786507050582 1.1302869692444801 7078
1786507053159 1.161274492740631 7079
1786507055736 1.1600167527794838 7080
1786507058313 1.1617191061377525 7081
1786507060890 1.1515409275889397 7082
1786507063467 1.1405409649014473 7083
1786507066045 1.1641282737255096 7084
1786507068622 1.1726390570402145 7085
1786507071199 1.1515657380223274 7086
1786507073777 1.1529737636446953 7087
1786507076356 1.1575134098529816 7088
1786507078935 1.1344629228115082 7089
1786507081515 1.178473323583603 7090
1786507084094 1.1792386770248413 7091
1786507086674 1.1615472808480263 7092
1786507089254 1.1605802476406097 7093
1786507091834 1.1613997146487236 7094
1786507094413 1.1590926721692085 7095
1786507096993 1.152881234884262 7096
1786507099575 1.144340567290783 7097
1786507102156 1.1549184694886208 7098
1786507104737 1.1546852365136147 7099
1786507107320 1.1629976481199265 7100
1786507109901 1.1555537208914757 7101
1786507112484 1.1517183408141136 7102
1786507115066 1.1527893394231796 7103
1786507117650 1.1487828344106674 7104
1786507120233 1.150807298719883 7105
1786507122813 1.1488107740879059 7106
1786507125393 1.1657379195094109 7107
1786507127975 1.1665453910827637 7108
1786507130558 1.1546281278133392 7109
1786507133138 1.175748996436596 7110
1786507135725 1.1638117730617523 7111
1786507138306 1.1876795813441277 7112
1786507140888 1.1506080999970436 7113
1786507143471 1.1453191488981247 7114
1786507146053 1.164201494306326 7115
1786507148635 1.1646985039114952 7116
1786507151216 1.148880697786808 7117
1786507153799 1.1515815928578377 7118
1786507156382 1.1675087437033653 7119
1786507158965 1.1393195539712906 7120
1786507161548 1.1687441989779472 7121
1786507164132 1.151204101741314 7122
1786507166716 1.1786221116781235 7123
1786507169297 1.1375544294714928 7124
1786507171879 1.1318863295018673 7125
1786507174462 1.154466062784195 7126
1786507177045 1.1726277247071266 7127
1786507179628 1.1584035977721214 7128
1786507182211 1.151472195982933 7129
1786507184794 1.143814817070961 7130
1786507187377 1.1515030339360237 7131
1786507189960 1.149895466864109 7132
1786507192547 1.1432172507047653 7133
1786507195130 1.1136757023632526 7134
1786507197713 1.149130530655384 7135
1786507200296 1.1654116064310074 7136
1786507202881 1.1455553025007248 7137
1786507205474 1.1599144414067268 7138
1786507208057 1.1576782166957855 7139
1786507210639 1.132705233991146 7140
1786507213223 1.1520868614315987 7141
1786507215806 1.1627720519900322 7142
1786507218389 1.150476798415184 7143
1786507220971 1.1737428531050682 7144
1786507223553 1.1482744812965393 7145
1786507226135 1.182438738644123 7146
1786507228718 1.167472131550312 7147
1786507231302 1.1332625150680542 7148
1786507233884 1.1539965122938156 7149
1786507236467 1.1442578583955765 7150
1786507239049 1.14930609613657 7151
1786507241631 1.1617147698998451 7152
1786507244213 1.1760727539658546 7153
1786507246795 1.1657573506236076 7154
1786507249378 1.148216038942337 7155
1786507251961 1.1786110997200012 7156
1786507254545 1.1781110391020775 7157
1786507257132 1.166970707476139 7158
1786507259714 1.165065459907055 7159
1786507262299 1.1411207392811775 7160
1786507264881 1.141165316104889 7161
1786507267462 1.1495305374264717 7162
1786507270045 1.160725012421608 7163
1786507272627 1.165929690003395 7164
1786507275208 1.1681290045380592 7165
1786507277789 1.1555258855223656 7166
1786507280370 1.136417716741562 7167
1786507282952 1.152853138744831 7168
1786507285534 1.1241894587874413 7169
1786507288115 1.1730946972966194 7170
1786507290696 1.1343038603663445 7171
1786507293278 1.1427597254514694 7172
1786507295860 1.166663646697998 7173
1786507298441 1.1535557508468628 7174
1786507301022 1.1719648092985153 7175
1786507303604 1.1613826379179955 7176
1786507306186 1.154385469853878 7177
1786507308767 1.1515126377344131 7178
1786507311349 1.159236766397953 7179
1786507313930 1.1516810283064842 7180
1786507316509 1.1477642506361008 7181
1786507319088 1.151648610830307 7182
1786507321667 1.1572654396295547 7183
1786507324247 1.1435445696115494 7184
1786507326828 1.1713487654924393 7185
1786507329410 1.131574597209692 7186
1786507331991 1.1562473624944687 7187
1786507334573 1.1337465047836304 7188
1786507337155 1.15165676176548 7189
1786507339736 1.130289763212204 7190
1786507342318 1.1604025065898895 7191
1786507344901 1.1404301151633263 7192
1786507347482 1.1439711637794971 7193
1786507350063 1.1677408143877983 7194
1786507352644 1.1529389396309853 7195
1786507355225 1.1745782420039177 7196
1786507357806 1.1539176255464554 7197
1786507360388 1.151026077568531 7198
1786507362969 1.1335593536496162 7199
1786507365552 1.1518074348568916 7200
1786507368133 1.1600771769881248 7201
1786507370715 1.163620449602604 7202
1786507373299 1.1502776369452477 7203
1786507375882 1.164579801261425 7204
1786507378463 1.1522802859544754 7205
1786507381046 1.154314085841179 7206
1786507383628 1.1567753106355667 7207
1786507386210 1.170570693910122 7208
1786507388793 1.1558713093400002 7209
1786507391374 1.1773354038596153 7210
1786507393957 1.1310214176774025 7211
1786507396540 1.1729190573096275 7212
1786507399122 1.177534207701683 7213
1786507401704 1.14716387540102 7214
1786507404286 1.145408034324646 7215
1786507406869 1.1576279625296593 7216
1786507409451 1.1792401745915413 7217
1786507412031 1.131862998008728 7218
1786507414612 1.1557718366384506 7219
1786507417193 1.1478080861270428 7220
1786507419774 1.1674729809165 7221
1786507422355 1.1358799412846565 7222
1786507424936 1.1081234999001026 7223
1786507427513 1.176299162209034 7224
1786507430089 1.1354903057217598 7225
1786507432664 1.147399939596653 7226
1786507435240 1.1263264641165733 7227
1786507437817 1.1452577635645866 7228
1786507440394 1.1513087078928947 7229
1786507442971 1.170580931007862 7230
1786507445546 1.1468138918280602 7231
1786507448123 1.1400398388504982 7232
1786507450700 1.1484026834368706 7233
1786507453277 1.1683924123644829 7234
1786507455854 1.17276781052351 7235
1786507458432 1.1526873856782913 7236
1786507461009 1.1541851609945297 7237
1786507463586 1.128505490720272 7238
1786507466162 1.1395805180072784 7239
1786507468738 1.1528751328587532 7240
1786507471316 1.1384180337190628 7241
1786507473893 1.1646386831998825 7242
1786507476471 1.1681755259633064 7243
1786507479048 1.1422380730509758 7244
1786507481626 1.1488503813743591 7245
1786507484203 1.1509277746081352 7246
1786507486782 1.151026427745819 7247
1786507489365 1.1457949057221413 7248
1786507491951 1.1599712818861008 7249
1786507494533 1.1502204984426498 7250
1786507497114 1.1548121571540833 7251
1786507499694 1.1520083248615265 7252
1786507502276 1.1479752287268639 7253
1786507504858 1.1559037938714027 7254
1786507507440 1.1619607880711555 7255
1786507510022 1.159307450056076 7256
1786507512605 1.1527048870921135 7257
1786507515186 1.1580791100859642 7258
1786507517766 1.1196796707808971 7259
1786507520347 1.151621151715517 7260
1786507522928 1.160547748208046 7261
1786507525510 1.1448352485895157 7262
1786507528092 1.1635432466864586 7263
1786507530673 1.1336719207465649 7264
1786507533255 1.1637369841337204 7265
1786507535836 1.1671702340245247 7266
1786507538418 1.1569619178771973 7267
1786507540999 1.13799449801445 7268
1786507543580 1.1589110344648361 7269
1786507546163 1.153723731637001 7270
1786507548745 1.1559089720249176 7271
1786507551329 1.161695308983326 7272
1786507553911 1.1640860363841057 7273
1786507556494 1.152242362499237 7274
1786507559074 1.1529819518327713 7275
1786507561659 1.16446091234684 7276
1786507564240 1.1514984145760536 7277
1786507566821 1.1807436123490334 7278
1786507569404 1.1424245908856392 7279
1786507571984 1.1309172362089157 7280
1786507574566 1.151114210486412 7281
1786507577149 1.163834661245346 7282
1786507579730 1.1553926914930344 7283
1786507582313 1.1442824602127075 7284
1786507584894 1.1428722888231277 7285
1786507587476 1.1386236101388931 7286
1786507590057 1.1287003085017204 7287
1786507592638 1.149131678044796 7288
1786507595220 1.1595761850476265 7289
1786507597802 1.146275833249092 7290
1786507600384 1.1648409962654114 7291
1786507602966 1.1739269495010376 7292
1786507605549 1.1598420813679695 7293
1786507608130 1.1704631224274635 7294
1786507610712 1.1514381095767021 7295
1786507613297 1.1516102328896523 7296
1786507615883 1.1589075550436974 7297
1786507618469 1.1167405173182487 7298
1786507621052 1.1650124117732048 7299
1786507623636 1.146114058792591 7300
1786507626218 1.157399132847786 7301
1786507628800 1.1696929261088371 7302
1786507631382 1.1661232933402061 7303
1786507633964 1.1514105200767517 7304
1786507636546 1.1611409485340118 7305
1786507639127 1.161577858030796 7306
1786507641708 1.1510201692581177 7307
1786507644289 1.1525514423847198 7308
1786507646870 1.1472261846065521 7309
1786507649452 1.170324593782425 7310
1786507652034 1.1555160954594612 7311
1786507654617 1.1463043317198753 7312
1786507657200 1.13568714261055 7313
1786507659783 1.1544784307479858 7314
1786507662366 1.158975601196289 7315
1786507664948 1.1484831497073174 7316
1786507667530 1.1387744955718517 7317
1786507670112 1.1583575010299683 7318
1786507672695 1.1738464757800102 7319
1786507675280 1.1347690671682358 7320
1786507677869 1.1718093305826187 7321
1786507680451 1.1484781205654144 7322
1786507683032 1.1699590384960175 7323
1786507685615 1.160666286945343 7324
1786507688199 1.1619372740387917 7325
1786507690776 1.1243012621998787 7326
1786507693353 1.170159749686718 7327
1786507695929 1.1525056287646294 7328
1786507698505 1.1596268713474274 7329
1786507701080 1.141653686761856 7330
1786507703656 1.1648638471961021 7331
1786507706233 1.1389514952898026 7332
1786507708809 1.146766297519207 7333
1786507711386 1.1679162085056305 7334
1786507713962 1.153383582830429 7335
1786507716539 1.151063732802868 7336
1786507719116 1.1566188633441925 7337
1786507721694 1.169030785560608 7338
1786507724270 1.1851633489131927 7339
1786507726847 1.1473101824522018 7340
1786507729425 1.153585061430931 7341
1786507732007 1.1454525962471962 7342
1786507734588 1.1917921379208565 7343
1786507737169 1.1305691376328468 7344
1786507739750 1.1581745967268944 7345
1786507742331 1.1499760448932648 7346
1786507744911 1.148194007575512 7347
1786507747492 1.1556375846266747 7348
1786507750074 1.1486133486032486 7349
1786507752655 1.1528164222836494 7350
1786507755237 1.1546161398291588 7351
1786507757818 1.1352960541844368 7352
1786507760399 1.1637246310710907 7353
1786507762979 1.164624661207199 7354
1786507765558 1.1362394466996193 7355
1786507768140 1.1746110916137695 7356
1786507770727 1.1796856597065926 7357
1786507773312 1.147340603172779 7358
1786507775898 1.1575876325368881 7359
1786507778485 1.1513025984168053 7360
1786507781068 1.1544111892580986 7361
1786507783650 1.133886270225048 7362
1786507786234 1.134696640074253 7363
1786507788815 1.1419711858034134 7364
1786507791396 1.166126362979412 7365
1786507793979 1.1341798454523087 7366
1786507796561 1.1389315389096737 7367
1786507799143 1.1821845024824142 7368
1786507801725 1.1530608907341957 7369
1786507804306 1.1509930044412613 7370
1786507806888 1.1263085454702377 7371
1786507809471 1.1504541262984276 7372
1786507812052 1.1336855292320251 7373
1786507814634 1.1523062363266945 7374
1786507817217 1.1928489208221436 7375
1786507819800 1.1601243987679482 7376
1786507822383 1.138717107474804 7377
1786507824965 1.1577635630965233 7378
1786507827547 1.1811722368001938 7379
1786507830129 1.1395137161016464 7380
1786507832712 1.1527325958013535 7381
1786507835295 1.1321796253323555 7382
1786507837876 1.1608556509017944 7383
1786507840458 1.1558765321969986 7384
1786507843041 1.1577792391180992 7385
1786507845623 1.1423591524362564 7386
1786507848206 1.1397751793265343 7387
1786507850790 1.1487137228250504 7388
1786507853375 1.1608189158141613 7389
1786507855958 1.1618874371051788 7390
1786507858539 1.1261300146579742 7391
1786507861125 1.1296479552984238 7392
1786507863710 1.153957076370716 7393
1786507866292 1.157961793243885 7394
1786507868877 1.1485529020428658 7395
1786507871458 1.1295909509062767 7396
1786507874042 1.1567022949457169 7397
1786507876631 1.1537094786763191 7398
1786507879212 1.162109524011612 7399
1786507881793 1.1520839631557465 7400
1786507884377 1.1643716767430305 7401
1786507886957 1.1544556841254234 7402
1786507889538 1.1526288762688637 7403
1786507892119 1.1555542275309563 7404
1786507894700 1.1402444541454315 7405
1786507897281 1.1601845622062683 7406
1786507899863 1.1563275456428528 7407
1786507902444 1.1515929028391838 7408
1786507905025 1.1740585342049599 7409
1786507907606 1.1439503580331802 7410
1786507910187 1.1581035554409027 7411
1786507912769 1.1407311037182808 7412
1786507915350 1.156634882092476 7413
1786507917933 1.1408655419945717 7414
1786507920515 1.1509115919470787 7415
1786507923101 1.1424187868833542 7416
1786507925688 1.130792036652565 7417
1786507928276 1.1645966842770576 7418
1786507930855 1.1641787737607956 7419
1786507933434 1.14084742218256 7420
1786507936017 1.1350910812616348 7421
1786507938599 1.1703092157840729 7422
1786507941181 1.1720446571707726 7423
1786507943763 1.1564564555883408 7424
1786507946341 1.142762951552868 7425
1786507948917 1.1463230922818184 7426
1786507951495 1.16758693754673 7427
1786507954072 1.1301894634962082 7428
1786507956648 1.1562625244259834 7429
1786507959225 1.1546105742454529 7430
1786507961802 1.1681812331080437 7431
1786507964378 1.1420955434441566 7432
1786507966962 1.1298011541366577 7433
1786507969544 1.144628845155239 7434
1786507972128 1.1608540751039982 7435
1786507974715 1.1608235761523247 7436
1786507977301 1.1716140359640121 7437
1786507979881 1.1511609479784966 7438
1786507982462 1.1481895595788956 7439
1786507985043 1.1635679453611374 7440
1786507987623 1.138195000588894 7441
1786507990204 1.1616039425134659 7442
1786507992786 1.1610112413764 7443
1786507995371 1.1542938351631165 7444
1786507997954 1.128816470503807 7445
1786508000533 1.1720847859978676 7446
1786508003109 1.1476766616106033 7447
1786508005685 1.1506648659706116 7448
1786508008263 1.1401197388768196 7449
1786508010840 1.1618316397070885 7450
1786508013417 1.1527211219072342 7451
1786508015996 1.138365089893341 7452
1786508018573 1.1460242420434952 7453
1786508021151 1.1381642147898674 7454
1786508023727 1.1305513232946396 7455
1786508026303 1.1710160747170448 7456
1786508028880 1.1580156087875366 7457
1786508031457 1.1357600390911102 7458
1786508034038 1.1453877538442612 7459
1786508036622 1.1595735400915146 7460
1786508039204 1.142349123954773 7461
1786508041785 1.1469614803791046 7462
1786508044364 1.1448913216590881 7463
1786508046945 1.1477543488144875 7464
1786508049527 1.1420560851693153 7465
1786508052105 1.1493081450462341 7466
1786508054686 1.153900384902954 7467
1786508057265 1.1456108689308167 7468
1786508059847 1.1276742815971375 7469
1786508062431 1.1713707000017166 7470
1786508065015 1.1641204431653023 7471
1786508067596 1.1627530977129936 7472
1786508070174 1.144578993320465 7473
1786508072754 1.1448410712182522 7474
1786508075335 1.1539182513952255 7475
1786508077917 1.1380695104599 7476
1786508080499 1.1460127010941505 7477
1786508083082 1.1346056684851646 7478
1786508085667 1.1419083140790462 7479
1786508088252 1.1407691985368729 7480
1786508090837 1.1627552509307861 7481
1786508093423 1.1477296985685825 7482
1786508096008 1.1678586155176163 7483
1786508098590 1.1431869938969612 7484
1786508101168 1.15370611846447 7485
1786508103754 1.1144555695354939 7486
1786508106349 1.1480509117245674 7487
1786508108931 1.144889011979103 7488
1786508111511 1.145211398601532 7489
1786508114094 1.1627652645111084 7490
1786508116674 1.1349657252430916 7491
1786508119255 1.140594705939293 7492
1786508121837 1.1474072858691216 7493
1786508124419 1.1527011170983315 7494
1786508127000 1.1631554886698723 7495
1786508129581 1.1605992838740349 7496
1786508132163 1.1348388493061066 7497
1786508134743 1.140312697738409 7498
1786508137325 1.1399461328983307 7499
1786508141301 1.134916052222252 7500
1786508143882 1.1492850184440613 7501
1786508146463 1.1569747254252434 7502
1786508149040 1.1455578580498695 7503
1786508151615 1.1442165598273277 7504
1786508154197 1.160583645105362 7505
1786508156778 1.144678920507431 7506
1786508159359 1.1317224651575089 7507
1786508161940 1.1382801458239555 7508
1786508164520 1.1410772874951363 7509
1786508167101 1.1505416855216026 7510
1786508169682 1.1707365661859512 7511
1786508172263 1.1504501402378082 7512
1786508174845 1.140341617166996 7513
1786508177425 1.1601790711283684 7514
1786508180007 1.1361433118581772 7515
1786508182588 1.1372302994132042 7516
1786508185170 1.165814533829689 7517
1786508187750 1.143091008067131 7518
1786508190330 1.1373634338378906 7519
1786508192910 1.1585491374135017 7520
1786508195494 1.1231093481183052 7521
1786508198074 1.1378524973988533 7522
1786508200654 1.135509915649891 7523
1786508203235 1.1536813005805016 7524
1786508205815 1.1427608579397202 7525
1786508208396 1.1820641234517097 7526
1786508210977 1.163326047360897 7527
1786508213560 1.150210201740265 7528
1786508216141 1.16428492218256 7529
1786508218722 1.129513993859291 7530
1786508221301 1.1594149470329285 7531
1786508223881 1.164770483970642 7532
1786508226461 1.1445200815796852 7533
1786508229042 1.1561645939946175 7534
1786508231622 1.1622511819005013 7535
1786508234203 1.1679774522781372 7536
1786508236783 1.161009281873703 7537
1786508239363 1.1674277037382126 7538
1786508241942 1.1548316776752472 7539
1786508244523 1.1611610427498817 7540
1786508247104 1.1594493463635445 7541
1786508249684 1.1302560344338417 7542
1786508252263 1.1643990874290466 7543
1786508254843 1.1730733886361122 7544
1786508257424 1.1618734300136566 7545
1786508260003 1.1536295264959335 7546
1786508262583 1.1498139947652817 7547
1786508265158 1.15049859136343 7548
1786508267733 1.1359273195266724 7549
1786508270309 1.1311634555459023 7550
1786508272884 1.1368812322616577 7551
1786508275459 1.1647699996829033 7552
1786508278034 1.150039330124855 7553
1786508280610 1.1454636454582214 7554
1786508283185 1.1532897278666496 7555
1786508285759 1.1737931966781616 7556
1786508288334 1.1314715817570686 7557
1786508290909 1.1524299308657646 7558
1786508293484 1.164819560945034 7559
1786508296059 1.1610578522086143 7560
1786508298638 1.1615327522158623 7561
1786508301217 1.1309077888727188 7562
1786508303796 1.15177371352911 7563
1786508306376 1.1523722186684608 7564
1786508308955 1.1320769116282463 7565
1786508311539 1.1565993204712868 7566
1786508314118 1.121698997914791 7567
1786508316696 1.1434796154499054 7568
1786508319275 1.1620887145400047 7569
1786508321857 1.170838601887226 7570
1786508324437 1.165398620069027 7571
1786508327018 1.1433060765266418 7572
1786508329599 1.1504629701375961 7573
1786508332181 1.1537779122591019 7574
1786508334762 1.1562016755342484 7575
1786508337343 1.123801276087761 7576
1786508339925 1.1287208795547485 7577
1786508342507 1.1588620766997337 7578
1786508345095 1.1614732295274734 7579
1786508347676 1.1683315485715866 7580
1786508350256 1.1366891115903854 7581
1786508352837 1.1557137221097946 7582
1786508355417 1.14261394739151 7583
1786508357997 1.1495927907526493 7584
1786508360577 1.1345615088939667 7585
1786508363157 1.1731680780649185 7586
1786508365739 1.1612108200788498 7587
1786508368323 1.1574787497520447 7588
1786508370902 1.1556039452552795 7589
1786508373485 1.1660386696457863 7590
1786508376072 1.1349311619997025 7591
1786508378660 1.1610018014907837 7592
1786508381266 1.1358558535575867 7593
1786508383853 1.1522374525666237 7594
1786508386438 1.1383075341582298 7595
1786508389025 1.148037612438202 7596
1786508391610 1.1691622361540794 7597
1786508394197 1.1787831336259842 7598
1786508396781 1.151783972978592 7599
1786508399366 1.130635842680931 7600
1786508401952 1.14212741330266 7601
1786508404536 1.1585828065872192 7602
1786508407124 1.143054686486721 7603
1786508409710 1.1812150552868843 7604
1786508412298 1.1575756147503853 7605
1786508414892 1.1450080275535583 7606
1786508417477 1.1766983643174171 7607
1786508420066 1.1402292400598526 7608
1786508422650 1.1433241739869118 7609
1786508425238 1.1634700819849968 7610
1786508427821 1.1490748599171638 7611
1786508430402 1.148306965827942 7612
1786508432982 1.165801741182804 7613
1786508435562 1.1279555931687355 7614
1786508438138 1.1557874083518982 7615
1786508440713 1.1355417743325233 7616
1786508443289 1.1518925949931145 7617
1786508445868 1.1564001366496086 7618
1786508448443 1.1801427602767944 7619
1786508451019 1.1324000731110573 7620
1786508453594 1.1444424018263817 7621
1786508456171 1.1433950439095497 7622
1786508458747 1.1569481045007706 7623
1786508461322 1.146658055484295 7624
1786508463898 1.164804108440876 7625
1786508466475 1.143573947250843 7626
1786508469050 1.1406266912817955 7627
1786508471626 1.1468899175524712 7628
1786508474201 1.1100581884384155 7629
1786508476779 1.1548599377274513 7630
1786508479355 1.1561179086565971 7631
1786508481930 1.172794908285141 7632
1786508484507 1.1513188406825066 7633
1786508487088 1.1270765364170074 7634
1786508489668 1.1575245708227158 7635
1786508492248 1.1522225588560104 7636
1786508494826 1.1410711780190468 7637
1786508497405 1.1642952114343643 7638
1786508499988 1.1764709055423737 7639
1786508502578 1.144325815141201 7640
1786508505172 1.1397211402654648 7641
1786508507763 1.1636794656515121 7642
1786508510357 1.1517992988228798 7643
1786508512945 1.1426646560430527 7644
1786508515532 1.1538889110088348 7645
1786508518122 1.1532517448067665 7646
1786508520711 1.1611534282565117 7647
1786508523295 1.1576232463121414 7648
1786508525883 1.168344832956791 7649
1786508528470 1.1513674333691597 7650
1786508531058 1.1482080519199371 7651
1786508533637 1.1523601338267326 7652
1786508536226 1.1397775709629059 7653
1786508538820 1.168919399380684 7654
1786508541410 1.1170479506254196 7655
1786508543999 1.1477418765425682 7656
1786508546586 1.1562357544898987 7657
1786508549171 1.1511729061603546 7658
1786508551759 1.1267662309110165 7659
1786508554350 1.1439357846975327 7660
1786508556937 1.1224557012319565 7661
1786508559525 1.155730664730072 7662
1786508562104 1.1636604219675064 7663
1786508564683 1.1650109887123108 7664
1786508567261 1.1579376831650734 7665
1786508569838 1.1265213564038277 7666
1786508572415 1.1426636278629303 7667
1786508574993 1.1406230628490448 7668
1786508577571 1.154981605708599 7669
1786508580148 1.1392696537077427 7670
1786508582724 1.1451965272426605 7671
1786508585302 1.1747459322214127 7672
1786508587883 1.1601654216647148 7673
1786508590463 1.127694383263588 7674
1786508593043 1.1531458273530006 7675
1786508595624 1.141853243112564 7676
1786508598204 1.1330246850848198 7677
1786508600783 1.1429262235760689 7678
1786508603362 1.149766393005848 7679
1786508605941 1.1430126950144768 7680
1786508608524 1.1483333557844162 7681
1786508611105 1.1581497937440872 7682
1786508613686 1.1571459099650383 7683
1786508616267 1.1418397650122643 7684
1786508618849 1.1375053972005844 7685
1786508621428 1.152312994003296 7686
1786508624007 1.1585171073675156 7687
1786508626587 1.1484309658408165 7688
1786508629167 1.142242506146431 7689
1786508631750 1.1579710692167282 7690
1786508634332 1.149173028767109 7691
1786508636915 1.1644983738660812 7692
1786508639495 1.1360817030072212 7693
1786508642079 1.1473202556371689 7694
1786508644661 1.148900493979454 7695
1786508647240 1.157347559928894 7696
1786508649819 1.1279996261000633 7697
1786508652403 1.1321398690342903 7698
1786508654982 1.1835264712572098 7699
1786508657561 1.1641024500131607 7700
1786508660140 1.129896156489849 7701
1786508662720 1.1599698960781097 7702
1786508665299 1.1441969498991966 7703
1786508667878 1.1606848537921906 7704
1786508670458 1.1537778750061989 7705
1786508673039 1.1475029289722443 7706
1786508675619 1.1273448094725609 7707
1786508678198 1.1395421549677849 7708
1786508680777 1.1689139753580093 7709
1786508683357 1.1581239849328995 7710
1786508685937 1.142911322414875 7711
1786508688516 1.152748815715313 7712
1786508691104 1.1457515954971313 7713
1786508693686 1.1566236838698387 7714
1786508696266 1.1607719734311104 7715
1786508698845 1.1432786360383034 7716
1786508701425 1.1405224427580833 7717
1786508704006 1.1287406980991364 7718
1786508706588 1.161586582660675 7719
1786508709168 1.1536382585763931 7720
1786508711747 1.1551576256752014 7721
1786508714328 1.1469593569636345 7722
1786508716908 1.1550467982888222 7723
1786508719488 1.135030783712864 7724
1786508722070 1.1622048392891884 7725
1786508724652 1.1677514016628265 7726
1786508727232 1.1335482075810432 7727
1786508729812 1.1716417372226715 7728
1786508732393 1.1333155408501625 7729
1786508734974 1.1407643407583237 7730
1786508737554 1.1345743983983994 7731
1786508740135 1.165090650320053 7732
1786508742716 1.1597846448421478 7733
1786508745297 1.1546667963266373 7734
1786508747878 1.1520511880517006 7735
1786508750461 1.148258738219738 7736
1786508753042 1.1539630144834518 7737
1786508755623 1.1464021056890488 7738
1786508758204 1.1404238417744637 7739
1786508760785 1.1557965651154518 7740
1786508763366 1.1290304213762283 7741
1786508765947 1.1508284136652946 7742
1786508768523 1.1453941762447357 7743
1786508771102 1.1462026536464691 7744
1786508773681 1.142373003065586 7745
1786508776262 1.1525793746113777 7746
1786508778842 1.1583316847682 7747
1786508781421 1.14564648270607 7748
1786508784002 1.147239364683628 7749
1786508786582 1.1348854824900627 7750
1786508789163 1.129279464483261 7751
1786508791746 1.1328720077872276 7752
1786508794326 1.1655350252985954 7753
1786508796907 1.124531578272581 7754
1786508799488 1.1528096348047256 7755
1786508802070 1.1645648926496506 7756
1786508804650 1.1486704275012016 7757
1786508807229 1.1503195241093636 7758
1786508809809 1.143910214304924 7759
1786508812393 1.1507167965173721 7760
1786508814973 1.162860631942749 7761
1786508817552 1.1470654010772705 7762
1786508820131 1.1464623808860779 7763
1786508822710 1.123054638504982 7764
1786508825288 1.1596178784966469 7765
1786508827868 1.1461049765348434 7766
1786508830447 1.1501468867063522 7767
1786508833025 1.1490986123681068 7768
1786508835604 1.1154310554265976 7769
1786508838185 1.1549919545650482 7770
1786508840763 1.150929905474186 7771
1786508843342 1.1640663594007492 7772
1786508845921 1.1463372930884361 7773
1786508848500 1.1345911994576454 7774
1786508851081 1.130529671907425 7775
1786508853660 1.1316626220941544 7776
1786508856240 1.136971801519394 7777
1786508858819 1.1507876217365265 7778
1786508861399 1.1701875552535057 7779
1786508863978 1.1252775639295578 7780
1786508866557 1.1660992726683617 7781
1786508869137 1.1202393397688866 7782
1786508871717 1.165720596909523 7783
1786508874296 1.1559870764613152 7784
1786508876876 1.1189608424901962 7785
1786508879454 1.1561819836497307 7786
1786508882033 1.1559618636965752 7787
1786508884612 1.1430562362074852 7788
1786508887191 1.1477425768971443 7789
1786508889769 1.1516890451312065 7790
1786508892348 1.1431222558021545 7791
1786508894927 1.1590486392378807 7792
1786508897505 1.1484115794301033 7793
1786508900084 1.167887106537819 7794
1786508902664 1.1709094271063805 7795
1786508905243 1.1664173230528831 7796
1786508907823 1.1498351469635963 7797
1786508910402 1.1548271030187607 7798
1786508912981 1.1626166701316833 7799
1786508915560 1.149188555777073 7800
1786508918139 1.1466589719057083 7801
1786508920718 1.153468482196331 7802
1786508923297 1.1394909992814064 7803
1786508925875 1.1581229194998741 7804
1786508928454 1.1390117034316063 7805
1786508931034 1.1586834490299225 7806
1786508933613 1.1563895717263222 7807
1786508936194 1.1450879909098148 7808
1786508938774 1.149021327495575 7809
1786508941353 1.1381203308701515 7810
1786508943932 1.1308691576123238 7811
1786508946512 1.137339472770691 7812
1786508949094 1.1457242146134377 7813
1786508951674 1.1532553471624851 7814
1786508954253 1.1458557806909084 7815
1786508956831 1.126514233648777 7816
1786508959410 1.1349401473999023 7817
1786508961989 1.1670808866620064 7818
1786508964568 1.1407811343669891 7819
1786508967147 1.1382346600294113 7820
1786508969728 1.143658585846424 7821
1786508972308 1.1283973306417465 7822
1786508974887 1.165637530386448 7823
1786508977467 1.1279351338744164 7824
1786508980046 1.140369065105915 7825
1786508982625 1.1569111123681068 7826
1786508985205 1.125545509159565 7827
1786508987784 1.146720815449953 7828
1786508990364 1.1536412760615349 7829
1786508992944 1.1039728745818138 7830
1786508995524 1.1211147829890251 7831
1786508998103 1.1373424232006073 7832
1786509000685 1.1523871943354607 7833
1786509003266 1.1482150219380856 7834
1786509005853 1.1355359554290771 7835
1786509008433 1.1620096936821938 7836
1786509011013 1.1106425300240517 7837
1786509013593 1.163194216787815 7838
1786509016173 1.1264329329133034 7839
1786509018753 1.1322499066591263 7840
1786509021333 1.1516616642475128 7841
1786509023913 1.1479452103376389 7842
1786509026493 1.1679288819432259 7843
1786509029073 1.1424541026353836 7844
1786509031653 1.1563464254140854 7845
1786509034235 1.1680804789066315 7846
1786509036816 1.1457958742976189 7847
1786509039396 1.1648889482021332 7848
1786509041976 1.1297766715288162 7849
1786509044557 1.1504556611180305 7850
1786509047138 1.1295175142586231 7851
1786509049719 1.1343630217015743 7852
1786509052303 1.1060500144958496 7853
1786509054884 1.120286263525486 7854
1786509057464 1.1456560790538788 7855
1786509060045 1.1374112963676453 7856
1786509062625 1.1503744348883629 7857
1786509065205 1.1353093683719635 7858
1786509067786 1.143941044807434 7859
1786509070367 1.1585388481616974 7860
1786509072947 1.133146733045578 7861
1786509075527 1.14646590128541 7862
1786509078108 1.1468491181731224 7863
1786509080688 1.1331209912896156 7864
1786509083268 1.1461969912052155 7865
1786509085848 1.1483177244663239 7866
1786509088429 1.1485893316566944 7867
1786509091012 1.1470396965742111 7868
1786509093592 1.153005190193653 7869
1786509096172 1.135533344000578 7870
1786509098754 1.146116942167282 7871
1786509101335 1.138973630964756 7872
1786509103916 1.1378957033157349 7873
1786509106496 1.137307547032833 7874
1786509109076 1.142869345843792 7875
1786509111658 1.1521409377455711 7876
1786509114240 1.154967613518238 7877
1786509116822 1.1507581993937492 7878
1786509119405 1.1590494140982628 7879
1786509121986 1.1181488409638405 7880
1786509124565 1.131997488439083 7881
1786509127147 1.1511238887906075 7882
1786509129728 1.1381166502833366 7883
1786509132311 1.1380919516086578 7884
1786509134891 1.1412259638309479 7885
1786509137472 1.1212638206779957 7886
1786509140052 1.1565843522548676 7887
1786509142631 1.1508928835391998 7888
1786509145211 1.1718032136559486 7889
1786509147792 1.1396437361836433 7890
1786509150372 1.149622417986393 7891
1786509152954 1.1722114458680153 7892
1786509155540 1.1390561982989311 7893
1786509158120 1.141217201948166 7894
1786509160703 1.1529251337051392 7895
1786509163283 1.1494284868240356 7896
1786509165866 1.1393546760082245 7897
1786509168446 1.1565864235162735 7898
1786509171026 1.1417930126190186 7899
1786509173607 1.1345602422952652 7900
1786509176189 1.1427575051784515 7901
1786509178770 1.1720794662833214 7902
1786509181349 1.147074818611145 7903
1786509183930 1.1631036847829819 7904
1786509186510 1.1436356008052826 7905
1786509189090 1.1351494267582893 7906
1786509191670 1.1699761599302292 7907
1786509194250 1.1237381473183632 7908
1786509196831 1.1449397951364517 7909
1786509199413 1.1488466300070286 7910
1786509201992 1.1673846766352654 7911
1786509204573 1.1481925696134567 7912
1786509207154 1.1439496353268623 7913
1786509209733 1.1327728629112244 7914
1786509212313 1.1513790488243103 7915
1786509214893 1.1185506395995617 7916
1786509217473 1.1571907699108124 7917
1786509220052 1.1463234424591064 7918
1786509222633 1.142058715224266 7919
1786509225213 1.1304338425397873 7920
1786509227792 1.1322955675423145 7921
1786509230378 1.1350666135549545 7922
1786509232972 1.1595244035124779 7923
1786509235556 1.1474115252494812 7924
1786509238138 1.1364492177963257 7925
1786509240719 1.1487372666597366 7926
1786509243300 1.1394474729895592 7927
1786509245885 1.131226509809494 7928
1786509248466 1.1714228838682175 7929
1786509251045 1.1435844451189041 7930
1786509253627 1.1357728838920593 7931
1786509256208 1.1345549151301384 7932
1786509258789 1.184869684278965 7933
1786509261368 1.129073679447174 7934
1786509263949 1.1466017365455627 7935
1786509266529 1.1492990627884865 7936
1786509269108 1.1518321707844734 7937
1786509271689 1.1427078768610954 7938
1786509274269 1.1335082575678825 7939
1786509276849 1.152311235666275 7940
1786509279430 1.150852281600237 7941
1786509282010 1.1404269859194756 7942
1786509284590 1.1494540125131607 7943
1786509287169 1.1566888317465782 7944
1786509289750 1.1479450315237045 7945
1786509292333 1.1335206180810928 7946
1786509294916 1.144755631685257 7947
1786509297497 1.1486328840255737 7948
1786509300075 1.146171510219574 7949
1786509302654 1.1424421593546867 7950
1786509305246 1.1474244371056557 7951
1786509307835 1.151769571006298 7952
1786509310422 1.1336521729826927 7953
1786509313012 1.1682651787996292 7954
1786509315604 1.127073422074318 7955
1786509318196 1.1626764312386513 7956
1786509320793 1.1290586814284325 7957
1786509323386 1.1303951069712639 7958
1786509325983 1.1352694481611252 7959
1786509328598 1.1425525471568108 7960
1786509331183 1.153212420642376 7961
1786509333775 1.1625907644629478 7962
1786509336366 1.1573363542556763 7963
1786509338961 1.142490416765213 7964
1786509341553 1.1166765317320824 7965
1786509344139 1.1541044637560844 7966
1786509346730 1.137315794825554 7967
1786509349315 1.1686982959508896 7968
1786509351900 1.1530587375164032 7969
1786509354493 1.1321983262896538 7970
1786509357083 1.1525274366140366 7971
1786509359679 1.13929732888937 7972
1786509362271 1.1381779983639717 7973
1786509364863 1.1467541605234146 7974
1786509367451 1.1491622626781464 7975
1786509370043 1.1359064653515816 7976
1786509372629 1.1533610075712204 7977
1786509375227 1.1685931012034416 7978
1786509377811 1.1619216203689575 7979
1786509380408 1.1190072447061539 7980
1786509382996 1.152234934270382 7981
1786509385584 1.1240006536245346 7982
1786509388169 1.171482391655445 7983
1786509390759 1.1444907039403915 7984
1786509393342 1.1411402449011803 7985
1786509395929 1.148442491889 7986
1786509398512 1.1388055607676506 7987
1786509401105 1.1654223427176476 7988
1786509403687 1.1550225093960762 7989
1786509406266 1.159229315817356 7990
1786509408848 1.1270137503743172 7991
1786509411431 1.158080279827118 7992
1786509414012 1.1551529094576836 7993
1786509416590 1.1607848703861237 7994
1786509419165 1.1494739428162575 7995
1786509421741 1.1408983990550041 7996
1786509424315 1.1380561850965023 7997
1786509426893 1.1435186602175236 7998
1786509429467 1.1628804132342339 7999
1786509434417 1.147077701985836 8000
1786509436991 1.160663716495037 8001
1786509439567 1.1520179063081741 8002
1786509442148 1.1499973759055138 8003
1786509444731 1.1553390845656395 8004
1786509447312 1.1296266913414001 8005
1786509449893 1.1530647948384285 8006
1786509452475 1.1400799825787544 8007
1786509455055 1.1515868455171585 8008
1786509457635 1.1438153684139252 8009
1786509460218 1.1608139425516129 8010
1786509462799 1.1435238346457481 8011
1786509465378 1.150406889617443 8012
1786509467958 1.171535424888134 8013
1786509470541 1.1529810801148415 8014
1786509473122 1.140717901289463 8015
1786509475703 1.1384174600243568 8016
1786509478284 1.1289580538868904 8017
1786509480865 1.1369958594441414 8018
1786509483445 1.146662324666977 8019
1786509486021 1.1522816494107246 8020
1786509488597 1.1571011990308762 8021
1786509491173 1.1310824565589428 8022
1786509493752 1.1341590248048306 8023
1786509496328 1.1608615890145302 8024
1786509498904 1.1337940283119678 8025
1786509501479 1.157399982213974 8026
1786509504056 1.1323816031217575 8027
1786509506632 1.137945681810379 8028
1786509509209 1.1301936581730843 8029
1786509511785 1.1583873331546783 8030
1786509514362 1.1314958855509758 8031
1786509516938 1.1633181422948837 8032
1786509519515 1.1727416962385178 8033
1786509522091 1.12605831772089 8034
1786509524667 1.138753853738308 8035
1786509527244 1.124046329408884 8036
1786509529821 1.168949156999588 8037
1786509532397 1.1556027233600616 8038
1786509534973 1.1812970116734505 8039
1786509537549 1.1405809372663498 8040
1786509540126 1.1122928261756897 8041
1786509542701 1.1478472128510475 8042
1786509545278 1.1472531035542488 8043
1786509547854 1.1456268429756165 8044
1786509550433 1.14032032340765 8045
1786509553015 1.1424478217959404 8046
1786509555597 1.1945762634277344 8047
1786509558179 1.1542331874370575 8048
1786509560761 1.146046057343483 8049
1786509563343 1.1400125622749329 8050
1786509565924 1.155275784432888 8051
1786509568505 1.1618721559643745 8052
1786509571087 1.1699543818831444 8053
1786509573669 1.1373176276683807 8054
1786509576251 1.1339740604162216 8055
1786509578832 1.1424636840820312 8056
1786509581413 1.1441749185323715 8057
1786509583993 1.166319914162159 8058
1786509586574 1.1479655280709267 8059
1786509589155 1.121679961681366 8060
1786509591737 1.127272680401802 8061
1786509594319 1.1619904935359955 8062
1786509596900 1.1353954002261162 8063
1786509599482 1.1433389857411385 8064
1786509602064 1.1574962735176086 8065
1786509604646 1.1637376844882965 8066
1786509607227 1.1218019276857376 8067
1786509609809 1.1537074521183968 8068
1786509612391 1.138841450214386 8069
1786509614973 1.1449822634458542 8070
1786509617554 1.13378032669425 8071
1786509620136 1.154264472424984 8072
1786509622718 1.1516680791974068 8073
1786509625302 1.1493905931711197 8074
1786509627883 1.1384296342730522 8075
1786509630465 1.1345662251114845 8076
1786509633046 1.131938323378563 8077
1786509635629 1.1504361405968666 8078
1786509638210 1.1057982370257378 8079
1786509640792 1.1504329852759838 8080
1786509643373 1.1594720259308815 8081
1786509645954 1.119258590042591 8082
1786509648535 1.1314981244504452 8083
1786509651117 1.1285185441374779 8084
1786509653698 1.1133046671748161 8085
1786509656281 1.1342133171856403 8086
1786509658862 1.1428900882601738 8087
1786509661444 1.1497181728482246 8088
1786509664025 1.1585630178451538 8089
1786509666607 1.1288651004433632 8090
1786509669189 1.1628099381923676 8091
1786509671770 1.1590020582079887 8092
1786509674351 1.1393243446946144 8093
1786509676934 1.1545227244496346 8094
1786509679524 1.1217090710997581 8095
1786509682105 1.130308486521244 8096
1786509684687 1.1426033601164818 8097
1786509687270 1.1322738230228424 8098
1786509689852 1.1277670934796333 8099
1786509692434 1.1526765376329422 8100
1786509695015 1.1348462402820587 8101
1786509697602 1.1479393616318703 8102
1786509700183 1.1355942413210869 8103
1786509702765 1.1435918658971786 8104
1786509705346 1.1542118228971958 8105
1786509707929 1.168374925851822 8106
1786509710510 1.1440768614411354 8107
1786509713092 1.1419398039579391 8108
1786509715673 1.1691597402095795 8109
1786509718255 1.1503841951489449 8110
1786509720837 1.1496132016181946 8111
1786509723419 1.1526516750454903 8112
1786509726001 1.1243879795074463 8113
1786509728582 1.1413619220256805 8114
1786509731164 1.1621727123856544 8115
1786509733744 1.1517819315195084 8116
1786509736326 1.1521432101726532 8117
1786509738907 1.1360916122794151 8118
1786509741488 1.1478568091988564 8119
1786509744069 1.1556595712900162 8120
1786509746652 1.1528950557112694 8121
1786509749232 1.1591981425881386 8122
1786509751812 1.1308115646243095 8123
1786509754393 1.1291299909353256 8124
1786509756974 1.1213893368840218 8125
1786509759555 1.1386111751198769 8126
1786509762137 1.1436791494488716 8127
1786509764718 1.1576121896505356 8128
1786509767299 1.1325966492295265 8129
1786509769879 1.1372838467359543 8130
1786509772461 1.1319863721728325 8131
1786509775044 1.1560290604829788 8132
1786509777625 1.1417392864823341 8133
1786509780207 1.152175646275282 8134
1786509782787 1.1576843783259392 8135
1786509785368 1.1208975575864315 8136
1786509787949 1.1444583535194397 8137
1786509790530 1.1553395986557007 8138
1786509793110 1.150871366262436 8139
1786509795690 1.1323929391801357 8140
1786509798270 1.137903779745102 8141
1786509800852 1.1545020788908005 8142
1786509803432 1.1606692001223564 8143
1786509806013 1.1485680565238 8144
1786509808594 1.1553674712777138 8145
1786509811175 1.161810152232647 8146
1786509813755 1.1538823992013931 8147
1786509816335 1.1697889938950539 8148
1786509818917 1.1248496770858765 8149
1786509821500 1.145336553454399 8150
1786509824083 1.1483527943491936 8151
1786509826664 1.1328239291906357 8152
1786509829245 1.1482386365532875 8153
1786509831828 1.156442254781723 8154
1786509834411 1.1564209759235382 8155
1786509836991 1.1445401832461357 8156
1786509839571 1.1313645765185356 8157
1786509842151 1.1503107100725174 8158
1786509844731 1.1258126199245453 8159
1786509847312 1.1530402973294258 8160
1786509849891 1.1340614929795265 8161
1786509852470 1.1376543492078781 8162
1786509855051 1.139260157942772 8163
1786509857630 1.1499115154147148 8164
1786509860210 1.120955504477024 8165
1786509862791 1.128385804593563 8166
1786509865372 1.126982606947422 8167
1786509867954 1.1427234262228012 8168
1786509870535 1.1363335400819778 8169
1786509873117 1.1614454686641693 8170
1786509875699 1.146750845015049 8171
1786509878280 1.163191169500351 8172
1786509880861 1.1778023540973663 8173
1786509883442 1.133908748626709 8174
1786509886024 1.1339209266006947 8175
1786509888605 1.1286947429180145 8176
1786509891187 1.1586086824536324 8177
1786509893769 1.16280135512352 8178
1786509896350 1.1442801505327225 8179
1786509898931 1.144874893128872 8180
1786509901513 1.1386518031358719 8181
1786509904093 1.1393643766641617 8182
1786509906684 1.1338007673621178 8183
1786509909264 1.1489367261528969 8184
1786509911844 1.1737281456589699 8185
1786509914426 1.1380158215761185 8186
1786509917007 1.1471763849258423 8187
1786509919589 1.1309510469436646 8188
1786509922171 1.1733696162700653 8189
1786509924753 1.1606979370117188 8190
1786509927334 1.1709448769688606 8191
1786509929916 1.1497960686683655 8192
1786509932498 1.1407048776745796 8193
1786509935080 1.137638047337532 8194
1786509937662 1.146288886666298 8195
1786509940244 1.1335088312625885 8196
1786509942824 1.1461131274700165 8197
1786509945406 1.1387311667203903 8198
1786509947987 1.1379288360476494 8199
1786509950568 1.1612096950411797 8200
1786509953151 1.1590252071619034 8201
1786509955733 1.139543130993843 8202
1786509958314 1.150876596570015 8203
1786509960896 1.1628817990422249 8204
1786509963478 1.167371615767479 8205
1786509966059 1.1396957486867905 8206
1786509968641 1.1731210052967072 8207
1786509971224 1.1466694846749306 8208
1786509973805 1.1258018016815186 8209
1786509976387 1.151092566549778 8210
1786509978969 1.1247876584529877 8211
1786509981551 1.1147112995386124 8212
1786509984135 1.1553198099136353 8213
1786509986716 1.1359852105379105 8214
1786509989298 1.1291570514440536 8215
1786509991879 1.1419056206941605 8216
1786509994461 1.1268399059772491 8217
1786509997044 1.1571542881429195 8218
1786509999628 1.1303505524992943 8219
1786510002211 1.1547018960118294 8220
1786510004793 1.137772984802723 8221
1786510007376 1.1362040340900421 8222
1786510009959 1.1533786803483963 8223
1786510012542 1.1595567464828491 8224
1786510015126 1.1453074514865875 8225
1786510017714 1.1289551183581352 8226
1786510020296 1.1599956974387169 8227
1786510022877 1.141692504286766 8228
1786510025461 1.1723761335015297 8229
1786510028043 1.1554223224520683 8230
1786510030625 1.1630894243717194 8231
1786510033205 1.1188533455133438 8232
1786510035785 1.1319605261087418 8233
1786510038365 1.141574688255787 8234
1786510040946 1.1509628295898438 8235
1786510043527 1.1642927825450897 8236
1786510046109 1.1413025110960007 8237
1786510048691 1.1425168067216873 8238
1786510051273 1.1577044501900673 8239
1786510053855 1.1376862600445747 8240
1786510056437 1.1478241235017776 8241
1786510059019 1.1450540944933891 8242
1786510061601 1.1438071504235268 8243
1786510064182 1.1330454126000404 8244
1786510066763 1.100080393254757 8245
1786510069347 1.1325799971818924 8246
1786510071930 1.157754734158516 8247
1786510074513 1.1432116255164146 8248
1786510077098 1.134749911725521 8249
1786510079682 1.1670910865068436 8250
1786510082264 1.1379986852407455 8251
1786510084843 1.1530145481228828 8252
1786510087429 1.1527363061904907 8253
1786510090013 1.1331045553088188 8254
1786510092593 1.1309697851538658 8255
1786510095174 1.147989422082901 8256
1786510097756 1.1280739605426788 8257
1786510100336 1.1400528252124786 8258
1786510102918 1.1542431712150574 8259
1786510105497 1.1569576784968376 8260
1786510108077 1.141888976097107 8261
1786510110657 1.1507539451122284 8262
1786510113237 1.1585348024964333 8263
1786510115818 1.161333680152893 8264
1786510118398 1.1597135066986084 8265
1786510120979 1.1588820219039917 8266
1786510123560 1.1447527557611465 8267
1786510126141 1.165543906390667 8268
1786510128723 1.142467476427555 8269
1786510131304 1.1394663229584694 8270
1786510133885 1.1621797978878021 8271
1786510136467 1.1406606882810593 8272
1786510139048 1.113975815474987 8273
1786510141629 1.1297030970454216 8274
1786510144209 1.1305807381868362 8275
1786510146790 1.1462712585926056 8276
1786510149372 1.1389078050851822 8277
1786510151953 1.1642445400357246 8278
1786510154534 1.1573666632175446 8279
1786510157115 1.1414624974131584 8280
1786510159697 1.1473361253738403 8281
1786510162278 1.1289623454213142 8282
1786510164860 1.128465924412012 8283
1786510167441 1.131767600774765 8284
1786510170024 1.1312059834599495 8285
1786510172605 1.1569287478923798 8286
1786510175186 1.1523779928684235 8287
1786510177767 1.13709831610322 8288
1786510180348 1.1171722784638405 8289
1786510182930 1.1268780678510666 8290
1786510185512 1.1634483560919762 8291
1786510188093 1.1438032612204552 8292
1786510190674 1.1258836537599564 8293
1786510193255 1.1470190435647964 8294
1786510195836 1.125998992472887 8295
1786510198416 1.1416797935962677 8296
1786510200998 1.1226113811135292 8297
1786510203579 1.1471294686198235 8298
1786510206160 1.1500160992145538 8299
1786510208741 1.1309738382697105 8300
1786510211321 1.1167688071727753 8301
1786510213903 1.1443519741296768 8302
1786510216484 1.1709540113806725 8303
1786510219064 1.137281782925129 8304
1786510221646 1.156460978090763 8305
1786510224228 1.1491256281733513 8306
1786510226808 1.1291643306612968 8307
1786510229389 1.154370941221714 8308
1786510231970 1.1189713552594185 8309
1786510234552 1.140763059258461 8310
1786510237134 1.1410783976316452 8311
1786510239714 1.136140838265419 8312
1786510242296 1.146114245057106 8313
1786510244877 1.1424263343214989 8314
1786510247459 1.1700652167201042 8315
1786510250040 1.15280532091856 8316
1786510252621 1.1608797684311867 8317
1786510255201 1.1356251910328865 8318
1786510257782 1.1414968892931938 8319
1786510260363 1.1402628049254417 8320
1786510262943 1.1300885006785393 8321
1786510265522 1.143097497522831 8322
1786510268101 1.1262225210666656 8323
1786510270682 1.142324447631836 8324
1786510273272 1.1469561010599136 8325
1786510275852 1.1286195293068886 8326
1786510278433 1.1262912414968014 8327
1786510281020 1.1360844522714615 8328
1786510283609 1.1416517570614815 8329
1786510286198 1.1134797036647797 8330
1786510288787 1.1228602081537247 8331
1786510291376 1.1669205129146576 8332
1786510293967 1.152218796312809 8333
1786510296558 1.153999425470829 8334
1786510299147 1.1492293700575829 8335
1786510301736 1.1291034780442715 8336
1786510304328 1.104139044880867 8337
1786510306916 1.1365280449390411 8338
1786510309504 1.154382273554802 8339
1786510312096 1.1443804651498795 8340
1786510314683 1.1461066901683807 8341
1786510317272 1.1402908116579056 8342
1786510319864 1.1421720087528229 8343
1786510322451 1.1374406814575195 8344
1786510325036 1.1365827359259129 8345
1786510327623 1.1296042948961258 8346
1786510330211 1.1535727381706238 8347
1786510332799 1.1688879281282425 8348
1786510335386 1.1234126165509224 8349
1786510337975 1.1510521322488785 8350
1786510340561 1.1318767219781876 8351
1786510343150 1.1464103907346725 8352
1786510345741 1.1383647099137306 8353
1786510348327 1.1397051885724068 8354
1786510350915 1.1336032301187515 8355
1786510353503 1.116712138056755 8356
1786510356097 1.1378968879580498 8357
1786510358683 1.13390152156353 8358
1786510361269 1.1362545564770699 8359
1786510363860 1.1413772031664848 8360
1786510366469 1.152807354927063 8361
1786510369069 1.12113419175148 8362
1786510371658 1.1596310883760452 8363
1786510374243 1.1303673088550568 8364
1786510376829 1.1478822901844978 8365
1786510379415 1.1401233822107315 8366
1786510381999 1.1295431777834892 8367
1786510384577 1.135037049651146 8368
1786510387158 1.1367647275328636 8369
1786510389738 1.1199240535497665 8370
1786510392318 1.1460208147764206 8371
1786510394899 1.140709437429905 8372
1786510397482 1.146932691335678 8373
1786510400062 1.113036997616291 8374
1786510402641 1.1365380957722664 8375
1786510405223 1.1444283351302147 8376
1786510407804 1.1189077273011208 8377
1786510410386 1.1523484885692596 8378
1786510412965 1.1512776762247086 8379
1786510415545 1.1601007729768753 8380
1786510418125 1.1341607496142387 8381
1786510420706 1.1502693369984627 8382
1786510423287 1.14524707198143 8383
1786510425867 1.1360292732715607 8384
1786510428447 1.1475704088807106 8385
1786510431027 1.124893844127655 8386
1786510433609 1.1248715743422508 8387
1786510436190 1.1572376489639282 8388
1786510438771 1.1293234154582024 8389
1786510441351 1.1451907083392143 8390
1786510443932 1.1402411088347435 8391
1786510446513 1.132138803601265 8392
1786510449093 1.1449647508561611 8393
1786510451671 1.1429952569305897 8394
1786510454251 1.1451202556490898 8395
1786510456835 1.1502927914261818 8396
1786510459415 1.136657014489174 8397
1786510461995 1.155611775815487 8398
1786510464575 1.1580738723278046 8399
1786510467157 1.133619599044323 8400
1786510469739 1.152235634624958 8401
1786510472318 1.1460137069225311 8402
1786510474898 1.1808649748563766 8403
1786510477480 1.1350754834711552 8404
1786510480059 1.1345933303236961 8405
1786510482639 1.1387821361422539 8406
1786510485219 1.1314387321472168 8407
1786510487799 1.140616349875927 8408
1786510490381 1.1260849498212337 8409
1786510492961 1.157963141798973 8410
1786510495543 1.1531722024083138 8411
1786510498123 1.1328498497605324 8412
1786510500704 1.1279440075159073 8413
1786510503284 1.1414689719676971 8414
1786510505866 1.1535034030675888 8415
1786510508450 1.15016607940197 8416
1786510511027 1.150287613272667 8417
1786510513603 1.1362302489578724 8418
1786510516181 1.1018020436167717 8419
1786510518757 1.1529387049376965 8420
1786510521335 1.1284328512847424 8421
1786510523911 1.1290292665362358 8422
1786510526494 1.143609181046486 8423
1786510529079 1.1870918273925781 8424
1786510531657 1.1467665657401085 8425
1786510534236 1.141425259411335 8426
1786510536818 1.1486493721604347 8427
1786510539403 1.1387730948626995 8428
1786510541986 1.1301938854157925 8429
1786510544567 1.1477865353226662 8430
1786510547147 1.137466736137867 8431
1786510549727 1.1551802679896355 8432
1786510552312 1.1395609602332115 8433
1786510554892 1.1323097757995129 8434
1786510557470 1.1583764627575874 8435
1786510560046 1.129547230899334 8436
1786510562623 1.1269032284617424 8437
1786510565200 1.1482111066579819 8438
1786510567778 1.1422615498304367 8439
1786510570356 1.1370102539658546 8440
1786510572937 1.1507109925150871 8441
1786510575522 1.1522436141967773 8442
1786510578109 1.1484031081199646 8443
1786510580695 1.1358598619699478 8444
1786510583277 1.1468791961669922 8445
1786510585858 1.1484093442559242 8446
1786510588441 1.149196334183216 8447
1786510591022 1.108973290771246 8448
1786510593608 1.1205795891582966 8449
1786510596196 1.1435238346457481 8450
1786510598778 1.1351614445447922 8451
1786510601359 1.14505485445261 8452
1786510603940 1.1311853155493736 8453
1786510606522 1.1544894501566887 8454
1786510609105 1.142168216407299 8455
1786510611686 1.1283643916249275 8456
1786510614271 1.1260029450058937 8457
1786510616861 1.1616265326738358 8458
1786510619441 1.14558444917202 8459
1786510622021 1.146920122206211 8460
1786510624600 1.1489933207631111 8461
1786510627181 1.141943410038948 8462
1786510629761 1.1300097107887268 8463
1786510632340 1.1262423917651176 8464
1786510634920 1.1514915376901627 8465
1786510637501 1.1362512707710266 8466
1786510640084 1.1509406939148903 8467
1786510642664 1.1617494076490402 8468
1786510645245 1.1178800836205482 8469
1786510647827 1.1397622376680374 8470
1786510650410 1.1398929953575134 8471
1786510652993 1.1364962309598923 8472
1786510655573 1.1387065574526787 8473
1786510658153 1.1449058800935745 8474
1786510660733 1.1259143352508545 8475
1786510663312 1.1324627622961998 8476
1786510665892 1.1275489032268524 8477
1786510668471 1.1176734864711761 8478
1786510671052 1.1340474039316177 8479
1786510673633 1.1462182775139809 8480
1786510676213 1.1653595194220543 8481
1786510678792 1.1262056306004524 8482
1786510681372 1.139210358262062 8483
1786510683951 1.1324764862656593 8484
1786510686531 1.1256214268505573 8485
1786510689110 1.1295747682452202 8486
1786510691690 1.1666937544941902 8487
1786510694270 1.138425573706627 8488
1786510696849 1.1721892282366753 8489
1786510699429 1.1316440775990486 8490
1786510702006 1.1326144263148308 8491
1786510704581 1.1345616951584816 8492
1786510707156 1.138771302998066 8493
1786510709732 1.1153036803007126 8494
1786510712310 1.154027372598648 8495
1786510714886 1.149803876876831 8496
1786510717462 1.1609387397766113 8497
1786510720039 1.1285716965794563 8498
1786510722615 1.1464716792106628 8499
1786510726587 1.1521339565515518 8500
1786510729163 1.1387322843074799 8501
1786510731740 1.1317567750811577 8502
1786510734318 1.1381751224398613 8503
1786510736895 1.1543922573328018 8504
1786510739472 1.1715004444122314 8505
1786510742048 1.110992193222046 8506
1786510744624 1.128424733877182 8507
1786510747200 1.1438470855355263 8508
1786510749776 1.124993771314621 8509
1786510752352 1.1399037092924118 8510
1786510754927 1.1595124527812004 8511
1786510757503 1.1424915567040443 8512
1786510760078 1.1293253898620605 8513
1786510762654 1.1266003251075745 8514
1786510765234 1.1378843411803246 8515
1786510767816 1.1512921154499054 8516
1786510770398 1.141034446656704 8517
1786510772979 1.1307497844099998 8518
1786510775559 1.1495898514986038 8519
1786510778140 1.1227838695049286 8520
1786510780721 1.1468599066138268 8521
1786510783302 1.1591971144080162 8522
1786510785882 1.1452353447675705 8523
1786510788465 1.17611476033926 8524
1786510791054 1.155175156891346 8525
1786510793636 1.1286556720733643 8526
1786510796217 1.132490411400795 8527
1786510798797 1.126350723206997 8528
1786510801372 1.1633731201291084 8529
1786510803954 1.1399291977286339 8530
1786510806541 1.146729476749897 8531
1786510809117 1.1467092037200928 8532
1786510811698 1.1508215740323067 8533
1786510814281 1.1602877154946327 8534
1786510816864 1.1411965489387512 8535
1786510819443 1.1511754915118217 8536
1786510822018 1.1517026126384735 8537
1786510824594 1.1350019499659538 8538
1786510827169 1.1469467654824257 8539
1786510829743 1.1498113945126534 8540
1786510832317 1.1278450340032578 8541
1786510834892 1.1371878162026405 8542
1786510837470 1.1255343034863472 8543
1786510840045 1.1407880038022995 8544
1786510842620 1.1509662121534348 8545
1786510845194 1.1605264097452164 8546
1786510847768 1.147175058722496 8547
1786510850345 1.120605681091547 8548
1786510852921 1.1312763169407845 8549
1786510855499 1.1412619650363922 8550
1786510858075 1.1315117701888084 8551
1786510860651 1.143495224416256 8552
1786510863227 1.1541884019970894 8553
1786510865802 1.1335339397192001 8554
1786510868378 1.1246874257922173 8555
1786510870955 1.160277746617794 8556
1786510873531 1.134974829852581 8557
1786510876107 1.1577900275588036 8558
1786510878682 1.1606945544481277 8559
1786510881258 1.1447314694523811 8560
1786510883834 1.1161060892045498 8561
1786510886411 1.1399117559194565 8562
1786510888987 1.1493296846747398 8563
1786510891563 1.1552812531590462 8564
1786510894139 1.1500320062041283 8565
1786510896716 1.111768625676632 8566
1786510899292 1.1583609282970428 8567
1786510901868 1.1185334250330925 8568
1786510904443 1.1340172737836838 8569
1786510907019 1.1411751210689545 8570
1786510909595 1.1265213638544083 8571
1786510912170 1.1278811022639275 8572
1786510914746 1.1511134281754494 8573
1786510917322 1.1511985659599304 8574
1786510919898 1.1289546862244606 8575
1786510922474 1.1707965433597565 8576
1786510925050 1.1641458943486214 8577
1786510927626 1.1444237381219864 8578
1786510930201 1.1679618880152702 8579
1786510932777 1.1525809615850449 8580
1786510935356 1.135597713291645 8581
1786510937932 1.1361276358366013 8582
1786510940507 1.1489089652895927 8583
1786510943083 1.1337352395057678 8584
1786510945659 1.1364405900239944 8585
1786510948236 1.133271500468254 8586
1786510950811 1.1336759626865387 8587
1786510953388 1.1316675618290901 8588
1786510955964 1.1478656083345413 8589
1786510958540 1.1454846784472466 8590
1786510961116 1.1546656116843224 8591
1786510963692 1.1549388468265533 8592
1786510966269 1.1433020383119583 8593
1786510968846 1.1518338695168495 8594
1786510971422 1.1257687248289585 8595
1786510973999 1.1378366202116013 8596
1786510976575 1.1519656106829643 8597
1786510979151 1.166204810142517 8598
1786510981727 1.1368216127157211 8599
1786510984302 1.1469484269618988 8600
1786510986879 1.1724239140748978 8601
1786510989455 1.1654655113816261 8602
1786510992030 1.1469959318637848 8603
1786510994606 1.1292287483811378 8604
1786510997182 1.1366887167096138 8605
1786510999760 1.1385475248098373 8606
1786511002340 1.1425760500133038 8607
1786511004920 1.1609874740242958 8608
1786511007500 1.1318198516964912 8609
1786511010080 1.1507616490125656 8610
1786511012660 1.1243980042636395 8611
1786511015240 1.1264747753739357 8612
1786511017819 1.1436897963285446 8613
1786511020399 1.1388055458664894 8614
1786511022978 1.121200866997242 8615
1786511025556 1.1533241495490074 8616
1786511028135 1.152315117418766 8617
1786511030713 1.1429619863629341 8618
1786511033294 1.1388282552361488 8619
1786511035874 1.1599756181240082 8620
1786511038454 1.1303777620196342 8621
1786511041035 1.1588600277900696 8622
1786511043613 1.13154648989439 8623
1786511046192 1.1345961168408394 8624
1786511048770 1.1294244676828384 8625
1786511051349 1.127544716000557 8626
1786511053927 1.1242207139730453 8627
1786511056506 1.1268911734223366 8628
1786511059086 1.1383452638983727 8629
1786511061665 1.1315157487988472 8630
1786511064245 1.1333966851234436 8631
1786511066825 1.1251739114522934 8632
1786511069407 1.1353080347180367 8633
1786511071986 1.1311952620744705 8634
1786511074566 1.1284320801496506 8635
1786511077147 1.1349074207246304 8636
1786511079730 1.1353700309991837 8637
1786511082309 1.151111476123333 8638
1786511084888 1.10278644785285 8639
1786511087467 1.1489886716008186 8640
1786511090049 1.1108686327934265 8641
1786511092629 1.1352083384990692 8642
1786511095209 1.1299028098583221 8643
1786511097790 1.1318031400442123 8644
1786511100372 1.1226597800850868 8645
1786511102951 1.1484300643205643 8646
1786511105530 1.137299232184887 8647
1786511108109 1.151277169585228 8648
1786511110688 1.1488679498434067 8649
1786511113267 1.1255538761615753 8650
1786511115846 1.1481391713023186 8651
1786511118426 1.162909060716629 8652
1786511121008 1.1395675018429756 8653
1786511123589 1.154314011335373 8654
1786511126168 1.1491860076785088 8655
1786511128748 1.1319382712244987 8656
1786511131330 1.1651968508958817 8657
1786511133909 1.1057086065411568 8658
1786511136489 1.125306710600853 8659
1786511139069 1.1191895976662636 8660
1786511141649 1.149500273168087 8661
1786511144229 1.142771877348423 8662
1786511146808 1.157549373805523 8663
1786511149388 1.1557867377996445 8664
1786511151967 1.151901438832283 8665
1786511154547 1.1347165629267693 8666
1786511157130 1.1663554906845093 8667
1786511159709 1.1453885063529015 8668
1786511162290 1.1380943953990936 8669
1786511164871 1.1326444819569588 8670
1786511167451 1.1262807920575142 8671
1786511170029 1.1354279890656471 8672
1786511172611 1.1362622454762459 8673
1786511175197 1.1268906369805336 8674
1786511177778 1.1029650047421455 8675
1786511180358 1.1419991478323936 8676
1786511182932 1.1547225788235664 8677
1786511185514 1.1278408020734787 8678
1786511188094 1.1331010982394218 8679
1786511190675 1.1428190246224403 8680
1786511193258 1.132213905453682 8681
1786511195840 1.142315037548542 8682
1786511198423 1.1268438398838043 8683
1786511201004 1.1184194162487984 8684
1786511203584 1.1505487486720085 8685
1786511206163 1.145146057009697 8686
1786511208743 1.1518834009766579 8687
1786511211325 1.154008224606514 8688
1786511213909 1.1446370221674442 8689
1786511216488 1.140159085392952 8690
1786511219065 1.1241950541734695 8691
1786511221640 1.1465034261345863 8692
1786511224214 1.1270692721009254 8693
1786511226789 1.1510187983512878 8694
1786511229365 1.111943319439888 8695
1786511231940 1.1557956635951996 8696
1786511234516 1.1585325226187706 8697
1786511237092 1.1388197839260101 8698
1786511239667 1.1381394118070602 8699
1786511242243 1.1412361189723015 8700
1786511244821 1.1493269354104996 8701
1786511247396 1.149595983326435 8702
1786511249972 1.150760404765606 8703
1786511252547 1.1627988666296005 8704
1786511255123 1.1365920007228851 8705
1786511257699 1.173661194741726 8706
1786511260274 1.1295036599040031 8707
1786511262850 1.1343879401683807 8708
1786511265424 1.1265624165534973 8709
1786511267998 1.1319774687290192 8710
1786511270573 1.1253243535757065 8711
1786511273149 1.1426823511719704 8712
1786511275725 1.137744426727295 8713
1786511278300 1.1540276557207108 8714
1786511280876 1.1291309297084808 8715
1786511283451 1.132927529513836 8716
1786511286026 1.145636536180973 8717
1786511288600 1.1527056992053986 8718
1786511291174 1.1091106943786144 8719
1786511293748 1.1358853057026863 8720
1786511296325 1.1155492216348648 8721
1786511298901 1.1359166130423546 8722
1786511301476 1.1204677298665047 8723
1786511304052 1.1469088047742844 8724
1786511306627 1.1694919988512993 8725
1786511309202 1.1392482966184616 8726
1786511311778 1.1550194099545479 8727
1786511314354 1.152962826192379 8728
1786511316931 1.1262721493840218 8729
1786511319507 1.1571906358003616 8730
1786511322082 1.1277928054332733 8731
1786511324658 1.1299778297543526 8732
1786511327235 1.1258723735809326 8733
1786511329812 1.119289591908455 8734
1786511332387 1.1171011179685593 8735
1786511334963 1.1404808908700943 8736
1786511337541 1.129776693880558 8737
1786511340117 1.137848138809204 8738
1786511342692 1.1264218986034393 8739
1786511345268 1.1454578042030334 8740
1786511347844 1.1453165262937546 8741
1786511350419 1.1476180702447891 8742
1786511352994 1.1487333253026009 8743
1786511355570 1.1332454457879066 8744
1786511358146 1.1329811811447144 8745
1786511360723 1.1504407301545143 8746
1786511363299 1.153834454715252 8747
1786511365874 1.1114858761429787 8748
1786511368449 1.1281993463635445 8749
1786511371023 1.1282279416918755 8750
1786511373597 1.1548885330557823 8751
1786511376171 1.1684222742915154 8752
1786511378747 1.1282450072467327 8753
1786511381323 1.1445436924695969 8754
1786511383898 1.1505601033568382 8755
1786511386474 1.1653733849525452 8756
1786511389049 1.1400922685861588 8757
1786511391625 1.1424254924058914 8758
1786511394201 1.140628345310688 8759
1786511396776 1.1213456243276596 8760
1786511399353 1.1402050703763962 8761
1786511401928 1.140711635351181 8762
1786511404504 1.150453194975853 8763
1786511407080 1.137130692601204 8764
1786511409656 1.1512227654457092 8765
1786511412232 1.1452094689011574 8766
1786511414807 1.154953919351101 8767
1786511417383 1.135653480887413 8768
1786511419959 1.1180493608117104 8769
1786511422534 1.1585135832428932 8770
1786511425110 1.125541903078556 8771
1786511427687 1.1368530616164207 8772
1786511430264 1.1384146362543106 8773
1786511432839 1.1250471472740173 8774
1786511435415 1.1241234503686428 8775
1786511437991 1.1285343393683434 8776
1786511440568 1.130185842514038 8777
1786511443144 1.147949106991291 8778
1786511445719 1.13150629773736 8779
1786511448294 1.1433391571044922 8780
1786511450871 1.1299580857157707 8781
1786511453448 1.1489112675189972 8782
1786511456024 1.1533619165420532 8783
1786511458605 1.132953241467476 8784
1786511461185 1.1376347690820694 8785
1786511463762 1.14728195220232 8786
1786511466340 1.1480098888278008 8787
1786511468918 1.133839726448059 8788
1786511471493 1.1340174153447151 8789
1786511474070 1.1147028654813766 8790
1786511476646 1.1501852497458458 8791
1786511479221 1.126182034611702 8792
1786511481797 1.1408527046442032 8793
1786511484373 1.1215429231524467 8794
1786511486947 1.1271050870418549 8795
1786511489523 1.1292337328195572 8796
1786511492101 1.1420506909489632 8797
1786511494677 1.1270681396126747 8798
1786511497256 1.1325039193034172 8799
1786511499833 1.1210558488965034 8800
1786511502412 1.141256332397461 8801
1786511504993 1.1333707198500633 8802
1786511507574 1.1455461382865906 8803
1786511510155 1.145724579691887 8804
1786511512736 1.1438662931323051 8805
1786511515322 1.1178335696458817 8806
1786511517903 1.1279256343841553 8807
1786511520484 1.1306533068418503 8808
1786511523065 1.1439692676067352 8809
1786511525648 1.1471981853246689 8810
1786511528228 1.159917414188385 8811
1786511530809 1.156528390944004 8812
1786511533389 1.1417551189661026 8813
1786511535968 1.1459623649716377 8814
1786511538548 1.1277288757264614 8815
1786511541128 1.1436437889933586 8816
1786511543710 1.1205289289355278 8817
1786511546289 1.1354340314865112 8818
1786511548869 1.1258217468857765 8819
1786511551447 1.159447118639946 8820
1786511554024 1.1413303539156914 8821
1786511556600 1.1348729506134987 8822
1786511559178 1.1278476044535637 8823
1786511561755 1.1510967537760735 8824
1786511564331 1.149452231824398 8825
1786511566907 1.1499296724796295 8826
1786511569483 1.132180616259575 8827
1786511572061 1.1259087473154068 8828
1786511574643 1.1536332592368126 8829
1786511577228 1.1445009857416153 8830
1786511579809 1.1195627748966217 8831
1786511582390 1.1254782676696777 8832
1786511584971 1.1395688205957413 8833
1786511587552 1.1697772815823555 8834
1786511590134 1.1178946644067764 8835
1786511592715 1.1397327780723572 8836
1786511595301 1.137104019522667 8837
1786511597881 1.1622399911284447 8838
1786511600461 1.141062892973423 8839
1786511603043 1.117471557110548 8840
1786511605628 1.1473000049591064 8841
1786511608212 1.1477467343211174 8842
1786511610792 1.166997879743576 8843
1786511613374 1.1417791992425919 8844
1786511615954 1.1459403559565544 8845
1786511618534 1.141189306974411 8846
1786511621115 1.142324298620224 8847
1786511623695 1.1433988139033318 8848
1786511626278 1.1171413660049438 8849
1786511628858 1.1522540971636772 8850
1786511631439 1.1506032198667526 8851
1786511634022 1.1454675868153572 8852
1786511636609 1.1500363126397133 8853
1786511639191 1.1323401853442192 8854
1786511641771 1.121235691010952 8855
1786511644351 1.1332272589206696 8856
1786511646933 1.157024770975113 8857
1786511649514 1.1584535166621208 8858
1786511652095 1.1282445341348648 8859
1786511654675 1.147744968533516 8860
1786511657257 1.150821067392826 8861
1786511659836 1.147950902581215 8862
1786511662416 1.1320933103561401 8863
1786511664998 1.1279575303196907 8864
1786511667579 1.121105082333088 8865
1786511670160 1.1586076840758324 8866
1786511672741 1.131736546754837 8867
1786511675322 1.1432882994413376 8868
1786511677906 1.1433603763580322 8869
1786511680490 1.1392029747366905 8870
1786511683070 1.1462546288967133 8871
1786511685655 1.1619967371225357 8872
1786511688237 1.1502928510308266 8873
1786511690822 1.138559103012085 8874
1786511693408 1.1475448533892632 8875
1786511695994 1.1313221901655197 8876
1786511698575 1.1577378287911415 8877
1786511701156 1.1238599047064781 8878
1786511703736 1.1368943005800247 8879
1786511706327 1.1242939941585064 8880
1786511708908 1.1381030976772308 8881
1786511711488 1.138224545866251 8882
1786511714068 1.16889788210392 8883
1786511716650 1.145798236131668 8884
1786511719231 1.0991640537977219 8885
1786511721821 1.1576716229319572 8886
1786511724402 1.1368531212210655 8887
1786511726984 1.1173709966242313 8888
1786511729565 1.1504050940275192 8889
1786511732146 1.1234579719603062 8890
1786511734727 1.1317348778247833 8891
1786511737307 1.1460666730999947 8892
1786511739887 1.122880183160305 8893
1786511742470 1.1349739730358124 8894
1786511745055 1.1478556841611862 8895
1786511747640 1.1359413713216782 8896
1786511750221 1.145684763789177 8897
1786511752802 1.117163248360157 8898
1786511755378 1.1172880753874779 8899
1786511757953 1.1325775012373924 8900
1786511760527 1.1549411937594414 8901
1786511763101 1.1571918353438377 8902
1786511765676 1.1200221627950668 8903
1786511768254 1.120596967637539 8904
1786511770836 1.1311899200081825 8905
1786511773418 1.1337093487381935 8906
1786511776001 1.1418087556958199 8907
1786511778585 1.1049221530556679 8908
1786511781166 1.1242572665214539 8909
1786511783749 1.1447707936167717 8910
1786511786331 1.1430438607931137 8911
1786511788912 1.1392355784773827 8912
1786511791493 1.1488769501447678 8913
1786511794074 1.1662059053778648 8914
1786511796653 1.1323424726724625 8915
1786511799229 1.1578830927610397 8916
1786511801809 1.1322952285408974 8917
1786511804390 1.1343797445297241 8918
1786511806970 1.1503969207406044 8919
1786511809551 1.1560429111123085 8920
1786511812132 1.137572057545185 8921
1786511814715 1.138339377939701 8922
1786511817299 1.1192169710993767 8923
1786511819883 1.1230328306555748 8924
1786511822462 1.1373904570937157 8925
1786511825044 1.1337657868862152 8926
1786511827624 1.1497670114040375 8927
1786511830204 1.1451570987701416 8928
1786511832785 1.1387315317988396 8929
1786511835366 1.1418571919202805 8930
1786511837946 1.1534668281674385 8931
1786511840526 1.127833977341652 8932
1786511843106 1.1331811472773552 8933
1786511845686 1.1401263922452927 8934
1786511848265 1.152353696525097 8935
1786511850849 1.1405725739896297 8936
1786511853436 1.1314857006072998 8937
1786511856016 1.1412217244505882 8938
1786511858598 1.1480162888765335 8939
1786511861180 1.1359343156218529 8940
1786511863760 1.1273428946733475 8941
1786511866340 1.1285983100533485 8942
1786511868920 1.1215180978178978 8943
1786511871504 1.1312077566981316 8944
1786511874084 1.1468110159039497 8945
1786511876664 1.1394782960414886 8946
1786511879245 1.1462246105074883 8947
1786511881827 1.1327482536435127 8948
1786511884409 1.1235262155532837 8949
1786511886990 1.1482745483517647 8950
1786511889571 1.1275707483291626 8951
1786511892162 1.1209171414375305 8952
1786511894748 1.120124839246273 8953
1786511897335 1.1384970471262932 8954
1786511899917 1.144480749964714 8955
1786511902498 1.1417744979262352 8956
1786511905078 1.145562082529068 8957
1786511907659 1.137601226568222 8958
1786511910240 1.1525358520448208 8959
1786511912822 1.1248812228441238 8960
1786511915401 1.1487666219472885 8961
1786511917983 1.1382397711277008 8962
1786511920563 1.129660852253437 8963
1786511923145 1.1398553997278214 8964
1786511925726 1.1546730622649193 8965
1786511928307 1.1402968019247055 8966
1786511930887 1.1376894637942314 8967
1786511933469 1.1661251187324524 8968
1786511936052 1.1309128925204277 8969
1786511938633 1.1489830687642097 8970
1786511941212 1.1356655582785606 8971
1786511943792 1.1506980955600739 8972
1786511946373 1.132838286459446 8973
1786511948953 1.1284869015216827 8974
1786511951533 1.1393970251083374 8975
1786511954115 1.1258937567472458 8976
1786511956695 1.1561141088604927 8977
1786511959275 1.1287600323557854 8978
1786511961855 1.1517819911241531 8979
1786511964436 1.14718471840024 8980
1786511967018 1.1489949449896812 8981
1786511969600 1.1469420492649078 8982
1786511972183 1.1399342194199562 8983
1786511974767 1.1441068053245544 8984
1786511977347 1.1429718434810638 8985
1786511979928 1.1394410356879234 8986
1786511982510 1.120765745639801 8987
1786511985092 1.1207475736737251 8988
1786511987673 1.1508522406220436 8989
1786511990255 1.1402013376355171 8990
1786511992835 1.1398802548646927 8991
1786511995412 1.1377655938267708 8992
1786511997993 1.1576734706759453 8993
1786512000574 1.1371635794639587 8994
1786512003156 1.1463050916790962 8995
1786512005738 1.157960407435894 8996
1786512008319 1.1313000321388245 8997
1786512010896 1.1208553537726402 8998
1786512013473 1.1547896414995193 8999
1786512017443 1.1244236901402473 9000
1786512020019 1.1428535431623459 9001
1786512022594 1.144573152065277 9002
1786512025171 1.1301653236150742 9003
1786512027750 1.1381236612796783 9004
1786512030331 1.1322111636400223 9005
1786512032912 1.1227456107735634 9006
1786512035496 1.1419321186840534 9007
1786512038077 1.136062130331993 9008
1786512040657 1.1503728702664375 9009
1786512043237 1.1274769753217697 9010
1786512045819 1.1222346723079681 9011
1786512048400 1.1295070499181747 9012
1786512050982 1.1372985318303108 9013
1786512053563 1.1053280904889107 9014
1786512056146 1.134919561445713 9015
1786512058727 1.1183614656329155 9016
1786512061306 1.1509322449564934 9017
1786512063885 1.1457419842481613 9018
1786512066460 1.1319695115089417 9019
1786512069035 1.1344719976186752 9020
1786512071610 1.155672363936901 9021
1786512074189 1.1540421321988106 9022
1786512076768 1.1071055456995964 9023
1786512079348 1.1555357798933983 9024
1786512081928 1.1215753629803658 9025
1786512084508 1.1183932647109032 9026
1786512087088 1.1378685906529427 9027
1786512089668 1.1286617405712605 9028
1786512092248 1.133430153131485 9029
1786512094826 1.1598405316472054 9030
1786512097406 1.119326338171959 9031
1786512099984 1.1410315111279488 9032
1786512102562 1.1463736444711685 9033
1786512105140 1.1547566130757332 9034
1786512107720 1.1550741642713547 9035
1786512110299 1.1367956697940826 9036
1786512112878 1.111625760793686 9037
1786512115464 1.1324549466371536 9038
1786512118048 1.1328999698162079 9039
1786512120630 1.149137206375599 9040
1786512123211 1.146013230085373 9041
1786512125792 1.1246599778532982 9042
1786512128374 1.1198633834719658 9043
1786512130955 1.1316127926111221 9044
1786512133535 1.1267127394676208 9045
1786512136111 1.1131236553192139 9046
1786512138687 1.1464962661266327 9047
1786512141263 1.1379937902092934 9048
1786512143840 1.1354821100831032 9049
1786512146420 1.148811712861061 9050
1786512149003 1.0990058369934559 9051
1786512151584 1.1328475400805473 9052
1786512154166 1.131251037120819 9053
1786512156748 1.1321133598685265 9054
1786512159330 1.150771290063858 9055
1786512161911 1.125337615609169 9056
1786512164494 1.1242059767246246 9057
1786512167075 1.1419593691825867 9058
1786512169658 1.1244425550103188 9059
1786512172240 1.1252310797572136 9060
1786512174827 1.136113926768303 9061
1786512177408 1.1356010809540749 9062
1786512179989 1.1211573109030724 9063
1786512182571 1.1175425425171852 9064
1786512185154 1.128410890698433 9065
1786512187737 1.1413662880659103 9066
1786512190320 1.1604143902659416 9067
1786512192899 1.142233520746231 9068
1786512195479 1.1203090026974678 9069
1786512198059 1.1522266194224358 9070
1786512200641 1.1225421875715256 9071
1786512203220 1.116880290210247 9072
1786512205803 1.1439268738031387 9073
1786512208384 1.145039163529873 9074
1786512210965 1.1287877783179283 9075
1786512213546 1.1212630942463875 9076
1786512216126 1.1239335983991623 9077
1786512218708 1.1432877629995346 9078
1786512221288 1.1230933666229248 9079
1786512223867 1.1272063106298447 9080
1786512226446 1.1296833753585815 9081
1786512229026 1.1299034357070923 9082
1786512231609 1.1293767243623734 9083
1786512234190 1.169704131782055 9084
1786512236770 1.1624402478337288 9085
1786512239346 1.1421488001942635 9086
1786512241921 1.1241990849375725 9087
1786512244498 1.140174187719822 9088
1786512247076 1.1526452600955963 9089
1786512249652 1.1302729696035385 9090
1786512252229 1.1333859339356422 9091
1786512254808 1.1198393628001213 9092
1786512257387 1.1387300565838814 9093
1786512259972 1.138806402683258 9094
1786512262555 1.151060327887535 9095
1786512265136 1.1623617634177208 9096
1786512267719 1.137437328696251 9097
1786512270307 1.1364918574690819 9098
1786512272887 1.111103892326355 9099
1786512275470 1.1460009217262268 9100
1786512278057 1.138198658823967 9101
1786512280642 1.1363510265946388 9102
1786512283223 1.1315390318632126 9103
1786512285804 1.1458613276481628 9104
1786512288384 1.119102619588375 9105
1786512290967 1.1224801540374756 9106
1786512293547 1.1439354419708252 9107
1786512296128 1.1295981109142303 9108
1786512298710 1.142744056880474 9109
1786512301294 1.1403641924262047 9110
1786512303876 1.1341368928551674 9111
1786512306457 1.1458213701844215 9112
1786512309039 1.118627317249775 9113
1786512311622 1.1405313163995743 9114
1786512314203 1.1285139136016369 9115
1786512316779 1.1353108286857605 9116
1786512319355 1.144313246011734 9117
1786512321930 1.148567944765091 9118
1786512324507 1.1531978622078896 9119
1786512327082 1.1311249881982803 9120
1786512329658 1.1134217269718647 9121
1786512332234 1.1309963651001453 9122
1786512334811 1.1194644421339035 9123
1786512337387 1.1333495676517487 9124
1786512339963 1.1227535232901573 9125
1786512342539 1.120146483182907 9126
1786512345115 1.141414351761341 9127
1786512347690 1.1632171645760536 9128
1786512350266 1.1450463682413101 9129
1786512352841 1.1127889156341553 9130
1786512355416 1.1228202059864998 9131
1786512357992 1.13181671500206 9132
1786512360568 1.113983191549778 9133
1786512363144 1.1375274509191513 9134
1786512365719 1.1376563236117363 9135
1786512368293 1.1237058192491531 9136
1786512370867 1.1606974229216576 9137
1786512373441 1.1413150802254677 9138
1786512376018 1.1330931596457958 9139
1786512378593 1.1414713710546494 9140
1786512381169 1.1371150240302086 9141
1786512383744 1.133413851261139 9142
1786512386320 1.1647644117474556 9143
1786512388895 1.1297895014286041 9144
1786512391471 1.1340098604559898 9145
1786512394046 1.1491215527057648 9146
1786512396621 1.1388183906674385 9147
1786512399196 1.139630101621151 9148
1786512401771 1.1385852918028831 9149
1786512404347 1.1396714225411415 9150
1786512406924 1.1167393922805786 9151
1786512409504 1.1291106641292572 9152
1786512412083 1.1437443941831589 9153
1786512414664 1.1199762523174286 9154
1786512417243 1.1276730075478554 9155
1786512419822 1.1195008456707 9156
1786512422401 1.1293352246284485 9157
1786512424979 1.1318528205156326 9158
1786512427558 1.1452086493372917 9159
1786512430137 1.1210121735930443 9160
1786512432716 1.1543144658207893 9161
1786512435295 1.132717214524746 9162
1786512437875 1.1188504174351692 9163
1786512440456 1.1498038694262505 9164
1786512443038 1.1282524764537811 9165
1786512445618 1.1316935420036316 9166
1786512448199 1.111007533967495 9167
1786512450780 1.134030170738697 9168
1786512453362 1.1129941269755363 9169
1786512455944 1.1211320348083973 9170
1786512458527 1.1396998092532158 9171
1786512461109 1.1343223080039024 9172
1786512463690 1.1297994814813137 9173
1786512466269 1.1311704777181149 9174
1786512468847 1.1157300472259521 9175
1786512471426 1.138785645365715 9176
1786512474009 1.1442016437649727 9177
1786512476598 1.1496583968400955 9178
1786512479179 1.1655648201704025 9179
1786512481759 1.1222143173217773 9180
1786512484338 1.1378252059221268 9181
1786512486919 1.1530973240733147 9182
1786512489500 1.14617008715868 9183
1786512492081 1.1493540406227112 9184
1786512494663 1.1411977261304855 9185
1786512497244 1.1243343502283096 9186
1786512499824 1.1382443010807037 9187
1786512502405 1.107406347990036 9188
1786512504988 1.1452445685863495 9189
1786512507570 1.1099648997187614 9190
1786512510149 1.1312186047434807 9191
1786512512731 1.1433427557349205 9192
1786512515312 1.1339692175388336 9193
1786512517894 1.1255550533533096 9194
1786512520475 1.1355913281440735 9195
1786512523055 1.1381008252501488 9196
1786512525636 1.1270117163658142 9197
1786512528217 1.1327738612890244 9198
1786512530797 1.1364706754684448 9199
1786512533381 1.1626599729061127 9200
1786512535965 1.1290152445435524 9201
1786512538546 1.1228550150990486 9202
1786512541129 1.1395678669214249 9203
1786512543713 1.1316577419638634 9204
1786512546296 1.1305518820881844 9205
1786512548877 1.1415006816387177 9206
1786512551458 1.1119590178132057 9207
1786512554039 1.14544178545475 9208
1786512556620 1.154922716319561 9209
1786512559201 1.142257958650589 9210
1786512561782 1.149331420660019 9211
1786512564362 1.160779669880867 9212
1786512566943 1.1238410249352455 9213
1786512569524 1.1240064948797226 9214
1786512572104 1.1375051960349083 9215
1786512574686 1.1399000436067581 9216
1786512577267 1.1330313757061958 9217
1786512579847 1.1026651859283447 9218
1786512582427 1.1575614511966705 9219
1786512585009 1.1301217377185822 9220
1786512587591 1.1338700279593468 9221
1786512590172 1.1316050924360752 9222
1786512592754 1.144968442618847 9223
1786512595333 1.1163889020681381 9224
1786512597913 1.1294415816664696 9225
1786512600493 1.1506316661834717 9226
1786512603074 1.1095847189426422 9227
1786512605668 1.1488526239991188 9228
1786512608248 1.1525987088680267 9229
1786512610828 1.1223866790533066 9230
1786512613409 1.1298646107316017 9231
1786512615985 1.1412477940320969 9232
1786512618562 1.13735019415617 9233
1786512621138 1.1130871623754501 9234
1786512623714 1.1641067042946815 9235
1786512626289 1.1268922686576843 9236
1786512628865 1.118168443441391 9237
1786512631441 1.1274362206459045 9238
1786512634016 1.1569905504584312 9239
1786512636592 1.1547173261642456 9240
1786512639169 1.127847135066986 9241
1786512641745 1.1518420651555061 9242
1786512644320 1.1453494057059288 9243
1786512646902 1.1357662007212639 9244
1786512649484 1.1478501930832863 9245
1786512652065 1.1611462011933327 9246
1786512654651 1.1309572607278824 9247
1786512657236 1.1429811865091324 9248
1786512659816 1.1472245380282402 9249
1786512662396 1.1217435002326965 9250
1786512664977 1.121683046221733 9251
1786512667557 1.1271059140563011 9252
1786512670138 1.1645364984869957 9253
1786512672721 1.159305453300476 9254
1786512675303 1.1297980174422264 9255
1786512677883 1.1535229459404945 9256
1786512680464 1.1372038796544075 9257
1786512683046 1.116757333278656 9258
1786512685627 1.1247582957148552 9259
1786512688207 1.1314016580581665 9260
1786512690796 1.1174353286623955 9261
1786512693377 1.1350818797945976 9262
1786512695958 1.1191335618495941 9263
1786512698542 1.1448960304260254 9264
1786512701126 1.149110995233059 9265
1786512703712 1.146342970430851 9266
1786512706293 1.1342765614390373 9267
1786512708874 1.129172369837761 9268
1786512711455 1.1526357680559158 9269
1786512714035 1.1480332165956497 9270
1786512716616 1.138894185423851 9271
1786512719196 1.114027500152588 9272
1786512721776 1.1501249596476555 9273
1786512724356 1.1189141646027565 9274
1786512726937 1.1242017075419426 9275
1786512729518 1.1285336688160896 9276
1786512732098 1.1326455473899841 9277
1786512734678 1.1385082602500916 9278
1786512737263 1.128565974533558 9279
1786512739844 1.1261147111654282 9280
1786512742425 1.1203519776463509 9281
1786512745005 1.14601668715477 9282
1786512747584 1.1419074907898903 9283
1786512750165 1.1664340198040009 9284
1786512752744 1.127090074121952 9285
1786512755323 1.1437993571162224 9286
1786512757904 1.115574687719345 9287
1786512760483 1.127687357366085 9288
1786512763062 1.1250769272446632 9289
1786512765641 1.1494199559092522 9290
1786512768220 1.1157227456569672 9291
1786512770803 1.1472666338086128 9292
1786512773381 1.137786291539669 9293
1786512775963 1.1233957335352898 9294
1786512778543 1.1437284871935844 9295
1786512781124 1.1428776010870934 9296
1786512783706 1.1146541610360146 9297
1786512786287 1.13657296448946 9298
1786512788868 1.1381045430898666 9299
1786512791451 1.1092120967805386 9300
1786512794033 1.124921940267086 9301
1786512796615 1.137658268213272 9302
1786512799196 1.1654525324702263 9303
1786512801779 1.1259879022836685 9304
1786512804361 1.1354404836893082 9305
1786512806942 1.1353689581155777 9306
1786512809524 1.1127629652619362 9307
1786512812106 1.1069397553801537 9308
1786512814687 1.1607320383191109 9309
1786512817271 1.123515635728836 9310
1786512819852 1.1561957374215126 9311
1786512822432 1.1336344555020332 9312
1786512825013 1.1506693065166473 9313
1786512827593 1.1381584107875824 9314
1786512830174 1.1265827789902687 9315
1786512832754 1.1322731971740723 9316
1786512835335 1.1262034177780151 9317
1786512837917 1.1240760013461113 9318
1786512840498 1.129683680832386 9319
1786512843079 1.1457517519593239 9320
1786512845660 1.1202561482787132 9321
1786512848242 1.1248995214700699 9322
1786512850822 1.1055599711835384 9323
1786512853408 1.142700880765915 9324
1786512855988 1.1309272944927216 9325
1786512858568 1.1261471584439278 9326
1786512861148 1.1214768216013908 9327
1786512863728 1.161331333220005 9328
1786512866308 1.14250348508358 9329
1786512868888 1.1199602670967579 9330
1786512871469 1.1401691138744354 9331
1786512874049 1.1295950263738632 9332
1786512876631 1.1479195654392242 9333
1786512879209 1.13998494297266 9334
1786512881788 1.1509838327765465 9335
1786512884367 1.138918086886406 9336
1786512886946 1.1259769573807716 9337
1786512889524 1.1246320009231567 9338
1786512892105 1.1419967040419579 9339
1786512894685 1.1321234479546547 9340
1786512897261 1.1686902344226837 9341
1786512899835 1.1479288414120674 9342
1786512902413 1.1205006651580334 9343
1786512904989 1.1635460555553436 9344
1786512907565 1.1636885330080986 9345
1786512910139 1.1243660300970078 9346
1786512912714 1.1417476460337639 9347
1786512915290 1.134430170059204 9348
1786512917864 1.1253327950835228 9349
1786512920439 1.1409828886389732 9350
1786512923013 1.1407544985413551 9351
1786512925589 1.1168128997087479 9352
1786512928163 1.0963294878602028 9353
1786512930738 1.1149842366576195 9354
1786512933317 1.138146035373211 9355
1786512935891 1.119335651397705 9356
1786512938466 1.152674950659275 9357
1786512941041 1.1582441926002502 9358
1786512943615 1.1483740210533142 9359
1786512946191 1.142832726240158 9360
1786512948765 1.1353285387158394 9361
1786512951341 1.1199389770627022 9362
1786512953917 1.1465254351496696 9363
1786512956492 1.1074871532619 9364
1786512959067 1.1289000362157822 9365
1786512961641 1.1407979801297188 9366
1786512964216 1.122180663049221 9367
1786512966794 1.141890935599804 9368
1786512969370 1.150718480348587 9369
1786512971947 1.1194730326533318 9370
1786512974528 1.131086215376854 9371
1786512977109 1.1619518026709557 9372
1786512979689 1.1280040368437767 9373
1786512982270 1.1275597214698792 9374
1786512984852 1.1510374993085861 9375
1786512987434 1.118746243417263 9376
1786512990017 1.1126953065395355 9377
1786512992598 1.128219336271286 9378
1786512995179 1.113399937748909 9379
1786512997761 1.1284638047218323 9380
1786513000348 1.1041420474648476 9381
1786513002930 1.1425941213965416 9382
1786513005512 1.1219592839479446 9383
1786513008096 1.1407396793365479 9384
1786513010678 1.124662347137928 9385
1786513013261 1.1338400021195412 9386
1786513015842 1.1316458135843277 9387
1786513018425 1.1166066527366638 9388
1786513021008 1.1385439522564411 9389
1786513023589 1.1190842352807522 9390
1786513026173 1.145498163998127 9391
1786513028754 1.1388923078775406 9392
1786513031336 1.1259708032011986 9393
1786513033918 1.1456985846161842 9394
1786513036500 1.1374757662415504 9395
1786513039083 1.1230965629220009 9396
1786513041664 1.1406928673386574 9397
1786513044246 1.1492150127887726 9398
1786513046828 1.1387861743569374 9399
1786513049413 1.1289253234863281 9400
1786513051995 1.1462895274162292 9401
1786513054576 1.1206178814172745 9402
1786513057166 1.1103791370987892 9403
1786513059755 1.1307252272963524 9404
1786513062344 1.1348179206252098 9405
1786513064939 1.1530475616455078 9406
1786513067523 1.1494906917214394 9407
1786513070112 1.1265565603971481 9408
1786513072701 1.1306982263922691 9409
1786513075287 1.1581319943070412 9410
1786513077875 1.1340708956122398 9411
1786513080463 1.1290154606103897 9412
1786513083051 1.1287649348378181 9413
1786513085639 1.1271392554044724 9414
1786513088224 1.1175767108798027 9415
1786513090806 1.170350156724453 9416
1786513093387 1.128934070467949 9417
1786513095967 1.130532905459404 9418
1786513098554 1.1214559450745583 9419
1786513101137 1.1396718360483646 9420
1786513103718 1.1187017112970352 9421
1786513106299 1.1203131973743439 9422
1786513108877 1.1309705004096031 9423
1786513111457 1.1302019953727722 9424
1786513114035 1.1517753824591637 9425
1786513116616 1.146973043680191 9426
1786513119198 1.127490945160389 9427
1786513121779 1.1398438811302185 9428
1786513124359 1.1536070480942726 9429
1786513126939 1.1457962170243263 9430
1786513129521 1.1305135861039162 9431
1786513132103 1.1461242213845253 9432
1786513134692 1.1473006010055542 9433
1786513137276 1.1338038071990013 9434
1786513139859 1.121443010866642 9435
1786513142441 1.128605142235756 9436
1786513145023 1.1238896697759628 9437
1786513147605 1.1240411400794983 9438
1786513150187 1.1184599176049232 9439
1786513152772 1.12729761749506 9440
1786513155356 1.1397297978401184 9441
1786513157940 1.1249455511569977 9442
1786513160521 1.1304054036736488 9443
1786513163109 1.151281327009201 9444
1786513165691 1.1237262152135372 9445
1786513168271 1.1199053153395653 9446
1786513170854 1.119365032762289 9447
1786513173434 1.1365521922707558 9448
1786513176015 1.1261274218559265 9449
1786513178596 1.1445223242044449 9450
1786513181178 1.1279683113098145 9451
1786513183758 1.11596554890275 9452
1786513186337 1.1278357282280922 9453
1786513188923 1.1205318793654442 9454
1786513191506 1.1316743344068527 9455
1786513194088 1.146709643304348 9456
1786513196679 1.130516141653061 9457
1786513199259 1.1370106041431427 9458
1786513201844 1.1221217513084412 9459
1786513204429 1.150415688753128 9460
1786513207014 1.1103522256016731 9461
1786513209599 1.1414069831371307 9462
1786513212184 1.1569874361157417 9463
1786513214769 1.1133586764335632 9464
1786513217355 1.1389914825558662 9465
1786513219940 1.1514352560043335 9466
1786513222528 1.1273049153387547 9467
1786513225113 1.1321412697434425 9468
1786513227698 1.1649067476391792 9469
1786513230286 1.1312708109617233 9470
1786513232871 1.1341700032353401 9471
1786513235457 1.1260552927851677 9472
1786513238043 1.1214445307850838 9473
1786513240629 1.1356429234147072 9474
1786513243214 1.1435807198286057 9475
1786513245800 1.135063797235489 9476
1786513248385 1.1207748465240002 9477
1786513250970 1.1258320361375809 9478
1786513253561 1.154690958559513 9479
1786513256149 1.107047200202942 9480
1786513258733 1.127008207142353 9481
1786513261321 1.1450131013989449 9482
1786513263902 1.121450737118721 9483
1786513266479 1.1212847530841827 9484
1786513269056 1.1239118725061417 9485
1786513271632 1.1268867775797844 9486
1786513274208 1.1358272805809975 9487
1786513276785 1.1405179649591446 9488
1786513279364 1.138223372399807 9489
1786513281946 1.1429623663425446 9490
1786513284527 1.1384481340646744 9491
1786513287108 1.1469417214393616 9492
1786513289689 1.1292295157909393 9493
1786513292272 1.114435225725174 9494
1786513294856 1.119332730770111 9495
1786513297438 1.134990356862545 9496
1786513300020 1.1285313665866852 9497
1786513302602 1.1463677883148193 9498
1786513305184 1.097900815308094 9499
1786513308831 1.120185725390911 9500
1786513311413 1.1471240669488907 9501
1786513313994 1.124275516718626 9502
1786513316579 1.1118707731366158 9503
1786513319162 1.108325406908989 9504
1786513321740 1.150191254913807 9505
1786513324324 1.1311104446649551 9506
1786513326906 1.1284723728895187 9507
1786513329490 1.1307292580604553 9508
1786513332072 1.1612518951296806 9509
1786513334656 1.1344804614782333 9510
1786513337243 1.1237855181097984 9511
1786513339826 1.111753098666668 9512
1786513342414 1.1416575759649277 9513
1786513344996 1.1319456100463867 9514
1786513347577 1.154708594083786 9515
1786513350158 1.1395452544093132 9516
1786513352739 1.123444177210331 9517
1786513355326 1.128498651087284 9518
1786513357908 1.1258086450397968 9519
1786513360493 1.1450041234493256 9520
1786513363074 1.1281161084771156 9521
1786513365662 1.1249837800860405 9522
1786513368243 1.1589454039931297 9523
1786513370824 1.113050352782011 9524
1786513373405 1.1272498071193695 9525
1786513375985 1.1552146300673485 9526
1786513378565 1.1328016743063927 9527
1786513381146 1.1367666572332382 9528
1786513383725 1.125051699578762 9529
1786513386308 1.1382314190268517 9530
1786513388890 1.1407966241240501 9531
1786513391475 1.125685676932335 9532
1786513394063 1.160496085882187 9533
1786513396648 1.1161299869418144 9534
1786513399230 1.136082962155342 9535
1786513401812 1.1268218234181404 9536
1786513404393 1.155133694410324 9537
1786513406974 1.1156932041049004 9538
1786513409558 1.1284417062997818 9539
1786513412144 1.1487068086862564 9540
1786513414727 1.1201780028641224 9541
1786513417310 1.142881952226162 9542
1786513419892 1.144056562334299 9543
1786513422473 1.1219739690423012 9544
1786513425056 1.1280403658747673 9545
1786513427638 1.126810036599636 9546
1786513430219 1.1404071226716042 9547
1786513432801 1.124983973801136 9548
1786513435383 1.1313662081956863 9549
1786513437963 1.135691151022911 9550
1786513440544 1.1436465680599213 9551
1786513443131 1.1233211010694504 9552
1786513445719 1.120725117623806 9553
1786513448302 1.1365479603409767 9554
1786513450883 1.1402013674378395 9555
1786513453463 1.148004986345768 9556
1786513456053 1.1290676146745682 9557
1786513458636 1.1471952572464943 9558
1786513461217 1.1605564653873444 9559
1786513463792 1.1306233257055283 9560
1786513466368 1.1318662464618683 9561
1786513468944 1.1443268433213234 9562
1786513471519 1.1175065264105797 9563
1786513474095 1.1255731955170631 9564
1786513476671 1.129932202398777 9565
1786513479253 1.1382950842380524 9566
1786513481839 1.1169038265943527 9567
1786513484433 1.140724092721939 9568
1786513487023 1.1557617485523224 9569
1786513489607 1.1066980548202991 9570
1786513492191 1.1033293418586254 9571
1786513494768 1.1400228515267372 9572
1786513497350 1.1294907480478287 9573
1786513499928 1.104826308786869 9574
1786513502504 1.1286120265722275 9575
1786513505096 1.1222996264696121 9576
1786513507679 1.1524103432893753 9577
1786513510262 1.1207895427942276 9578
1786513512844 1.1322110742330551 9579
1786513515424 1.132556512951851 9580
1786513518006 1.1479720026254654 9581
1786513520588 1.113425426185131 9582
1786513523170 1.1366899088025093 9583
1786513525752 1.1234536841511726 9584
1786513528337 1.1391313672065735 9585
1786513530919 1.134786605834961 9586
1786513533501 1.1156147792935371 9587
1786513536083 1.1170425415039062 9588
1786513538667 1.1243515387177467 9589
1786513541249 1.1476010456681252 9590
1786513543830 1.125993825495243 9591
1786513546412 1.1158433444797993 9592
1786513548993 1.1162150353193283 9593
1786513551577 1.1323393657803535 9594
1786513554167 1.1284376606345177 9595
1786513556748 1.1308093667030334 9596
1786513559327 1.1047004386782646 9597
1786513561906 1.143713004887104 9598
1786513564485 1.1175522431731224 9599
1786513567065 1.144034929573536 9600
1786513569645 1.1477707400918007 9601
1786513572224 1.1262715384364128 9602
1786513574803 1.1222831718623638 9603
1786513577382 1.1467670127749443 9604
1786513579961 1.1541248485445976 9605
1786513582541 1.1113742142915726 9606
1786513585120 1.1434095799922943 9607
1786513587699 1.1298606768250465 9608
1786513590279 1.1382381096482277 9609
1786513592858 1.1458223760128021 9610
1786513595438 1.1337829679250717 9611
1786513598018 1.1380813121795654 9612
1786513600598 1.143768534064293 9613
1786513603177 1.115391455590725 9614
1786513605757 1.1403669640421867 9615
1786513608336 1.1365997269749641 9616
1786513610917 1.13580222427845 9617
1786513613497 1.1411644518375397 9618
1786513616077 1.1466036662459373 9619
1786513618659 1.1207970082759857 9620
1786513621240 1.1235398650169373 9621
1786513623820 1.1393197551369667 9622
1786513626400 1.1073513180017471 9623
1786513628980 1.1466964036226273 9624
1786513631559 1.1343408674001694 9625
1786513634139 1.1489081978797913 9626
1786513636718 1.1294124871492386 9627
1786513639298 1.1171979904174805 9628
1786513641878 1.1315912008285522 9629
1786513644457 1.1277521327137947 9630
1786513647038 1.146791271865368 9631
1786513649618 1.1310524940490723 9632
1786513652198 1.1178515627980232 9633
1786513654777 1.1288701444864273 9634
1786513657357 1.1490975096821785 9635
1786513659938 1.1420497484505177 9636
1786513662517 1.1225299313664436 9637
1786513665095 1.1197625324130058 9638
1786513667670 1.1627230122685432 9639
1786513670245 1.136849582195282 9640
1786513672820 1.1377501413226128 9641
1786513675395 1.1350315362215042 9642
1786513677970 1.1432354226708412 9643
1786513680547 1.1372122019529343 9644
1786513683123 1.1073631681501865 9645
1786513685699 1.1292057111859322 9646
1786513688274 1.151529237627983 9647
1786513690849 1.1255203820765018 9648
1786513693424 1.1054876446723938 9649
1786513696000 1.1407834812998772 9650
1786513698575 1.1120621971786022 9651
1786513701150 1.1304291039705276 9652
1786513703725 1.1105930134654045 9653
1786513706301 1.1368799805641174 9654
1786513708876 1.1343251094222069 9655
1786513711451 1.1321343705058098 9656
1786513714026 1.1475915014743805 9657
1786513716602 1.1223321631550789 9658
1786513719180 1.1186844110488892 9659
1786513721756 1.1501710414886475 9660
1786513724331 1.1199860945343971 9661
1786513726907 1.1159643828868866 9662
1786513729482 1.1443181186914444 9663
1786513732059 1.147653952240944 9664
1786513734635 1.1474302411079407 9665
1786513737211 1.1321925558149815 9666
1786513739786 1.1389451883733273 9667
1786513742362 1.140010267496109 9668
1786513744937 1.1226730272173882 9669
1786513747513 1.1639202013611794 9670
1786513750089 1.1062808260321617 9671
1786513752664 1.137176163494587 9672
1786513755239 1.1564913764595985 9673
1786513757815 1.111414946615696 9674
1786513760390 1.1298770308494568 9675
1786513762966 1.1278508454561234 9676
1786513765542 1.1328898072242737 9677
1786513768118 1.1418601423501968 9678
1786513770694 1.1304029300808907 9679
1786513773270 1.1437103524804115 9680
1786513775845 1.1357034891843796 9681
1786513778421 1.129472404718399 9682
1786513780996 1.1190399080514908 9683
1786513783573 1.1271017789840698 9684
1786513786149 1.1296513341367245 9685
1786513788724 1.1325712017714977 9686
1786513791300 1.1394710838794708 9687
1786513793877 1.142098255455494 9688
1786513796453 1.1064134165644646 9689
1786513799028 1.1304905116558075 9690
1786513801603 1.1246952712535858 9691
1786513804179 1.1084525808691978 9692
1786513806755 1.1186136156320572 9693
1786513809330 1.1106337755918503 9694
1786513811905 1.1375138498842716 9695
1786513814481 1.1458661183714867 9696
1786513817058 1.109464142471552 9697
1786513819633 1.1336635649204254 9698
1786513822208 1.1224436908960342 9699
1786513824783 1.1196525283157825 9700
1786513827359 1.1225424446165562 9701
1786513829934 1.1304810866713524 9702
1786513832509 1.1280752569437027 9703
1786513835084 1.1241643019020557 9704
1786513837660 1.1324141547083855 9705
1786513840236 1.135160818696022 9706
1786513842812 1.1442906260490417 9707
1786513845389 1.1530650481581688 9708
1786513847966 1.1092976480722427 9709
1786513850542 1.1433946788311005 9710
1786513853118 1.1299651935696602 9711
1786513855694 1.159233182668686 9712
1786513858270 1.1572581678628922 9713
1786513860845 1.1276671960949898 9714
1786513863420 1.1439066901803017 9715
1786513865996 1.1153900846838951 9716
1786513868571 1.1403371691703796 9717
1786513871146 1.147456020116806 9718
1786513873721 1.1029623672366142 9719
1786513876298 1.1458439826965332 9720
1786513878873 1.1338990107178688 9721
1786513881450 1.1385905295610428 9722
1786513884025 1.1106070801615715 9723
1786513886600 1.1542990431189537 9724
1786513889175 1.1371121108531952 9725
1786513891750 1.13827496021986 9726
1786513894326 1.1261265277862549 9727
1786513896901 1.1098281145095825 9728
1786513899477 1.1319029927253723 9729
1786513902052 1.1311208792030811 9730
1786513904627 1.1190848127007484 9731
1786513907202 1.1182947047054768 9732
1786513909778 1.1409841105341911 9733
1786513912354 1.1281090341508389 9734
1786513914931 1.1299171969294548 9735
1786513917508 1.1341041252017021 9736
1786513920083 1.1151195392012596 9737
1786513922659 1.1323630884289742 9738
1786513925235 1.1469901949167252 9739
1786513927811 1.1216651424765587 9740
1786513930387 1.1399548202753067 9741
1786513932962 1.1234551221132278 9742
1786513935537 1.1232398673892021 9743
1786513938112 1.1498729884624481 9744
1786513940687 1.1238242276012897 9745
1786513943262 1.1557994112372398 9746
1786513945837 1.1068717017769814 9747
1786513948416 1.1532652452588081 9748
1786513950997 1.156874492764473 9749
1786513953578 1.1080215089023113 9750
1786513956159 1.1402536556124687 9751
1786513958740 1.1578432768583298 9752
1786513961320 1.127368003129959 9753
1786513963900 1.1185426115989685 9754
1786513966482 1.1175572201609612 9755
1786513969064 1.127102091908455 9756
1786513971648 1.1284065246582031 9757
1786513974230 1.1496206670999527 9758
1786513976812 1.1301762387156487 9759
1786513979397 1.1430311501026154 9760
1786513981977 1.1271727234125137 9761
1786513984560 1.1100343838334084 9762
1786513987142 1.1104666106402874 9763
1786513989727 1.127198964357376 9764
1786513992310 1.1247255131602287 9765
1786513994896 1.1061750873923302 9766
1786513997477 1.1423898935317993 9767
1786514000058 1.1406244337558746 9768
1786514002638 1.1328780427575111 9769
1786514005218 1.1573933809995651 9770
1786514007798 1.1616141721606255 9771
1786514010378 1.1497428640723228 9772
1786514012956 1.0977751165628433 9773
1786514015532 1.122681088745594 9774
1786514018107 1.1233624964952469 9775
1786514020683 1.1269527524709702 9776
1786514023259 1.1348806992173195 9777
1786514025834 1.1178007498383522 9778
1786514028410 1.1298877373337746 9779
1786514030986 1.1432596519589424 9780
1786514033562 1.138891339302063 9781
1786514036139 1.1547824069857597 9782
1786514038720 1.13206085562706 9783
1786514041302 1.1477122902870178 9784
1786514043882 1.1321239918470383 9785
1786514046464 1.1121318563818932 9786
1786514049044 1.1426839381456375 9787
1786514051626 1.1142079755663872 9788
1786514054208 1.114328071475029 9789
1786514056795 1.1268648952245712 9790
1786514059377 1.118238814175129 9791
1786514061957 1.1467507183551788 9792
1786514064536 1.1489789187908173 9793
1786514067112 1.1397443041205406 9794
1786514069688 1.1178238689899445 9795
1786514072266 1.126878060400486 9796
1786514074846 1.1156530380249023 9797
1786514077428 1.127378135919571 9798
1786514080008 1.131522960960865 9799
1786514082590 1.1111825704574585 9800
1786514085173 1.128021590411663 9801
1786514087751 1.1344376429915428 9802
1786514090328 1.127318799495697 9803
1786514092903 1.112245887517929 9804
1786514095485 1.1475435122847557 9805
1786514098068 1.1435935348272324 9806
1786514100649 1.1288701295852661 9807
1786514103231 1.1482767835259438 9808
1786514105812 1.1230874508619308 9809
1786514108393 1.1511502712965012 9810
1786514110975 1.1264221891760826 9811
1786514113557 1.1520099639892578 9812
1786514116138 1.1376707255840302 9813
1786514118718 1.1337794810533524 9814
1786514121300 1.1453001871705055 9815
1786514123881 1.1027285605669022 9816
1786514126461 1.1209105625748634 9817
1786514129040 1.1234741061925888 9818
1786514131621 1.1237418875098228 9819
1786514134202 1.1283711940050125 9820
1786514136779 1.1085190810263157 9821
1786514139356 1.1372853592038155 9822
1786514141932 1.1267258152365685 9823
1786514144510 1.1150441765785217 9824
1786514147085 1.1339040771126747 9825
1786514149661 1.1362290792167187 9826
1786514152238 1.114611491560936 9827
1786514154813 1.1223425902426243 9828
1786514157389 1.1426263749599457 9829
1786514159965 1.0967182591557503 9830
1786514162541 1.1449045985937119 9831
1786514165116 1.1340323612093925 9832
1786514167692 1.1419331058859825 9833
1786514170267 1.1079634130001068 9834
1786514172843 1.1165422946214676 9835
1786514175420 1.1294186934828758 9836
1786514177996 1.1233508586883545 9837
1786514180571 1.1291056722402573 9838
1786514183147 1.1236239224672318 9839
1786514185722 1.126755066215992 9840
1786514188298 1.1550718992948532 9841
1786514190873 1.1200973242521286 9842
1786514193448 1.1423627957701683 9843
1786514196024 1.151071585714817 9844
1786514198601 1.156180016696453 9845
1786514201176 1.1189799793064594 9846
1786514203752 1.1195512413978577 9847
1786514206328 1.1246407255530357 9848
1786514208905 1.1439023613929749 9849
1786514211481 1.1227084249258041 9850
1786514214059 1.1208776757121086 9851
1786514216635 1.1507862955331802 9852
1786514219211 1.1461961343884468 9853
1786514221786 1.1172670274972916 9854
1786514224362 1.1554396450519562 9855
1786514226937 1.1173497773706913 9856
1786514229512 1.140327088534832 9857
1786514232088 1.1349503621459007 9858
1786514234664 1.1397661715745926 9859
1786514237240 1.1266691163182259 9860
1786514239816 1.1212253123521805 9861
1786514242393 1.1179691851139069 9862
1786514244968 1.135934516787529 9863
1786514247544 1.1305407583713531 9864
1786514250119 1.1329009011387825 9865
1786514252694 1.1364683285355568 9866
1786514255270 1.1306630373001099 9867
1786514257845 1.1385371163487434 9868
1786514260421 1.1224945560097694 9869
1786514262997 1.1234081760048866 9870
1786514265577 1.1294246688485146 9871
1786514268158 1.1501376032829285 9872
1786514270738 1.1172906309366226 9873
1786514273323 1.1090271398425102 9874
1786514275905 1.1244717985391617 9875
1786514278493 1.1375828310847282 9876
1786514281079 1.1266783103346825 9877
1786514283662 1.1488942578434944 9878
1786514286244 1.1481697373092175 9879
1786514288828 1.1271804124116898 9880
1786514291408 1.1354450806975365 9881
1786514293989 1.104342669248581 9882
1786514296570 1.124163068830967 9883
1786514299150 1.1427715346217155 9884
1786514301730 1.1314941495656967 9885
1786514304309 1.1366511657834053 9886
1786514306890 1.1389648988842964 9887
1786514309469 1.1266901567578316 9888
1786514312049 1.1015924289822578 9889
1786514314628 1.1187306493520737 9890
1786514317208 1.1276283040642738 9891
1786514319789 1.1322634518146515 9892
1786514322371 1.1426582857966423 9893
1786514324952 1.1533808559179306 9894
1786514327532 1.1367100849747658 9895
1786514330108 1.1438781544566154 9896
1786514332684 1.1102868989109993 9897
1786514335260 1.1380136013031006 9898
1786514337839 1.1325228065252304 9899
1786514340417 1.1480986773967743 9900
1786514342993 1.1419404931366444 9901
1786514345572 1.1460363753139973 9902
1786514348159 1.1108544915914536 9903
1786514350740 1.134286180138588 9904
1786514353321 1.1137655898928642 9905
1786514355901 1.1399902701377869 9906
1786514358622 1.1340914815664291 9907
1786514361221 1.1540749445557594 9908
1786514364031 1.118465632200241 9909
1786514367114 1.113221112638712 9910
1786514369696 1.144985981285572 9911
1786514372276 1.1310363560914993 9912
1786514374856 1.1258729994297028 9913
1786514377437 1.1588338688015938 9914
1786514380019 1.153897613286972 9915
1786514382599 1.1252233386039734 9916
1786514385179 1.1196473613381386 9917
1786514387759 1.1405639946460724 9918
1786514390342 1.1174065470695496 9919
1786514392923 1.1404972448945045 9920
1786514395505 1.1164434999227524 9921
1786514398085 1.1069747284054756 9922
1786514400662 1.1268392130732536 9923
1786514403236 1.1325032263994217 9924
1786514405827 1.092952623963356 9925
1786514408409 1.1330546215176582 9926
1786514410991 1.1484797894954681 9927
1786514413571 1.1326949670910835 9928
1786514416154 1.1405110135674477 9929
1786514418740 1.103794138878584 9930
1786514421327 1.1165600046515465 9931
1786514423908 1.1262979060411453 9932
1786514426489 1.1086798012256622 9933
1786514429066 1.1073182448744774 9934
1786514431642 1.127552978694439 9935
1786514434218 1.1327599436044693 9936
1786514436794 1.0958656817674637 9937
1786514439373 1.1244760900735855 9938
1786514441950 1.1331710517406464 9939
1786514444526 1.1151169687509537 9940
1786514447101 1.1346611008048058 9941
1786514449678 1.1184929758310318 9942
1786514452257 1.1211208999156952 9943
1786514454839 1.1295251250267029 9944
1786514457419 1.1287504881620407 9945
1786514460013 1.1366179957985878 9946
1786514462606 1.139796882867813 9947
1786514465197 1.1384034380316734 9948
1786514467789 1.1216754540801048 9949
1786514470386 1.1297760605812073 9950
1786514472974 1.1479549035429955 9951
1786514475555 1.1377661302685738 9952
1786514478137 1.1192566752433777 9953
1786514480718 1.128253847360611 9954
1786514483299 1.128269612789154 9955
1786514485885 1.1451920792460442 9956
1786514488464 1.1309052556753159 9957
1786514491042 1.1282662078738213 9958
1786514493622 1.1405129805207253 9959
1786514496199 1.12008835375309 9960
1786514498775 1.135953076183796 9961
1786514501350 1.1242971122264862 9962
1786514503927 1.1181937530636787 9963
1786514506503 1.1143964156508446 9964
1786514509078 1.1225596368312836 9965
1786514511655 1.1160743460059166 9966
1786514514232 1.1343584433197975 9967
1786514516809 1.1404384151101112 9968
1786514519388 1.156059890985489 9969
1786514521965 1.124293725937605 9970
1786514524541 1.1367602720856667 9971
1786514527119 1.1423265561461449 9972
1786514529699 1.135674774646759 9973
1786514532280 1.129723109304905 9974
1786514534860 1.1277096420526505 9975
1786514537441 1.132751114666462 9976
1786514540021 1.161981001496315 9977
1786514542601 1.132671944797039 9978
1786514545182 1.1349853798747063 9979
1786514547762 1.1330952793359756 9980
1786514550342 1.1366443932056427 9981
1786514552921 1.1458495259284973 9982
1786514555502 1.1158660873770714 9983
1786514558082 1.1400464959442616 9984
1786514560660 1.114302136003971 9985
1786514563235 1.1325320973992348 9986
1786514565812 1.121753141283989 9987
1786514568387 1.1375297904014587 9988
1786514570964 1.1457284316420555 9989
1786514573547 1.1089489124715328 9990
1786514576128 1.147000640630722 9991
1786514578709 1.099381446838379 9992
1786514581289 1.1218672282993793 9993
1786514583870 1.1483567729592323 9994
1786514586451 1.1436868086457253 9995
1786514589032 1.135986715555191 9996
1786514591616 1.147337667644024 9997
1786514594196 1.1384878531098366 9998
1786514596780 1.1445560976862907 9999
1786514601400 1.1548383012413979 10000
1786514603983 1.1560521125793457 10001
1786514606568 1.1474702134728432 10002
1786514609150 1.1503212228417397 10003
1786514611731 1.1266220584511757 10004
1786514614313 1.1147547103464603 10005
1786514616894 1.1373799070715904 10006
1786514619477 1.1302659884095192 10007
1786514622058 1.1278183162212372 10008
1786514624639 1.124340996146202 10009
1786514627219 1.120409108698368 10010
1786514629804 1.1145969182252884 10011
1786514632386 1.128259763121605 10012
1786514634974 1.1244260221719742 10013
1786514637565 1.1427982151508331 10014
1786514640146 1.1158251538872719 10015
1786514642730 1.1262607872486115 10016
1786514645313 1.1051683686673641 10017
1786514647896 1.1472763195633888 10018
1786514650481 1.142527036368847 10019
1786514653063 1.129265658557415 10020
1786514655657 1.1275206506252289 10021
1786514658249 1.1481927782297134 10022
1786514660835 1.1304660066962242 10023
1786514663419 1.1285309940576553 10024
1786514666002 1.145400270819664 10025
1786514668585 1.1255680695176125 10026
1786514671167 1.1126551441848278 10027
1786514673753 1.1513437554240227 10028
1786514676341 1.1410242915153503 10029
1786514678924 1.115928202867508 10030
1786514681507 1.115122713148594 10031
1786514684088 1.1243316754698753 10032
1786514686672 1.1130046173930168 10033
1786514689258 1.1338319852948189 10034
1786514691847 1.1050884649157524 10035
1786514694437 1.1365251392126083 10036
1786514697027 1.1147227883338928 10037
1786514699618 1.0987055785953999 10038
1786514702201 1.1076173856854439 10039
1786514704791 1.1213190257549286 10040
1786514707376 1.1194906905293465 10041
1786514709961 1.1255856081843376 10042
1786514712551 1.1416303664445877 10043
1786514715137 1.134481318295002 10044
1786514717728 1.1081681177020073 10045
1786514720318 1.1303446888923645 10046
1786514722903 1.137901559472084 10047
1786514725486 1.118965208530426 10048
1786514728069 1.108697161078453 10049
1786514730664 1.1251433342695236 10050
1786514733251 1.1383279412984848 10051
1786514735841 1.1260278448462486 10052
1786514738426 1.1339264288544655 10053
1786514741008 1.1370787471532822 10054
1786514743591 1.1413090787827969 10055
1786514746176 1.143515706062317 10056
1786514748762 1.1366366371512413 10057
1786514751353 1.1135211884975433 10058
1786514753944 1.1058168858289719 10059
1786514756535 1.116733655333519 10060
1786514759121 1.135711893439293 10061
1786514761708 1.1520383730530739 10062
1786514764299 1.1274958290159702 10063
1786514766880 1.147525891661644 10064
1786514769464 1.1327554807066917 10065
1786514772045 1.1285499259829521 10066
1786514774630 1.1102892495691776 10067
1786514777211 1.1289463229477406 10068
1786514779797 1.1278162524104118 10069
1786514782382 1.110987089574337 10070
1786514784969 1.1403580754995346 10071
1786514787553 1.1436705440282822 10072
1786514790135 1.13000900298357 10073
1786514792716 1.1196417137980461 10074
1786514795298 1.1315462812781334 10075
1786514797880 1.1090104468166828 10076
1786514800461 1.1194261237978935 10077
1786514803044 1.1618115082383156 10078
1786514805627 1.134354516863823 10079
1786514808212 1.1384831741452217 10080
1786514810797 1.1091503910720348 10081
1786514813391 1.1377855241298676 10082
1786514815984 1.1353207230567932 10083
1786514818566 1.1252028793096542 10084
1786514821149 1.1317744366824627 10085
1786514823732 1.126451998949051 10086
1786514826319 1.144082896411419 10087
1786514828904 1.1353185772895813 10088
1786514831487 1.1063104793429375 10089
1786514834070 1.129162460565567 10090
1786514836656 1.1189719401299953 10091
1786514839243 1.1232710257172585 10092
1786514841829 1.1352076157927513 10093
1786514844414 1.1209452450275421 10094
1786514846996 1.1479891240596771 10095
1786514849575 1.1122363433241844 10096
1786514852154 1.1220053061842918 10097
1786514854731 1.156748242676258 10098
1786514857307 1.154834009706974 10099
1786514859884 1.1348203048110008 10100
1786514862462 1.136165738105774 10101
1786514865045 1.1233775615692139 10102
1786514867635 1.1325759664177895 10103
1786514870218 1.1441123560070992 10104
1786514872807 1.1140991523861885 10105
1786514875400 1.1169309690594673 10106
1786514877988 1.1270280256867409 10107
1786514880571 1.127262331545353 10108
1786514883153 1.1343095377087593 10109
1786514885737 1.1419645249843597 10110
1786514888325 1.116840161383152 10111
1786514890914 1.1190437823534012 10112
1786514893503 1.123916156589985 10113
1786514896088 1.1295714974403381 10114
