1786493922882 0.016445587505586445 2000
1786493925456 0.016885023447684944 2001
1786493928031 0.016664975555613637 2002
1786493930608 0.016450876253657043 2003
1786493933187 0.016794132417999208 2004
1786493935766 0.01681818498764187 2005
1786493938345 0.016652442747727036 2006
1786493940924 0.016592359635978937 2007
1786493943528 0.016637866385281086 2008
1786493946105 0.016634277533739805 2009
1786493948682 0.016662284964695573 2010
1786493951259 0.016711913282051682 2011
1786493953837 0.016694015241228044 2012
1786493956414 0.016697728540748358 2013
1786493958992 0.016756975557655096 2014
1786493961570 0.016879339120350778 2015
1786493964147 0.016697523649781942 2016
1786493966725 0.016870333231054246 2017
1786493969304 0.01686586777213961 2018
1786493971882 0.016724023735150695 2019
1786493974461 0.0166223383275792 2020
1786493977041 0.016587143414653838 2021
1786493979619 0.01661817217245698 2022
1786493982199 0.016584897763095796 2023
1786493984780 0.016861181939020753 2024
1786493987360 0.01657820527907461 2025
1786493989939 0.016628408804535866 2026
1786493992519 0.016768460045568645 2027
1786493995099 0.016688951523974538 2028
1786493997679 0.016756152152083814 2029
1786494000258 0.016548765008337796 2030
1786494002839 0.016706206486560404 2031
1786494005422 0.016820759046822786 2032
1786494008004 0.016825120779685676 2033
1786494010585 0.016748788068071008 2034
1786494013167 0.01668933336623013 2035
1786494015749 0.01692012115381658 2036
1786494018331 0.016808609594590962 2037
1786494020914 0.016797314281575382 2038
1786494023495 0.016665238770656288 2039
1786494026077 0.016819094540551305 2040
1786494028661 0.016961406683549285 2041
1786494031242 0.016867744969204068 2042
1786494033824 0.016698746476322412 2043
1786494036406 0.016845796490088105 2044
1786494038988 0.01686901180073619 2045
1786494041571 0.016760946484282613 2046
1786494044153 0.01673084998037666 2047
1786494046731 0.016746383043937385 2048
1786494049309 0.016654908074997365 2049
1786494051893 0.016639974084682763 2050
1786494054477 0.016779078170657158 2051
1786494057065 0.01688917214050889 2052
1786494059647 0.016758691635914147 2053
1786494062228 0.01676644489634782 2054
1786494064809 0.01679618877824396 2055
1786494067392 0.016774394491221756 2056
1786494069974 0.016887438599951565 2057
1786494072556 0.016816698014736176 2058
1786494075140 0.016786548192612827 2059
1786494077719 0.016949371085502207 2060
1786494080297 0.01673301192931831 2061
1786494082874 0.016873991349712014 2062
1786494085452 0.016728304093703628 2063
1786494088029 0.016731566283851862 2064
1786494090608 0.016858477727510035 2065
1786494093185 0.016730979550629854 2066
1786494095762 0.016672762343659997 2067
1786494098339 0.016728876740671694 2068
1786494100917 0.01681291777640581 2069
1786494103494 0.016958975582383573 2070
1786494106072 0.01694805664010346 2071
1786494108650 0.016731272917240858 2072
1786494111232 0.016783741302788258 2073
1786494113813 0.016858406830579042 2074
1786494116395 0.01685796701349318 2075
1786494118977 0.0167978557292372 2076
1786494121558 0.01685789693146944 2077
1786494124140 0.016906865290366113 2078
1786494126722 0.016717209364287555 2079
1786494129305 0.016680528759025037 2080
1786494131887 0.016763663850724697 2081
1786494134469 0.016846017679199576 2082
1786494137051 0.016720093553885818 2083
1786494139633 0.016788884066045284 2084
1786494142214 0.016879332019016147 2085
1786494144796 0.016809466993436217 2086
1786494147377 0.016913920175284147 2087
1786494149958 0.01681448076851666 2088
1786494152540 0.01698672492057085 2089
1786494155122 0.016753572155721486 2090
1786494157705 0.016854566638357937 2091
1786494160288 0.016832233290188015 2092
1786494162870 0.016755705000832677 2093
1786494165452 0.016781443264335394 2094
1786494168035 0.016844157711602747 2095
1786494170616 0.016787898144684732 2096
1786494173204 0.016919366433285177 2097
1786494175781 0.01692083850502968 2098
1786494178362 0.01684141019359231 2099
1786494180945 0.01681369380094111 2100
1786494183528 0.016814909875392914 2101
1786494186110 0.017079234588891268 2102
1786494188688 0.01690092484932393 2103
1786494191267 0.016852923203259706 2104
1786494193846 0.016865203739143908 2105
1786494196424 0.01688766572624445 2106
1786494199002 0.01702767552342266 2107
1786494201581 0.016900845803320408 2108
1786494204166 0.016952736536040902 2109
1786494206752 0.01682545943185687 2110
1786494209334 0.016784147243015468 2111
1786494211916 0.01712393236812204 2112
1786494214500 0.01693819055799395 2113
1786494217082 0.01678661222103983 2114
1786494219666 0.016844907659105957 2115
1786494222249 0.016742694657295942 2116
1786494224831 0.016938006854616106 2117
1786494227412 0.016865373007021844 2118
1786494229999 0.01701396272983402 2119
1786494232586 0.01679430401418358 2120
1786494235174 0.016905341180972755 2121
1786494237757 0.01695191429462284 2122
1786494240340 0.017033335752785206 2123
1786494242923 0.01689545135013759 2124
1786494245505 0.016857635462656617 2125
1786494248087 0.016691904165782034 2126
1786494250669 0.016843759338371456 2127
1786494253251 0.016902536037378013 2128
1786494255834 0.017045224318280816 2129
1786494258417 0.016833866597153246 2130
1786494260999 0.016813640599139035 2131
1786494263581 0.01680616964586079 2132
1786494266163 0.016890218830667436 2133
1786494268746 0.01702856190968305 2134
1786494271331 0.016836411668919027 2135
1786494273914 0.016831719782203436 2136
1786494276496 0.016925947973504663 2137
1786494279078 0.01686904311645776 2138
1786494281661 0.01694891636725515 2139
1786494284244 0.01697201025672257 2140
1786494286826 0.016907777171581984 2141
1786494289409 0.0170099864481017 2142
1786494291991 0.016965003102086484 2143
1786494294570 0.0169837815919891 2144
1786494297154 0.01687981013674289 2145
1786494299736 0.01689432852435857 2146
1786494302314 0.01703868806362152 2147
1786494304894 0.016975608421489596 2148
1786494307476 0.017170393140986562 2149
1786494310054 0.016903116600587964 2150
1786494312631 0.016936800442636013 2151
1786494315209 0.016897658701054752 2152
1786494317786 0.017089788801968098 2153
1786494320365 0.016960303182713687 2154
1786494322945 0.016993041150271893 2155
1786494325524 0.01686976628843695 2156
1786494328102 0.016847341088578105 2157
1786494330680 0.016918356181122363 2158
1786494333259 0.016934952698647976 2159
1786494335839 0.016860034316778183 2160
1786494338419 0.017006434849463403 2161
1786494340998 0.017025500652380288 2162
1786494343575 0.016924860421568155 2163
1786494346155 0.01712762122042477 2164
1786494348734 0.016961458255536854 2165
1786494351312 0.0169990403810516 2166
1786494353900 0.016961822169832885 2167
1786494356485 0.017035081866197288 2168
1786494359068 0.01691409118939191 2169
1786494361651 0.016974015277810395 2170
1786494364233 0.01691205077804625 2171
1786494366816 0.016973077203147113 2172
1786494369400 0.017022718442603946 2173
1786494371982 0.016902290983125567 2174
1786494374564 0.016848491737619042 2175
1786494377147 0.016912612947635353 2176
1786494379728 0.017100455122999847 2177
1786494382312 0.01702742709312588 2178
1786494384895 0.017128783045336604 2179
1786494387481 0.016938185202889144 2180
1786494390064 0.01692005665972829 2181
1786494392649 0.01701192173641175 2182
1786494395232 0.017033968935720623 2183
1786494397817 0.01692601223476231 2184
1786494400401 0.017103739664889872 2185
1786494402984 0.017053500516340137 2186
1786494405568 0.016841911827214062 2187
1786494408150 0.016902507515624166 2188
1786494410734 0.017125927028246224 2189
1786494413320 0.017033939133398235 2190
1786494415905 0.016945257782936096 2191
1786494418488 0.01679971383418888 2192
1786494421071 0.01693537598475814 2193
1786494423652 0.016993126017041504 2194
1786494426234 0.016963065834715962 2195
1786494428816 0.01702733780257404 2196
1786494431398 0.01698524144012481 2197
1786494433980 0.017071736976504326 2198
1786494436562 0.016989106428809464 2199
1786494439141 0.0169610190205276 2200
1786494441718 0.017215435043908656 2201
1786494444294 0.01707827753853053 2202
1786494446871 0.01710004569031298 2203
1786494449448 0.01691555161960423 2204
1786494452025 0.01692377612926066 2205
1786494454602 0.017051215167157352 2206
1786494457181 0.017006428795866668 2207
1786494459758 0.01705364277586341 2208
1786494462335 0.016901579569093883 2209
1786494464912 0.01709159556776285 2210
1786494467491 0.016966288560070097 2211
1786494470068 0.017012192751280963 2212
1786494472646 0.01714640820864588 2213
1786494475223 0.017127208644524217 2214
1786494477802 0.0172194994520396 2215
1786494480379 0.016975622973404825 2216
1786494482956 0.016974205034784973 2217
1786494485533 0.017004607361741364 2218
1786494488112 0.01706378802191466 2219
1786494490689 0.017074508126825094 2220
1786494493266 0.017060425016097724 2221
1786494495842 0.017098186654038727 2222
1786494498419 0.01704365201294422 2223
1786494500997 0.017085215891711414 2224
1786494503574 0.017033555079251528 2225
1786494506151 0.016926754964515567 2226
1786494508729 0.016950349207036197 2227
1786494511305 0.017040590988472104 2228
1786494513882 0.01726432249415666 2229
1786494516458 0.01715165819041431 2230
1786494519035 0.0171672438737005 2231
1786494521612 0.017223834758624434 2232
1786494524189 0.0172142181545496 2233
1786494526766 0.01705215929541737 2234
1786494529344 0.01681644981727004 2235
1786494531924 0.01702872198075056 2236
1786494534511 0.0170404058881104 2237
1786494537093 0.01702863071113825 2238
1786494539675 0.01710989302955568 2239
1786494542256 0.01696394814644009 2240
1786494544838 0.01692343282047659 2241
1786494547422 0.01705946261063218 2242
1786494550003 0.01710152009036392 2243
1786494552586 0.017197971465066075 2244
1786494555168 0.017016206751577556 2245
1786494557750 0.017098752316087484 2246
1786494560332 0.01716282032430172 2247
1786494562916 0.017000982887111604 2248
1786494565504 0.0170877103228122 2249
1786494568092 0.017144933226518333 2250
1786494570680 0.0171191671397537 2251
1786494573264 0.017156210145913064 2252
1786494575847 0.0171165851643309 2253
1786494578430 0.01703748817089945 2254
1786494581013 0.01692864461801946 2255
1786494583597 0.01705973327625543 2256
1786494586180 0.017177222529426217 2257
1786494588761 0.01709037972614169 2258
1786494591349 0.017004692112095654 2259
1786494593934 0.017137939459644258 2260
1786494596515 0.017135112080723047 2261
1786494599098 0.017078915843740106 2262
1786494601688 0.01712284912355244 2263
1786494604270 0.017030394170433283 2264
1786494606861 0.016972415149211884 2265
1786494609443 0.017111736233346164 2266
1786494612021 0.017117865616455674 2267
1786494614598 0.0170068348525092 2268
1786494617177 0.01685475616250187 2269
1786494619762 0.01698194886557758 2270
1786494622341 0.017157077905721962 2271
1786494624926 0.017128990031778812 2272
1786494627508 0.0169838146539405 2273
1786494630090 0.016975339502096176 2274
1786494632674 0.017071712645702064 2275
1786494635259 0.017196855857037008 2276
1786494637842 0.017085942323319614 2277
1786494640424 0.017028106609359384 2278
1786494643008 0.017052373383194208 2279
1786494645591 0.017136374721303582 2280
1786494648174 0.017229158780537546 2281
1786494650759 0.017167463316582143 2282
1786494653345 0.01707738498225808 2283
1786494655937 0.017181997071020305 2284
1786494658525 0.017259014770388603 2285
1786494661107 0.017201944370754063 2286
1786494663690 0.017194105894304812 2287
1786494666274 0.017221653135493398 2288
1786494668855 0.01717983465641737 2289
1786494671437 0.017188489669933915 2290
1786494674019 0.017192652798257768 2291
1786494676601 0.01697977667208761 2292
1786494679183 0.01708567060995847 2293
1786494681764 0.017207496450282633 2294
1786494684346 0.017081995611079037 2295
1786494686929 0.01722153031732887 2296
1786494689509 0.017142865690402687 2297
1786494692087 0.01711632893420756 2298
1786494694664 0.016980686457827687 2299
1786494697246 0.01703404914587736 2300
1786494699828 0.017242959467694163 2301
1786494702409 0.01721947593614459 2302
1786494704991 0.017092158901505172 2303
1786494707574 0.01692512712907046 2304
1786494710162 0.016880702576600015 2305
1786494712750 0.017075711395591497 2306
1786494715334 0.017133160727098584 2307
1786494717918 0.017211093450896442 2308
1786494720502 0.01705980207771063 2309
1786494723084 0.01705911592580378 2310
1786494725667 0.017117235576733947 2311
1786494728250 0.017111609457060695 2312
1786494730833 0.017002864740788937 2313
1786494733415 0.017187879187986255 2314
1786494735998 0.017225217656232417 2315
1786494738580 0.017027182271704078 2316
1786494741165 0.0171144288033247 2317
1786494743747 0.017140058684162796 2318
1786494746327 0.017162781325168908 2319
1786494748910 0.017069530789740384 2320
1786494751492 0.0170669968938455 2321
1786494754073 0.017053597955964506 2322
1786494756654 0.017044843058101833 2323
1786494759235 0.016949972370639443 2324
1786494761821 0.017144197481684387 2325
1786494764402 0.01722288702148944 2326
1786494766984 0.017113080131821334 2327
1786494769568 0.017095200950279832 2328
1786494772155 0.017173396423459053 2329
1786494774740 0.017346654785797 2330
1786494777326 0.01723654638044536 2331
1786494779904 0.01716307585593313 2332
1786494782483 0.017051177914254367 2333
1786494785061 0.01708282472100109 2334
1786494787639 0.01719137013424188 2335
1786494790216 0.017195706837810576 2336
1786494792794 0.01719698787201196 2337
1786494795373 0.017252917517907917 2338
1786494797950 0.01711517572402954 2339
1786494800535 0.017191633232869208 2340
1786494803119 0.017156083369627595 2341
1786494805702 0.017110307817347348 2342
1786494808284 0.0172075426671654 2343
1786494810868 0.01721069635823369 2344
1786494813451 0.01708093599881977 2345
1786494816035 0.017005365574732423 2346
1786494818619 0.017115463851951063 2347
1786494821203 0.017083171172998846 2348
1786494823788 0.01682970265392214 2349
1786494826371 0.017129913321696222 2350
1786494828953 0.01720084180124104 2351
1786494831536 0.017290496034547687 2352
1786494834118 0.017211800441145897 2353
1786494836703 0.01712056342512369 2354
1786494839286 0.017046743538230658 2355
1786494841868 0.017161470837891102 2356
1786494844451 0.017138575203716755 2357
1786494847038 0.01725497981533408 2358
1786494849622 0.017157807014882565 2359
1786494852205 0.017188813537359238 2360
1786494854787 0.017098694341257215 2361
1786494857373 0.017059079720638692 2362
1786494859960 0.01719978405162692 2363
1786494862598 0.017111084307543933 2364
1786494865181 0.016921406844630837 2365
1786494867765 0.01709862018469721 2366
1786494870348 0.01723928563296795 2367
1786494872930 0.01720993733033538 2368
1786494875513 0.017080542049370706 2369
1786494878095 0.017231605597771704 2370
1786494880677 0.017342123086564243 2371
1786494883258 0.017279597814194858 2372
1786494885840 0.017201499198563397 2373
1786494888422 0.017078527016565204 2374
1786494891003 0.017180562485009432 2375
1786494893586 0.01716744585428387 2376
1786494896169 0.017040133010596037 2377
1786494898750 0.017017085454426706 2378
1786494901332 0.01720509340520948 2379
1786494903913 0.01715946674812585 2380
1786494906496 0.017245140741579235 2381
1786494909077 0.017212984734214842 2382
1786494911659 0.017229937482625246 2383
1786494914240 0.0172362799057737 2384
1786494916821 0.017144121346063912 2385
1786494919402 0.0170012298040092 2386
1786494921984 0.01710976497270167 2387
1786494924567 0.017203495488502085 2388
1786494927151 0.017241964233107865 2389
1786494929733 0.017201238661073148 2390
1786494932319 0.017116400878876448 2391
1786494934903 0.01729821099434048 2392
1786494937486 0.017169720260426402 2393
1786494940067 0.01717289537191391 2394
1786494942648 0.01709503517486155 2395
1786494945230 0.017222161288373172 2396
1786494947814 0.0173572403145954 2397
1786494950399 0.017025220557115972 2398
1786494952986 0.01705451973248273 2399
1786494955568 0.017245363094843924 2400
1786494958151 0.0172080984339118 2401
1786494960734 0.017140023759566247 2402
1786494963316 0.017314305645413697 2403
1786494965899 0.017169376253150403 2404
1786494968481 0.017156085814349353 2405
1786494971063 0.017101256642490625 2406
1786494973645 0.01732389337848872 2407
1786494976226 0.01716431335080415 2408
1786494978808 0.01734045904595405 2409
1786494981389 0.017418677802197635 2410
1786494983971 0.017155544948764145 2411
1786494986553 0.017090683337301016 2412
1786494989135 0.01713351730722934 2413
1786494991718 0.01733684737700969 2414
1786494994301 0.01717029814608395 2415
1786494996883 0.01698171440511942 2416
1786494999465 0.017122893477790058 2417
1786495002046 0.01708670670632273 2418
1786495004628 0.017141266143880785 2419
1786495007210 0.01714855502359569 2420
1786495009793 0.017313354299403727 2421
1786495012375 0.017123432597145438 2422
1786495014957 0.017174420761875808 2423
1786495017540 0.01724976592231542 2424
1786495020121 0.017083818442188203 2425
1786495022702 0.0171207208186388 2426
1786495025284 0.017298487131483853 2427
1786495027867 0.01718158053699881 2428
1786495030449 0.017169037368148565 2429
1786495033031 0.01713651418685913 2430
1786495035613 0.01725541811902076 2431
1786495038194 0.017324191867373884 2432
1786495040776 0.017211691476404667 2433
1786495043357 0.017281498527154326 2434
1786495045939 0.01734053122345358 2435
1786495048520 0.017211075755767524 2436
1786495051102 0.01720137952361256 2437
1786495053684 0.01716470660176128 2438
1786495056266 0.017156077548861504 2439
1786495058848 0.017168422928079963 2440
1786495061431 0.017160381423309445 2441
1786495064013 0.0171834317734465 2442
1786495066595 0.017390348366461694 2443
1786495069177 0.01733523141592741 2444
1786495071761 0.017184819793328643 2445
1786495074343 0.017161766882054508 2446
1786495076924 0.017211529659107327 2447
1786495079506 0.016950877150520682 2448
1786495082089 0.01723085599951446 2449
1786495084670 0.017323816427960992 2450
1786495087256 0.0173391419230029 2451
1786495089839 0.01734276523347944 2452
1786495092422 0.017153480206616223 2453
1786495095004 0.017196332453750074 2454
1786495097587 0.017121932469308376 2455
1786495100168 0.017190428799949586 2456
1786495102750 0.017284412984736264 2457
1786495105333 0.017226473544724286 2458
1786495107916 0.01719392614904791 2459
1786495110498 0.017032099654898047 2460
1786495113081 0.01710619335062802 2461
1786495115664 0.01719486271031201 2462
1786495118247 0.017151632462628186 2463
1786495120829 0.017461006878875196 2464
1786495123413 0.017115952097810805 2465
1786495125995 0.017180498340167105 2466
1786495128577 0.01713565399404615 2467
1786495131161 0.017057348508387804 2468
1786495133744 0.017280133557505906 2469
1786495136326 0.017352729802951217 2470
1786495138908 0.017076685093343258 2471
1786495141491 0.01721684483345598 2472
1786495144073 0.017127546714618802 2473
1786495146656 0.017225047922693193 2474
1786495149239 0.01721783389803022 2475
1786495151822 0.01730560977011919 2476
1786495154405 0.017290368676185608 2477
1786495156989 0.01723932393360883 2478
1786495159571 0.017250832286663353 2479
1786495162153 0.01722671277821064 2480
1786495164735 0.017277224687859416 2481
1786495167320 0.0172552753938362 2482
1786495169904 0.017237477004528046 2483
1786495172486 0.0173349796095863 2484
1786495175069 0.01717734814155847 2485
1786495177653 0.01727107132319361 2486
1786495180237 0.01741204597055912 2487
1786495182819 0.017252198653295636 2488
1786495185400 0.017152349813841283 2489
1786495187983 0.017302928492426872 2490
1786495190567 0.017060085316188633 2491
1786495193148 0.017197055858559906 2492
1786495195735 0.01708841836079955 2493
1786495198318 0.01712180022150278 2494
1786495200901 0.017224570852704346 2495
1786495203483 0.017379930592142045 2496
1786495206066 0.017328693065792322 2497
1786495208649 0.01723413518629968 2498
1786495211233 0.017152436543256044 2499
1786495215206 0.0172550140414387 2500
1786495217788 0.01723491621669382 2501
1786495220369 0.01719651371240616 2502
1786495222952 0.017314803670160472 2503
1786495225535 0.01737908727955073 2504
1786495228118 0.01704572548624128 2505
1786495230700 0.017177690286189318 2506
1786495233283 0.017470879363827407 2507
1786495235866 0.017222577589564025 2508
1786495238448 0.017036872915923595 2509
1786495241030 0.017142444266937673 2510
1786495243612 0.01724329707212746 2511
1786495246195 0.017231030040420592 2512
1786495248777 0.017368097323924303 2513
1786495251360 0.017231094418093562 2514
1786495253943 0.017234294558875263 2515
1786495256525 0.017269493313506246 2516
1786495259107 0.017254129168577492 2517
1786495261689 0.017249143915250897 2518
1786495264273 0.01734881429001689 2519
1786495266855 0.017214992782101035 2520
1786495269438 0.017073339433409274 2521
1786495272022 0.017214808496646583 2522
1786495274606 0.017276732134632766 2523
1786495277189 0.01739647681824863 2524
1786495279771 0.017337806057184935 2525
1786495282353 0.017165863537229598 2526
1786495284943 0.017041520681232214 2527
1786495287533 0.017422481905668974 2528
1786495290123 0.017621275153942406 2529
1786495292710 0.01737628481350839 2530
1786495295296 0.017281047301366925 2531
1786495297879 0.017069416702724993 2532
1786495300461 0.017210884834639728 2533
1786495303046 0.017166428733617067 2534
1786495305630 0.017425587866455317 2535
1786495308213 0.01736271334812045 2536
1786495310796 0.017250787699595094 2537
1786495313379 0.017404480488039553 2538
1786495315971 0.01724473258946091 2539
1786495318561 0.0172893435228616 2540
1786495321144 0.017135055852122605 2541
1786495323728 0.017226057359948754 2542
1786495326313 0.017176857218146324 2543
1786495328896 0.017322686268016696 2544
1786495331478 0.01738752576056868 2545
1786495334059 0.017278345418162644 2546
1786495336641 0.01722727355081588 2547
1786495339225 0.017348880413919687 2548
1786495341807 0.017299879109486938 2549
1786495344390 0.017294275225140154 2550
1786495346975 0.01731959020253271 2551
1786495349562 0.017335382290184498 2552
1786495352144 0.017240269342437387 2553
1786495354726 0.017379440483637154 2554
1786495357310 0.017336361692287028 2555
1786495359892 0.017307310132309794 2556
1786495362475 0.017122172634117305 2557
1786495365060 0.01728096790611744 2558
1786495367641 0.017349848640151322 2559
1786495370227 0.017254954087547958 2560
1786495372817 0.017269553849473596 2561
1786495375399 0.017376446165144444 2562
1786495377980 0.01730463490821421 2563
1786495380557 0.017347345128655434 2564
1786495383133 0.017244441667571664 2565
1786495385716 0.017074730130843818 2566
1786495388298 0.01726733217947185 2567
1786495390879 0.017006958718411624 2568
1786495393460 0.017147388658486307 2569
1786495396040 0.01728286815341562 2570
1786495398621 0.017383658094331622 2571
1786495401201 0.01729564694687724 2572
1786495403782 0.017304192995652556 2573
1786495406362 0.01721220393665135 2574
1786495408942 0.01740145531948656 2575
1786495411527 0.017404818208888173 2576
1786495414108 0.01741092884913087 2577
1786495416690 0.017430716892704368 2578
1786495419273 0.01737683906685561 2579
1786495421853 0.01730246946681291 2580
1786495424434 0.01733675063587725 2581
1786495427015 0.017275615711696446 2582
1786495429597 0.017271008458919823 2583
1786495432182 0.017340986523777246 2584
1786495434764 0.017283215885981917 2585
1786495437345 0.01723935652989894 2586
1786495439927 0.017370292451232672 2587
1786495442510 0.017282416461966932 2588
1786495445093 0.017154934350401163 2589
1786495447680 0.01728008408099413 2590
1786495450266 0.017292554955929518 2591
1786495452846 0.01741032919380814 2592
1786495455428 0.017267664894461632 2593
1786495458010 0.01740917027927935 2594
1786495460593 0.01730940060224384 2595
1786495463174 0.017193391569890082 2596
1786495465755 0.017297412850894034 2597
1786495468337 0.017420427408069372 2598
1786495470919 0.01734977657906711 2599
1786495473500 0.017147696227766573 2600
1786495476082 0.017132914043031633 2601
1786495478663 0.01742272241972387 2602
1786495481246 0.017283988068811595 2603
1786495483829 0.017250844393856823 2604
1786495486411 0.017321899416856468 2605
1786495488993 0.017253351863473654 2606
1786495491574 0.017131611937657 2607
1786495494156 0.017091107205487788 2608
1786495496737 0.01727280206978321 2609
1786495499318 0.017274250742048025 2610
1786495501899 0.017377994488924742 2611
1786495504482 0.017345906584523618 2612
1786495507076 0.017373997368849814 2613
1786495509656 0.017337303841486573 2614
1786495512245 0.01747398776933551 2615
1786495514826 0.017277262173593044 2616
1786495517408 0.01731146185193211 2617
1786495519999 0.01740133936982602 2618
1786495522590 0.01745561300776899 2619
1786495525181 0.017175872810184956 2620
1786495527758 0.017297703423537314 2621
1786495530334 0.0172787121264264 2622
1786495532910 0.01729963137768209 2623
1786495535487 0.017349852481856942 2624
1786495538065 0.017334103235043585 2625
1786495540642 0.017155646695755422 2626
1786495543220 0.017337901517748833 2627
1786495545802 0.017256340477615595 2628
1786495548385 0.017163807526230812 2629
1786495550971 0.017172713298350573 2630
1786495553554 0.017345433006994426 2631
1786495556141 0.0172275819350034 2632
1786495558728 0.017189092468470335 2633
1786495561315 0.01739227178040892 2634
1786495563904 0.017587489332072437 2635
1786495566488 0.017652399954386055 2636
1786495569068 0.017463547876104712 2637
1786495571648 0.01735882880166173 2638
1786495574229 0.01717727247159928 2639
1786495576811 0.01733850548043847 2640
1786495579392 0.01733862585388124 2641
1786495581978 0.017362586339004338 2642
1786495584560 0.017263716785237193 2643
1786495587142 0.017417795956134796 2644
1786495589725 0.01745457004290074 2645
1786495592306 0.017049590009264648 2646
1786495594889 0.01719973492436111 2647
1786495597472 0.017523734248243272 2648
1786495600055 0.01752091245725751 2649
1786495602638 0.01733665179926902 2650
1786495605221 0.017176030087284744 2651
1786495607804 0.01713541673962027 2652
1786495610388 0.01722123834770173 2653
1786495612971 0.017363657825626433 2654
1786495615557 0.017290202784352005 2655
1786495618139 0.017108167288824916 2656
1786495620722 0.017209621728397906 2657
1786495623305 0.017262151115573943 2658
1786495625887 0.017436617286875844 2659
1786495628471 0.017280279309488833 2660
1786495631054 0.01720694382674992 2661
1786495633636 0.01739872293546796 2662
1786495636217 0.017368189641274512 2663
1786495638799 0.017351882881484926 2664
1786495641380 0.017202965449541807 2665
1786495643962 0.017361325095407665 2666
1786495646544 0.017370693967677653 2667
1786495649127 0.017206068732775748 2668
1786495651710 0.017275805701501667 2669
1786495654293 0.01719623734243214 2670
1786495656876 0.017085051629692316 2671
1786495659458 0.01731002377346158 2672
1786495662039 0.01720872614532709 2673
1786495664623 0.01725956331938505 2674
1786495667207 0.017011558287777007 2675
1786495669788 0.017244182992726564 2676
1786495672373 0.017531327321194112 2677
1786495674955 0.01735174679197371 2678
1786495677536 0.017278873943723738 2679
1786495680120 0.01725426549091935 2680
1786495682702 0.01745559077244252 2681
1786495685284 0.017371451132930815 2682
1786495687865 0.017305026296526194 2683
1786495690446 0.01742596330586821 2684
1786495693028 0.017285995185375214 2685
1786495695609 0.017360254656523466 2686
1786495698190 0.01724880759138614 2687
1786495700772 0.017355526913888752 2688
1786495703353 0.017235516686923802 2689
1786495705933 0.017191866878420115 2690
1786495708514 0.017267025192268193 2691
1786495711095 0.017316606477834284 2692
1786495713678 0.017510519945062697 2693
1786495716259 0.017263835878111422 2694
1786495718839 0.017367716529406607 2695
1786495721421 0.017279108869843185 2696
1786495724002 0.01728933013509959 2697
1786495726583 0.017339323414489627 2698
1786495729164 0.017288118018768728 2699
1786495731745 0.017240661894902587 2700
1786495734325 0.01719031762331724 2701
1786495736900 0.017461891402490437 2702
1786495739477 0.017091644229367375 2703
1786495742053 0.017298073507845402 2704
1786495744630 0.017341257072985172 2705
1786495747208 0.017379824887029827 2706
1786495749784 0.017167502897791564 2707
1786495752360 0.017389697837643325 2708
1786495754936 0.017411072039976716 2709
1786495757512 0.017493388382717967 2710
1786495760088 0.01734998798929155 2711
1786495762664 0.017255757586099207 2712
1786495765240 0.017296197009272873 2713
1786495767817 0.017283200635574758 2714
1786495770392 0.017282246612012386 2715
1786495772968 0.01739465130958706 2716
1786495775545 0.017251672688871622 2717
1786495778121 0.017480837763287127 2718
1786495780698 0.017301296698860824 2719
1786495783274 0.01719105674419552 2720
1786495785850 0.01727926079183817 2721
1786495788426 0.01740980928298086 2722
1786495791002 0.017290312913246453 2723
1786495793579 0.01714879646897316 2724
1786495796157 0.01738142187241465 2725
1786495798733 0.01741880050394684 2726
1786495801313 0.017360878875479102 2727
1786495803899 0.017375188530422747 2728
1786495806482 0.017465934506617486 2729
1786495809065 0.01720140117686242 2730
1786495811650 0.01724506146274507 2731
1786495814233 0.017195325694046915 2732
1786495816814 0.017379777738824487 2733
1786495819397 0.01738783111795783 2734
1786495821979 0.01735031104180962 2735
1786495824561 0.017208250239491463 2736
1786495827142 0.01721480709966272 2737
1786495829723 0.017353959614410996 2738
1786495832305 0.017258503939956427 2739
1786495834887 0.017401949502527714 2740
1786495837468 0.017239163164049387 2741
1786495840050 0.01731902325991541 2742
1786495842632 0.017324883257970214 2743
1786495845216 0.017317499150522053 2744
1786495847798 0.017354460316710174 2745
1786495850385 0.017349063185974956 2746
1786495852962 0.017214271239936352 2747
1786495855539 0.017374158138409257 2748
1786495858117 0.017454691929742694 2749
1786495860693 0.017317990656010807 2750
1786495863269 0.017360609374009073 2751
1786495865846 0.017279654275625944 2752
1786495868422 0.017181120696477592 2753
1786495870998 0.01742920686956495 2754
1786495873575 0.017355372430756688 2755
1786495876151 0.017268781550228596 2756
1786495878728 0.017128646606579423 2757
1786495881305 0.01742458704393357 2758
1786495883881 0.017160965711809695 2759
1786495886458 0.017305139801464975 2760
1786495889034 0.01739129622001201 2761
1786495891610 0.017362292972393334 2762
1786495894186 0.01730853586923331 2763
1786495896763 0.017453418229706585 2764
1786495899339 0.017333639203570783 2765
1786495901914 0.01746093505062163 2766
1786495904490 0.017462698044255376 2767
1786495907066 0.017372046248055995 2768
1786495909643 0.01726171944756061 2769
1786495912221 0.01734623359516263 2770
1786495914798 0.017342910752631724 2771
1786495917374 0.017455789959058166 2772
1786495919951 0.017296110396273434 2773
1786495922527 0.01729162281844765 2774
1786495925103 0.017573525314219296 2775
1786495927680 0.01764931168872863 2776
1786495930257 0.017237960011698306 2777
1786495932834 0.017300488078035414 2778
1786495935410 0.0173319949535653 2779
1786495937986 0.017470382852479815 2780
1786495940562 0.01723060116637498 2781
1786495943139 0.017214297549799085 2782
1786495945715 0.017321556340903044 2783
1786495948293 0.017280855914577842 2784
1786495950870 0.017178569571115077 2785
1786495953447 0.017189524485729635 2786
1786495956024 0.017299088998697698 2787
1786495958601 0.01731173589359969 2788
1786495961178 0.01722212554886937 2789
1786495963753 0.01701899094041437 2790
1786495966329 0.017530218232423067 2791
1786495968905 0.017467947909608483 2792
1786495971484 0.017303022206760943 2793
1786495974061 0.01730307308025658 2794
1786495976642 0.017291772994212806 2795
1786495979223 0.017472348641604185 2796
1786495981805 0.017319704871624708 2797
1786495984385 0.016905594151467085 2798
1786495986966 0.016967043338809162 2799
1786495989547 0.017265361384488642 2800
1786495992128 0.017412439570762217 2801
1786495994709 0.01751685480121523 2802
1786495997290 0.017428845283575356 2803
1786495999870 0.01728179375641048 2804
1786496002452 0.017275136313401163 2805
1786496005033 0.01720861461944878 2806
1786496007614 0.01745875447522849 2807
1786496010196 0.01720264903269708 2808
1786496012777 0.017308419104665518 2809
1786496015358 0.017290280084125698 2810
1786496017939 0.017395262140780687 2811
1786496020520 0.0173043105751276 2812
1786496023100 0.01737394859082997 2813
1786496025681 0.017319338745437562 2814
1786496028262 0.01731400832068175 2815
1786496030842 0.017387063126079738 2816
1786496033423 0.017304174602031708 2817
1786496036004 0.017298918799497187 2818
1786496038586 0.017417078954167664 2819
1786496041169 0.0174344734987244 2820
1786496043749 0.017300435923971236 2821
1786496046331 0.01718457171227783 2822
1786496048912 0.017266059177927673 2823
1786496051494 0.017257433384656906 2824
1786496054076 0.017262488487176597 2825
1786496056658 0.017470916034653783 2826
1786496059240 0.017273829667828977 2827
1786496061822 0.0171875316882506 2828
1786496064403 0.017245784285478294 2829
1786496066985 0.01713934901636094 2830
1786496069566 0.017191311693750322 2831
1786496072148 0.017277055769227445 2832
1786496074730 0.017176502151414752 2833
1786496077313 0.017318700905889273 2834
1786496079895 0.0171087320195511 2835
1786496082476 0.017465279437601566 2836
1786496085056 0.017493884777650237 2837
1786496087637 0.017257195548154414 2838
1786496090218 0.017243218724615872 2839
1786496092798 0.017242104862816632 2840
1786496095378 0.017381992656737566 2841
1786496097959 0.017251424491405487 2842
1786496100539 0.017257167492061853 2843
1786496103118 0.017357561038807034 2844
1786496105699 0.017240192042663693 2845
1786496108281 0.01744456111919135 2846
1786496110862 0.017553637153469026 2847
1786496113442 0.01735256938263774 2848
1786496116023 0.01724367856513709 2849
1786496118603 0.017271226970478892 2850
1786496121183 0.017297378508374095 2851
1786496123763 0.0174823640845716 2852
1786496126344 0.01743072713725269 2853
1786496128925 0.01721255376469344 2854
1786496131506 0.017192251631058753 2855
1786496134086 0.01720894209574908 2856
1786496136666 0.017286849091760814 2857
1786496139247 0.01716224302072078 2858
1786496141827 0.017432717722840607 2859
1786496144407 0.017180887633003294 2860
1786496146987 0.017170236678794026 2861
1786496149568 0.01753448077943176 2862
1786496152149 0.017484767478890717 2863
1786496154729 0.017393385875038803 2864
1786496157313 0.017270681681111455 2865
1786496159898 0.017198446672409773 2866
1786496162484 0.01728861511219293 2867
1786496165067 0.01735157601069659 2868
1786496167650 0.017414296395145357 2869
1786496170226 0.017288121045567095 2870
1786496172803 0.017179472255520523 2871
1786496175379 0.017246095463633537 2872
1786496177954 0.017190959071740508 2873
1786496180530 0.01724312931764871 2874
1786496183106 0.017248462769202888 2875
1786496185682 0.017292212462052703 2876
1786496188258 0.01722403848543763 2877
1786496190834 0.017364974017255008 2878
1786496193410 0.017431004089303315 2879
1786496195987 0.017390989582054317 2880
1786496198563 0.01722615142352879 2881
1786496201140 0.017148287151940167 2882
1786496203721 0.017270444193854928 2883
1786496206303 0.017373429727740586 2884
1786496208883 0.01737808098550886 2885
1786496211466 0.017253503669053316 2886
1786496214051 0.017257297411561012 2887
1786496216633 0.01734771707560867 2888
1786496219214 0.01715380302630365 2889
1786496221796 0.017229291959665716 2890
1786496224377 0.017472848179750144 2891
1786496226959 0.017313415184617043 2892
1786496229541 0.017323767533525825 2893
1786496232122 0.01717706536874175 2894
1786496234703 0.017068907618522644 2895
1786496237285 0.017410789849236608 2896
1786496239866 0.017477308749221265 2897
1786496242447 0.017438061302527785 2898
1786496245027 0.017271808115765452 2899
1786496247608 0.017113448004238307 2900
1786496250190 0.01740195113234222 2901
1786496252772 0.01729075040202588 2902
1786496255354 0.017295634257607162 2903
1786496257935 0.01745850103907287 2904
1786496260516 0.017252691672183573 2905
1786496263097 0.017369778594002128 2906
1786496265678 0.017128623090684414 2907
1786496268258 0.017315323697403073 2908
1786496270846 0.017225105315446854 2909
1786496273434 0.017328316462226212 2910
1786496276019 0.01745221600867808 2911
1786496278602 0.017193215782754123 2912
1786496281184 0.017333621392026544 2913
1786496283767 0.017417158233001828 2914
1786496286349 0.017141454271040857 2915
1786496288931 0.01725182682275772 2916
1786496291513 0.017384765786118805 2917
1786496294095 0.017286375630646944 2918
1786496296677 0.017211388098075986 2919
1786496299260 0.017365226172842085 2920
1786496301841 0.017320149927400053 2921
1786496304424 0.01723300537560135 2922
1786496307007 0.017332740942947567 2923
1786496309591 0.017335846205241978 2924
1786496312174 0.017227445263415575 2925
1786496314758 0.017317146062850952 2926
1786496317340 0.017372564296238124 2927
1786496319921 0.017412200453691185 2928
1786496322503 0.017424437566660345 2929
1786496325087 0.01724924414884299 2930
1786496327672 0.01737091736868024 2931
1786496330254 0.017346142791211605 2932
1786496332839 0.017488901619799435 2933
1786496335422 0.017350292881019413 2934
1786496338002 0.017236257903277874 2935
1786496340582 0.017114085727371275 2936
1786496343161 0.01717472937889397 2937
1786496345742 0.017161501804366708 2938
1786496348322 0.01735579257365316 2939
1786496350902 0.01739765121601522 2940
1786496353481 0.01749608456157148 2941
1786496356061 0.017457523732446134 2942
1786496358641 0.017366596846841276 2943
1786496361221 0.01725734304636717 2944
1786496363801 0.017045678105205297 2945
1786496366380 0.01742910547181964 2946
1786496368963 0.017174748238176107 2947
1786496371544 0.017211468890309334 2948
1786496374124 0.01733092253562063 2949
1786496376703 0.017339494777843356 2950
1786496379284 0.017236242187209427 2951
1786496381865 0.017167093115858734 2952
1786496384445 0.01731575292069465 2953
1786496387027 0.017321752617135644 2954
1786496389610 0.017367311869747937 2955
1786496392194 0.017230735742487013 2956
1786496394775 0.017104680300690234 2957
1786496397356 0.017286464804783463 2958
1786496399937 0.01724467659369111 2959
1786496402518 0.017150695202872157 2960
1786496405111 0.01710005453787744 2961
1786496407694 0.017226870986633003 2962
1786496410278 0.017314661759883165 2963
1786496412861 0.017308427835814655 2964
1786496415442 0.017195388092659414 2965
1786496418023 0.01714973896741867 2966
1786496420604 0.017286540009081364 2967
1786496423186 0.017212979262694716 2968
1786496425766 0.01723771437536925 2969
1786496428348 0.017221454298123717 2970
1786496430930 0.017111859750002623 2971
1786496433517 0.017272595898248255 2972
1786496436100 0.017283333698287606 2973
1786496438681 0.017410184256732464 2974
1786496441263 0.017505205934867263 2975
1786496443845 0.017223905073478818 2976
1786496446426 0.017244386486709118 2977
1786496449009 0.01724277134053409 2978
1786496451597 0.01728986739180982 2979
1786496454183 0.01711816294118762 2980
1786496456766 0.01712285412941128 2981
1786496459345 0.017285723821260035 2982
1786496461922 0.01711941894609481 2983
1786496464499 0.017229202552698553 2984
1786496467077 0.017093728994950652 2985
1786496469654 0.01720474858302623 2986
1786496472231 0.017242178553715348 2987
1786496474809 0.01706254982855171 2988
1786496477385 0.017254310310818255 2989
1786496479963 0.01741454389411956 2990
1786496482539 0.017468403675593436 2991
1786496485117 0.017407284234650433 2992
1786496487693 0.017381925135850906 2993
1786496490270 0.01728894328698516 2994
1786496492847 0.017177932895720005 2995
1786496495424 0.01732008729595691 2996
1786496498001 0.017329087015241385 2997
1786496500579 0.017423481913283467 2998
1786496503162 0.01709303818643093 2999
1786496507140 0.017278875689953566 3000
1786496509722 0.01719134207814932 3001
1786496512304 0.01740061293821782 3002
1786496514887 0.017266659531742334 3003
1786496517469 0.017078474746085703 3004
1786496520052 0.01723206473980099 3005
1786496522634 0.017374950810335577 3006
1786496525215 0.017374685034155846 3007
1786496527798 0.01727448485326022 3008
1786496530380 0.017208785051479936 3009
1786496532967 0.017189217847771943 3010
1786496535546 0.01719111658167094 3011
1786496538122 0.01725909230299294 3012
1786496540698 0.017455050139687955 3013
1786496543274 0.01735367754008621 3014
1786496545856 0.01724067481700331 3015
1786496548438 0.017399459145963192 3016
1786496551019 0.017375809024088085 3017
1786496553600 0.017404061509296298 3018
1786496556182 0.017182392650283873 3019
1786496558764 0.017244889633730054 3020
1786496561345 0.01714603090658784 3021
1786496563926 0.017257834551855922 3022
1786496566510 0.01715218520257622 3023
1786496569091 0.017268144991248846 3024
1786496571674 0.017165778670459986 3025
1786496574255 0.017165496246889234 3026
1786496576837 0.017328820074908435 3027
1786496579417 0.01734150282572955 3028
1786496581998 0.01727409556042403 3029
1786496584579 0.01726819050963968 3030
1786496587162 0.017329685855656862 3031
1786496589742 0.017169538186863065 3032
1786496592330 0.017470284830778837 3033
1786496594910 0.017256645835004747 3034
1786496597487 0.017065242980606854 3035
1786496600064 0.01725961535703391 3036
1786496602641 0.017273865872994065 3037
1786496605223 0.01709956186823547 3038
1786496607804 0.017095749033614993 3039
1786496610387 0.017166986712254584 3040
1786496612972 0.017361873295158148 3041
1786496615554 0.0172822488239035 3042
1786496618136 0.01732318929862231 3043
1786496620719 0.01715837710071355 3044
1786496623301 0.017167809302918613 3045
1786496625887 0.017289288341999054 3046
1786496628475 0.017236766288988292 3047
1786496631058 0.017155019217170775 3048
1786496633648 0.01718094269745052 3049
1786496636236 0.017354401177726686 3050
1786496638826 0.017251741490326822 3051
1786496641414 0.017275952268391848 3052
1786496644001 0.017323890584520996 3053
1786496646588 0.017259569140151143 3054
1786496649175 0.01731396373361349 3055
1786496651767 0.01729384600184858 3056
1786496654350 0.017416737275198102 3057
1786496656932 0.01738282898440957 3058
1786496659515 0.017361352453008294 3059
1786496662098 0.017411900800652802 3060
1786496664681 0.01713394874241203 3061
1786496667262 0.01722912397235632 3062
1786496669844 0.0172099897172302 3063
1786496672427 0.017423623241484165 3064
1786496675009 0.017396649229340255 3065
1786496677593 0.01728533103596419 3066
1786496680175 0.01735288742929697 3067
1786496682763 0.017127389670349658 3068
1786496685346 0.01729514030739665 3069
1786496687927 0.01720573822967708 3070
1786496690509 0.0174631749978289 3071
1786496693091 0.01744308357592672 3072
1786496695673 0.01715990516822785 3073
1786496698252 0.017293227021582425 3074
1786496700828 0.017252955469302833 3075
1786496703405 0.017228759708814323 3076
1786496705982 0.017281914711929858 3077
1786496708560 0.01736271008849144 3078
1786496711136 0.017149678780697286 3079
1786496713713 0.017310431227087975 3080
1786496716290 0.017281295848079026 3081
1786496718867 0.017213538638316095 3082
1786496721444 0.0171403125859797 3083
1786496724021 0.017325532855466008 3084
1786496726599 0.017410084255971014 3085
1786496729176 0.01730473362840712 3086
1786496731753 0.01712275785394013 3087
1786496734330 0.017135198111645877 3088
1786496736907 0.017227147705852985 3089
1786496739483 0.017469898331910372 3090
1786496742060 0.017165259458124638 3091
1786496744640 0.01726928655989468 3092
1786496747220 0.01716163894161582 3093
1786496749798 0.017270932556129992 3094
1786496752379 0.017332749208435416 3095
1786496754962 0.017229066812433302 3096
1786496757547 0.017040402512066066 3097
1786496760131 0.01707226352300495 3098
1786496762715 0.01723819738253951 3099
1786496765297 0.0173263339092955 3100
1786496767880 0.017229954479262233 3101
1786496770463 0.01744615554343909 3102
1786496773044 0.01714494510088116 3103
1786496775627 0.017160604591481388 3104
1786496778210 0.017354110721498728 3105
1786496780798 0.01714514964260161 3106
1786496783380 0.017028545844368637 3107
1786496785961 0.017288254690356553 3108
1786496788542 0.017230820143595338 3109
1786496791122 0.017413613270036876 3110
1786496793698 0.01723811577539891 3111
1786496796280 0.017295145662501454 3112
1786496798861 0.01703067822381854 3113
1786496801442 0.017065318068489432 3114
1786496804024 0.017163906595669687 3115
1786496806601 0.017054600059054792 3116
1786496809181 0.01721068937331438 3117
1786496811764 0.017421536380425096 3118
1786496814348 0.017395490198396146 3119
1786496816930 0.017204279429279268 3120
1786496819510 0.017329130903817713 3121
1786496822092 0.017417358700186014 3122
1786496824672 0.01728432544041425 3123
1786496827255 0.0172724686563015 3124
1786496829833 0.017206316464580595 3125
1786496832414 0.01727001287508756 3126
1786496834996 0.017443132237531245 3127
1786496837577 0.01729195867665112 3128
1786496840155 0.017226080817636102 3129
1786496842732 0.017110087792389095 3130
1786496845309 0.017280827392823994 3131
1786496847885 0.01731224195100367 3132
1786496850462 0.017422052565962076 3133
1786496853038 0.017243076814338565 3134
1786496855614 0.01733723806682974 3135
1786496858190 0.01697802444687113 3136
1786496860775 0.01716062775813043 3137
1786496863358 0.01731753523927182 3138
1786496865943 0.017162663280032575 3139
1786496868524 0.01715644123032689 3140
1786496871105 0.01721968164201826 3141
1786496873689 0.017223574337549508 3142
1786496876269 0.017311582691036165 3143
1786496878851 0.01720449945423752 3144
1786496881432 0.017281741718761623 3145
1786496884014 0.017293247627094388 3146
1786496886595 0.017214204999618232 3147
1786496889173 0.017088962835259736 3148
1786496891751 0.017214322928339243 3149
1786496894329 0.017499100416898727 3150
1786496896905 0.017292418400757015 3151
1786496899482 0.017217033309862018 3152
1786496902058 0.01720998645760119 3153
1786496904635 0.01730409823358059 3154
1786496907213 0.017247004434466362 3155
1786496909790 0.017263244721107185 3156
1786496912366 0.017126953578554094 3157
1786496914942 0.017232636571861804 3158
1786496917519 0.017019261489622295 3159
1786496920095 0.017245500115677714 3160
1786496922672 0.017435777932405472 3161
1786496925250 0.017120599397458136 3162
1786496927827 0.017199406400322914 3163
1786496930403 0.01722100900951773 3164
1786496932983 0.017216770094819367 3165
1786496935564 0.01710691279731691 3166
1786496938145 0.017244621529243886 3167
1786496940725 0.017272913013584912 3168
1786496943305 0.01719524711370468 3169
1786496945886 0.01721900177653879 3170
1786496948467 0.01711259561125189 3171
1786496951048 0.017225429299287498 3172
1786496953631 0.017136245616711676 3173
1786496956209 0.017223304137587547 3174
1786496958787 0.017135650385171175 3175
1786496961364 0.017037150566466153 3176
1786496963942 0.017344249528832734 3177
1786496966519 0.017118181684054434 3178
1786496969096 0.01710396003909409 3179
1786496971673 0.017214754479937255 3180
1786496974254 0.017215728177689016 3181
1786496976832 0.017169257975183427 3182
1786496979413 0.017161637195385993 3183
1786496981993 0.017159421695396304 3184
1786496984574 0.01719431870151311 3185
1786496987158 0.017157261027023196 3186
1786496989742 0.017300888313911855 3187
1786496992328 0.01734833314549178 3188
1786496994912 0.017335920711047947 3189
1786496997496 0.017167951562441885 3190
1786497000079 0.017144668148830533 3191
1786497002660 0.017320020589977503 3192
1786497005244 0.01739828707650304 3193
1786497007829 0.01712168543599546 3194
1786497010417 0.01742366491816938 3195
1786497013001 0.01731722743716091 3196
1786497015585 0.017189755686558783 3197
1786497018169 0.017130051157437265 3198
1786497020753 0.0171654901932925 3199
1786497023337 0.017113911220803857 3200
1786497025923 0.017372736940160394 3201
1786497028507 0.01728343521244824 3202
1786497031092 0.01736281323246658 3203
1786497033669 0.017032216768711805 3204
1786497036246 0.01726107846479863 3205
1786497038822 0.017264219583012164 3206
1786497041399 0.01716659148223698 3207
1786497043976 0.017124963109381497 3208
1786497046552 0.017233799095265567 3209
1786497049129 0.01706581376492977 3210
1786497051713 0.01720575091894716 3211
1786497054298 0.017161003313958645 3212
1786497056884 0.017231643316335976 3213
1786497059468 0.017103022546507418 3214
1786497062052 0.017171813175082207 3215
1786497064636 0.017272456199862063 3216
1786497067216 0.017225749674253166 3217
1786497069792 0.01721912540961057 3218
1786497072369 0.01713188411667943 3219
1786497074946 0.017259013722650707 3220
1786497077523 0.017240112414583564 3221
1786497080108 0.01712239405605942 3222
1786497082692 0.017118993564508855 3223
1786497085276 0.01699725992511958 3224
1786497087859 0.017060251790098846 3225
1786497090445 0.01702830847352743 3226
1786497093029 0.01713975565508008 3227
1786497095613 0.017023996682837605 3228
1786497098196 0.01701854483690113 3229
1786497100781 0.016961091081611812 3230
1786497103365 0.017204674426466227 3231
1786497105945 0.01711539353709668 3232
1786497108523 0.017321078572422266 3233
1786497111102 0.01726766675710678 3234
1786497113679 0.01730154117103666 3235
1786497116257 0.017247067880816758 3236
1786497118834 0.01739156327676028 3237
1786497121411 0.017144140205346048 3238
1786497123990 0.01722394733224064 3239
1786497126567 0.017249860800802708 3240
1786497129144 0.017395275412127376 3241
1786497131721 0.017232122481800616 3242
1786497134298 0.017208992619998753 3243
1786497136875 0.017065657186321914 3244
1786497139452 0.017005179775878787 3245
1786497142031 0.017280256957747042 3246
1786497144611 0.017291173106059432 3247
1786497147190 0.017215065541677177 3248
1786497149769 0.01724517985712737 3249
1786497152352 0.01725213706959039 3250
1786497154934 0.017218580120243132 3251
1786497157512 0.017168348073028028 3252
1786497160090 0.017155509209260345 3253
1786497162667 0.017058714292943478 3254
1786497165246 0.017392282839864492 3255
1786497167827 0.017057486227713525 3256
1786497170409 0.017070809961296618 3257
1786497172992 0.01731649844441563 3258
1786497175580 0.017175250104628503 3259
1786497178161 0.01715246553067118 3260
1786497180738 0.017033932148478925 3261
1786497183315 0.017394501948729157 3262
1786497185893 0.01711993385106325 3263
1786497188470 0.01723933790344745 3264
1786497191047 0.017205470358021557 3265
1786497193624 0.017232430283911526 3266
1786497196201 0.01700225460808724 3267
1786497198778 0.017094667768105865 3268
1786497201355 0.017127448110841215 3269
1786497203932 0.017171648563817143 3270
1786497206509 0.017434559878893197 3271
1786497209086 0.01721755345351994 3272
1786497211663 0.017028169007971883 3273
1786497214240 0.017219084315001965 3274
1786497216818 0.01732890761923045 3275
1786497219403 0.017351634218357503 3276
1786497221987 0.017175930668599904 3277
1786497224571 0.01720498234499246 3278
1786497227155 0.017111926921643317 3279
1786497229737 0.017175903427414596 3280
1786497232315 0.017126470571383834 3281
1786497234901 0.0171197954332456 3282
1786497237487 0.017214409774169326 3283
1786497240068 0.017117623006924987 3284
1786497242650 0.017223397037014365 3285
1786497245232 0.017330438713543117 3286
1786497247813 0.01721220393665135 3287
1786497250394 0.017019007354974747 3288
1786497252976 0.01683960692025721 3289
1786497255557 0.01707658462692052 3290
1786497258139 0.01708726503420621 3291
1786497260721 0.017331872251816094 3292
1786497263304 0.01714582636486739 3293
1786497265885 0.0171781339449808 3294
1786497268467 0.01677688956260681 3295
1786497271049 0.016921266680583358 3296
1786497273632 0.01700403494760394 3297
1786497276214 0.017163004260510206 3298
1786497278796 0.017251814249902964 3299
1786497281380 0.01718862378038466 3300
1786497283964 0.017197079956531525 3301
1786497286554 0.017011000774800777 3302
1786497289144 0.017193930107168853 3303
1786497291731 0.017048087320290506 3304
1786497294317 0.017182101379148662 3305
1786497296899 0.01696842093952 3306
1786497299481 0.01716635748744011 3307
1786497302065 0.017108422587625682 3308
1786497304649 0.017186596640385687 3309
1786497307242 0.01710555166937411 3310
1786497309824 0.017119201482273638 3311
1786497312407 0.017113803303800523 3312
1786497314989 0.017136693466454744 3313
1786497317571 0.016986528295092285 3314
1786497320156 0.01703228580299765 3315
1786497322745 0.017188781988807023 3316
1786497325327 0.017380292527377605 3317
1786497327908 0.017085845000110567 3318
1786497330490 0.016950272140093148 3319
1786497333077 0.01722426270134747 3320
1786497335660 0.017135890084318817 3321
1786497338248 0.017286057700403035 3322
1786497340834 0.016985323862172663 3323
1786497343416 0.017169093480333686 3324
1786497345999 0.017286013811826706 3325
1786497348582 0.017302728490903974 3326
1786497351170 0.017144120181910694 3327
1786497353759 0.017071805079467595 3328
1786497356338 0.01717977214138955 3329
1786497358915 0.017071430920623243 3330
1786497361491 0.01729157310910523 3331
1786497364068 0.017188058351166546 3332
1786497366644 0.01724408590234816 3333
1786497369220 0.017013125703670084 3334
1786497371797 0.01689359825104475 3335
1786497374373 0.017305049812421203 3336
1786497376949 0.017137085436843336 3337
1786497379525 0.01728665130212903 3338
1786497382102 0.016947738477028906 3339
1786497384680 0.017179610207676888 3340
1786497387256 0.017092781839892268 3341
1786497389832 0.017080574296414852 3342
1786497392408 0.017323136678896844 3343
1786497394984 0.01713270356412977 3344
1786497397560 0.01716823992319405 3345
1786497400136 0.017179471324197948 3346
1786497402711 0.0173390043200925 3347
1786497405287 0.017175486660562456 3348
1786497407862 0.017138567054644227 3349
1786497410438 0.0170380532508716 3350
1786497413014 0.01712071755900979 3351
1786497415590 0.017085765837691724 3352
1786497418167 0.017094310489483178 3353
1786497420743 0.016993079567328095 3354
1786497423318 0.0172916310839355 3355
1786497425894 0.017202855786308646 3356
1786497428471 0.01711437094490975 3357
1786497431047 0.01712285343091935 3358
1786497433627 0.017172471154481173 3359
1786497436209 0.017145227757282555 3360
1786497438792 0.017208495759405196 3361
1786497441375 0.01697436859831214 3362
1786497443958 0.017072714283131063 3363
1786497446539 0.017098753713071346 3364
1786497449121 0.01720605290029198 3365
1786497451704 0.017189942067489028 3366
1786497454287 0.017203624942339957 3367
1786497456869 0.017206582706421614 3368
1786497459453 0.01710285770241171 3369
1786497462035 0.01702694036066532 3370
1786497464620 0.017247161478735507 3371
1786497467199 0.01711821893695742 3372
1786497469779 0.01716541254427284 3373
1786497472365 0.01703317172359675 3374
1786497474947 0.01698052929714322 3375
1786497477530 0.01705616561230272 3376
1786497480114 0.017084218212403357 3377
1786497482696 0.016994416480883956 3378
1786497485278 0.01720241131260991 3379
1786497487861 0.017273212666623294 3380
1786497490444 0.017338212463073432 3381
1786497493029 0.01726901566144079 3382
1786497495612 0.017250039614737034 3383
1786497498194 0.017137806862592697 3384
1786497500776 0.016971212811768055 3385
1786497503359 0.01708224299363792 3386
1786497505941 0.016959030064754188 3387
1786497508522 0.017151528038084507 3388
1786497511104 0.017392057925462723 3389
1786497513685 0.01713314384687692 3390
1786497516267 0.017159380251541734 3391
1786497518848 0.01729971612803638 3392
1786497521429 0.017210787860676646 3393
1786497524010 0.01718934962991625 3394
1786497526591 0.01719229540321976 3395
1786497529173 0.016881351708434522 3396
1786497531755 0.01710741699207574 3397
1786497534338 0.017242464469745755 3398
1786497536919 0.017087851418182254 3399
1786497539501 0.0169188262661919 3400
1786497542086 0.017325954977422953 3401
1786497544664 0.017180429073050618 3402
1786497547240 0.017300300765782595 3403
1786497549817 0.01692705217283219 3404
1786497552394 0.01710506435483694 3405
1786497554972 0.017151004867628217 3406
1786497557550 0.017284546280279756 3407
1786497560127 0.017207555007189512 3408
1786497562704 0.016965663875453174 3409
1786497565281 0.017041679588146508 3410
1786497567864 0.017027876805514097 3411
1786497570446 0.01699426572304219 3412
1786497573029 0.01700616581365466 3413
1786497575613 0.01673260168172419 3414
1786497578197 0.01711696060374379 3415
1786497580781 0.017060389509424567 3416
1786497583362 0.0171538011636585 3417
1786497585944 0.017176253139041364 3418
1786497588525 0.017060168087482452 3419
1786497591108 0.017068808199837804 3420
1786497593696 0.017082431237213314 3421
1786497596278 0.01719423511531204 3422
1786497598860 0.016978333587758243 3423
1786497601442 0.017180855968035758 3424
1786497604026 0.017007878748700023 3425
1786497606616 0.016830459819175303 3426
1786497609199 0.0171838867245242 3427
1786497611783 0.017196900327689946 3428
1786497614367 0.01721810456365347 3429
1786497616950 0.016963377711363137 3430
1786497619534 0.017009947798214853 3431
1786497622115 0.01695405808277428 3432
1786497624696 0.01717685512267053 3433
1786497627277 0.017295816680416465 3434
1786497629859 0.01704046211671084 3435
1786497632440 0.017065006657503545 3436
1786497635021 0.01678485656157136 3437
1786497637602 0.0170394373126328 3438
1786497640184 0.017099416465498507 3439
1786497642765 0.017183824791572988 3440
1786497645346 0.017011379008181393 3441
1786497647931 0.01717481459490955 3442
1786497650513 0.016867338796146214 3443
1786497653095 0.017274088109843433 3444
1786497655675 0.017198486835695803 3445
1786497658258 0.017047417582944036 3446
1786497660840 0.017052704468369484 3447
1786497663420 0.016828381340019405 3448
1786497666000 0.017103228718042374 3449
1786497668582 0.017340848222374916 3450
1786497671162 0.017039929749444127 3451
1786497673742 0.016893079038709402 3452
1786497676323 0.017131695756688714 3453
1786497678908 0.01715344761032611 3454
1786497681489 0.01733564806636423 3455
1786497684070 0.017306967987678945 3456
1786497686651 0.017225608346052468 3457
1786497689234 0.01711388269905001 3458
1786497691823 0.017067410168237984 3459
1786497694415 0.016974650556221604 3460
1786497696999 0.017260306980460882 3461
1786497699584 0.01704189192969352 3462
1786497702174 0.017021944746375084 3463
1786497704763 0.017096498631872237 3464
1786497707346 0.017015078687109053 3465
1786497709927 0.01716165733523667 3466
1786497712511 0.016927125165238976 3467
1786497715095 0.017094654846005142 3468
1786497717676 0.01715223304927349 3469
1786497720258 0.01700059266295284 3470
1786497722841 0.017072083079256117 3471
1786497725423 0.016908716992475092 3472
1786497728004 0.016963076079264283 3473
1786497730585 0.017019773018546402 3474
1786497733167 0.017126143677160144 3475
1786497735748 0.017030842835083604 3476
1786497738330 0.01708212762605399 3477
1786497740912 0.017038861056789756 3478
1786497743493 0.016845994512550533 3479
1786497746076 0.017129905289039016 3480
1786497748658 0.017258257372304797 3481
1786497751238 0.017343278508633375 3482
1786497753822 0.017170757637359202 3483
1786497756403 0.017021861276589334 3484
1786497758984 0.0170670326333493 3485
1786497761566 0.017242624191567302 3486
1786497764147 0.017147682840004563 3487
1786497766728 0.01685365557204932 3488
1786497769309 0.0169375209370628 3489
1786497771893 0.017073325463570654 3490
1786497774478 0.017178780282847583 3491
1786497777061 0.01694393577054143 3492
1786497779643 0.01725132646970451 3493
1786497782224 0.016940872417762876 3494
1786497784805 0.016944469418376684 3495
1786497787386 0.017153406632132828 3496
1786497789968 0.017057779943570495 3497
1786497792549 0.017266872571781278 3498
1786497795131 0.01714649749919772 3499
1786497799105 0.017141118412837386 3500
1786497801685 0.016991391079500318 3501
1786497804265 0.017032984760589898 3502
1786497806845 0.017049452872015536 3503
1786497809426 0.017126011662185192 3504
1786497812007 0.01709115062840283 3505
1786497814588 0.01691590901464224 3506
1786497817171 0.01697673450689763 3507
1786497819753 0.01707252103369683 3508
1786497822335 0.01688184041995555 3509
1786497824918 0.017035328201018274 3510
1786497827501 0.01688348746392876 3511
1786497830083 0.017059195786714554 3512
1786497832665 0.016917726257815957 3513
1786497835245 0.016903477138839662 3514
1786497837830 0.017113846726715565 3515
1786497840411 0.017245690105482936 3516
1786497842993 0.01724933460354805 3517
1786497845576 0.017127548810094595 3518
1786497848157 0.016959615517407656 3519
1786497850739 0.016712075332179666 3520
1786497853322 0.01704762119334191 3521
1786497855904 0.0170665510231629 3522
1786497858486 0.017275310587137938 3523
1786497861067 0.01689159555826336 3524
1786497863648 0.017155423061922193 3525
1786497866228 0.01706134609412402 3526
1786497868809 0.016909156809560955 3527
1786497871389 0.017049011308699846 3528
1786497873970 0.01696146628819406 3529
1786497876552 0.017178339418023825 3530
1786497879132 0.01698304375167936 3531
1786497881713 0.016930636251345277 3532
1786497884292 0.0170113017084077 3533
1786497886873 0.01729168219026178 3534
1786497889455 0.017131905420683324 3535
1786497892037 0.01708157209213823 3536
1786497894620 0.01692469057161361 3537
1786497897202 0.016899694921448827 3538
1786497899785 0.017114788643084466 3539
1786497902367 0.017077864380553365 3540
1786497904948 0.017148148734122515 3541
1786497907529 0.017101587262004614 3542
1786497910111 0.016967820236459374 3543
1786497912694 0.016909672995097935 3544
1786497915276 0.017240296816453338 3545
1786497917858 0.017152291373349726 3546
1786497920441 0.01715283701196313 3547
1786497923026 0.01708719285670668 3548
1786497925608 0.017042927793227136 3549
1786497928190 0.017084423219785094 3550
1786497930776 0.01710610731970519 3551
1786497933359 0.017211141763255 3552
1786497935936 0.01696009177248925 3553
1786497938514 0.01694293925538659 3554
1786497941094 0.017062090220861137 3555
1786497943675 0.017192784580402076 3556
1786497946254 0.0168288144050166 3557
1786497948834 0.017085792147554457 3558
1786497951416 0.017120255273766816 3559
1786497954001 0.016943746129982173 3560
1786497956586 0.017027718480676413 3561
1786497959168 0.01709529885556549 3562
1786497961751 0.01710042275954038 3563
1786497964334 0.017326888744719326 3564
1786497966918 0.017282477230764925 3565
1786497969501 0.017021580250002444 3566
1786497972084 0.017060536076314747 3567
1786497974673 0.017177544301375747 3568
1786497977256 0.017277266830205917 3569
1786497979842 0.01691898237913847 3570
1786497982425 0.016785643761977553 3571
1786497985007 0.017061168793588877 3572
1786497987588 0.01715795765630901 3573
1786497990169 0.016922369715757668 3574
1786497992751 0.01692893519066274 3575
1786497995334 0.01693136803805828 3576
1786497997915 0.017139795469120145 3577
1786498000497 0.016970398603007197 3578
1786498003078 0.016867483500391245 3579
1786498005659 0.01698150171432644 3580
1786498008242 0.016864612698554993 3581
1786498010828 0.017153517110273242 3582
1786498013411 0.017353492323309183 3583
1786498015994 0.017075172159820795 3584
1786498018577 0.01708615617826581 3585
1786498021161 0.016956836101599038 3586
1786498023744 0.017111311899498105 3587
1786498026328 0.01697918272111565 3588
1786498028913 0.01698267797473818 3589
1786498031498 0.01687575748655945 3590
1786498034082 0.016820555552840233 3591
1786498036666 0.017093818401917815 3592
1786498039251 0.017178807640448213 3593
1786498041836 0.017020252998918295 3594
1786498044421 0.017049319692887366 3595
1786498047006 0.01695472141727805 3596
1786498049589 0.016629441641271114 3597
1786498052174 0.016772389062680304 3598
1786498054760 0.016969595570117235 3599
1786498057350 0.017003397806547582 3600
1786498059938 0.017044523498043418 3601
1786498062525 0.01717586803715676 3602
1786498065109 0.017072824062779546 3603
1786498067697 0.017172302003018558 3604
1786498070279 0.01699805201496929 3605
1786498072863 0.017250787583179772 3606
1786498075446 0.017003957298584282 3607
1786498078030 0.0170225981855765 3608
1786498080612 0.017088323598727584 3609
1786498083196 0.01687587087508291 3610
1786498085779 0.016940349712967873 3611
1786498088363 0.017257677507586777 3612
1786498090944 0.016941038193181157 3613
1786498093529 0.016983198700472713 3614
1786498096116 0.016926919925026596 3615
1786498098697 0.016935504507273436 3616
1786498101279 0.01713761151768267 3617
1786498103861 0.017001868574880064 3618
1786498106444 0.016968504176475108 3619
1786498109026 0.01707416435237974 3620
1786498111608 0.016796290292404592 3621
1786498114190 0.016928622033447027 3622
1786498116772 0.0169244185090065 3623
1786498119356 0.017093191971071064 3624
1786498121939 0.017209784942679107 3625
1786498124521 0.017194531275890768 3626
1786498127106 0.016971718752756715 3627
1786498129688 0.016963545349426568 3628
1786498132272 0.01697328337468207 3629
1786498134855 0.016967211267910898 3630
1786498137437 0.017047935514710844 3631
1786498140019 0.016805938212201 3632
1786498142601 0.016796880983747542 3633
1786498145182 0.016984924557618797 3634
1786498147764 0.016974849510006607 3635
1786498150347 0.016970683238469064 3636
1786498152930 0.017169073806144297 3637
1786498155513 0.017022088635712862 3638
1786498158095 0.016838048584759235 3639
1786498160676 0.016851839260198176 3640
1786498163260 0.016991628101095557 3641
1786498165842 0.016992683755233884 3642
1786498168424 0.01716874015983194 3643
1786498171008 0.017058784258551896 3644
1786498173591 0.016961070941761136 3645
1786498176172 0.017075815121643245 3646
1786498178753 0.017305425135418773 3647
1786498181334 0.016906319768168032 3648
1786498183915 0.017019051359966397 3649
1786498186498 0.01698206306900829 3650
1786498189080 0.016955994302406907 3651
1786498191662 0.016922051669098437 3652
1786498194246 0.01697784592397511 3653
1786498196828 0.016816287068650126 3654
1786498199409 0.017009257106110454 3655
1786498201992 0.016862790565937757 3656
1786498204574 0.017078117933124304 3657
1786498207160 0.017079341458156705 3658
1786498209744 0.016977366409264505 3659
1786498212325 0.017092646681703627 3660
1786498214907 0.01691131026018411 3661
1786498217487 0.01703266683034599 3662
1786498220067 0.01705553161446005 3663
1786498222649 0.017106612329371274 3664
1786498225231 0.016886002500541508 3665
1786498227817 0.017064979765564203 3666
1786498230402 0.017128033679910004 3667
1786498232985 0.017062508035451174 3668
1786498235568 0.017100329510867596 3669
1786498238152 0.017072363174520433 3670
1786498240735 0.016819909680634737 3671
1786498243319 0.016844833036884665 3672
1786498245904 0.017127814586274326 3673
1786498248486 0.017052975832484663 3674
1786498251076 0.016895120148546994 3675
1786498253664 0.01698997395578772 3676
1786498256247 0.017092403722926974 3677
1786498258828 0.01699397584889084 3678
1786498261413 0.01690471137408167 3679
1786498263995 0.016969936434179544 3680
1786498266579 0.01697626942768693 3681
1786498269175 0.01696387818083167 3682
1786498271754 0.016892006737180054 3683
1786498274332 0.01692999212536961 3684
1786498276910 0.016781878657639027 3685
1786498279489 0.01696294720750302 3686
1786498282067 0.017021001898683608 3687
1786498284644 0.016908407327719033 3688
1786498287223 0.016904178191907704 3689
1786498289800 0.016817241557873785 3690
1786498292381 0.016842688200995326 3691
1786498294963 0.017090088920667768 3692
1786498297546 0.016780762234702706 3693
1786498300129 0.01702527003362775 3694
1786498302718 0.016976276761852205 3695
1786498305300 0.017131018568761647 3696
1786498307882 0.017000204068608582 3697
1786498310464 0.01690591382794082 3698
1786498313044 0.017112477798946202 3699
1786498315624 0.016764632891863585 3700
1786498318210 0.016617187880910933 3701
1786498320791 0.017047587782144547 3702
1786498323373 0.01734674267936498 3703
1786498325955 0.016937788110226393 3704
1786498328536 0.016751654620748013 3705
1786498331117 0.016869872924871743 3706
1786498333698 0.01694759796373546 3707
1786498336283 0.01715479651466012 3708
1786498338865 0.016903044190257788 3709
1786498341447 0.016687462804839015 3710
1786498344028 0.01677263295277953 3711
1786498346609 0.017023124964907765 3712
1786498349191 0.016952765407040715 3713
1786498351772 0.01674082491081208 3714
1786498354353 0.01676901418250054 3715
1786498356935 0.017015847377479076 3716
1786498359517 0.017082644160836935 3717
1786498362100 0.016984358546324074 3718
1786498364681 0.016982645145617425 3719
1786498367263 0.017012194963172078 3720
1786498369847 0.016897426452487707 3721
1786498372430 0.01719837065320462 3722
1786498375013 0.016866532270796597 3723
1786498377595 0.016966371331363916 3724
1786498380177 0.016867430647835135 3725
1786498382759 0.01680122851394117 3726
1786498385342 0.017372632049955428 3727
1786498387924 0.01692591782193631 3728
1786498390506 0.016974155325442553 3729
1786498393089 0.016894151456654072 3730
1786498395670 0.01688387675676495 3731
1786498398251 0.01684338692575693 3732
1786498400834 0.01707058714237064 3733
1786498403415 0.017084259539842606 3734
1786498405997 0.016962999128736556 3735
1786498408580 0.01685954281128943 3736
1786498411161 0.01695674820803106 3737
1786498413742 0.01707772654481232 3738
1786498416322 0.017015574383549392 3739
1786498418903 0.016615795204415917 3740
1786498421485 0.016970423166640103 3741
1786498424067 0.01690944703295827 3742
1786498426650 0.017019624123349786 3743
1786498429234 0.01688193005975336 3744
1786498431818 0.017082008416764438 3745
1786498434405 0.016991724842227995 3746
1786498436989 0.017015622230246663 3747
1786498439573 0.01669436029624194 3748
1786498442156 0.01681776763871312 3749
1786498444739 0.01709604891948402 3750
1786498447325 0.016916924971155822 3751
1786498449915 0.016805333783850074 3752
1786498452511 0.01698249310720712 3753
1786498455096 0.017025397159159184 3754
1786498457684 0.01681313815061003 3755
1786498460271 0.016928432625718415 3756
1786498462858 0.01697672065347433 3757
1786498465443 0.017115280497819185 3758
1786498468028 0.017182283103466034 3759
1786498470618 0.01694782287813723 3760
1786498473204 0.016945234034210443 3761
1786498475789 0.01689094479661435 3762
1786498478377 0.017025568173266947 3763
1786498480964 0.017021979903802276 3764
1786498483550 0.016976719605736434 3765
1786498486137 0.016840625437907875 3766
1786498488721 0.01694719272200018 3767
1786498491306 0.01708655501715839 3768
1786498493893 0.01672744727693498 3769
1786498496477 0.016827651183120906 3770
1786498499059 0.016951353754848242 3771
1786498501642 0.01682797959074378 3772
1786498504225 0.016927410732023418 3773
1786498506808 0.016645686933770776 3774
1786498509390 0.016987043316476047 3775
1786498511974 0.016975921695120633 3776
1786498514558 0.016895280801691115 3777
1786498517140 0.01671379362232983 3778
1786498519721 0.01680437463801354 3779
1786498522303 0.017016927478834987 3780
1786498524886 0.017067077686078846 3781
1786498527469 0.016774825169704854 3782
1786498530053 0.01681421382818371 3783
1786498532636 0.016939780092798173 3784
1786498535220 0.01682130910921842 3785
1786498537805 0.01675563130993396 3786
1786498540390 0.01679315697401762 3787
1786498542973 0.017097092466428876 3788
1786498545556 0.016992782475426793 3789
1786498548139 0.016755232820287347 3790
1786498550723 0.016744331223890185 3791
1786498553307 0.01690489426255226 3792
1786498555895 0.016830534441396594 3793
1786498558481 0.01700256543699652 3794
1786498561067 0.01700263994280249 3795
1786498563654 0.01690799044445157 3796
1786498566240 0.01692650467157364 3797
1786498568826 0.01687718997709453 3798
1786498571410 0.01710500882472843 3799
1786498573995 0.01682957587763667 3800
1786498576580 0.016813868540339172 3801
1786498579164 0.016817023046314716 3802
1786498581748 0.016998939216136932 3803
1786498584335 0.017115620314143598 3804
1786498586923 0.017046715482138097 3805
1786498589512 0.016819463577121496 3806
1786498592097 0.01691747282166034 3807
1786498594684 0.017050987225957215 3808
1786498597270 0.01703472889494151 3809
1786498599855 0.016888159909285605 3810
1786498602442 0.017071559093892574 3811
1786498605028 0.017012032913044095 3812
1786498607614 0.016934049781411886 3813
1786498610206 0.016955170081928372 3814
1786498612794 0.017108448897488415 3815
1786498615379 0.01697722397511825 3816
1786498617962 0.01701648160815239 3817
1786498620545 0.016920690308324993 3818
1786498623128 0.017017306527122855 3819
1786498625714 0.01677077158819884 3820
1786498628298 0.016821648576296866 3821
1786498630881 0.01698254083748907 3822
1786498633464 0.016936738626100123 3823
1786498636050 0.016851087450049818 3824
1786498638631 0.017178955487906933 3825
1786498641210 0.0168773828772828 3826
1786498643788 0.016892443178221583 3827
1786498646369 0.016944979433901608 3828
1786498648955 0.017012166557833552 3829
1786498651541 0.01714043423999101 3830
1786498654123 0.017014151089824736 3831
1786498656707 0.016913955798372626 3832
1786498659294 0.016777796554379165 3833
1786498661882 0.016737980768084526 3834
1786498664471 0.016739653539843857 3835
1786498667059 0.016925061936490238 3836
1786498669646 0.016681429813615978 3837
1786498672229 0.016792646376416087 3838
1786498674811 0.017132540000602603 3839
1786498677393 0.016771650756709278 3840
1786498679974 0.01689097727648914 3841
1786498682556 0.016933252685703337 3842
1786498685139 0.016577303351368755 3843
1786498687721 0.016770779679063708 3844
1786498690303 0.016774381860159338 3845
1786498692889 0.0168457847321406 3846
1786498695477 0.016732174262870103 3847
1786498698062 0.016961738700047135 3848
1786498700650 0.016768438508734107 3849
1786498703236 0.01693357911426574 3850
1786498705818 0.016703077009879053 3851
1786498708396 0.016733208671212196 3852
1786498710974 0.016812105663120747 3853
1786498713552 0.01704324537422508 3854
1786498716131 0.016970250522717834 3855
1786498718713 0.016613330109976232 3856
1786498721294 0.016786374268122017 3857
1786498723876 0.016907362267374992 3858
1786498726458 0.017047307104803622 3859
1786498729040 0.01687967753969133 3860
1786498731619 0.01695301290601492 3861
1786498734200 0.0168388900347054 3862
1786498736779 0.01693378936033696 3863
1786498739356 0.016751111310441047 3864
1786498741932 0.01677710679359734 3865
1786498744509 0.01689272013027221 3866
1786498747087 0.01689334202092141 3867
1786498749664 0.01665207219775766 3868
1786498752242 0.016905095311813056 3869
1786498754820 0.01709314272738993 3870
1786498757397 0.016969097428955138 3871
1786498759976 0.01703284785617143 3872
1786498762558 0.01682139269541949 3873
1786498765147 0.016956098726950586 3874
1786498767729 0.016826170380227268 3875
1786498770313 0.016849633771926165 3876
1786498772899 0.017001757980324328 3877
1786498775482 0.01684713177382946 3878
1786498778064 0.0166817014105618 3879
1786498780645 0.016847201390191913 3880
1786498783228 0.01678774820175022 3881
1786498785814 0.016862596792634577 3882
1786498788396 0.016839705524034798 3883
1786498790981 0.016889090300537646 3884
1786498793567 0.01719002623576671 3885
1786498796150 0.017188726225867867 3886
1786498798734 0.017011101124808192 3887
1786498801318 0.016870952327735722 3888
1786498803901 0.016697742859832942 3889
1786498806488 0.016711628763005137 3890
1786498809073 0.017002754495479167 3891
1786498811657 0.01687300018966198 3892
1786498814240 0.0170704914489761 3893
1786498816824 0.016742257168516517 3894
1786498819408 0.016686201211996377 3895
1786498821992 0.016951106605120003 3896
1786498824575 0.01686298765707761 3897
1786498827160 0.01662136660888791 3898
1786498829746 0.01681481651030481 3899
1786498832331 0.01707688602618873 3900
1786498834915 0.01700783835258335 3901
1786498837498 0.016866096528247 3902
1786498840081 0.016770495218224823 3903
1786498842663 0.016891361214220524 3904
1786498845246 0.016853673616424203 3905
1786498847830 0.016858957009389997 3906
1786498850416 0.017035802942700684 3907
1786498852999 0.016862592310644686 3908
1786498855584 0.016961882822215557 3909
1786498858167 0.016840443247929215 3910
1786498860749 0.01669787522405386 3911
1786498863333 0.01667020667809993 3912
1786498865916 0.01693940325640142 3913
1786498868499 0.01680952572496608 3914
1786498871080 0.016718461411073804 3915
1786498873659 0.016714519704692066 3916
1786498876237 0.016943235648795962 3917
1786498878815 0.016856780042871833 3918
1786498881394 0.01675354060716927 3919
1786498883972 0.016674041165970266 3920
1786498886550 0.017082225997000933 3921
1786498889131 0.0164904510602355 3922
1786498891713 0.016794490511529148 3923
1786498894293 0.01670709508471191 3924
1786498896875 0.01700854580849409 3925
1786498899455 0.0170260570012033 3926
1786498902035 0.01684809837024659 3927
1786498904615 0.017017537844367325 3928
1786498907196 0.016670205979608 3929
1786498909778 0.016758955200202763 3930
1786498912359 0.016863351338542998 3931
1786498914942 0.01683652715291828 3932
1786498917523 0.01678548555355519 3933
1786498920103 0.016633631545118988 3934
1786498922683 0.016793554299511015 3935
1786498925264 0.01676919183228165 3936
1786498927846 0.016781365498900414 3937
1786498930430 0.016809539985843003 3938
1786498933013 0.01672522083390504 3939
1786498935595 0.016709795803762972 3940
1786498938177 0.016570629784837365 3941
1786498940761 0.01685757248196751 3942
1786498943345 0.016747039509937167 3943
1786498945929 0.016816190560348332 3944
1786498948512 0.016892721643671393 3945
1786498951097 0.016869847546331584 3946
1786498953681 0.016874786815606058 3947
1786498956263 0.0167946097208187 3948
1786498958847 0.016863191034644842 3949
1786498961431 0.01669965381734073 3950
1786498964015 0.01687859557569027 3951
1786498966597 0.016875777393579483 3952
1786498969182 0.017072484944947064 3953
1786498971767 0.01698128692805767 3954
1786498974349 0.016982395900413394 3955
1786498976948 0.016967764240689576 3956
1786498979530 0.01688008615747094 3957
1786498982123 0.016780208563432097 3958
1786498984714 0.016732342657633126 3959
1786498987301 0.01673573418520391 3960
1786498989888 0.016842437908053398 3961
1786498992473 0.016934460029006004 3962
1786498995061 0.01681966136675328 3963
1786498997644 0.016739354352466762 3964
1786499000226 0.016912708757445216 3965
1786499002811 0.01673963782377541 3966
1786499005393 0.016799375298433006 3967
1786499007975 0.01694814267102629 3968
1786499010558 0.017002850770950317 3969
1786499013143 0.0170050582382828 3970
1786499015728 0.01711935072671622 3971
1786499018311 0.016848019207827747 3972
1786499020895 0.01667736901436001 3973
1786499023480 0.016747099813073874 3974
1786499026063 0.01688522333279252 3975
1786499028647 0.01666900486452505 3976
1786499031233 0.016890280530788004 3977
1786499033816 0.01672705716919154 3978
1786499036398 0.016865868354216218 3979
1786499038981 0.016867576050572097 3980
1786499041563 0.016360264038667083 3981
1786499044145 0.01661023567430675 3982
1786499046727 0.016894383705221117 3983
1786499049310 0.016902049188502133 3984
1786499051892 0.01691505266353488 3985
1786499054477 0.016633789462503046 3986
1786499057058 0.01682363194413483 3987
1786499059642 0.01678083441220224 3988
1786499062232 0.01691460085567087 3989
1786499064818 0.01698041846975684 3990
1786499067397 0.01682987331878394 3991
1786499069975 0.016758185694925487 3992
1786499072552 0.01656155730597675 3993
1786499075130 0.016699046827852726 3994
1786499077708 0.016454943106509745 3995
1786499080286 0.016886801342479885 3996
1786499082863 0.01668086228892207 3997
1786499085441 0.0167604103917256 3998
1786499088018 0.01686896989122033 3999
1786499092950 0.017113712383434176 4000
1786499095529 0.01685584324877709 4001
1786499098109 0.016672099474817514 4002
1786499100688 0.016649699478875846 4003
1786499103267 0.016578783164732158 4004
1786499105858 0.016633572289720178 4005
1786499108439 0.01690899406094104 4006
1786499111019 0.01681878138333559 4007
1786499113599 0.016755989287048578 4008
1786499116178 0.01658877287991345 4009
1786499118759 0.01687352266162634 4010
1786499121338 0.01682289724703878 4011
1786499123918 0.01695973367895931 4012
1786499126501 0.01678763749077916 4013
1786499129082 0.016535036964341998 4014
1786499131662 0.016763095976784825 4015
1786499134242 0.01676327153109014 4016
1786499136822 0.016966492170467973 4017
1786499139404 0.01678547915071249 4018
1786499141983 0.016608516802079976 4019
1786499144564 0.017051510512828827 4020
1786499147144 0.016977127525024116 4021
1786499149723 0.016885681310668588 4022
1786499152307 0.01686485973186791 4023
1786499154892 0.016755469259805977 4024
1786499157472 0.01676698331721127 4025
1786499160054 0.01694146345835179 4026
1786499162634 0.01689829188399017 4027
1786499165214 0.016865868703462183 4028
1786499167793 0.01661970152053982 4029
1786499170372 0.016610713792033494 4030
1786499172952 0.01648780470713973 4031
1786499175532 0.016626892786007375 4032
1786499178112 0.016692375182174146 4033
1786499180692 0.01641473878407851 4034
1786499183273 0.016555559588596225 4035
1786499185853 0.016660785535350442 4036
1786499188434 0.016831646440550685 4037
1786499191015 0.01684322685468942 4038
1786499193599 0.01682184962555766 4039
1786499196179 0.016498554032295942 4040
1786499198759 0.016780154313892126 4041
1786499201339 0.016957720508798957 4042
1786499203919 0.016621777904219925 4043
1786499206499 0.01676863810280338 4044
1786499209082 0.01677843532525003 4045
1786499211663 0.016532405163161457 4046
1786499214243 0.016533675836399198 4047
1786499216822 0.01664740522392094 4048
1786499219404 0.016993129160255194 4049
1786499221984 0.016948311706073582 4050
1786499224566 0.016772600705735385 4051
1786499227148 0.016635871143080294 4052
1786499229730 0.016798654571175575 4053
1786499232310 0.016677096486091614 4054
1786499234896 0.01680995197966695 4055
1786499237484 0.016801317571662366 4056
1786499240073 0.016575060435570776 4057
1786499242661 0.016587232355959713 4058
1786499245249 0.016839707968756557 4059
1786499247836 0.016699074651114643 4060
1786499250425 0.01675733830779791 4061
1786499253010 0.016742459498345852 4062
1786499255595 0.016837974195368588 4063
1786499258184 0.016828530468046665 4064
1786499260772 0.01667029899545014 4065
1786499263359 0.01664887520018965 4066
1786499265946 0.016566717356909066 4067
1786499268533 0.016608254169113934 4068
1786499271121 0.01666927622864023 4069
1786499273703 0.01659457164350897 4070
1786499276284 0.016887806355953217 4071
1786499278866 0.016727121430449188 4072
1786499281451 0.016735841054469347 4073
1786499284031 0.01643500238424167 4074
1786499286612 0.016505548846907914 4075
1786499289192 0.01692823425401002 4076
1786499291773 0.016685248352587223 4077
1786499294355 0.016636318992823362 4078
1786499296936 0.016564026474952698 4079
1786499299517 0.016246914048679173 4080
1786499302097 0.016628901474177837 4081
1786499304678 0.016857379931025207 4082
1786499307259 0.01701378612779081 4083
1786499309840 0.01656588481273502 4084
1786499312421 0.016455950331874192 4085
1786499315005 0.01671355392318219 4086
1786499317589 0.016968837706372142 4087
1786499320173 0.016780806239694357 4088
1786499322757 0.016935739666223526 4089
1786499325340 0.016479192185215652 4090
1786499327921 0.01665641722502187 4091
1786499330501 0.016435163386631757 4092
1786499333084 0.01669270812999457 4093
1786499335665 0.01687518320977688 4094
1786499338245 0.016911350074224174 4095
1786499340827 0.016653935541398823 4096
1786499343407 0.016623939503915608 4097
1786499345989 0.016740153427235782 4098
1786499348570 0.0168438513064757 4099
1786499351152 0.016649659140966833 4100
1786499353733 0.016662138397805393 4101
1786499356314 0.01660200406331569 4102
1786499358895 0.016474439238663763 4103
1786499361474 0.016529086453374475 4104
1786499364055 0.016717005870305002 4105
1786499366636 0.01670530007686466 4106
1786499369217 0.016732787946239114 4107
1786499371799 0.01658342103473842 4108
1786499374380 0.016775300377048552 4109
1786499376963 0.01674051769077778 4110
1786499379544 0.01685251435264945 4111
1786499382127 0.01650861673988402 4112
1786499384707 0.016692889155820012 4113
1786499387289 0.01675143465399742 4114
1786499389874 0.016581911593675613 4115
1786499392457 0.016791970818303525 4116
1786499395039 0.016442802210804075 4117
1786499397621 0.016468006768263876 4118
1786499400203 0.016767396708019078 4119
1786499402784 0.016796684358268976 4120
1786499405365 0.016705966321751475 4121
1786499407947 0.01681548578198999 4122
1786499410530 0.016786432126536965 4123
1786499413111 0.016513989656232297 4124
1786499415693 0.01646341197192669 4125
1786499418273 0.016701256623491645 4126
1786499420854 0.016625382122583687 4127
1786499423434 0.016783365630544722 4128
1786499426014 0.016597494133748114 4129
1786499428595 0.016646097123157233 4130
1786499431176 0.01673381682485342 4131
1786499433759 0.016814459348097444 4132
1786499436340 0.01658217387739569 4133
1786499438920 0.016625736956484616 4134
1786499441500 0.016619958565570414 4135
1786499444080 0.016488957277033478 4136
1786499446660 0.016455214587040246 4137
1786499449239 0.016705404850654304 4138
1786499451821 0.016779406694695354 4139
1786499454401 0.016849549137987196 4140
1786499456983 0.016815376468002796 4141
1786499459563 0.016761261387728155 4142
1786499462142 0.01651122886687517 4143
1786499464722 0.016739141545258462 4144
1786499467302 0.01672426308505237 4145
1786499469881 0.016762988059781492 4146
1786499472465 0.016527597093954682 4147
1786499475047 0.016315187676809728 4148
1786499477627 0.01662732573458925 4149
1786499480207 0.016845393809489906 4150
1786499482787 0.016683614521753043 4151
1786499485366 0.016676722618285567 4152
1786499487957 0.016545097285415977 4153
1786499490537 0.016723861452192068 4154
1786499493119 0.01692419301252812 4155
1786499495705 0.01672915753442794 4156
1786499498286 0.016603814146947116 4157
1786499500867 0.016690947930328548 4158
1786499503448 0.016593197942711413 4159
1786499506028 0.016501011792570353 4160
1786499508609 0.016602554242126644 4161
1786499511196 0.016594678920228034 4162
1786499513783 0.016658312059007585 4163
1786499516366 0.016744472202844918 4164
1786499518957 0.016904110671021044 4165
1786499521538 0.016500623780302703 4166
1786499524118 0.01653309108223766 4167
1786499526699 0.016711015487089753 4168
1786499529283 0.016895331791602075 4169
1786499531866 0.016667748102918267 4170
1786499534446 0.01663341058883816 4171
1786499537027 0.01646372553659603 4172
1786499539607 0.01664007210638374 4173
1786499542187 0.01678713213186711 4174
1786499544768 0.016914316918700933 4175
1786499547348 0.016739854007028043 4176
1786499549928 0.016398849431425333 4177
1786499552510 0.016663468326441944 4178
1786499555090 0.01686792424879968 4179
1786499557669 0.016553411376662552 4180
1786499560249 0.016616483451798558 4181
1786499562830 0.01662285125348717 4182
1786499565412 0.016566250065807253 4183
1786499567993 0.016493581351824105 4184
1786499570573 0.016573831671848893 4185
1786499573157 0.016669670003466308 4186
1786499575739 0.016779513214714825 4187
1786499578319 0.01661187212448567 4188
1786499580900 0.016474537667818367 4189
1786499583480 0.016445357352495193 4190
1786499586064 0.016735906712710857 4191
1786499588644 0.016592231928370893 4192
1786499591224 0.01667171367444098 4193
1786499593805 0.016568018589168787 4194
1786499596386 0.01654134225100279 4195
1786499598966 0.016548420768231153 4196
1786499601546 0.01673769939225167 4197
1786499604127 0.01666863774880767 4198
1786499606707 0.01681687479140237 4199
1786499609287 0.016641765017993748 4200
1786499611868 0.01659515977371484 4201
1786499614448 0.01648443064186722 4202
1786499617029 0.01650856848573312 4203
1786499619610 0.01701862784102559 4204
1786499622190 0.01649030775297433 4205
1786499624771 0.016632018494419754 4206
1786499627351 0.0165007496252656 4207
1786499629931 0.01643651642370969 4208
1786499632517 0.016731918323785067 4209
1786499635098 0.016388034913688898 4210
1786499637683 0.016393307596445084 4211
1786499640263 0.016581540927290916 4212
1786499642844 0.016383803798817098 4213
1786499645425 0.016591973253525794 4214
1786499648010 0.01676964305806905 4215
1786499650596 0.0164774275617674 4216
1786499653180 0.01647482579573989 4217
1786499655760 0.01624674635240808 4218
1786499658341 0.016233642178121954 4219
1786499660921 0.016914638341404498 4220
1786499663502 0.01655500684864819 4221
1786499666082 0.016721794148907065 4222
1786499668662 0.016603596159256995 4223
1786499671243 0.01688668061979115 4224
1786499673823 0.016736087971366942 4225
1786499676405 0.016435821598861367 4226
1786499678986 0.016509650740772486 4227
1786499681566 0.01673896866850555 4228
1786499684147 0.01663551840465516 4229
1786499686728 0.016559680923819542 4230
1786499689308 0.016623526869807392 4231
1786499691889 0.01656800985801965 4232
1786499694471 0.01655743771698326 4233
1786499697056 0.016651870915666223 4234
1786499699640 0.016581407049670815 4235
1786499702220 0.016501305741257966 4236
1786499704801 0.01633902278263122 4237
1786499707382 0.016515888506546617 4238
1786499709963 0.016537319170311093 4239
1786499712545 0.016531738569028676 4240
1786499715126 0.016381266643293202 4241
1786499717708 0.016497767297551036 4242
1786499720288 0.016607440542429686 4243
1786499722869 0.016593059292063117 4244
1786499725449 0.016448503360152245 4245
1786499728030 0.01631448999978602 4246
1786499730610 0.016439394850749522 4247
1786499733191 0.016313976608216763 4248
1786499735772 0.01651167427189648 4249
1786499738352 0.01654622983187437 4250
1786499740932 0.016556226240936667 4251
1786499743512 0.01658781908918172 4252
1786499746092 0.016738923266530037 4253
1786499748673 0.01674993522465229 4254
1786499751255 0.016487749642692506 4255
1786499753835 0.016338958404958248 4256
1786499756416 0.016668352880515158 4257
1786499758997 0.016625995514914393 4258
1786499761578 0.016636379528790712 4259
1786499764163 0.016622973838821054 4260
1786499766744 0.016669944627210498 4261
1786499769328 0.01644803158706054 4262
1786499771908 0.016551875858567655 4263
1786499774489 0.016532764537259936 4264
1786499777070 0.016495588410180062 4265
1786499779652 0.01652173965703696 4266
1786499782234 0.01638481061672792 4267
1786499784815 0.016690814751200378 4268
1786499787396 0.016569365398027003 4269
1786499789976 0.016465719789266586 4270
1786499792556 0.01627879624720663 4271
1786499795135 0.016341475769877434 4272
1786499797715 0.016346733667887747 4273
1786499800295 0.016571891261264682 4274
1786499802876 0.016496108029969037 4275
1786499805456 0.01652057678438723 4276
1786499808037 0.01642536441795528 4277
1786499810621 0.016477756202220917 4278
1786499813210 0.016459232778288424 4279
1786499815804 0.01653430488659069 4280
1786499818386 0.016509917564690113 4281
1786499820967 0.016615502070635557 4282
1786499823548 0.01629371097078547 4283
1786499826129 0.016684323141817003 4284
1786499828709 0.016804156242869794 4285
1786499831290 0.01657840411644429 4286
1786499833872 0.01649762742454186 4287
1786499836453 0.01649796694982797 4288
1786499839033 0.016624844050966203 4289
1786499841613 0.016607753466814756 4290
1786499844196 0.016557805123738945 4291
1786499846783 0.016479276528116316 4292
1786499849376 0.01641142851440236 4293
1786499851970 0.016195903881452978 4294
1786499854554 0.016498280805535614 4295
1786499857136 0.01639761822298169 4296
1786499859717 0.01649565016850829 4297
1786499862297 0.01659225602634251 4298
1786499864877 0.016585804289206862 4299
1786499867457 0.01642236125189811 4300
1786499870041 0.01642244483809918 4301
1786499872629 0.016426267917267978 4302
1786499875214 0.0165756061905995 4303
1786499877796 0.016499100369401276 4304
1786499880377 0.016408510855399072 4305
1786499882958 0.01648900139844045 4306
1786499885540 0.016563824843615294 4307
1786499888121 0.016439463943243027 4308
1786499890702 0.016406798735260963 4309
1786499893284 0.016469076042994857 4310
1786499895866 0.01658281427808106 4311
1786499898448 0.016953584388829768 4312
1786499901030 0.016620022826828063 4313
1786499903613 0.01676599425263703 4314
1786499906194 0.016524065285921097 4315
1786499908776 0.016515744267962873 4316
1786499911361 0.0165923573076725 4317
1786499913944 0.0164791073766537 4318
1786499916524 0.016580682597123086 4319
1786499919105 0.016485910047776997 4320
1786499921686 0.01642734499182552 4321
1786499924268 0.016619695932604373 4322
1786499926848 0.01638253085548058 4323
1786499929428 0.016509595850948244 4324
1786499932010 0.01618915470317006 4325
1786499934594 0.016543368576094508 4326
1786499937174 0.016380147193558514 4327
1786499939757 0.016447876521851867 4328
1786499942339 0.016540707321837544 4329
1786499944921 0.016401510685682297 4330
1786499947505 0.0165930314688012 4331
1786499950086 0.01675267785321921 4332
1786499952670 0.016702725435607135 4333
1786499955254 0.016234837181400508 4334
1786499957836 0.016554030298721045 4335
1786499960417 0.01665947656147182 4336
1786499962998 0.016589485690928996 4337
1786499965580 0.016399815562181175 4338
1786499968161 0.0164554015500471 4339
1786499970743 0.016534747264813632 4340
1786499973330 0.01669698057230562 4341
1786499975915 0.016420269152149558 4342
1786499978498 0.016443870146758854 4343
1786499981080 0.016406097158323973 4344
1786499983662 0.016358099761418998 4345
1786499986244 0.016532154055312276 4346
1786499988825 0.01665392331779003 4347
1786499991406 0.016750151058658957 4348
1786499993989 0.01636650983709842 4349
1786499996571 0.016752766154240817 4350
1786499999152 0.01659456768538803 4351
1786500001733 0.016465177410282195 4352
1786500004317 0.016617275425232947 4353
1786500006907 0.016669713193550706 4354
1786500009488 0.016577221686020494 4355
1786500012072 0.016188691894058138 4356
1786500014653 0.016333003994077444 4357
1786500017233 0.016627616132609546 4358
1786500019814 0.016477181168738753 4359
1786500022395 0.01615308999316767 4360
1786500024975 0.01633721124380827 4361
1786500027556 0.016415424761362374 4362
1786500030136 0.016446518362499774 4363
1786500032718 0.016510406974703074 4364
1786500035298 0.01653856982011348 4365
1786500037878 0.016413334175013006 4366
1786500040458 0.016336378757841885 4367
1786500043039 0.016533971240278333 4368
1786500045621 0.01637905993266031 4369
1786500048201 0.01686890283599496 4370
1786500050782 0.016662566573359072 4371
1786500053361 0.016489958041347563 4372
1786500055936 0.016669289441779256 4373
1786500058518 0.016622441704384983 4374
1786500061100 0.01655662211123854 4375
1786500063687 0.01665406790561974 4376
1786500066270 0.016459665668662637 4377
1786500068852 0.01620010327314958 4378
1786500071433 0.016657197033055127 4379
1786500074015 0.01635879499372095 4380
1786500076597 0.01640235894592479 4381
1786500079179 0.01641535112867132 4382
1786500081759 0.016433557611890137 4383
1786500084340 0.01675039529800415 4384
1786500086922 0.016549583175219595 4385
1786500089502 0.016709845513105392 4386
1786500092083 0.01677721436135471 4387
1786500094665 0.016739026410505176 4388
1786500097245 0.016494786948896945 4389
1786500099827 0.0164701379253529 4390
1786500102408 0.016277557821013033 4391
1786500104989 0.016591569466982037 4392
1786500107570 0.016505146049894392 4393
1786500110154 0.016160588013008237 4394
1786500112738 0.016287131526041776 4395
1786500115318 0.016499465913511813 4396
1786500117898 0.01677355612628162 4397
1786500120478 0.01646922156214714 4398
1786500123058 0.016507087741047144 4399
1786500125637 0.016464103187900037 4400
1786500128217 0.01641345169628039 4401
1786500130798 0.016336658329237252 4402
1786500133379 0.016538815514650196 4403
1786500135963 0.016293385007884353 4404
1786500138547 0.016466016182675958 4405
1786500141132 0.016483629238791764 4406
1786500143723 0.016738449106924236 4407
1786500146314 0.016379216103814542 4408
1786500148898 0.01643242553109303 4409
1786500151482 0.016146640526130795 4410
1786500154064 0.01634865830419585 4411
1786500156646 0.016400838270783424 4412
1786500159228 0.01641691359691322 4413
1786500161808 0.01659911882597953 4414
1786500164388 0.016454225638881326 4415
1786500166968 0.016205296909902245 4416
1786500169548 0.016269191983155906 4417
1786500172133 0.01645380031550303 4418
1786500174713 0.016517327865585685 4419
1786500177297 0.016533725196495652 4420
1786500179882 0.016590135172009468 4421
1786500182466 0.01652563945390284 4422
1786500185047 0.016463265113998204 4423
1786500187628 0.016461452934890985 4424
1786500190208 0.0162844248698093 4425
1786500192793 0.016584928729571402 4426
1786500195376 0.01630045531783253 4427
1786500197958 0.01631970249582082 4428
1786500200540 0.016306377132423222 4429
1786500203120 0.01647664641495794 4430
1786500205700 0.016432300908491015 4431
1786500208281 0.016499585122801363 4432
1786500210860 0.01646467112004757 4433
1786500213441 0.01653981499839574 4434
1786500216023 0.01656705711502582 4435
1786500218605 0.016360844776500016 4436
1786500221188 0.01645506185013801 4437
1786500223770 0.01683509850408882 4438
1786500226351 0.016756639583036304 4439
1786500228933 0.01673254114575684 4440
1786500231514 0.016506674233824015 4441
1786500234097 0.01615251851035282 4442
1786500236679 0.016514102462679148 4443
1786500239262 0.016367383999750018 4444
1786500241846 0.016638402128592134 4445
1786500244428 0.016481523169204593 4446
1786500247010 0.016586845740675926 4447
1786500249592 0.016924979048781097 4448
1786500252174 0.016681395936757326 4449
1786500254756 0.01648010325152427 4450
1786500257339 0.016582914628088474 4451
1786500259920 0.016499404096975923 4452
1786500262502 0.016256443224847317 4453
1786500265084 0.016160418919753283 4454
1786500267666 0.01649170706514269 4455
1786500270247 0.016605289885774255 4456
1786500272830 0.01644460135139525 4457
1786500275411 0.016390878066886216 4458
1786500277993 0.01652953412849456 4459
1786500280573 0.016481936152558774 4460
1786500283156 0.016527979401871562 4461
1786500285739 0.016263238620013 4462
1786500288320 0.016489735804498196 4463
1786500290900 0.016316813009325415 4464
1786500293481 0.016347987111657858 4465
1786500296062 0.01624434464611113 4466
1786500298643 0.016436779987998307 4467
1786500301233 0.01629311201395467 4468
1786500303825 0.016366833122447133 4469
1786500306418 0.016120261687319726 4470
1786500309010 0.01630349748302251 4471
1786500311602 0.016357475542463362 4472
1786500314195 0.01631700253346935 4473
1786500316787 0.016567384591326118 4474
1786500319378 0.0165819005924277 4475
1786500321970 0.016355044557712972 4476
1786500324561 0.01646724547026679 4477
1786500327153 0.016504912171512842 4478
1786500329745 0.016390019212849438 4479
1786500332327 0.01634574681520462 4480
1786500334915 0.01643636845983565 4481
1786500337500 0.016557856695726514 4482
1786500340082 0.01650861755479127 4483
1786500342671 0.016382804373279214 4484
1786500345254 0.016342497430741787 4485
1786500347836 0.016359751229174435 4486
1786500350420 0.01648006634786725 4487
1786500353011 0.016369791293982416 4488
1786500355602 0.016058891953434795 4489
1786500358193 0.016473010298795998 4490
1786500360784 0.016431241179816425 4491
1786500363374 0.0166180026717484 4492
1786500365961 0.016522127203643322 4493
1786500368548 0.01650693907868117 4494
1786500371141 0.016508909058757126 4495
1786500373734 0.016441919724456966 4496
1786500376325 0.016575529531110078 4497
1786500378915 0.016627272707410157 4498
1786500381496 0.016396483755670488 4499
1786500385476 0.01653835643082857 4500
1786500388058 0.016528252861462533 4501
1786500390641 0.01635452819755301 4502
1786500393224 0.016521105193533003 4503
1786500395807 0.01637894968735054 4504
1786500398390 0.016372726298868656 4505
1786500400972 0.016487339162267745 4506
1786500403553 0.016603642492555082 4507
1786500406135 0.01647652336396277 4508
1786500408715 0.01637176296208054 4509
1786500411300 0.01626605383353308 4510
1786500413890 0.01616696611745283 4511
1786500416484 0.016536076785996556 4512
1786500419065 0.016256535367574543 4513
1786500421642 0.016656604129821062 4514
1786500424219 0.016430979478172958 4515
1786500426796 0.016499572433531284 4516
1786500429372 0.016273776709567755 4517
1786500431956 0.01627557654865086 4518
1786500434532 0.016453987453132868 4519
1786500437109 0.016403086483478546 4520
1786500439684 0.016444456530734897 4521
1786500442264 0.0162862945580855 4522
1786500444840 0.016623335774056613 4523
1786500447417 0.016500798286870122 4524
1786500449993 0.016419931664131582 4525
1786500452570 0.016330682206898928 4526
1786500455146 0.01632082078140229 4527
1786500457723 0.016364008304663002 4528
1786500460301 0.01668306952342391 4529
1786500462883 0.016420742380432785 4530
1786500465465 0.016104888694826514 4531
1786500468048 0.01608573697740212 4532
1786500470632 0.01612509594997391 4533
1786500473216 0.01625288522336632 4534
1786500475797 0.016457915189675987 4535
1786500478378 0.01660064741736278 4536
1786500480959 0.01652934809681028 4537
1786500483542 0.016212410759180784 4538
1786500486125 0.016518105403520167 4539
1786500488709 0.016283779230434448 4540
1786500491294 0.016226790787186474 4541
1786500493875 0.016480338177643716 4542
1786500496458 0.01641207013744861 4543
1786500499040 0.016625225078314543 4544
1786500501622 0.016203196079004556 4545
1786500504205 0.016099387721624225 4546
1786500506788 0.016300244838930666 4547
1786500509370 0.016404237656388432 4548
1786500511952 0.016326734505128115 4549
1786500514533 0.016347557248082012 4550
1786500517115 0.01622997527010739 4551
1786500519696 0.01635854016058147 4552
1786500522277 0.016629945137538016 4553
1786500524856 0.016426576301455498 4554
1786500527436 0.01626237150048837 4555
1786500530016 0.016324513941071928 4556
1786500532601 0.01665804209187627 4557
1786500535182 0.016341136652044952 4558
1786500537766 0.01636647607665509 4559
1786500540347 0.016268254374153912 4560
1786500542927 0.016069574397988617 4561
1786500545508 0.016329251287970692 4562
1786500548087 0.016145732370205224 4563
1786500550666 0.0162276120390743 4564
1786500553246 0.01649637904483825 4565
1786500555827 0.016494296840392053 4566
1786500558407 0.015995343739632517 4567
1786500560989 0.016294464468955994 4568
1786500563570 0.016294251254294068 4569
1786500566150 0.016550618456676602 4570
1786500568729 0.01622686698101461 4571
1786500571310 0.015989952837117016 4572
1786500573890 0.016211864887736738 4573
1786500576469 0.016528340987861156 4574
1786500579052 0.016485920234117657 4575
1786500581634 0.016264229430817068 4576
1786500584214 0.01629053644137457 4577
1786500586793 0.01642641460057348 4578
1786500589372 0.01619392482098192 4579
1786500591956 0.016289992548990995 4580
1786500594544 0.016295705980155617 4581
1786500597134 0.016251321299932897 4582
1786500599718 0.01640431024134159 4583
1786500602302 0.016438082384411246 4584
1786500604886 0.01656581327551976 4585
1786500607471 0.016334011685103178 4586
1786500610055 0.016286961152218282 4587
1786500612641 0.01649356831330806 4588
1786500615225 0.01649089145939797 4589
1786500617808 0.016396051447372884 4590
1786500620392 0.016218921868130565 4591
1786500622974 0.016300711664371192 4592
1786500625555 0.0162986884242855 4593
1786500628137 0.016194558003917336 4594
1786500630718 0.01631982042454183 4595
1786500633299 0.016206443251576275 4596
1786500635881 0.016479066107422113 4597
1786500638463 0.016392959165386856 4598
1786500641045 0.016188961919397116 4599
1786500643627 0.016197865072172135 4600
1786500646212 0.01627625070977956 4601
1786500648795 0.016515883151441813 4602
1786500651378 0.016323482734151185 4603
1786500653959 0.016471419134177268 4604
1786500656540 0.01639726315625012 4605
1786500659122 0.01641746360110119 4606
1786500661704 0.016545980470255017 4607
1786500664287 0.016355503059457988 4608
1786500666869 0.016158459591679275 4609
1786500669451 0.016201356949750334 4610
1786500672035 0.01632244000211358 4611
1786500674617 0.016495627409312874 4612
1786500677198 0.016413530218414962 4613
1786500679779 0.01610755722504109 4614
1786500682361 0.01610029599396512 4615
1786500684943 0.016363249975256622 4616
1786500687526 0.016175799712073058 4617
1786500690108 0.016094876045826823 4618
1786500692690 0.016435904544778168 4619
1786500695272 0.016340498346835375 4620
1786500697855 0.016620557755231857 4621
1786500700437 0.016258112154901028 4622
1786500703019 0.01616531307809055 4623
1786500705600 0.015999450522940606 4624
1786500708180 0.01631725166225806 4625
1786500710764 0.016349524375982583 4626
1786500713351 0.01628355006687343 4627
1786500715932 0.016403857502155006 4628
1786500718516 0.01609509898116812 4629
1786500721100 0.016495503834448755 4630
1786500723682 0.01618984475499019 4631
1786500726265 0.016338092798832804 4632
1786500728848 0.016219437238760293 4633
1786500731432 0.01637139229569584 4634
1786500734019 0.0164154953090474 4635
1786500736601 0.01626495865639299 4636
1786500739184 0.016351598722394556 4637
1786500741767 0.016185964923352003 4638
1786500744351 0.016380131128244102 4639
1786500746934 0.016434966935776174 4640
1786500749517 0.016188942187000066 4641
1786500752099 0.016232490248512477 4642
1786500754681 0.01616505830315873 4643
1786500757263 0.016167166584637016 4644
1786500759847 0.01611392229096964 4645
1786500762434 0.01617657078895718 4646
1786500765019 0.01642350706970319 4647
1786500767603 0.016253108682576567 4648
1786500770188 0.01643368392251432 4649
1786500772768 0.016183054831344634 4650
1786500775353 0.01622857537586242 4651
1786500777935 0.016224928433075547 4652
1786500780516 0.01624780602287501 4653
1786500783098 0.01623553439276293 4654
1786500785681 0.01624974573496729 4655
1786500788264 0.01653322030324489 4656
1786500790849 0.016596715955529362 4657
1786500793431 0.01643019064795226 4658
1786500796011 0.016610769205726683 4659
1786500798593 0.016306019679177552 4660
1786500801176 0.016222862992435694 4661
1786500803758 0.01613202888984233 4662
1786500806342 0.016220686200540513 4663
1786500808925 0.016383395646698773 4664
1786500811508 0.01624534575967118 4665
1786500814091 0.016399222484324127 4666
1786500816673 0.016406362876296043 4667
1786500819254 0.01628468494163826 4668
1786500821835 0.016320787195581943 4669
1786500824418 0.016497089294716716 4670
1786500827001 0.01635223359335214 4671
1786500829583 0.01647668646182865 4672
1786500832166 0.016312215360812843 4673
1786500834750 0.01613446295959875 4674
1786500837333 0.016375653503928334 4675
1786500839916 0.01627138623734936 4676
1786500842499 0.01621534815058112 4677
1786500845081 0.016141653934028 4678
1786500847666 0.016299949726089835 4679
1786500850249 0.016175561700947583 4680
1786500852831 0.015960627468302846 4681
1786500855414 0.016212320188060403 4682
1786500857996 0.016160094703081995 4683
1786500860580 0.016425575653556734 4684
1786500863163 0.0161311412230134 4685
1786500865747 0.01619467668933794 4686
1786500868330 0.0163830699166283 4687
1786500870913 0.016193224233575165 4688
1786500873494 0.016299610899295658 4689
1786500876075 0.016119767038617283 4690
1786500878657 0.01658589008729905 4691
1786500881242 0.01623700454365462 4692
1786500883825 0.0162583882920444 4693
1786500886407 0.01610455650370568 4694
1786500888989 0.016237704025115818 4695
1786500891575 0.01616195047972724 4696
1786500894162 0.01623752387240529 4697
1786500896747 0.016005165060050786 4698
1786500899330 0.016489848610945046 4699
1786500901912 0.01653963146964088 4700
1786500904496 0.01621741516282782 4701
1786500907090 0.015950851840898395 4702
1786500909671 0.016129308845847845 4703
1786500912254 0.016144364490173757 4704
1786500914836 0.016180835897102952 4705
1786500917419 0.016510235785972327 4706
1786500920002 0.016342996212188154 4707
1786500922589 0.016135559766553342 4708
1786500925172 0.015967263374477625 4709
1786500927754 0.016226967447437346 4710
1786500930338 0.016190812864806503 4711
1786500932926 0.01585823658388108 4712
1786500935510 0.016087830357719213 4713
1786500938094 0.01620218629250303 4714
1786500940672 0.016185071493964642 4715
1786500943248 0.016151507617905736 4716
1786500945826 0.0161810185527429 4717
1786500948403 0.016116180282551795 4718
1786500950980 0.01631481508957222 4719
1786500953560 0.01603285502642393 4720
1786500956139 0.016020048991777003 4721
1786500958716 0.01602420408744365 4722
1786500961294 0.016051603422965854 4723
1786500963877 0.016238802461884916 4724
1786500966455 0.01629622222390026 4725
1786500969035 0.016416218655649573 4726
1786500971618 0.016201219288632274 4727
1786500974205 0.016252729459665716 4728
1786500976787 0.016507085063494742 4729
1786500979369 0.016460630344226956 4730
1786500981951 0.016421385924331844 4731
1786500984533 0.016283772187307477 4732
1786500987115 0.016159377701114863 4733
1786500989696 0.01623537694104016 4734
1786500992277 0.01618816237896681 4735
1786500994859 0.01645232446026057 4736
1786500997441 0.016152977768797427 4737
1786501000022 0.016276507289148867 4738
1786501002605 0.01623148372163996 4739
1786501005186 0.016338578250724822 4740
1786501007767 0.016211878042668104 4741
1786501010350 0.01610772090498358 4742
1786501012932 0.01622843957738951 4743
1786501015509 0.016385689144954085 4744
1786501018090 0.01598747615935281 4745
1786501020671 0.016335779568180442 4746
1786501023254 0.016319379908964038 4747
1786501025835 0.016334286134224385 4748
1786501028417 0.01615426386706531 4749
1786501030999 0.016214106639381498 4750
1786501033580 0.01609918859321624 4751
1786501036162 0.01623092225054279 4752
1786501038743 0.016122462460771203 4753
1786501041323 0.016075838822871447 4754
1786501043905 0.01619057822972536 4755
1786501046486 0.016231563582550734 4756
1786501049067 0.016275687899906188 4757
1786501051648 0.01592581218574196 4758
1786501054229 0.016146071895491332 4759
1786501056810 0.01625796500593424 4760
1786501059392 0.016113942197989672 4761
1786501061975 0.01633076462894678 4762
1786501064556 0.01609186828136444 4763
1786501067139 0.016326054057572037 4764
1786501069722 0.016185663524083793 4765
1786501072306 0.016485667845699936 4766
1786501074888 0.016269471787381917 4767
1786501077472 0.01619645004393533 4768
1786501080058 0.016523012483958155 4769
1786501082643 0.0161663765902631 4770
1786501085229 0.016239125281572342 4771
1786501087814 0.016052656923420727 4772
1786501090396 0.016286933911032975 4773
1786501092980 0.01603635208448395 4774
1786501095566 0.016227872052695602 4775
1786501098147 0.01607845799298957 4776
1786501100727 0.016171532799489796 4777
1786501103309 0.01607737160520628 4778
1786501105890 0.016213631257414818 4779
1786501108472 0.016142853070050478 4780
1786501111053 0.016264509118627757 4781
1786501113634 0.016190706577617675 4782
1786501116217 0.016197099117562175 4783
1786501118798 0.01620275038294494 4784
1786501121380 0.01626712246797979 4785
1786501123961 0.016309423255734146 4786
1786501126542 0.01604396809125319 4787
1786501129125 0.016134893405251205 4788
1786501131706 0.016155146702658385 4789
1786501134287 0.01617874699877575 4790
1786501136868 0.016489430330693722 4791
1786501139449 0.01613591576460749 4792
1786501142030 0.01616286695934832 4793
1786501144611 0.01615899772150442 4794
1786501147192 0.01624391577206552 4795
1786501149773 0.016231627494562417 4796
1786501152355 0.016226741892751306 4797
1786501154941 0.01631190429907292 4798
1786501157524 0.016297712922096252 4799
1786501160108 0.016144566878210753 4800
1786501162690 0.01605203514918685 4801
1786501165272 0.016116028535179794 4802
1786501167854 0.01593236776534468 4803
1786501170439 0.016219293815083802 4804
1786501173023 0.016342888586223125 4805
1786501175607 0.016335347725544125 4806
1786501178190 0.01613785623339936 4807
1786501180774 0.01622798026073724 4808
1786501183357 0.016254702350124717 4809
1786501185938 0.01641707035014406 4810
1786501188520 0.016427254595328122 4811
1786501191104 0.0161159053677693 4812
1786501193689 0.01616798952454701 4813
1786501196274 0.016181845276150852 4814
1786501198856 0.016108761308714747 4815
1786501201440 0.01620067737530917 4816
1786501204023 0.01653644780162722 4817
1786501206605 0.016075666586402804 4818
1786501209189 0.016306022182106972 4819
1786501211772 0.016237337258644402 4820
1786501214355 0.01619924936676398 4821
1786501216938 0.016085500945337117 4822
1786501219523 0.01592801057267934 4823
1786501222106 0.016223030630499125 4824
1786501224687 0.016082214773632586 4825
1786501227275 0.016488684166688472 4826
1786501229858 0.016158367856405675 4827
1786501232440 0.016188022040296346 4828
1786501235022 0.015968214021995664 4829
1786501237604 0.016120469197630882 4830
1786501240187 0.016215965035371482 4831
1786501242772 0.016211535083130002 4832
1786501245353 0.0162287971470505 4833
1786501247936 0.01602116459980607 4834
1786501250517 0.01624441659078002 4835
1786501253099 0.016121044056490064 4836
1786501255680 0.016301416442729533 4837
1786501258263 0.016184101172257215 4838
1786501260844 0.015891318151261657 4839
1786501263428 0.015964659396559 4840
1786501266011 0.016543507459573448 4841
1786501268593 0.016337403212673962 4842
1786501271174 0.016189143352676183 4843
1786501273757 0.01615437970031053 4844
1786501276339 0.016052688763011247 4845
1786501278921 0.01583792775636539 4846
1786501281502 0.01614676881581545 4847
1786501284084 0.016218593926168978 4848
1786501286669 0.016125738562550396 4849
1786501289251 0.0160465098451823 4850
1786501291829 0.016078027605544776 4851
1786501294410 0.01619224203750491 4852
1786501296995 0.016071812249720097 4853
1786501299579 0.01602113345870748 4854
1786501302160 0.01647894422058016 4855
1786501304741 0.016397466883063316 4856
1786501307324 0.01616206398466602 4857
1786501309908 0.01621279853861779 4858
1786501312492 0.015968306979630142 4859
1786501315075 0.016352434002328664 4860
1786501317662 0.016235223913099617 4861
1786501320243 0.016252587432973087 4862
1786501322821 0.016225680999923497 4863
1786501325401 0.016026572324335575 4864
1786501327979 0.01622570544714108 4865
1786501330557 0.015888156078290194 4866
1786501333135 0.01607350364793092 4867
1786501335712 0.015983149176463485 4868
1786501338289 0.01600459951441735 4869
1786501340868 0.016237050062045455 4870
1786501343452 0.016201583785004914 4871
1786501346039 0.0163966451655142 4872
1786501348622 0.01607616076944396 4873
1786501351204 0.01605672831647098 4874
1786501353789 0.01593764079734683 4875
1786501356372 0.016138201986905187 4876
1786501358956 0.016047370911110193 4877
1786501361538 0.016103493864648044 4878
1786501364122 0.015948295418638736 4879
1786501366705 0.016002696531359106 4880
1786501369289 0.016228399006649852 4881
1786501371870 0.016325041884556413 4882
1786501374449 0.016075920721050352 4883
1786501377026 0.016235608723945916 4884
1786501379602 0.016072468366473913 4885
1786501382178 0.015939305420033634 4886
1786501384755 0.01622903236420825 4887
1786501387335 0.01624380814610049 4888
1786501389916 0.01595670508686453 4889
1786501392496 0.016058487934060395 4890
1786501395075 0.01620414631906897 4891
1786501397656 0.016369106655474752 4892
1786501400237 0.016125016380101442 4893
1786501402817 0.016079235007055104 4894
1786501405398 0.016133781638927758 4895
1786501407979 0.016193358867894858 4896
1786501410559 0.016017218702472746 4897
1786501413140 0.015989775012712926 4898
1786501415721 0.016232018126174808 4899
1786501418302 0.016178734367713332 4900
1786501420885 0.016225230996496975 4901
1786501423468 0.015957511379383504 4902
1786501426051 0.016097236424684525 4903
1786501428634 0.016201415564864874 4904
1786501431216 0.016480675025377423 4905
1786501433797 0.01634312589885667 4906
1786501436377 0.016372686717659235 4907
1786501438958 0.016005561279598624 4908
1786501441539 0.015987325517926365 4909
1786501444119 0.01590151636628434 4910
1786501446700 0.016101166256703436 4911
1786501449282 0.016100512817502022 4912
1786501451863 0.01608704443788156 4913
1786501454444 0.01607117598177865 4914
1786501457030 0.01602632610592991 4915
1786501459612 0.0159275479381904 4916
1786501462192 0.016009811020921916 4917
1786501464773 0.016240144264884293 4918
1786501467355 0.016280453943181783 4919
1786501469945 0.01608417514944449 4920
1786501472534 0.016148765163961798 4921
1786501475124 0.015875333920121193 4922
1786501477710 0.016096529609058052 4923
1786501480293 0.01607264281483367 4924
1786501482876 0.016043833689764142 4925
1786501485460 0.015956365852616727 4926
1786501488043 0.016237019619438797 4927
1786501490626 0.016126743517816067 4928
1786501493209 0.01590259821387008 4929
1786501495793 0.016352608625311404 4930
1786501498377 0.016030020196922123 4931
1786501500960 0.016233958944212645 4932
1786501503543 0.015981787408236414 4933
1786501506126 0.015758549328893423 4934
1786501508712 0.016065047413576394 4935
1786501511296 0.015810125041753054 4936
1786501513881 0.01611039147246629 4937
1786501516464 0.01583499723346904 4938
1786501519047 0.016065590840298682 4939
1786501521634 0.016220074030570686 4940
1786501524221 0.016029410413466394 4941
1786501526803 0.01582893106387928 4942
1786501529387 0.016169011883903295 4943
1786501531974 0.016129208670463413 4944
1786501534563 0.016217928496189415 4945
1786501537151 0.016230619105044752 4946
1786501539738 0.016255199385341257 4947
1786501542329 0.015970123175065964 4948
1786501544918 0.01583325123647228 4949
1786501547507 0.015947029925882816 4950
1786501550095 0.01599770423490554 4951
1786501552686 0.015860870480537415 4952
1786501555272 0.01602523576002568 4953
1786501557861 0.01598131173523143 4954
1786501560447 0.01622603088617325 4955
1786501563030 0.016131397511344403 4956
1786501565610 0.016107104253023863 4957
1786501568188 0.016293493332341313 4958
1786501570767 0.016291058622300625 4959
1786501573352 0.016103784320876002 4960
1786501575934 0.015858689963351935 4961
1786501578513 0.01578742847777903 4962
1786501581095 0.016072462894953787 4963
1786501583675 0.015884516527876258 4964
1786501586255 0.015934059862047434 4965
1786501588837 0.016027662786655128 4966
1786501591420 0.016195318952668458 4967
1786501594003 0.016123684938065708 4968
1786501596585 0.016091024910565466 4969
1786501599169 0.015917206066660583 4970
1786501601758 0.015797971340361983 4971
1786501604344 0.01596126612275839 4972
1786501606927 0.016275522648356855 4973
1786501609511 0.016133528493810445 4974
1786501612098 0.015804631111677736 4975
1786501614689 0.015942401252686977 4976
1786501617277 0.015947983658406883 4977
1786501619867 0.016235422692261636 4978
1786501622457 0.015949281223583966 4979
1786501625046 0.016112517390865833 4980
1786501627635 0.016007743950467557 4981
1786501630224 0.016251001798082143 4982
1786501632813 0.01612824638141319 4983
1786501635401 0.016120331594720483 4984
1786501637990 0.016198891098611057 4985
1786501640582 0.016067852324340492 4986
1786501643172 0.015919061668682843 4987
1786501645760 0.016105809714645147 4988
1786501648348 0.016111586417537183 4989
1786501650938 0.01611895317910239 4990
1786501653531 0.016209776513278484 4991
1786501656127 0.016133905213791877 4992
1786501658713 0.015973575820680708 4993
1786501661296 0.01579273457173258 4994
1786501663879 0.015922207734547555 4995
1786501666462 0.016130862582940608 4996
1786501669047 0.015896627388428897 4997
1786501671635 0.015782764879986644 4998
1786501674219 0.01590466540073976 4999
1786501678183 0.015965487982612103 5000
1786501680764 0.01592047471785918 5001
1786501683344 0.01596286240965128 5002
1786501685927 0.01595664443448186 5003
1786501688506 0.01595721981720999 5004
1786501691087 0.01600254065124318 5005
1786501693671 0.0162721736705862 5006
1786501696254 0.01612560759531334 5007
1786501698836 0.016271105909254402 5008
1786501701421 0.015940449840854853 5009
1786501704006 0.016129221650771797 5010
1786501706594 0.015778736385982484 5011
1786501709187 0.01615614746697247 5012
1786501711775 0.01604064431739971 5013
1786501714367 0.01607761561172083 5014
1786501716958 0.015834876336157322 5015
1786501719549 0.0160517796757631 5016
1786501722138 0.01599114463897422 5017
1786501724728 0.01609693164937198 5018
1786501727318 0.016096877167001367 5019
1786501729910 0.015994762303307652 5020
1786501732501 0.015921791607979685 5021
1786501735089 0.01598680455936119 5022
1786501737681 0.01598539319820702 5023
1786501740275 0.01617718767374754 5024
1786501742866 0.016282860829960555 5025
1786501745450 0.016039869631640613 5026
1786501748029 0.016156762139871716 5027
1786501750606 0.01624833489768207 5028
1786501753185 0.016280353884212673 5029
1786501755763 0.0159557206206955 5030
1786501758340 0.015940469864290208 5031
1786501760918 0.016117106657475233 5032
1786501763495 0.0161076138028875 5033
1786501766071 0.015997380018234253 5034
1786501768648 0.016095178318209946 5035
1786501771225 0.015831507043913007 5036
1786501773802 0.015744184784125537 5037
1786501776380 0.01603506540413946 5038
1786501778961 0.01613767846720293 5039
1786501781544 0.01604515203507617 5040
1786501784131 0.015966176870279014 5041
1786501786713 0.016010488441679627 5042
1786501789294 0.016273664659820497 5043
1786501791880 0.01629721373319626 5044
1786501794464 0.01598847220884636 5045
1786501797050 0.016022964962758124 5046
1786501799635 0.01619440264767036 5047
1786501802223 0.016122149885632098 5048
1786501804812 0.01607123715803027 5049
1786501807412 0.01626797701464966 5050
1786501810001 0.016053229512181133 5051
1786501812590 0.016215001640375704 5052
1786501815179 0.016006271296646446 5053
1786501817769 0.015875309123657644 5054
1786501820359 0.015864165674429387 5055
1786501822947 0.015964008460287005 5056
1786501825535 0.016044167685322464 5057
1786501828124 0.01632038492243737 5058
1786501830712 0.016048168239649385 5059
1786501833300 0.016011042811442167 5060
1786501835881 0.016190941852983087 5061
1786501838464 0.01586968346964568 5062
1786501841050 0.016137130616698414 5063
1786501843633 0.01591227512108162 5064
1786501846216 0.016048019169829786 5065
1786501848799 0.01608547958312556 5066
1786501851386 0.016077897395007312 5067
1786501853971 0.016026482509914786 5068
1786501856554 0.015866868023294955 5069
1786501859136 0.01616246293997392 5070
1786501861716 0.016234141192398965 5071
1786501864301 0.016091524274088442 5072
1786501866885 0.01587467425270006 5073
1786501869466 0.015830765827558935 5074
1786501872047 0.016063896473497152 5075
1786501874632 0.01606400654418394 5076
1786501877227 0.016000675794202834 5077
1786501879823 0.01575450785458088 5078
1786501882415 0.01579285244224593 5079
1786501885002 0.01608493336243555 5080
1786501887589 0.015850659168791026 5081
1786501890178 0.016007110010832548 5082
1786501892766 0.016199547273572534 5083
1786501895357 0.01582599157700315 5084
1786501897945 0.016112435900140554 5085
1786501900533 0.015918626624625176 5086
1786501903121 0.01596497284481302 5087
1786501905709 0.016237359144724905 5088
1786501908299 0.015971453627571464 5089
1786501910885 0.015875400858931243 5090
1786501913473 0.016092575853690505 5091
1786501916062 0.01604146178578958 5092
1786501918649 0.016048061661422253 5093
1786501921238 0.016247106483206153 5094
1786501923826 0.01584692479809746 5095
1786501926415 0.016025711258407682 5096
1786501929005 0.01616638049017638 5097
1786501931592 0.016009537444915622 5098
1786501934174 0.01614910754142329 5099
1786501936756 0.01591438753530383 5100
1786501939342 0.016032692044973373 5101
1786501941925 0.01607468811562285 5102
1786501944516 0.016058503708336502 5103
1786501947096 0.016012845386285335 5104
1786501949684 0.016103698289953172 5105
1786501952273 0.0158733373391442 5106
1786501954859 0.015783348469994962 5107
1786501957446 0.015898001554887742 5108
1786501960030 0.015818171901628375 5109
1786501962612 0.016104401787742972 5110
1786501965196 0.016066980140749365 5111
1786501967777 0.016032621264457703 5112
1786501970359 0.015810828015673906 5113
1786501972944 0.015844386303797364 5114
1786501975532 0.016003574419301003 5115
1786501978113 0.015810853918083012 5116
1786501980695 0.015658130403608084 5117
1786501983282 0.016232155088800937 5118
1786501985866 0.016017935995478183 5119
1786501988449 0.016196926473639905 5120
1786501991037 0.016013094631489366 5121
1786501993626 0.015843978559132665 5122
1786501996214 0.015868940681684762 5123
1786501998801 0.016158625716343522 5124
1786502001389 0.015878187608905137 5125
1786502003977 0.016083472117315978 5126
1786502006565 0.01592098019318655 5127
1786502009152 0.01598337572067976 5128
1786502011737 0.016058317327406257 5129
1786502014322 0.01562564040068537 5130
1786502016904 0.015908313158433884 5131
1786502019486 0.016097142186481506 5132
1786502022071 0.015898918034508824 5133
1786502024653 0.015922424208838493 5134
1786502027235 0.016022487950976938 5135
1786502029817 0.01599965285276994 5136
1786502032400 0.015956228191498667 5137
1786502034983 0.016159033868461847 5138
1786502037564 0.015994729532394558 5139
1786502040140 0.015987152699381113 5140
1786502042716 0.015993616718333215 5141
1786502045293 0.01610926096327603 5142
1786502047872 0.016339207999408245 5143
1786502050447 0.015797013824339956 5144
1786502053027 0.0160028554382734 5145
1786502055603 0.0157631014008075 5146
1786502058179 0.01565457315882668 5147
1786502060760 0.015794557810295373 5148
1786502063337 0.01588868600083515 5149
1786502065914 0.015925956540741026 5150
1786502068491 0.016163842636160553 5151
1786502071068 0.01611958962166682 5152
1786502073646 0.01614306215196848 5153
1786502076223 0.015836141421459615 5154
1786502078808 0.015731648774817586 5155
1786502081391 0.015910208923742175 5156
1786502083977 0.016053512750659138 5157
1786502086558 0.016055375628639013 5158
1786502089140 0.01586033107014373 5159
1786502091723 0.015786422416567802 5160
1786502094307 0.01610710471868515 5161
1786502096891 0.015767059463541955 5162
1786502099477 0.01610061078099534 5163
1786502102066 0.015794214617926627 5164
1786502104654 0.01620202074991539 5165
1786502107240 0.015969371888786554 5166
1786502109822 0.01593096519354731 5167
1786502112405 0.015897092409431934 5168
1786502114990 0.016035829670727253 5169
1786502117577 0.015940643032081425 5170
1786502120170 0.01585497340420261 5171
1786502122760 0.0157705542515032 5172
1786502125348 0.015901016420684755 5173
1786502127938 0.01595883135451004 5174
1786502130521 0.01622659311397001 5175
1786502133104 0.016019102302379906 5176
1786502135685 0.016002905322238803 5177
1786502138266 0.016079347056802362 5178
1786502140848 0.015938554250169545 5179
1786502143429 0.016071703284978867 5180
1786502146012 0.01593605405651033 5181
1786502148594 0.01573179109254852 5182
1786502151175 0.015713879140093923 5183
1786502153756 0.01562658662442118 5184
1786502156340 0.01586718816542998 5185
1786502158918 0.015778635628521442 5186
1786502161494 0.01575101789785549 5187
1786502164071 0.015829917567316443 5188
1786502166648 0.016210083733312786 5189
1786502169225 0.015715085493866354 5190
1786502171802 0.016078946238849312 5191
1786502174377 0.015675827336963266 5192
1786502176957 0.015971882559824735 5193
1786502179540 0.015865150257013738 5194
1786502182124 0.015870123519562185 5195
1786502184704 0.01581653644097969 5196
1786502187288 0.015964115969836712 5197
1786502189873 0.015763982373755425 5198
1786502192458 0.015753767336718738 5199
1786502195044 0.015659730415791273 5200
1786502197631 0.01602909731445834 5201
1786502200215 0.015762768336571753 5202
1786502202799 0.015783109120093286 5203
1786502205380 0.015972358465660363 5204
1786502207964 0.016144703840836883 5205
1786502210553 0.016063302929978818 5206
1786502213138 0.015705650381278247 5207
1786502215722 0.016087254334706813 5208
1786502218306 0.015791512851137668 5209
1786502220891 0.01590884814504534 5210
1786502223476 0.01591785519849509 5211
1786502226062 0.015911010035779327 5212
1786502228643 0.016031313396524638 5213
1786502231224 0.01616013131570071 5214
1786502233805 0.01579975156346336 5215
1786502236386 0.015772173064760864 5216
1786502238968 0.016019031521864235 5217
1786502241548 0.015902987273875624 5218
1786502244128 0.01603404089109972 5219
1786502246709 0.01587681454839185 5220
1786502249288 0.016140550142154098 5221
1786502251868 0.016208983084652573 5222
1786502254449 0.01595791068393737 5223
1786502257030 0.01603816432179883 5224
1786502259610 0.015811681980267167 5225
1786502262192 0.01568725169636309 5226
1786502264774 0.015872095769736916 5227
1786502267357 0.01617712277220562 5228
1786502269938 0.01594960398506373 5229
1786502272515 0.015925216604955494 5230
1786502275093 0.015768270997796208 5231
1786502277677 0.016013157786801457 5232
1786502280258 0.015990489395335317 5233
1786502282838 0.015912181814201176 5234
1786502285420 0.015909441572148353 5235
1786502288006 0.01608956587733701 5236
1786502290593 0.015823946974705905 5237
1786502293180 0.015604384359903634 5238
1786502295769 0.01591329916846007 5239
1786502298353 0.01593482942553237 5240
1786502300932 0.01597906684037298 5241
1786502303511 0.015865331050008535 5242
1786502306093 0.015811393212061375 5243
1786502308685 0.015692970133386552 5244
1786502311274 0.015668197826016694 5245
1786502313868 0.015848329290747643 5246
1786502316456 0.016043791663832963 5247
1786502319045 0.01599629916017875 5248
1786502321634 0.01591192022897303 5249
1786502324223 0.015824438363779336 5250
1786502326812 0.01592586562037468 5251
1786502329400 0.015725204080808908 5252
1786502331987 0.01567736966535449 5253
1786502334574 0.016175910946913064 5254
1786502337162 0.015942908183205873 5255
1786502339752 0.01589170837542042 5256
1786502342340 0.016000518284272403 5257
1786502344934 0.01605617208406329 5258
1786502347523 0.015884440450463444 5259
1786502350116 0.015821338980458677 5260
1786502352707 0.015701865951996297 5261
1786502355295 0.016011146071832627 5262
1786502357883 0.015698190254624933 5263
1786502360472 0.016043167910538614 5264
1786502363061 0.015758244262542576 5265
1786502365648 0.01570050383452326 5266
1786502368232 0.01588339713634923 5267
1786502370826 0.01580872613703832 5268
1786502373416 0.015996606729459018 5269
1786502376001 0.01591066550463438 5270
1786502378584 0.015738539630547166 5271
1786502381165 0.015844938810914755 5272
1786502383745 0.016037820314522833 5273
1786502386326 0.015846300579141825 5274
1786502388906 0.015887038549408317 5275
1786502391485 0.015712113759946078 5276
1786502394067 0.015972142457030714 5277
1786502396651 0.016103817673865706 5278
1786502399235 0.016151754884049296 5279
1786502401817 0.015814845624845475 5280
1786502404398 0.01591201120754704 5281
1786502406979 0.016127530951052904 5282
1786502409561 0.015827801602426916 5283
1786502412144 0.015993337496183813 5284
1786502414732 0.015796633437275887 5285
1786502417317 0.01586241298355162 5286
1786502419898 0.015936047362629324 5287
1786502422479 0.015695942332968116 5288
1786502425060 0.015841326559893787 5289
1786502427641 0.016047539480496198 5290
1786502430228 0.016003816796001047 5291
1786502432815 0.015770149300806224 5292
1786502435402 0.01586674462305382 5293
1786502437990 0.016128976189065725 5294
1786502440577 0.015947057399898767 5295
1786502443166 0.015838671708479524 5296
1786502445751 0.01582547987345606 5297
1786502448338 0.015632539754733443 5298
1786502450928 0.015913763432763517 5299
1786502453518 0.015914369956590235 5300
1786502456106 0.015926705673336983 5301
1786502458694 0.015619875164702535 5302
1786502461282 0.01594836130971089 5303
1786502463872 0.01578767056344077 5304
1786502466463 0.016100897744763643 5305
1786502469050 0.015787735173944384 5306
1786502471637 0.015934996656142175 5307
1786502474225 0.015696629066951573 5308
1786502476815 0.01576572546036914 5309
1786502479404 0.01581234618788585 5310
1786502481992 0.016135612910147756 5311
1786502484574 0.015920100442599505 5312
1786502487153 0.015875715238507837 5313
1786502489733 0.015892224560957402 5314
1786502492322 0.015824675443582237 5315
1786502494911 0.015784716873895377 5316
1786502497500 0.015710377949289978 5317
1786502500083 0.015854072058573365 5318
1786502502667 0.015693358436692506 5319
1786502505251 0.015744908014312387 5320
1786502507832 0.01590128446696326 5321
1786502510413 0.015747006807941943 5322
1786502512990 0.01591917558107525 5323
1786502515574 0.0158182907034643 5324
1786502518157 0.01599858677946031 5325
1786502520740 0.016079115739557892 5326
1786502523321 0.015944435261189938 5327
1786502525902 0.01599377632373944 5328
1786502528483 0.016044600342866033 5329
1786502531064 0.015880980587098747 5330
1786502533644 0.015909139649011195 5331
1786502536223 0.015696063463110477 5332
1786502538803 0.015853102842811495 5333
1786502541383 0.015775859938003123 5334
1786502543965 0.015590174705721438 5335
1786502546546 0.015641321428120136 5336
1786502549127 0.015965412079822272 5337
1786502551712 0.016009141982067376 5338
1786502554300 0.015932817535940558 5339
1786502556890 0.01587972091510892 5340
1786502559478 0.016077588021289557 5341
1786502562062 0.015978851763065904 5342
1786502564648 0.015675256261602044 5343
1786502567235 0.015784043353050947 5344
1786502569822 0.015615355572663248 5345
1786502572414 0.015747746860142797 5346
1786502575003 0.015998664719518274 5347
1786502577591 0.015854340163059533 5348
1786502580179 0.01575681718531996 5349
1786502582766 0.01555388211272657 5350
1786502585356 0.015840386098716408 5351
1786502587945 0.01582835806766525 5352
1786502590530 0.015773033315781504 5353
1786502593114 0.015734555665403605 5354
1786502595702 0.015776105283293873 5355
1786502598290 0.01576460403157398 5356
1786502600877 0.015818895830307156 5357
1786502603462 0.016143415065016598 5358
1786502606043 0.015758967318106443 5359
1786502608634 0.0158198073040694 5360
1786502611217 0.015857681923080236 5361
1786502613805 0.015844991838093847 5362
1786502616389 0.015894329349976033 5363
1786502618970 0.015827863418962806 5364
1786502621553 0.015539417858235538 5365
1786502624135 0.01587159448536113 5366
1786502626714 0.015871376905124635 5367
1786502629295 0.015733083884697407 5368
1786502631878 0.015688551007770002 5369
1786502634460 0.015792558202520013 5370
1786502637044 0.015839342842809856 5371
1786502639624 0.01586577476700768 5372
1786502642210 0.015671518282033503 5373
1786502644796 0.016018923604860902 5374
1786502647384 0.015764661657158285 5375
1786502649971 0.015875049051828682 5376
1786502652558 0.015822327288333327 5377
1786502655145 0.015722904005087912 5378
1786502657736 0.015975543938111514 5379
1786502660323 0.015730051789432764 5380
1786502662910 0.015698805334977806 5381
1786502665498 0.015703899785876274 5382
1786502668079 0.015801683359313756 5383
1786502670663 0.015728211088571697 5384
1786502673249 0.01583477371605113 5385
1786502675837 0.01607430406147614 5386
1786502678425 0.015890621405560523 5387
1786502681011 0.01556067238561809 5388
1786502683597 0.015649733773898333 5389
1786502686182 0.015877359372098 5390
1786502688767 0.01578041905304417 5391
1786502691355 0.015586937952321023 5392
1786502693940 0.01583219663007185 5393
1786502696528 0.01582466223044321 5394
1786502699116 0.015786789706908166 5395
1786502701702 0.015731928404420614 5396
1786502704291 0.015631103597115725 5397
1786502706884 0.01583234395366162 5398
1786502709475 0.01564442296512425 5399
1786502712062 0.015837739745620638 5400
1786502714644 0.015540547668933868 5401
1786502717224 0.015793045982718468 5402
1786502719805 0.01586501847486943 5403
1786502722385 0.0158746461966075 5404
1786502724968 0.015628251421730965 5405
1786502727549 0.015896039782091975 5406
1786502730130 0.01587218325585127 5407
1786502732711 0.015722896729130298 5408
1786502735292 0.0157443301868625 5409
1786502737876 0.01597042748471722 5410
1786502740457 0.015506740601267666 5411
1786502743037 0.015715940680820495 5412
1786502745617 0.015830176300369203 5413
1786502748197 0.015948946005664766 5414
1786502750780 0.01578092121053487 5415
1786502753363 0.015715416113380343 5416
1786502755944 0.015686757920775563 5417
1786502758528 0.016046314442064613 5418
1786502761113 0.015938121709041297 5419
1786502763701 0.015606465516611934 5420
1786502766287 0.015595805540215224 5421
1786502768874 0.015707719838246703 5422
1786502771464 0.01570132706547156 5423
1786502774056 0.01579990185564384 5424
1786502776644 0.01595335704041645 5425
1786502779232 0.015526549657806754 5426
1786502781820 0.01564132858766243 5427
1786502784407 0.015635121031664312 5428
1786502786995 0.015794258564710617 5429
1786502789582 0.015582676918711513 5430
1786502792170 0.015557801118120551 5431
1786502794758 0.01581850729417056 5432
1786502797345 0.01564894267357886 5433
1786502799935 0.015839020197745413 5434
1786502802527 0.015747883589938283 5435
1786502805116 0.015755790984258056 5436
1786502807703 0.015964183141477406 5437
1786502810292 0.015989585546776652 5438
1786502812880 0.01571609399979934 5439
1786502815469 0.015675869188271463 5440
1786502818057 0.01577944803284481 5441
1786502820644 0.015957063529640436 5442
1786502823232 0.015793005004525185 5443
1786502825821 0.015616053715348244 5444
1786502828409 0.01566613424802199 5445
1786502830997 0.01588266290491447 5446
1786502833586 0.01584792061476037 5447
1786502836172 0.016046302625909448 5448
1786502838761 0.01583926990861073 5449
1786502841347 0.015817323059309274 5450
1786502843934 0.015725757170002908 5451
1786502846521 0.01596995838917792 5452
1786502849107 0.015684474376030266 5453
1786502851694 0.015787254204042256 5454
1786502854280 0.01571445434819907 5455
1786502856867 0.015932151291053742 5456
1786502859456 0.0159519188455306 5457
1786502862049 0.01564342074561864 5458
1786502864636 0.015555751218926162 5459
1786502867225 0.015946370142046362 5460
1786502869812 0.015918509976472706 5461
1786502872397 0.015944398590363562 5462
1786502874978 0.01596306514693424 5463
1786502877559 0.015828933683224022 5464
1786502880139 0.015574121789541095 5465
1786502882720 0.015579427476041019 5466
1786502885300 0.015634264796972275 5467
1786502887882 0.015510790690314025 5468
1786502890464 0.015699565061368048 5469
1786502893046 0.015686049300711602 5470
1786502895628 0.015643433260265738 5471
1786502898209 0.015782472037244588 5472
1786502900790 0.015843441477045417 5473
1786502903371 0.015647251275368035 5474
1786502905952 0.015616971300914884 5475
1786502908532 0.015614065108820796 5476
1786502911112 0.0158616864355281 5477
1786502913693 0.01573298586299643 5478
1786502916275 0.015557241393253207 5479
1786502918856 0.015888011490460485 5480
1786502921437 0.01564750447869301 5481
1786502924019 0.01583469199249521 5482
1786502926600 0.015665458398871124 5483
1786502929183 0.015657195588573813 5484
1786502931764 0.015504037030041218 5485
1786502934345 0.01562279462814331 5486
1786502936929 0.0157536719343625 5487
1786502939512 0.015761888294946402 5488
1786502942095 0.015846814145334065 5489
1786502944677 0.01579561992548406 5490
1786502947258 0.01598287810338661 5491
1786502949843 0.015516981889959425 5492
1786502952425 0.015452155494131148 5493
1786502955006 0.015780394431203604 5494
1786502957587 0.01582991809118539 5495
1786502960169 0.015789425233379006 5496
1786502962750 0.01584747974993661 5497
1786502965336 0.01546946307644248 5498
1786502967925 0.015537811908870935 5499
1786502971920 0.015511061588767916 5500
1786502974506 0.0158781980862841 5501
1786502977092 0.01566322206053883 5502
1786502979675 0.015608789981342852 5503
1786502982263 0.015866452653426677 5504
1786502984854 0.0157865242799744 5505
1786502987444 0.0157593417679891 5506
1786502990031 0.015528077259659767 5507
1786502992618 0.01585482421796769 5508
1786502995205 0.015892751747742295 5509
1786502997792 0.015661309473216534 5510
1786503000379 0.015287784684915096 5511
1786503002968 0.015651391993742436 5512
1786503005554 0.015863416891079396 5513
1786503008141 0.0161319937906228 5514
1786503010729 0.01593566976953298 5515
1786503013316 0.01551972032757476 5516
1786503015904 0.015587046451400965 5517
1786503018490 0.015406485123094171 5518
1786503021077 0.015705521509516984 5519
1786503023666 0.015845130023080856 5520
1786503026253 0.01568508241325617 5521
1786503028839 0.015777120599523187 5522
1786503031427 0.01556090236408636 5523
1786503034015 0.01585702324518934 5524
1786503036603 0.015561109641566873 5525
1786503039190 0.016048206947743893 5526
1786503041775 0.015817137144040316 5527
1786503044356 0.01566028839442879 5528
1786503046936 0.01539767684880644 5529
1786503049517 0.015523793001193553 5530
1786503052097 0.015579840692225844 5531
1786503054679 0.01572507544187829 5532
1786503057265 0.015695499256253242 5533
1786503059845 0.01569309673504904 5534
1786503062426 0.015730027749668807 5535
1786503065006 0.015746876888442785 5536
1786503067587 0.01562938914867118 5537
1786503070167 0.015753742947708815 5538
1786503072748 0.015523682406637818 5539
1786503075328 0.01567624119343236 5540
1786503077907 0.015494382998440415 5541
1786503080486 0.015617963334079832 5542
1786503083069 0.015647341206204146 5543
1786503085649 0.015725512115750462 5544
1786503088228 0.015849575167521834 5545
1786503090813 0.015524588816333562 5546
1786503093396 0.015465217002201825 5547
1786503095978 0.015774068073369563 5548
1786503098557 0.015618572535458952 5549
1786503101136 0.015418796916492283 5550
1786503103714 0.015822177636437118 5551
1786503106292 0.015669105399865657 5552
1786503108869 0.015467824530787766 5553
1786503111447 0.015557998849544674 5554
1786503114025 0.015609315247274935 5555
1786503116612 0.015707845450378954 5556
1786503119194 0.015719644783530384 5557
1786503121777 0.015499715402256697 5558
1786503124360 0.015584283391945064 5559
1786503126949 0.01574613561388105 5560
1786503129541 0.015552847005892545 5561
1786503132132 0.016060997266322374 5562
1786503134725 0.01579499337822199 5563
1786503137308 0.015641505015082657 5564
1786503139888 0.015726431796792895 5565
1786503142466 0.015729543811175972 5566
1786503145044 0.015675258357077837 5567
1786503147624 0.015611916547641158 5568
1786503150206 0.015854186087381095 5569
1786503152790 0.015525163733400404 5570
1786503155379 0.015559313469566405 5571
1786503157970 0.015546227979939431 5572
1786503160559 0.015689173946157098 5573
1786503163143 0.01585428067483008 5574
1786503165726 0.015486602496821433 5575
1786503168307 0.015700469142757356 5576
1786503170885 0.015875764715019614 5577
1786503173461 0.01577201409963891 5578
1786503176037 0.01563622069079429 5579
1786503178614 0.015714346547611058 5580
1786503181190 0.015796240302734077 5581
1786503183766 0.015567386813927442 5582
1786503186343 0.015637273259926587 5583
1786503188919 0.015624365885742009 5584
1786503191495 0.015553556208033115 5585
1786503194072 0.015874975011684 5586
1786503196649 0.01582242187578231 5587
1786503199226 0.01586619403678924 5588
1786503201803 0.01565737638156861 5589
1786503204379 0.015581492974888533 5590
1786503206956 0.015893060655798763 5591
1786503209532 0.015498458407819271 5592
1786503212111 0.015653753012884408 5593
1786503214690 0.015852552489377558 5594
1786503217272 0.015818433254025877 5595
1786503219860 0.015747451630886644 5596
1786503222445 0.01578064152272418 5597
1786503225031 0.015529761323705316 5598
1786503227616 0.015719734830781817 5599
1786503230202 0.01578347448958084 5600
1786503232790 0.015576054924167693 5601
1786503235375 0.01544118335004896 5602
1786503237964 0.015730590326711535 5603
1786503240557 0.01565927593037486 5604
1786503243146 0.01574010244803503 5605
1786503245733 0.01583161950111389 5606
1786503248320 0.015501298243179917 5607
1786503250903 0.015451510204002261 5608
1786503253486 0.015499891131184995 5609
1786503256070 0.01575239113299176 5610
1786503258654 0.015550015727058053 5611
1786503261238 0.015529307187534869 5612
1786503263819 0.015618466422893107 5613
1786503266400 0.015509344288147986 5614
1786503268980 0.015709557745140046 5615
1786503271564 0.01564686157507822 5616
1786503274148 0.01564412412699312 5617
1786503276735 0.015756978886201978 5618
1786503279321 0.015656594710890204 5619
1786503281912 0.01552688330411911 5620
1786503284499 0.01579335972201079 5621
1786503287087 0.01571897405665368 5622
1786503289676 0.015551835938822478 5623
1786503292262 0.015701692667789757 5624
1786503294844 0.015584599110297859 5625
1786503297425 0.015566179703455418 5626
1786503300008 0.015763297153171152 5627
1786503302588 0.0155293422867544 5628
1786503305171 0.015819051302969456 5629
1786503307753 0.015532510471530259 5630
1786503310334 0.015975741611327976 5631
1786503312916 0.015846355236135423 5632
1786503315497 0.015686704078689218 5633
1786503318078 0.0156739343656227 5634
1786503320658 0.015906284388620406 5635
1786503323239 0.015441188006661832 5636
1786503325820 0.015367192565463483 5637
1786503328401 0.015758804162032902 5638
1786503330984 0.015719303977675736 5639
1786503333564 0.015796066727489233 5640
1786503336145 0.015679849369917065 5641
1786503338727 0.015641388192307204 5642
1786503341318 0.01584270183229819 5643
1786503343906 0.01586932485224679 5644
1786503346493 0.015814017737284303 5645
1786503349080 0.015476358006708324 5646
1786503351669 0.015882474079262465 5647
1786503354255 0.01568596379365772 5648
1786503356851 0.01561005850089714 5649
1786503359446 0.015658185991924256 5650
1786503362042 0.01564611663343385 5651
1786503364641 0.0155843201209791 5652
1786503367233 0.015696232090704143 5653
1786503369815 0.0159197011962533 5654
1786503372396 0.01583555486286059 5655
1786503374978 0.015320828882977366 5656
1786503377560 0.0154757218551822 5657
1786503380140 0.015253608929924667 5658
1786503382724 0.01541494979755953 5659
1786503385307 0.015519700828008354 5660
1786503387891 0.0156609988771379 5661
1786503390476 0.015423264296259731 5662
1786503393065 0.015617271768860519 5663
1786503395653 0.01574484893353656 5664
1786503398241 0.015587840462103486 5665
1786503400828 0.015583172382321209 5666
1786503403416 0.015471488237380981 5667
1786503406002 0.015822135319467634 5668
1786503408589 0.015778862813021988 5669
1786503411176 0.015837231534533203 5670
1786503413764 0.01561660278821364 5671
1786503416352 0.015529395779594779 5672
1786503418938 0.01556732930475846 5673
1786503421525 0.01553933578543365 5674
1786503424111 0.015830756456125528 5675
1786503426698 0.015513570106122643 5676
1786503429290 0.015601549064740539 5677
1786503431873 0.015866136003751308 5678
1786503434456 0.015673942863941193 5679
1786503437042 0.01575342135038227 5680
1786503439628 0.01566378481220454 5681
1786503442216 0.01568096032133326 5682
1786503444804 0.015626762178726494 5683
1786503447392 0.015434169035870582 5684
1786503449978 0.015544607827905566 5685
1786503452570 0.015506981988437474 5686
1786503455161 0.01571072469232604 5687
1786503457747 0.015883459826000035 5688
1786503460328 0.01572939206380397 5689
1786503462909 0.015822713903617114 5690
1786503465490 0.015502737078350037 5691
1786503468070 0.01539952534949407 5692
1786503470651 0.015740669798105955 5693
1786503473232 0.015601613791659474 5694
1786503475815 0.015758931927848607 5695
1786503478397 0.015459815796930343 5696
1786503480978 0.01567619532579556 5697
1786503483560 0.015763101575430483 5698
1786503486141 0.015270056610461324 5699
1786503488721 0.015568247064948082 5700
1786503491301 0.01556628302205354 5701
1786503493881 0.015797070984262973 5702
1786503496462 0.015672141511458904 5703
1786503499042 0.015639698249287903 5704
1786503501621 0.015631529095117003 5705
1786503504201 0.015797622734680772 5706
1786503506782 0.01565408904571086 5707
1786503509363 0.015568138216622174 5708
1786503511944 0.015354784147348255 5709
1786503514525 0.015838971128687263 5710
1786503517107 0.015794248844031245 5711
1786503519688 0.01562222489155829 5712
1786503522271 0.015662104124203324 5713
1786503524854 0.015732154715806246 5714
1786503527437 0.015599823440425098 5715
1786503530021 0.01556584081845358 5716
1786503532604 0.01565863552968949 5717
1786503535189 0.015575493045616895 5718
1786503537777 0.015422020049300045 5719
1786503540364 0.015648415952455252 5720
1786503542953 0.015633928880561143 5721
1786503545540 0.015684989106375724 5722
1786503548128 0.015435449313372374 5723
1786503550716 0.015672192093916237 5724
1786503553303 0.0157856167643331 5725
1786503555890 0.015606401313561946 5726
1786503558480 0.015724434109870344 5727
1786503561072 0.015605483611579984 5728
1786503563659 0.015524263319093734 5729
1786503566247 0.015541376604232937 5730
1786503568834 0.015428336919285357 5731
1786503571417 0.015613999625202268 5732
1786503573999 0.015887734945863485 5733
1786503576579 0.01575523748761043 5734
1786503579160 0.015661731595173478 5735
1786503581740 0.015693364548496902 5736
1786503584321 0.015663824218790978 5737
1786503586901 0.015743161900900304 5738
1786503589487 0.015495351748540998 5739
1786503592071 0.0156365756993182 5740
1786503594654 0.015535855782218277 5741
1786503597243 0.015350420493632555 5742
1786503599831 0.01569645176641643 5743
1786503602419 0.015772913524415344 5744
1786503605006 0.015688456885982305 5745
1786503607599 0.015505236922763288 5746
1786503610180 0.015606628148816526 5747
1786503612762 0.015688754618167877 5748
1786503615350 0.01565350516466424 5749
1786503617937 0.015319226833526045 5750
1786503620523 0.015647941560018808 5751
1786503623115 0.015703752054832876 5752
1786503625704 0.015509334625676274 5753
1786503628295 0.015397448441945016 5754
1786503630883 0.01566452020779252 5755
1786503633472 0.015830024960450828 5756
1786503636067 0.015629322093445808 5757
1786503638658 0.01569652050966397 5758
1786503641249 0.015550600714050233 5759
1786503643852 0.015666475403122604 5760
1786503646448 0.01562521531013772 5761
1786503649039 0.015269278432242572 5762
1786503651630 0.015496819803956896 5763
1786503654221 0.01571830571629107 5764
1786503656815 0.01543257012963295 5765
1786503659398 0.015270835370756686 5766
1786503661978 0.015566587564535439 5767
1786503664564 0.015379390679299831 5768
1786503667146 0.01548311481019482 5769
1786503669728 0.015653104172088206 5770
1786503672307 0.01565112330717966 5771
1786503674887 0.01564036589115858 5772
1786503677467 0.015719157177954912 5773
1786503680048 0.015564433299005032 5774
1786503682628 0.015539088984951377 5775
1786503685208 0.015189881494734436 5776
1786503687790 0.0158811419387348 5777
1786503690371 0.015294475655537099 5778
1786503692954 0.015605706081259996 5779
1786503695535 0.01569026871584356 5780
1786503698116 0.01550242758821696 5781
1786503700698 0.01546368922572583 5782
1786503703279 0.01564123504795134 5783
1786503705860 0.015411164611577988 5784
1786503708444 0.015579042956233025 5785
1786503711028 0.015751998289488256 5786
1786503713610 0.01569773443043232 5787
1786503716191 0.015522859641350806 5788
1786503718773 0.015429197810590267 5789
1786503721354 0.015506027324590832 5790
1786503723935 0.015618695120792836 5791
1786503726517 0.015725169971119612 5792
1786503729099 0.01555249688681215 5793
1786503731679 0.015551874414086342 5794
1786503734263 0.015194238047115505 5795
1786503736843 0.015520942804869264 5796
1786503739424 0.015521015389822423 5797
1786503742004 0.015334614727180451 5798
1786503744584 0.015688446641433984 5799
1786503747164 0.015482180227991194 5800
1786503749744 0.015437593392562121 5801
1786503752325 0.015323371044360101 5802
1786503754905 0.015766353288199753 5803
1786503757486 0.015547430142760277 5804
1786503760066 0.015782085829414427 5805
1786503762646 0.015596541401464492 5806
1786503765226 0.015521501656621695 5807
1786503767807 0.015434747911058366 5808
1786503770389 0.015577439684420824 5809
1786503772971 0.015694913163315505 5810
1786503775552 0.015487683063838631 5811
1786503778134 0.015432158252224326 5812
1786503780715 0.015482410613913089 5813
1786503783295 0.015422296535689384 5814
1786503785876 0.01553740305826068 5815
1786503788457 0.015339460573159158 5816
1786503791039 0.015475256135687232 5817
1786503793621 0.01588385400827974 5818
1786503796198 0.01588414696743712 5819
1786503798775 0.01568661507917568 5820
1786503801351 0.015183942159637809 5821
1786503803928 0.015281253552529961 5822
1786503806505 0.015443739190232009 5823
1786503809082 0.01552345440723002 5824
1786503811658 0.015320758568122983 5825
1786503814235 0.015653565351385623 5826
1786503816811 0.015545073547400534 5827
1786503819391 0.015614420350175351 5828
1786503821972 0.015283096232451499 5829
1786503824553 0.015462813549675047 5830
1786503827134 0.015597904624883085 5831
1786503829716 0.01543252996634692 5832
1786503832297 0.015729533857665956 5833
1786503834878 0.015336243028286844 5834
1786503837461 0.015273665136191994 5835
1786503840044 0.01543015002971515 5836
1786503842633 0.015626788488589227 5837
1786503845214 0.01535443461034447 5838
1786503847796 0.015371002489700913 5839
1786503850384 0.01570938661461696 5840
1786503852966 0.015522714762482792 5841
1786503855549 0.015518458094447851 5842
1786503858138 0.015433812863193452 5843
1786503860726 0.015665083657950163 5844
1786503863312 0.015597787103615701 5845
1786503865894 0.015351233538240194 5846
1786503868475 0.015343427890911698 5847
1786503871057 0.015464740281458944 5848
1786503873640 0.015410913794767112 5849
1786503876221 0.015686667524278164 5850
1786503878802 0.015228371659759432 5851
1786503881386 0.01522241736529395 5852
1786503883969 0.01546118239639327 5853
1786503886552 0.015827626979444176 5854
1786503889139 0.015726550540421158 5855
1786503891723 0.015318306745029986 5856
1786503894304 0.01547032326925546 5857
1786503896885 0.015645636129193008 5858
1786503899465 0.015636119584087282 5859
1786503902046 0.015508883283473551 5860
1786503904626 0.015255091595463455 5861
1786503907206 0.015375332324765623 5862
1786503909790 0.015673938090912998 5863
1786503912370 0.015252523764502257 5864
1786503914950 0.015511886565946043 5865
1786503917529 0.01568963349564001 5866
1786503920110 0.015495385974645615 5867
1786503922693 0.015622753533534706 5868
1786503925274 0.01577144709881395 5869
1786503927854 0.015599517209921032 5870
1786503930435 0.015437748050317168 5871
1786503933016 0.015630057838279754 5872
1786503935601 0.015488514036405832 5873
1786503938187 0.015307197056245059 5874
1786503940768 0.015749399142805487 5875
1786503943349 0.015530058881267905 5876
1786503945929 0.015378851443529129 5877
1786503948508 0.01551043038489297 5878
1786503951091 0.015449865139089525 5879
1786503953676 0.015538529434707016 5880
1786503956261 0.015394708490930498 5881
1786503958843 0.015332737006247044 5882
1786503961428 0.015259314503055066 5883
1786503964009 0.015643395949155092 5884
1786503966589 0.015462074370589107 5885
1786503969171 0.015822922287043184 5886
1786503971752 0.015421232499647886 5887
1786503974333 0.015619726327713579 5888
1786503976914 0.015543047862593085 5889
1786503979494 0.015598019468598068 5890
1786503982077 0.01557218434754759 5891
1786503984659 0.015153345128055662 5892
1786503987250 0.015478402492590249 5893
1786503989831 0.01545930199790746 5894
1786503992413 0.015279209066648036 5895
1786503994998 0.015263668959960341 5896
1786503997580 0.015481837908737361 5897
1786504000163 0.015542095352429897 5898
1786504002746 0.015557758801151067 5899
1786504005327 0.015310656686779112 5900
1786504007909 0.015551007993053645 5901
1786504010496 0.015528789139352739 5902
1786504013087 0.015563220425974578 5903
1786504015672 0.015596413519233465 5904
1786504018254 0.015559909457806498 5905
1786504020836 0.015258321131113917 5906
1786504023418 0.015416823036503047 5907
1786504026001 0.015348644577898085 5908
1786504028582 0.01549230032833293 5909
1786504031165 0.015498907945584506 5910
1786504033746 0.015543460613116622 5911
1786504036327 0.015464110358152539 5912
1786504038908 0.015630318375770003 5913
1786504041490 0.015823684283532202 5914
1786504044072 0.015527907700743526 5915
1786504046655 0.015254998521413654 5916
1786504049236 0.015719196351710707 5917
1786504051819 0.01559132122201845 5918
1786504054401 0.015438430302310735 5919
1786504056983 0.01532941625919193 5920
1786504059565 0.01532243104884401 5921
1786504062146 0.015205491508822888 5922
1786504064727 0.015342471131589264 5923
1786504067309 0.015399576455820352 5924
1786504069890 0.015475521387998015 5925
1786504072471 0.015324647829402238 5926
1786504075052 0.015367960964795202 5927
1786504077633 0.015473141509573907 5928
1786504080214 0.015575768309645355 5929
1786504082795 0.015473439474590123 5930
1786504085377 0.015276410151273012 5931
1786504087959 0.015139496768824756 5932
1786504090541 0.015123225864954293 5933
1786504093121 0.015297503094188869 5934
1786504095702 0.015302262385375798 5935
1786504098283 0.015279032057151198 5936
1786504100864 0.015474754385650158 5937
1786504103444 0.015424174489453435 5938
1786504106026 0.01550279778894037 5939
1786504108607 0.015198442677501589 5940
1786504111188 0.015578178979922086 5941
1786504113769 0.015585713495966047 5942
1786504116350 0.01567367307143286 5943
1786504118932 0.015479399473406374 5944
1786504121514 0.015547604067251086 5945
1786504124095 0.015374985930975527 5946
1786504126679 0.015509026881773025 5947
1786504129260 0.015617730387020856 5948
1786504131841 0.015555488876998425 5949
1786504134425 0.015434585395269096 5950
1786504137005 0.015346423140726984 5951
1786504139582 0.01526363636367023 5952
1786504142164 0.015221055364236236 5953
1786504144745 0.015326697146520019 5954
1786504147326 0.01552811951842159 5955
1786504149907 0.015497569285798818 5956
1786504152487 0.015409719373565167 5957
1786504155063 0.015682704921346158 5958
1786504157639 0.015685019316151738 5959
1786504160216 0.015498893277253956 5960
1786504162791 0.015607986249960959 5961
1786504165367 0.015298637852538377 5962
1786504167945 0.015650531509891152 5963
1786504170521 0.015321806480642408 5964
1786504173098 0.0152407928253524 5965
1786504175675 0.015381549252197146 5966
1786504178253 0.015552505617961287 5967
1786504180829 0.015857594087719917 5968
1786504183406 0.015794477541930974 5969
1786504185982 0.015417375834658742 5970
1786504188560 0.015345909167081118 5971
1786504191138 0.01561895344639197 5972
1786504193718 0.01537417754298076 5973
1786504196295 0.015678539057262242 5974
1786504198872 0.015281482483260334 5975
1786504201448 0.015257481136359274 5976
1786504204029 0.0153355086222291 5977
1786504206610 0.01532878470607102 5978
1786504209192 0.01528573059476912 5979
1786504211773 0.015541365253739059 5980
1786504214354 0.015556700702290982 5981
1786504216936 0.015554687124677002 5982
1786504219516 0.015396675909869373 5983
1786504222097 0.015068869688548148 5984
1786504224678 0.01554246072191745 5985
1786504227260 0.015467742923647165 5986
1786504229840 0.01545614009955898 5987
1786504232422 0.015338925644755363 5988
1786504235002 0.015428546001203358 5989
1786504237584 0.0157201363472268 5990
1786504240168 0.015418741095345467 5991
1786504242755 0.015531625074800104 5992
1786504245335 0.015570193179883063 5993
1786504247919 0.015601441671606153 5994
1786504250503 0.015456317167263478 5995
1786504253083 0.015222369635012 5996
1786504255664 0.01537265651859343 5997
1786504258246 0.015466137789189816 5998
1786504260827 0.01561308722011745 5999
1786504265453 0.015511968929786235 6000
1786504268033 0.015364450111519545 6001
1786504270614 0.015128807397559285 6002
1786504273194 0.015311003488022834 6003
1786504275775 0.015370529785286635 6004
1786504278355 0.015263904526364058 6005
1786504280937 0.015573256881907582 6006
1786504283522 0.015642963466234505 6007
1786504286103 0.01549844880355522 6008
1786504288684 0.015283746994100511 6009
1786504291265 0.015465622942429036 6010
1786504293848 0.015290423762053251 6011
1786504296429 0.015448450460098684 6012
1786504299010 0.01555672095855698 6013
1786504301591 0.015362004691269249 6014
1786504304173 0.015389088599476963 6015
1786504306752 0.015591861621942371 6016
1786504309333 0.015233151149004698 6017
1786504311912 0.015529528143815696 6018
1786504314495 0.015596268407534808 6019
1786504317074 0.015750168880913407 6020
1786504319654 0.0153411467326805 6021
1786504322234 0.015190064150374383 6022
1786504324816 0.01565811561886221 6023
1786504327396 0.015519704145845026 6024
1786504329976 0.015538622858002782 6025
1786504332558 0.01567059539956972 6026
1786504335140 0.015529814292676747 6027
1786504337722 0.015473185805603862 6028
1786504340303 0.015370861627161503 6029
1786504342884 0.015364852908533067 6030
1786504345467 0.015507864532992244 6031
1786504348049 0.015796734194736928 6032
1786504350629 0.015356584161054343 6033
1786504353209 0.015285200846847147 6034
1786504355789 0.015150607971008867 6035
1786504358371 0.01556101010646671 6036
1786504360953 0.01541474397527054 6037
1786504363534 0.015513899154029787 6038
1786504366115 0.015303974330890924 6039
1786504368696 0.015524214482866228 6040
1786504371282 0.015331449394579977 6041
1786504373863 0.015315810451284051 6042
1786504376443 0.015432869258802384 6043
1786504379025 0.01525604265043512 6044
1786504381607 0.015147069527301937 6045
1786504384189 0.015142883989028633 6046
1786504386772 0.015323863015510142 6047
1786504389354 0.01541620324132964 6048
1786504391936 0.0150599455810152 6049
1786504394517 0.015343469625804573 6050
1786504397098 0.015210115525405854 6051
1786504399680 0.015519837907049805 6052
1786504402261 0.015783555165398866 6053
1786504404843 0.015304134925827384 6054
1786504407427 0.015525036957114935 6055
1786504410008 0.015528322663158178 6056
1786504412591 0.015346640138886869 6057
1786504415172 0.015210120880510658 6058
1786504417754 0.015597587102092803 6059
1786504420336 0.015650612476747483 6060
1786504422916 0.0153861558646895 6061
1786504425496 0.015153593965806067 6062
1786504428076 0.015216153755318373 6063
1786504430658 0.014957816456444561 6064
1786504433238 0.015029208618216217 6065
1786504435820 0.01535286835860461 6066
1786504438402 0.01539789722301066 6067
1786504440983 0.015484925592318177 6068
1786504443562 0.015065312967635691 6069
1786504446144 0.015251217177137733 6070
1786504448725 0.015314872085582465 6071
1786504451305 0.015470495447516441 6072
1786504453885 0.015465931151993573 6073
1786504456467 0.015479113964829594 6074
1786504459047 0.015559482795652002 6075
1786504461628 0.015469249978195876 6076
1786504464209 0.014990947733167559 6077
1786504466791 0.01554558303905651 6078
1786504469373 0.01527309452649206 6079
1786504471954 0.015330092050135136 6080
1786504474535 0.015203484101220965 6081
1786504477116 0.015204888710286468 6082
1786504479700 0.015354531817138195 6083
1786504482281 0.015526330913417041 6084
1786504484863 0.01545114879263565 6085
1786504487445 0.015551984368357807 6086
1786504490028 0.015336481854319572 6087
1786504492612 0.015510245168115944 6088
1786504495194 0.015377281000837684 6089
1786504497776 0.015164903597906232 6090
1786504500358 0.015205316711217165 6091
1786504502940 0.015400928328745067 6092
1786504505534 0.015386919490993023 6093
1786504508119 0.015174612577538937 6094
1786504510708 0.015236256120260805 6095
1786504513294 0.015252506243996322 6096
1786504515876 0.015485420997720212 6097
1786504518457 0.015666941471863538 6098
1786504521039 0.015341554710175842 6099
1786504523620 0.015250485157594085 6100
1786504526201 0.01531766657717526 6101
1786504528783 0.015272763441316783 6102
1786504531366 0.015353159687947482 6103
1786504533948 0.015392302419058979 6104
1786504536531 0.01535852177767083 6105
1786504539114 0.015364959079306573 6106
1786504541695 0.015302350337151438 6107
1786504544278 0.015651570807676762 6108
1786504546859 0.015453502244781703 6109
1786504549442 0.015254545549396425 6110
1786504552024 0.015213536273222417 6111
1786504554605 0.015412846580147743 6112
1786504557186 0.015319912461563945 6113
1786504559767 0.015484281466342509 6114
1786504562348 0.015266101283486933 6115
1786504564928 0.015319720027036965 6116
1786504567509 0.015504927025176585 6117
1786504570090 0.015441094059497118 6118
1786504572671 0.015227863157633692 6119
1786504575252 0.015324809239245951 6120
1786504577834 0.015341170481406152 6121
1786504580415 0.015554786776192486 6122
1786504582997 0.015487861703149974 6123
1786504585578 0.015506553172599524 6124
1786504588158 0.015200261026620865 6125
1786504590739 0.015310205053538084 6126
1786504593320 0.015705052646808326 6127
1786504595902 0.0153614612063393 6128
1786504598483 0.015445867320522666 6129
1786504601064 0.015067245287355036 6130
1786504603646 0.015435488719958812 6131
1786504606229 0.015575348341371864 6132
1786504608812 0.015253267716616392 6133
1786504611396 0.015526115661486983 6134
1786504613982 0.015506595489569008 6135
1786504616564 0.015369210566859692 6136
1786504619145 0.015588759211823344 6137
1786504621723 0.015442358679138124 6138
1786504624303 0.01528601546306163 6139
1786504626883 0.015254170924890786 6140
1786504629463 0.015442568343132734 6141
1786504632044 0.01542022847570479 6142
1786504634625 0.015191616315860301 6143
1786504637207 0.0151079815113917 6144
1786504639788 0.015252322948072106 6145
1786504642369 0.015242390625644475 6146
1786504644948 0.015445818600710481 6147
1786504647529 0.015377840376459062 6148
1786504650109 0.015123774064704776 6149
1786504652690 0.015230445133056492 6150
1786504655272 0.01539185066940263 6151
1786504657852 0.01547530252719298 6152
1786504660434 0.015542412758804858 6153
1786504663014 0.015241508197505027 6154
1786504665595 0.015093494963366538 6155
1786504668176 0.014993767254054546 6156
1786504670760 0.015258560539223254 6157
1786504673342 0.015522076340857893 6158
1786504675927 0.015421126852743328 6159
1786504678508 0.01524568535387516 6160
1786504681088 0.015423331467900425 6161
1786504683668 0.015432132466230541 6162
1786504686246 0.01522512623341754 6163
1786504688822 0.015195376588962972 6164
1786504691398 0.015364692953880876 6165
1786504693975 0.015394158835988492 6166
1786504696551 0.015291857067495584 6167
1786504699128 0.015193118248134851 6168
1786504701704 0.015547019836958498 6169
1786504704280 0.015687110018916428 6170
1786504706857 0.015257426246535033 6171
1786504709434 0.01526666630525142 6172
1786504712011 0.015174919972196221 6173
1786504714587 0.015215311548672616 6174
1786504717164 0.015506273368373513 6175
1786504719741 0.015263869136106223 6176
1786504722317 0.015325768734328449 6177
1786504724894 0.015584752894937992 6178
1786504727470 0.015492989914491773 6179
1786504730048 0.015500142762903124 6180
1786504732631 0.015175074338912964 6181
1786504735217 0.01526697160443291 6182
1786504737799 0.015257424849551171 6183
1786504740382 0.015464987140148878 6184
1786504742964 0.015623098355717957 6185
1786504745546 0.015322165214456618 6186
1786504748130 0.015491558820940554 6187
1786504750712 0.015093289024662226 6188
1786504753294 0.015105541970115155 6189
1786504755876 0.01533356838626787 6190
1786504758457 0.015085998049471527 6191
1786504761039 0.01526273338822648 6192
1786504763620 0.015433822176419199 6193
1786504766201 0.015586223802529275 6194
1786504768782 0.015239366563037038 6195
1786504771362 0.015462805982679129 6196
1786504773944 0.015407256956677884 6197
1786504776525 0.015088867046870291 6198
1786504779105 0.015146121848374605 6199
1786504781686 0.015214834187645465 6200
1786504784268 0.015264601621311158 6201
1786504786848 0.015279486367944628 6202
1786504789430 0.015264192130416632 6203
1786504792011 0.015528295247349888 6204
1786504794591 0.015544689260423183 6205
1786504797175 0.015432395332027227 6206
1786504799757 0.015105038066394627 6207
1786504802336 0.015508119307924062 6208
1786504804918 0.015392092172987759 6209
1786504807501 0.01542954723117873 6210
1786504810081 0.015537586761638522 6211
1786504812662 0.015275601122993976 6212
1786504815243 0.015107674291357398 6213
1786504817824 0.015064832754433155 6214
1786504820404 0.015332505863625556 6215
1786504822985 0.015417127637192607 6216
1786504825565 0.015220022236462682 6217
1786504828146 0.015193421044386923 6218
1786504830727 0.015208063879981637 6219
1786504833308 0.015232057427056134 6220
1786504835889 0.015607626119162887 6221
1786504838472 0.015388524858281016 6222
1786504841054 0.015289234870579094 6223
1786504843634 0.015255967737175524 6224
1786504846216 0.015153773128986359 6225
1786504848798 0.015191678889095783 6226
1786504851385 0.015527958574239165 6227
1786504853973 0.0152788499253802 6228
1786504856555 0.01487272314261645 6229
1786504859138 0.01505586743587628 6230
1786504861721 0.015259180509019643 6231
1786504864304 0.015406423481181264 6232
1786504866888 0.01536956219933927 6233
1786504869471 0.015311804949305952 6234
1786504872053 0.015141255513299257 6235
1786504874634 0.015309579437598586 6236
1786504877214 0.015289013332221657 6237
1786504879797 0.01534381101373583 6238
1786504882377 0.015129582316149026 6239
1786504884956 0.015215728781186044 6240
1786504887537 0.015218317916151136 6241
1786504890120 0.015092785644810647 6242
1786504892698 0.015421503223478794 6243
1786504895274 0.01518615212989971 6244
1786504897850 0.01556900393916294 6245
1786504900426 0.01542290096404031 6246
1786504903002 0.015045049542095512 6247
1786504905579 0.01522270345594734 6248
1786504908155 0.01549868640722707 6249
1786504910731 0.0152781858923845 6250
1786504913307 0.015474740997888148 6251
1786504915885 0.015293285017833114 6252
1786504918461 0.015165784687269479 6253
1786504921036 0.015323083265684545 6254
1786504923612 0.015135392488446087 6255
1786504926189 0.015270337695255876 6256
1786504928765 0.015460989030543715 6257
1786504931341 0.015293819305952638 6258
1786504933917 0.015179839334450662 6259
1786504936494 0.015255770238582045 6260
1786504939068 0.01507901109289378 6261
1786504941642 0.015147698228247464 6262
1786504944219 0.015466410492081195 6263
1786504946799 0.015556763217318803 6264
1786504949379 0.015607260342221707 6265
1786504951959 0.015031394781544805 6266
1786504954539 0.015371219487860799 6267
1786504957119 0.015288482187315822 6268
1786504959699 0.015518980624619871 6269
1786504962279 0.01527705229818821 6270
1786504964861 0.015245111717376858 6271
1786504967444 0.015403174562379718 6272
1786504970029 0.0154171003960073 6273
1786504972614 0.015476652013603598 6274
1786504975195 0.01537598407594487 6275
1786504977778 0.015063071914482862 6276
1786504980361 0.01515549374744296 6277
1786504982943 0.015297795180231333 6278
1786504985525 0.01561465801205486 6279
1786504988109 0.015631172282155603 6280
1786504990690 0.015192731050774455 6281
1786504993272 0.014930407050997019 6282
1786504995853 0.01537503965664655 6283
1786504998435 0.015633240167517215 6284
1786505001017 0.015606206958182156 6285
1786505003598 0.015392412547953427 6286
1786505006179 0.015220571542158723 6287
1786505008759 0.014936489227693528 6288
1786505011340 0.015258084516972303 6289
1786505013921 0.015344179642852396 6290
1786505016502 0.01526285958243534 6291
1786505019083 0.014992819109465927 6292
1786505021663 0.015238591935485601 6293
1786505024244 0.015396506350953132 6294
1786505026825 0.015552215918432921 6295
1786505029405 0.01505527866538614 6296
1786505031986 0.015115924063138664 6297
1786505034569 0.015308236295823008 6298
1786505037151 0.015271421580109745 6299
1786505039731 0.01537408703006804 6300
1786505042311 0.015249102027155459 6301
1786505044891 0.01495102874469012 6302
1786505047472 0.015340869140345603 6303
1786505050052 0.015163689735345542 6304
1786505052632 0.015070819586981088 6305
1786505055213 0.015077383199241012 6306
1786505057794 0.015411183994729072 6307
1786505060375 0.015380775148514658 6308
1786505062956 0.015041740611195564 6309
1786505065540 0.015492088336031884 6310
1786505068126 0.015142598887905478 6311
1786505070710 0.015399249037727714 6312
1786505073292 0.015113947563804686 6313
1786505075873 0.015011076291557401 6314
1786505078455 0.014978866034653038 6315
1786505081036 0.015086743398569524 6316
1786505083617 0.015169690363109112 6317
1786505086198 0.015214635233860463 6318
1786505088779 0.015287669782992452 6319
1786505091363 0.0150605178787373 6320
1786505093944 0.015210587356705219 6321
1786505096526 0.015153090876992792 6322
1786505099106 0.015054349496494979 6323
1786505101683 0.015197931614238769 6324
1786505104258 0.015333322458900511 6325
1786505106835 0.01537839212687686 6326
1786505109411 0.015189576020929962 6327
1786505111992 0.01519601745530963 6328
1786505114571 0.015249461575876921 6329
1786505117147 0.015323602594435215 6330
1786505119722 0.015224844100885093 6331
1786505122298 0.015346770407631993 6332
1786505124873 0.015108938270714134 6333
1786505127448 0.015160212991759181 6334
1786505130022 0.01520548522239551 6335
1786505132597 0.015541275090072304 6336
1786505135173 0.015352072776295245 6337
1786505137747 0.015055796131491661 6338
1786505140322 0.015203614020720124 6339
1786505142897 0.015541315078735352 6340
1786505145471 0.01528181933099404 6341
1786505148046 0.015314679010771215 6342
1786505150622 0.015318889170885086 6343
1786505153198 0.015135175897739828 6344
1786505155774 0.015194614417850971 6345
1786505158350 0.015179287700448185 6346
1786505160926 0.015572151518426836 6347
1786505163504 0.015253126679453999 6348
1786505166081 0.015067167405504733 6349
1786505168657 0.014987888338509947 6350
1786505171232 0.01531050488119945 6351
1786505173810 0.015290875220671296 6352
1786505176385 0.01535758440149948 6353
1786505178961 0.015061595826409757 6354
1786505181542 0.015231436700560153 6355
1786505184126 0.01521292538382113 6356
1786505186709 0.015149474726058543 6357
1786505189291 0.015196755819488317 6358
1786505191872 0.015111287822946906 6359
1786505194456 0.015079587057698518 6360
1786505197039 0.01500112155918032 6361
1786505199626 0.015201121452264488 6362
1786505202208 0.015344927494879812 6363
1786505204793 0.015408621169626713 6364
1786505207374 0.015034510288387537 6365
1786505209956 0.015281843137927353 6366
1786505212537 0.014988555631134659 6367
1786505215121 0.01495526236249134 6368
1786505217699 0.015039494261145592 6369
1786505220276 0.015201312315184623 6370
1786505222852 0.015279173268936574 6371
1786505225432 0.015266834350768477 6372
1786505228010 0.015081997553352267 6373
1786505230591 0.015250254655256867 6374
1786505233174 0.015130160260014236 6375
1786505235756 0.015378835378214717 6376
1786505238336 0.015312318166252226 6377
1786505240916 0.01517675828654319 6378
1786505243498 0.015231596131343395 6379
1786505246078 0.015120247146114707 6380
1786505248657 0.01499567786231637 6381
1786505251236 0.015426781727001071 6382
1786505253815 0.015335770731326193 6383
1786505256396 0.01535058207809925 6384
1786505258977 0.015158926718868315 6385
1786505261559 0.01517710741609335 6386
1786505264141 0.015249104355461895 6387
1786505266721 0.014982269727624953 6388
1786505269302 0.014922065252903849 6389
1786505271882 0.015042503830045462 6390
1786505274465 0.015031680231913924 6391
1786505277046 0.015022265375591815 6392
1786505279627 0.01509742095367983 6393
1786505282207 0.01521954225609079 6394
1786505284788 0.015421710908412933 6395
1786505287369 0.015173372172284871 6396
1786505289949 0.014963223948143423 6397
1786505292530 0.015301562729291618 6398
1786505295112 0.015336513635702431 6399
1786505297693 0.015258863859344274 6400
1786505300273 0.015121153031941503 6401
1786505302853 0.015265353955328465 6402
1786505305436 0.015256531129125506 6403
1786505308017 0.015033363830298185 6404
1786505310597 0.01518842950463295 6405
1786505313176 0.015081478108186275 6406
1786505315756 0.015109105210285634 6407
1786505318336 0.014956668950617313 6408
1786505320915 0.015136557456571609 6409
1786505323496 0.015174377476796508 6410
1786505326075 0.014960391679778695 6411
1786505328655 0.014751361683011055 6412
1786505331237 0.015101520169992 6413
1786505333817 0.015189711994025856 6414
1786505336397 0.015223207825329155 6415
1786505338980 0.015231478668283671 6416
1786505341561 0.01539346092613414 6417
1786505344141 0.015183367708232254 6418
1786505346722 0.015085468359757215 6419
1786505349303 0.015094628324732184 6420
1786505351883 0.014992468117270619 6421
1786505354464 0.015128535684198141 6422
1786505357044 0.015105188300367445 6423
1786505359625 0.015292604628484696 6424
1786505362206 0.01517425529891625 6425
1786505364787 0.015354349452536553 6426
1786505367368 0.015170171798672527 6427
1786505369949 0.014953621313907206 6428
1786505372529 0.015174671891145408 6429
1786505375110 0.01479398919036612 6430
1786505377691 0.015186251781415194 6431
1786505380272 0.015265620779246092 6432
1786505382852 0.015239131869748235 6433
1786505385432 0.014982127118855715 6434
1786505388013 0.015104639809578657 6435
1786505390593 0.015453041240107268 6436
1786505393174 0.015469405334442854 6437
1786505395755 0.015223628259263933 6438
1786505398336 0.01502664916915819 6439
1786505400916 0.015372020308859646 6440
1786505403498 0.015379380085505545 6441
1786505406087 0.015445054275915027 6442
1786505408667 0.014900395937729627 6443
1786505411247 0.015142130199819803 6444
1786505413827 0.014876390574499965 6445
1786505416408 0.01514029101235792 6446
1786505418989 0.015196691092569381 6447
1786505421569 0.015234022575896233 6448
1786505424152 0.015190861595328897 6449
1786505426733 0.015257065882906318 6450
1786505429316 0.014846548030618578 6451
1786505431897 0.015217803767882288 6452
1786505434479 0.015372860711067915 6453
1786505437062 0.015415775880683213 6454
1786505439643 0.01537857309449464 6455
1786505442226 0.014997831953223795 6456
1786505444807 0.014895287982653826 6457
1786505447389 0.015092303976416588 6458
1786505449973 0.015198578708805144 6459
1786505452561 0.015268494782503694 6460
1786505455145 0.015009862428996712 6461
1786505457727 0.015071299101691693 6462
1786505460309 0.015052440110594034 6463
1786505462892 0.015014587843324989 6464
1786505465476 0.015216574189253151 6465
1786505468058 0.014976360253058374 6466
1786505470640 0.01481409784173593 6467
1786505473223 0.014847995713353157 6468
1786505475807 0.01503780233906582 6469
1786505478390 0.015115532150957733 6470
1786505480973 0.015053188311867416 6471
1786505483556 0.015176650718785822 6472
1786505486139 0.015191864047665149 6473
1786505488722 0.015481131034903228 6474
1786505491305 0.015278642124030739 6475
1786505493890 0.01509279670426622 6476
1786505496475 0.01514719903934747 6477
1786505499059 0.015157019312027842 6478
1786505501641 0.015224421920720488 6479
1786505504224 0.01507913472596556 6480
1786505506807 0.01517190394224599 6481
1786505509389 0.015173078514635563 6482
1786505511971 0.015112819441128522 6483
1786505514550 0.014973505341913551 6484
1786505517130 0.015159702103119344 6485
1786505519707 0.01515659102005884 6486
1786505522284 0.015274524106644094 6487
1786505524860 0.015382261539343745 6488
1786505527438 0.015160549839492887 6489
1786505530013 0.015290999668650329 6490
1786505532591 0.015180523798335344 6491
1786505535170 0.014920438348781317 6492
1786505537747 0.014939130982384086 6493
1786505540325 0.015038656711112708 6494
1786505542902 0.0152894277125597 6495
1786505545485 0.015283337037544698 6496
1786505548067 0.015194152889307588 6497
1786505550649 0.015154645079746842 6498
1786505553232 0.015134288987610489 6499
1786505557208 0.01496977754868567 6500
1786505559789 0.014960135449655354 6501
1786505562371 0.015050281013827771 6502
1786505564953 0.014951267454307526 6503
1786505567535 0.01497084874426946 6504
1786505570118 0.014972368720918894 6505
1786505572700 0.014933559170458466 6506
1786505575281 0.015105077531188726 6507
1786505577865 0.015096606803126633 6508
1786505580446 0.015104707796126604 6509
1786505583027 0.015210547426249832 6510
1786505585608 0.014849119877908379 6511
1786505588189 0.015037766483146697 6512
1786505590771 0.015051137830596417 6513
1786505593354 0.015158886089920998 6514
1786505595936 0.015390972897876054 6515
1786505598518 0.015067898144479841 6516
1786505601100 0.015091320150531828 6517
1786505603682 0.015090575674548745 6518
1786505606264 0.015186824719421566 6519
1786505608846 0.014928492135368288 6520
1786505611428 0.015042248473037034 6521
1786505614010 0.015423335891682655 6522
1786505616595 0.01541009679203853 6523
1786505619180 0.01524710829835385 6524
1786505621765 0.015213310602121055 6525
1786505624348 0.015013404481578618 6526
1786505626931 0.015280847670510411 6527
1786505629514 0.015188911696895957 6528
1786505632097 0.0148869005497545 6529
1786505634679 0.014977382961660624 6530
1786505637262 0.015120834461413324 6531
1786505639848 0.014815356931649148 6532
1786505642430 0.015187339449767023 6533
1786505645012 0.014881796552799642 6534
1786505647595 0.015148809819947928 6535
1786505650176 0.015135164256207645 6536
1786505652759 0.014886923308949918 6537
1786505655345 0.014947559277061373 6538
1786505657934 0.015066248713992536 6539
1786505660525 0.015221433422993869 6540
1786505663107 0.015114827605430037 6541
1786505665689 0.015193150960840285 6542
1786505668270 0.015066163265146315 6543
1786505670852 0.015037182194646448 6544
1786505673434 0.015189782832749188 6545
1786505676015 0.014998184866271913 6546
1786505678597 0.014870027254801244 6547
1786505681179 0.015132675995118916 6548
1786505683761 0.01506893231999129 6549
1786505686343 0.014774572744499892 6550
1786505688925 0.01539627998135984 6551
1786505691508 0.014963578258175403 6552
1786505694090 0.01545854052528739 6553
1786505696676 0.015044235391542315 6554
1786505699258 0.014892003731802106 6555
1786505701840 0.014840902062132955 6556
1786505704424 0.015003407141193748 6557
1786505707009 0.014998922357335687 6558
1786505709592 0.01508697884855792 6559
1786505712174 0.015092393849045038 6560
1786505714756 0.01510651083663106 6561
1786505717339 0.015049731358885765 6562
1786505719926 0.01496572681935504 6563
1786505722508 0.01482619741000235 6564
1786505725092 0.015019894752185792 6565
1786505727674 0.015129276376683265 6566
1786505730257 0.0154037723550573 6567
1786505732837 0.014988345501478761 6568
1786505735418 0.01494003168772906 6569
1786505738000 0.01506849774159491 6570
1786505740581 0.015130917599890381 6571
1786505743163 0.014944980735890567 6572
1786505745743 0.015117704344447702 6573
1786505748323 0.015136612637434155 6574
1786505750906 0.014976964564993978 6575
1786505753489 0.01489035360282287 6576
1786505756069 0.015092086279764771 6577
1786505758651 0.01542998879449442 6578
1786505761232 0.015311115887016058 6579
1786505763812 0.015068567707203329 6580
1786505766392 0.015152562118601054 6581
1786505768974 0.015052143775392324 6582
1786505771555 0.01509043329861015 6583
1786505774138 0.014892622944898903 6584
1786505776720 0.014978185296058655 6585
1786505779301 0.014990757452324033 6586
1786505781882 0.015339347475674003 6587
1786505784463 0.015259073465131223 6588
1786505787044 0.01525675703305751 6589
1786505789627 0.015138598857447505 6590
1786505792211 0.014868034806568176 6591
1786505794795 0.01482547534396872 6592
1786505797377 0.015268981049302965 6593
1786505799960 0.015074977418407798 6594
1786505802544 0.01503743336070329 6595
1786505805125 0.015019092592410743 6596
1786505807706 0.014979804633185267 6597
1786505810288 0.015255872916895896 6598
1786505812870 0.015111836022697389 6599
1786505815453 0.015047403168864548 6600
1786505818034 0.015175916429143399 6601
1786505820617 0.014752607443369925 6602
1786505823203 0.014844111748971045 6603
1786505825787 0.015132965287193656 6604
1786505828373 0.015217062726151198 6605
1786505830957 0.015022454143036157 6606
1786505833548 0.015165577351581305 6607
1786505836136 0.01491595699917525 6608
1786505838721 0.015247206727508456 6609
1786505841303 0.015383789374027401 6610
1786505843885 0.01509449491277337 6611
1786505846468 0.014780502067878842 6612
1786505849050 0.014919061795808375 6613
1786505851635 0.015087264764588326 6614
1786505854219 0.01494112960062921 6615
1786505856813 0.014948537282180041 6616
1786505859397 0.014898718218319118 6617
1786505861980 0.014999477483797818 6618
1786505864562 0.014900615497026592 6619
1786505867147 0.014963000488933176 6620
1786505869730 0.015071603062096983 6621
1786505872313 0.015086925937794149 6622
1786505874904 0.014842482283711433 6623
1786505877490 0.015082533995155245 6624
1786505880072 0.015029090573079884 6625
1786505882654 0.014859569841064513 6626
1786505885237 0.014931972895283252 6627
1786505887821 0.01496579492231831 6628
1786505890406 0.015057505515869707 6629
1786505892989 0.015009937225840986 6630
1786505895571 0.015305941051337868 6631
1786505898154 0.015281717700418085 6632
1786505900737 0.015207035874482244 6633
1786505903319 0.01511299895355478 6634
1786505905902 0.015207476157229394 6635
1786505908485 0.015011721407063305 6636
1786505911066 0.015201218833681196 6637
1786505913658 0.015091776207555085 6638
1786505916242 0.015038323472253978 6639
1786505918829 0.01489613193552941 6640
1786505921413 0.014654902624897659 6641
1786505923996 0.015193670114967972 6642
1786505926580 0.014980305219069123 6643
1786505929164 0.014946540584787726 6644
1786505931748 0.01478561176918447 6645
1786505934331 0.015026929380837828 6646
1786505936912 0.01494521409040317 6647
1786505939492 0.014815846807323396 6648
1786505942073 0.014844095567241311 6649
1786505944656 0.015048256260342896 6650
1786505947237 0.015144703909754753 6651
1786505949822 0.015274637495167553 6652
1786505952406 0.015033488220069557 6653
1786505954984 0.015004842076450586 6654
1786505957562 0.015042532584629953 6655
1786505960140 0.014819849340710789 6656
1786505962717 0.014835218316875398 6657
1786505965296 0.014985256420914084 6658
1786505967883 0.015235071594361216 6659
1786505970466 0.015155022614635527 6660
1786505973047 0.014868379046674818 6661
1786505975629 0.015197891450952739 6662
1786505978212 0.015019687183666974 6663
1786505980794 0.015015448851045221 6664
1786505983376 0.015105354075785726 6665
1786505985959 0.01498546393122524 6666
1786505988538 0.014984046807512641 6667
1786505991117 0.014808878360781819 6668
1786505993699 0.014919663721229881 6669
1786505996284 0.015204675262793899 6670
1786505998867 0.014782882353756577 6671
1786506001452 0.015290015551727265 6672
1786506004033 0.015209893812425435 6673
1786506006616 0.015227397787384689 6674
1786506009206 0.015022375737316906 6675
1786506011787 0.015018961974419653 6676
1786506014369 0.015085082792211324 6677
1786506016951 0.014835921640042216 6678
1786506019532 0.015152146574109793 6679
1786506022115 0.015182823524810374 6680
1786506024695 0.015244367707055062 6681
1786506027276 0.0150849002529867 6682
1786506029857 0.014822856348473579 6683
1786506032439 0.014782483573071659 6684
1786506035020 0.014950043288990855 6685
1786506037602 0.01503047620644793 6686
1786506040182 0.014972641307394952 6687
1786506042765 0.014953015255741775 6688
1786506045352 0.015062626276630908 6689
1786506047933 0.014996742829680443 6690
1786506050517 0.014944304537493736 6691
1786506053101 0.014589117199648172 6692
1786506055689 0.014861767704132944 6693
1786506058272 0.01510792295448482 6694
1786506060855 0.015345533029176295 6695
1786506063439 0.01518327632220462 6696
1786506066021 0.014751607028301805 6697
1786506068602 0.014915694715455174 6698
1786506071182 0.014872089377604425 6699
1786506073764 0.015268201474100351 6700
1786506076345 0.015089237655047327 6701
1786506078927 0.014927729032933712 6702
1786506081509 0.01499000599142164 6703
1786506084090 0.01506070006871596 6704
1786506086672 0.015122220967896283 6705
1786506089253 0.015082965546753258 6706
1786506091836 0.015122474520467222 6707
1786506094415 0.014809709624387324 6708
1786506096994 0.015106453152839094 6709
1786506099573 0.01535188069101423 6710
1786506102153 0.015034419717267156 6711
1786506104734 0.015085887862369418 6712
1786506107315 0.014960828353650868 6713
1786506109899 0.014992353622801602 6714
1786506112482 0.01522782415850088 6715
1786506115064 0.015253150544594973 6716
1786506117645 0.015047223074361682 6717
1786506120231 0.014879663183819503 6718
1786506122815 0.015137511130888015 6719
1786506125400 0.015401139564346522 6720
1786506127980 0.01495193928712979 6721
1786506130563 0.01517340517602861 6722
1786506133145 0.015079865348525345 6723
1786506135726 0.014939901942852885 6724
1786506138306 0.01507604296784848 6725
1786506140886 0.014994700031820685 6726
1786506143466 0.014957783161662519 6727
1786506146047 0.014942942245397717 6728
1786506148628 0.0150060256710276 6729
1786506151209 0.015296306984964758 6730
1786506153790 0.015194995678029954 6731
1786506156371 0.015133446955587715 6732
1786506158951 0.0149602429009974 6733
1786506161531 0.014881025126669556 6734
1786506164113 0.015132372791413218 6735
1786506166691 0.01520145038375631 6736
1786506169269 0.015019426064100116 6737
1786506171855 0.015163512842264026 6738
1786506174437 0.015088075480889529 6739
1786506177019 0.015091984358150512 6740
1786506179606 0.015031344431918114 6741
1786506182189 0.015242980909533799 6742
1786506184772 0.014678384934086353 6743
1786506187356 0.014895228669047356 6744
1786506189938 0.014831325272098184 6745
1786506192521 0.015066063264384866 6746
1786506195106 0.01486419135471806 6747
1786506197688 0.014785941108129919 6748
1786506200265 0.015004010871052742 6749
1786506202842 0.014859761227853596 6750
1786506205419 0.015206726326141506 6751
1786506207998 0.01514086191309616 6752
1786506210574 0.01487585814902559 6753
1786506213151 0.014979384373873472 6754
1786506215729 0.014852659893222153 6755
1786506218306 0.015072503185365349 6756
1786506220885 0.015068430511746556 6757
1786506223468 0.015225185197778046 6758
1786506226049 0.014853665139526129 6759
1786506228631 0.014879989379551262 6760
1786506231213 0.014921480265911669 6761
1786506233794 0.015197425382211804 6762
1786506236376 0.014861730684060603 6763
1786506238958 0.014669789117760956 6764
1786506241541 0.01499872689601034 6765
1786506244122 0.01474240783136338 6766
1786506246705 0.015324569947551936 6767
1786506249287 0.015298626734875143 6768
1786506251868 0.014513760048430413 6769
1786506254448 0.014833143563009799 6770
1786506257029 0.014808404550421983 6771
1786506259609 0.015022669394966215 6772
1786506262192 0.015160053328145295 6773
1786506264770 0.01499032910214737 6774
1786506267345 0.014782422396820039 6775
1786506269922 0.015123116958420724 6776
1786506272503 0.014858948183245957 6777
1786506275086 0.014966761518735439 6778
1786506277668 0.014872920408379287 6779
1786506280251 0.014846794831100851 6780
1786506282834 0.014919642417225987 6781
1786506285415 0.01501606055535376 6782
1786506287998 0.015070709574501961 6783
1786506290581 0.014905275020282716 6784
1786506293169 0.015049280773382634 6785
1786506295752 0.01516334165353328 6786
1786506298335 0.01508976292097941 6787
1786506300919 0.015143251395784318 6788
1786506303503 0.014731618284713477 6789
1786506306096 0.014971936761867255 6790
1786506308677 0.015045207866933197 6791
1786506311260 0.015458614972885698 6792
1786506313843 0.015099225623998791 6793
1786506316425 0.014859921648167074 6794
1786506319008 0.014802759746089578 6795
1786506321592 0.01493488549022004 6796
1786506324174 0.01497296872548759 6797
1786506326756 0.015008728252723813 6798
1786506329338 0.01491103001171723 6799
1786506331923 0.014837533817626536 6800
1786506334508 0.014798816526308656 6801
1786506337091 0.015036811004392803 6802
1786506339674 0.015058976248838007 6803
1786506342259 0.014910737285390496 6804
1786506344845 0.014853321190457791 6805
1786506347428 0.014898167282808572 6806
1786506350011 0.01539220759877935 6807
1786506352594 0.015005323977675289 6808
1786506355171 0.015007248264737427 6809
1786506357751 0.014704954868648201 6810
1786506360331 0.014784353435970843 6811
1786506362913 0.015185632219072431 6812
1786506365504 0.014938518579583615 6813
1786506368091 0.014863658929243684 6814
1786506370672 0.014979255734942853 6815
1786506373255 0.014819667499978095 6816
1786506375836 0.014853089349344373 6817
1786506378419 0.014867381716612726 6818
1786506381001 0.01495714345946908 6819
1786506383584 0.014946301060263067 6820
1786506386166 0.014872289961203933 6821
1786506388749 0.015143137716222554 6822
1786506391332 0.01505892799468711 6823
1786506393917 0.014926846022717655 6824
1786506396499 0.015202380367554724 6825
1786506399081 0.015030735346954316 6826
1786506401662 0.014872959232889116 6827
1786506404246 0.015083645237609744 6828
1786506406829 0.014908211538568139 6829
1786506409418 0.014951310236938298 6830
1786506412001 0.014927409414667636 6831
1786506414586 0.01522706268588081 6832
1786506417169 0.015061862592119724 6833
1786506419752 0.015027141780592501 6834
1786506422339 0.014970877324230969 6835
1786506424920 0.014940730994567275 6836
1786506427502 0.014916168816853315 6837
1786506430084 0.015061209385748953 6838
1786506432666 0.014784986851736903 6839
1786506435249 0.014970437274314463 6840
1786506437831 0.014848109392914921 6841
1786506440413 0.014741000486537814 6842
1786506442995 0.015077897405717522 6843
1786506445580 0.014780123892705888 6844
1786506448163 0.014763708633836359 6845
1786506450744 0.014767924847546965 6846
1786506453330 0.01480714842909947 6847
1786506455913 0.014919534849468619 6848
1786506458496 0.014805432700086385 6849
1786506461084 0.014753384632058442 6850
1786506463666 0.014881089678965509 6851
1786506466248 0.015001446648966521 6852
1786506468831 0.01513797661755234 6853
1786506471420 0.014927211857866496 6854
1786506474007 0.014654733473435044 6855
1786506476593 0.014574168948456645 6856
1786506479186 0.015035815129522234 6857
1786506481779 0.014901226619258523 6858
1786506484363 0.014739199017640203 6859
1786506486944 0.015068757347762585 6860
1786506489525 0.014944277296308428 6861
1786506492107 0.015379423974081874 6862
1786506494689 0.014937564905267209 6863
1786506497271 0.014787171559873968 6864
1786506499853 0.014980665349867195 6865
1786506502435 0.0149946003803052 6866
1786506505018 0.01497874699998647 6867
1786506507602 0.014757523371372372 6868
1786506510183 0.015011509938631207 6869
1786506512765 0.015127258491702378 6870
1786506515347 0.014935590326786041 6871
1786506517931 0.01471564150415361 6872
1786506520510 0.014855177549179643 6873
1786506523090 0.014790221466682851 6874
1786506525670 0.014667808660306036 6875
1786506528251 0.015222646587062627 6876
1786506530837 0.014894855907186866 6877
1786506533428 0.014777713513467461 6878
1786506536010 0.014869634062051773 6879
1786506538591 0.014886308228597045 6880
1786506541168 0.014897383574862033 6881
1786506543746 0.01493195362854749 6882
1786506546330 0.01471281936392188 6883
1786506548915 0.014832127373665571 6884
1786506551497 0.014952931087464094 6885
1786506554082 0.014958255051169544 6886
1786506556665 0.01467742258682847 6887
1786506559250 0.014840630232356489 6888
1786506561831 0.015019745915196836 6889
1786506564413 0.014839996467344463 6890
1786506566995 0.014762821898330003 6891
1786506569578 0.014858890674076974 6892
1786506572159 0.014632375561632216 6893
1786506574741 0.01518944458803162 6894
1786506577324 0.015116134367417544 6895
1786506579909 0.014740469167008996 6896
1786506582490 0.0149201377062127 6897
1786506585072 0.015109655330888927 6898
1786506587653 0.014907298784237355 6899
1786506590236 0.014830869506113231 6900
1786506592818 0.014813111047260463 6901
1786506595399 0.015006523113697767 6902
1786506597981 0.014664657064713538 6903
1786506600563 0.014860319322906435 6904
1786506603144 0.014975779340602458 6905
1786506605725 0.014992878423072398 6906
1786506608307 0.014987927686888725 6907
1786506610889 0.014815338479820639 6908
1786506613471 0.015116963826585561 6909
1786506616052 0.014950731070712209 6910
1786506618633 0.014949619595427066 6911
1786506621215 0.014904896612279117 6912
1786506623796 0.01457320898771286 6913
1786506626378 0.014748740184586495 6914
1786506628959 0.014908004319295287 6915
1786506631543 0.015057179727591574 6916
1786506634124 0.014892867708113045 6917
1786506636707 0.014833116554655135 6918
1786506639289 0.014841840311419219 6919
1786506641869 0.01497567689511925 6920
1786506644450 0.015176279412116855 6921
1786506647030 0.014965205395128578 6922
1786506649611 0.014832310611382127 6923
1786506652190 0.01516050792997703 6924
1786506654770 0.014874166809022427 6925
1786506657350 0.014825215621385723 6926
1786506659930 0.014888493227772415 6927
1786506662512 0.014704314933624119 6928
1786506665093 0.015013111056759953 6929
1786506667676 0.014935400045942515 6930
1786506670257 0.015101987984962761 6931
1786506672839 0.014928259479347616 6932
1786506675420 0.014991313859354705 6933
1786506678001 0.014889724494423717 6934
1786506680582 0.014954053971450776 6935
1786506683165 0.015123001707252115 6936
1786506685746 0.01500560692511499 6937
1786506688327 0.014999908511526883 6938
1786506690908 0.015061914338730276 6939
1786506693490 0.014870506711304188 6940
1786506696072 0.014665725291706622 6941
1786506698655 0.014679886284284294 6942
1786506701238 0.01477870688540861 6943
1786506703821 0.014713070180732757 6944
1786506706406 0.015038120851386338 6945
1786506708983 0.014953231206163764 6946
1786506711561 0.014853587199468166 6947
1786506714137 0.015111273096408695 6948
1786506716713 0.014742451719939709 6949
1786506719291 0.015218614891637117 6950
1786506721868 0.01491966424509883 6951
1786506724446 0.014809344429522753 6952
1786506727024 0.014789928623940796 6953
1786506729601 0.014837564725894481 6954
1786506732178 0.01490866526728496 6955
1786506734756 0.014936139632482082 6956
1786506737333 0.014910399913787842 6957
1786506739911 0.015019181359093636 6958
1786506742488 0.014887187804561108 6959
1786506745065 0.014995163946878165 6960
1786506747643 0.014840415504295379 6961
1786506750221 0.014860316121485084 6962
1786506752798 0.015064457315020263 6963
1786506755377 0.01497524045407772 6964
1786506757955 0.01489449548535049 6965
1786506760531 0.014789624663535506 6966
1786506763107 0.014801049779634923 6967
1786506765684 0.014587848330847919 6968
1786506768260 0.014979158295318484 6969
1786506770837 0.015088729385752231 6970
1786506773414 0.014736585901118815 6971
1786506775992 0.014669108961243182 6972
1786506778569 0.014591635845135897 6973
1786506781149 0.01490280544385314 6974
1786506783726 0.01481553417397663 6975
1786506786309 0.014625648211222142 6976
1786506788890 0.014400528802070767 6977
1786506791469 0.014691334683448076 6978
1786506794046 0.014552499749697745 6979
1786506796623 0.014703655382618308 6980
1786506799201 0.014829153136815876 6981
1786506801777 0.014599434041883796 6982
1786506804353 0.014863089774735272 6983
1786506806928 0.014724446751642972 6984
1786506809502 0.014712412550579756 6985
1786506812077 0.01508929074043408 6986
1786506814652 0.015013409836683422 6987
1786506817231 0.015062424936331809 6988
1786506819815 0.01495415112003684 6989
1786506822398 0.01483251788886264 6990
1786506824982 0.014939726563170552 6991
1786506827566 0.014766237523872405 6992
1786506830152 0.015184425748884678 6993
1786506832735 0.014763336279429495 6994
1786506835319 0.014710964227560908 6995
1786506837901 0.014819960691966116 6996
1786506840484 0.014926332863979042 6997
1786506843065 0.014575235894881189 6998
1786506845649 0.014509764616377652 6999
1786506849298 0.014895247237291187 7000
1786506851879 0.014430365641601384 7001
1786506854461 0.014838118629995733 7002
1786506857043 0.015130083309486508 7003
1786506859624 0.01479061011923477 7004
1786506862205 0.014859613089356571 7005
1786506864787 0.014666412957012653 7006
1786506867369 0.015130295243579894 7007
1786506869950 0.01457726489752531 7008
1786506872534 0.014634346589446068 7009
1786506875122 0.014902636408805847 7010
1786506877706 0.014982505876105279 7011
1786506880288 0.015130510728340596 7012
1786506882871 0.01475349924294278 7013
1786506885453 0.014820685551967472 7014
1786506888034 0.01458881568396464 7015
1786506890616 0.015041783859487623 7016
1786506893198 0.015142255870159715 7017
1786506895779 0.014978749270085245 7018
1786506898360 0.014817258750554174 7019
1786506900940 0.014660718385130167 7020
1786506903521 0.014837043127045035 7021
1786506906102 0.014928938762750477 7022
1786506908683 0.014829586143605411 7023
1786506911268 0.015092213521711528 7024
1786506913850 0.014838980743661523 7025
1786506916431 0.014786293788347393 7026
1786506919010 0.01473974552936852 7027
1786506921587 0.014831629756372422 7028
1786506924164 0.015024456079117954 7029
1786506926746 0.014688725641462952 7030
1786506929334 0.01462818100117147 7031
1786506931923 0.014797581592574716 7032
1786506934505 0.015165557560976595 7033
1786506937086 0.014923536742571741 7034
1786506939671 0.014905858901329339 7035
1786506942262 0.014931608107872307 7036
1786506944850 0.014697469829116017 7037
1786506947440 0.014615353487897664 7038
1786506950029 0.014934676233679056 7039
1786506952618 0.01494550408096984 7040
1786506955202 0.014940576220396906 7041
1786506957784 0.014829658844973892 7042
1786506960366 0.014675742655526847 7043
1786506962947 0.01503251976100728 7044
1786506965528 0.014781251549720764 7045
1786506968111 0.014861395466141403 7046
1786506970693 0.014857037283945829 7047
1786506973273 0.014585537021048367 7048
1786506975850 0.014348978409543633 7049
1786506978427 0.01493208744795993 7050
1786506981003 0.01460303197382018 7051
1786506983580 0.01461515307892114 7052
1786506986156 0.014810492459218949 7053
1786506988732 0.01478573284111917 7054
1786506991307 0.014850405568722636 7055
1786506993887 0.014786806772463024 7056
1786506996464 0.014749152935110033 7057
1786506999041 0.014843797602225095 7058
1786507001620 0.014809057931415737 7059
1786507004196 0.014934628154151142 7060
1786507006772 0.01486121490597725 7061
1786507009348 0.014798172749578953 7062
1786507011926 0.014628808829002082 7063
1786507014505 0.014502078469377011 7064
1786507017083 0.015018787293229252 7065
1786507019659 0.014941909699700773 7066
1786507022236 0.014870923827402294 7067
1786507024812 0.014683429966680706 7068
1786507027390 0.014960516593419015 7069
1786507029966 0.014678560779429972 7070
1786507032543 0.014634412655141205 7071
1786507035120 0.01467885699821636 7072
1786507037696 0.014886465447489172 7073
1786507040273 0.014602123235817999 7074
1786507042851 0.014552874548826367 7075
1786507045428 0.014794622198678553 7076
1786507048005 0.01492528332164511 7077
1786507050582 0.015125416568480432 7078
1786507053159 0.014700328407343477 7079
1786507055736 0.015007845766376704 7080
1786507058313 0.014843267330434173 7081
1786507060890 0.01497882732655853 7082
1786507063467 0.014698890328872949 7083
1786507066045 0.01486178912455216 7084
1786507068622 0.01468792773084715 7085
1786507071199 0.014836697839200497 7086
1786507073777 0.014735369361005723 7087
1786507076356 0.014928668097127229 7088
1786507078935 0.015092402405571193 7089
1786507081515 0.014567847189027816 7090
1786507084094 0.014360302651766688 7091
1786507086674 0.014664818765595555 7092
1786507089254 0.01458456099499017 7093
1786507091834 0.014806518622208387 7094
1786507094413 0.014714745339006186 7095
1786507096993 0.01469996286323294 7096
1786507099575 0.014857684203889221 7097
1786507102156 0.014855376037303358 7098
1786507104737 0.01470480568241328 7099
1786507107320 0.014857274130918086 7100
1786507109901 0.014942253532353789 7101
1786507112484 0.01480186585104093 7102
1786507115066 0.015010796254500747 7103
1786507117650 0.014719237864483148 7104
1786507120233 0.014510821085423231 7105
1786507122813 0.014737569144926965 7106
1786507125393 0.014787675347179174 7107
1786507127975 0.014782069658394903 7108
1786507130558 0.014815903618000448 7109
1786507133138 0.01459614175837487 7110
1786507135725 0.014807290572207421 7111
1786507138306 0.014746675558853894 7112
1786507140888 0.01490162091795355 7113
1786507143471 0.014741782622877508 7114
1786507146053 0.014646618103142828 7115
1786507148635 0.014616782020311803 7116
1786507151216 0.014779223944060504 7117
1786507153799 0.014868268219288439 7118
1786507156382 0.01488521066494286 7119
1786507158965 0.014735080359969288 7120
1786507161548 0.014407137059606612 7121
1786507164132 0.014796953182667494 7122
1786507166716 0.014413712488021702 7123
1786507169297 0.014825112244579941 7124
1786507171879 0.014866928977426142 7125
1786507174462 0.014892986509948969 7126
1786507177045 0.014802525227423757 7127
1786507179628 0.014524787373375148 7128
1786507182211 0.014761533413548023 7129
1786507184794 0.014737227058503777 7130
1786507187377 0.014746718399692327 7131
1786507189960 0.014383334899321198 7132
1786507192547 0.014859013201203197 7133
1786507195130 0.015110075531993061 7134
1786507197713 0.01485993538517505 7135
1786507200296 0.014700177474878728 7136
1786507202881 0.014637681655585766 7137
1786507205474 0.014838978997431695 7138
1786507208057 0.01469486515270546 7139
1786507210639 0.014905217045452446 7140
1786507213223 0.014638713328167796 7141
1786507215806 0.014701441570650786 7142
1786507218389 0.014764098217710853 7143
1786507220971 0.014731313334777951 7144
1786507223553 0.014931300713215023 7145
1786507226135 0.01429414952872321 7146
1786507228718 0.014501226542051882 7147
1786507231302 0.01498618780169636 7148
1786507233884 0.01489693473558873 7149
1786507236467 0.014874557266011834 7150
1786507239049 0.014677315193694085 7151
1786507241631 0.014779974182602018 7152
1786507244213 0.014584164950065315 7153
1786507246795 0.014579137205146253 7154
1786507249378 0.014601878996472806 7155
1786507251961 0.01458609092514962 7156
1786507254545 0.014803646830841899 7157
1786507257132 0.014705151319503784 7158
1786507259714 0.014594050822779536 7159
1786507262299 0.014953127538319677 7160
1786507264881 0.014890822465531528 7161
1786507267462 0.014947884425055236 7162
1786507270045 0.014700912812259048 7163
1786507272627 0.014628516742959619 7164
1786507275208 0.01436798955546692 7165
1786507277789 0.014684029039926827 7166
1786507280370 0.014876274566631764 7167
1786507282952 0.014795665512792766 7168
1786507285534 0.015130986692383885 7169
1786507288115 0.014513980888295919 7170
1786507290696 0.014881238108500838 7171
1786507293278 0.014798604999668896 7172
1786507295860 0.014695912133902311 7173
1786507298441 0.014880084665492177 7174
1786507301022 0.01463209156645462 7175
1786507303604 0.014576796034816653 7176
1786507306186 0.014849433733616024 7177
1786507308767 0.01490028330590576 7178
1786507311349 0.014732951298356056 7179
1786507313930 0.014772601192817092 7180
1786507316509 0.014681422559078783 7181
1786507319088 0.014783838589210063 7182
1786507321667 0.01472911867313087 7183
1786507324247 0.014888907899148762 7184
1786507326828 0.014661113731563091 7185
1786507329410 0.014856257941573858 7186
1786507331991 0.014594759908504784 7187
1786507334573 0.014829460880719125 7188
1786507337155 0.01488338049966842 7189
1786507339736 0.014955096004996449 7190
1786507342318 0.014819769654422998 7191
1786507344901 0.014810621971264482 7192
1786507347482 0.014640101639088243 7193
1786507350063 0.014905444520991296 7194
1786507352644 0.014853829459752887 7195
1786507355225 0.014434166834689677 7196
1786507357806 0.014571604726370424 7197
1786507360388 0.014977775339502841 7198
1786507362969 0.015170120052061975 7199
1786507365552 0.014759219076950103 7200
1786507368133 0.014454223506618291 7201
1786507370715 0.01454693521372974 7202
1786507373299 0.01479146518977359 7203
1786507375882 0.014654990169219673 7204
1786507378463 0.014714167511556298 7205
1786507381046 0.014641361311078072 7206
1786507383628 0.014729916758369654 7207
1786507386210 0.014615697145927697 7208
1786507388793 0.014697110396809876 7209
1786507391374 0.014475744217634201 7210
1786507393957 0.014971698401495814 7211
1786507396540 0.014601312635932118 7212
1786507399122 0.014566527970600873 7213
1786507401704 0.014568640035577118 7214
1786507404286 0.015055376628879458 7215
1786507406869 0.014907173404935747 7216
1786507409451 0.014656742860097438 7217
1786507412031 0.014743376115802675 7218
1786507414612 0.01455133967101574 7219
1786507417193 0.015014031901955605 7220
1786507419774 0.01477457769215107 7221
1786507422355 0.014826661557890475 7222
1786507424936 0.014904075069352984 7223
1786507427513 0.014530229091178626 7224
1786507430089 0.0145385597134009 7225
1786507432664 0.014710607763845474 7226
1786507435240 0.014975396275985986 7227
1786507437817 0.014892094186507165 7228
1786507440394 0.014544343808665872 7229
1786507442971 0.014549447514582425 7230
1786507445546 0.014797941432334483 7231
1786507448123 0.014709708571899682 7232
1786507450700 0.014787805615924299 7233
1786507453277 0.014687049784697592 7234
1786507455854 0.01477314019575715 7235
1786507458432 0.014761219848878682 7236
1786507461009 0.01469343132339418 7237
1786507463586 0.014877760433591902 7238
1786507466162 0.014803937869146466 7239
1786507468738 0.014711621275637299 7240
1786507471316 0.014737815596163273 7241
1786507473893 0.014763288956601173 7242
1786507476471 0.01456554012838751 7243
1786507479048 0.014717188547365367 7244
1786507481626 0.014742407365702093 7245
1786507484203 0.014760315243620425 7246
1786507486782 0.014752958435565233 7247
1786507489365 0.014667535200715065 7248
1786507491951 0.014757492521312088 7249
1786507494533 0.015012077637948096 7250
1786507497114 0.014682217093650252 7251
1786507499694 0.014617970038671046 7252
1786507502276 0.014675931422971189 7253
1786507504858 0.01451053615892306 7254
1786507507440 0.01452057616552338 7255
1786507510022 0.01485730503918603 7256
1786507512605 0.014976406295318156 7257
1786507515186 0.014772600028663874 7258
1786507517766 0.01484989671735093 7259
1786507520347 0.014619176741689444 7260
1786507522928 0.014683972054626793 7261
1786507525510 0.015026886365376413 7262
1786507528092 0.014812741428613663 7263
1786507530673 0.014801652228925377 7264
1786507533255 0.014637331885751337 7265
1786507535836 0.014613006089348346 7266
1786507538418 0.014717195474077016 7267
1786507540999 0.014792568748816848 7268
1786507543580 0.014720140723511577 7269
1786507546163 0.014628124015871435 7270
1786507548745 0.014497424708679318 7271
1786507551329 0.014330079080536962 7272
1786507553911 0.014461413549724966 7273
1786507556494 0.01464662654325366 7274
1786507559074 0.014690731710288674 7275
1786507561659 0.01460883644176647 7276
1786507564240 0.014831537671852857 7277
1786507566821 0.01458056439878419 7278
1786507569404 0.014767397369723767 7279
1786507571984 0.014783629099838436 7280
1786507574566 0.014687509450595826 7281
1786507577149 0.014668268209788948 7282
1786507579730 0.014492566871922463 7283
1786507582313 0.014704231696669012 7284
1786507584894 0.014587835990823805 7285
1786507587476 0.014841553987935185 7286
1786507590057 0.014696142345201224 7287
1786507592638 0.014615833526477218 7288
1786507595220 0.014673957019113004 7289
1786507597802 0.014593872183468193 7290
1786507600384 0.01442024833522737 7291
1786507602966 0.014375805738382041 7292
1786507605549 0.014713835262227803 7293
1786507608130 0.014803591824602336 7294
1786507610712 0.014781215868424624 7295
1786507613297 0.014900669397320598 7296
1786507615883 0.014507923391647637 7297
1786507618469 0.014662421948742121 7298
1786507621052 0.014682746375910938 7299
1786507623636 0.01494881953112781 7300
1786507626218 0.014616120257414877 7301
1786507628800 0.014577478112187237 7302
1786507631382 0.014519261370878667 7303
1786507633964 0.01468496973393485 7304
1786507636546 0.014608926663640887 7305
1786507639127 0.014486490981653333 7306
1786507641708 0.014803877100348473 7307
1786507644289 0.014546641788911074 7308
1786507646870 0.014834401430562139 7309
1786507649452 0.014850808482151479 7310
1786507652034 0.014641695364844054 7311
1786507654617 0.01456125354161486 7312
1786507657200 0.014773654227610677 7313
1786507659783 0.014844541088677943 7314
1786507662366 0.014489119057543576 7315
1786507664948 0.014531579392496496 7316
1786507667530 0.014766970125492662 7317
1786507670112 0.014547274622600526 7318
1786507672695 0.014600831491407007 7319
1786507675280 0.014684575144201517 7320
1786507677869 0.014580410323105752 7321
1786507680451 0.01463897997746244 7322
1786507683032 0.014478189288638532 7323
1786507685615 0.014679698215331882 7324
1786507688199 0.014638226013630629 7325
1786507690776 0.014979042985942215 7326
1786507693353 0.014711552357766777 7327
1786507695929 0.014689399919006974 7328
1786507698505 0.014447077934164554 7329
1786507701080 0.014634878432843834 7330
1786507703656 0.014664102578535676 7331
1786507706233 0.014637763553764671 7332
1786507708809 0.014698278508149087 7333
1786507711386 0.014699792605824769 7334
1786507713962 0.01465006050420925 7335
1786507716539 0.014613973733503371 7336
1786507719116 0.014587481098715216 7337
1786507721694 0.014649187447503209 7338
1786507724270 0.014484516577795148 7339
1786507726847 0.01433287956751883 7340
1786507729425 0.014460510050412267 7341
1786507732007 0.014934751496184617 7342
1786507734588 0.014465976506471634 7343
1786507737169 0.014665629190858454 7344
1786507739750 0.01455933169927448 7345
1786507742331 0.014632025093305856 7346
1786507744911 0.014504133781883866 7347
1786507747492 0.014469149929936975 7348
1786507750074 0.014680280233733356 7349
1786507752655 0.014748116489499807 7350
1786507755237 0.014629317913204432 7351
1786507757818 0.014728810638189316 7352
1786507760399 0.014474071678705513 7353
1786507762979 0.014417453028727323 7354
1786507765558 0.014684686262626201 7355
1786507768140 0.014565855555702 7356
1786507770727 0.014430621464271098 7357
1786507773312 0.014493235677946359 7358
1786507775898 0.014652641955763102 7359
1786507778485 0.014675952377729118 7360
1786507781068 0.014616901229601353 7361
1786507783650 0.014448026020545512 7362
1786507786234 0.014550178195349872 7363
1786507788815 0.01484884403180331 7364
1786507791396 0.01472154149087146 7365
1786507793979 0.014730550348758698 7366
1786507796561 0.014647093135863543 7367
1786507799143 0.014446261746343225 7368
1786507801725 0.014651170058641583 7369
1786507804306 0.01446276914793998 7370
1786507806888 0.01480039325542748 7371
1786507809471 0.014820431009866297 7372
1786507812052 0.014723840286023915 7373
1786507814634 0.01457577629480511 7374
1786507817217 0.014344999974127859 7375
1786507819800 0.014488172600977123 7376
1786507822383 0.014759502664674073 7377
1786507824965 0.014628537348471582 7378
1786507827547 0.014333251107018441 7379
1786507830129 0.014626735530328006 7380
1786507832712 0.014633821730967611 7381
1786507835295 0.014745962573215365 7382
1786507837876 0.014578201866243035 7383
1786507840458 0.014336488209664822 7384
1786507843041 0.01438566722208634 7385
1786507845623 0.014553694403730333 7386
1786507848206 0.014683163084555417 7387
1786507850790 0.014475039555691183 7388
1786507853375 0.014514546375721693 7389
1786507855958 0.014455617172643542 7390
1786507858539 0.014749940775800496 7391
1786507861125 0.014771502756047994 7392
1786507863710 0.014524861820973456 7393
1786507866292 0.014365720562636852 7394
1786507868877 0.014518253214191645 7395
1786507871458 0.014957222039811313 7396
1786507874042 0.014758272678591311 7397
1786507876631 0.014585070894099772 7398
1786507879212 0.014484896732028574 7399
1786507881793 0.014572841173503548 7400
1786507884377 0.014612113300245255 7401
1786507886957 0.014484919549431652 7402
1786507889538 0.014532738539855927 7403
1786507892119 0.014506524370517582 7404
1786507894700 0.014771238551475108 7405
1786507897281 0.014465982560068369 7406
1786507899863 0.014543736819177866 7407
1786507902444 0.014458633726462722 7408
1786507905025 0.01457463565748185 7409
1786507907606 0.01480623276438564 7410
1786507910187 0.014523112564347684 7411
1786507912769 0.014736721117515117 7412
1786507915350 0.014506669074762613 7413
1786507917933 0.0148842777707614 7414
1786507920515 0.014777252974454314 7415
1786507923101 0.014772972790524364 7416
1786507925688 0.014754940464626998 7417
1786507928276 0.014479094126727432 7418
1786507930855 0.014570573228411376 7419
1786507933434 0.014622169313952327 7420
1786507936017 0.014518524694722146 7421
1786507938599 0.01454253651900217 7422
1786507941181 0.014643038855865598 7423
1786507943763 0.014496113173663616 7424
1786507946341 0.014499884389806539 7425
1786507948917 0.014618704561144114 7426
1786507951495 0.014541271608322859 7427
1786507954072 0.014787728781811893 7428
1786507956648 0.01445719035109505 7429
1786507959225 0.014560310344677418 7430
1786507961802 0.014672462188173085 7431
1786507964378 0.01456568849971518 7432
1786507966962 0.014759754412807524 7433
1786507969544 0.01461644790833816 7434
1786507972128 0.014398795203305781 7435
1786507974715 0.014397463528439403 7436
1786507977301 0.014565340708941221 7437
1786507979881 0.014480633893981576 7438
1786507982462 0.014589518483262509 7439
1786507985043 0.014674111967906356 7440
1786507987623 0.014863629476167262 7441
1786507990204 0.014731917122844607 7442
1786507992786 0.014687340299133211 7443
1786507995371 0.014557406946551055 7444
1786507997954 0.014756755786947906 7445
1786508000533 0.014568373677320778 7446
1786508003109 0.014615336724091321 7447
1786508005685 0.014719392987899482 7448
1786508008263 0.014736284094396979 7449
1786508010840 0.014434603101108223 7450
1786508013417 0.014373091806191951 7451
1786508015996 0.01473830739269033 7452
1786508018573 0.014384901151061058 7453
1786508021151 0.014517910429276526 7454
1786508023727 0.014625825046095997 7455
1786508026303 0.014630228921305388 7456
1786508028880 0.014644865586888045 7457
1786508031457 0.014843845507130027 7458
1786508034038 0.014776437485124916 7459
1786508036622 0.01475027040578425 7460
1786508039204 0.014783565304242074 7461
1786508041785 0.014564683951903135 7462
1786508044364 0.014597953238990158 7463
1786508046945 0.01453009550459683 7464
1786508049527 0.014858545793686062 7465
1786508052105 0.01464433124056086 7466
1786508054686 0.014482564060017467 7467
1786508057265 0.014697239617817104 7468
1786508059847 0.014726094261277467 7469
1786508062431 0.01449191605206579 7470
1786508065015 0.014031384838744998 7471
1786508067596 0.01415281620575115 7472
1786508070174 0.0147244828986004 7473
1786508072754 0.014687854563817382 7474
1786508075335 0.014896348700858653 7475
1786508077917 0.01458153675775975 7476
1786508080499 0.014489316439721733 7477
1786508083082 0.014690647309180349 7478
1786508085667 0.014918521279469132 7479
1786508088252 0.0146126450272277 7480
1786508090837 0.01450374850537628 7481
1786508093423 0.014597863948438317 7482
1786508096008 0.014471418340690434 7483
1786508098590 0.014654167578555644 7484
1786508101168 0.014616418164223433 7485
1786508103754 0.01466533908387646 7486
1786508106349 0.014411458047106862 7487
1786508108931 0.014358445710968226 7488
1786508111511 0.014528420171700418 7489
1786508114094 0.014305869117379189 7490
1786508116674 0.014544259698595852 7491
1786508119255 0.014661111868917942 7492
1786508121837 0.014682329376228154 7493
1786508124419 0.014582081115804613 7494
1786508127000 0.014522490033414215 7495
1786508129581 0.014256746275350451 7496
1786508132163 0.014566679310519248 7497
1786508134743 0.014689211267977953 7498
1786508137325 0.014828226412646472 7499
1786508141301 0.01483206037664786 7500
1786508143882 0.014684636902529746 7501
1786508146463 0.014497551368549466 7502
1786508149040 0.014620841189753264 7503
1786508151615 0.014619082445278764 7504
1786508154197 0.014403124223463237 7505
1786508156778 0.014545953832566738 7506
1786508159359 0.014695010962896049 7507
1786508161940 0.014640202687587589 7508
1786508164520 0.014627130527514964 7509
1786508167101 0.01437730249017477 7510
1786508169682 0.014253619476221502 7511
1786508172263 0.014487313281279057 7512
1786508174845 0.01425576099427417 7513
1786508177425 0.014465024694800377 7514
1786508180007 0.014730324211996049 7515
1786508182588 0.01472779392497614 7516
1786508185170 0.0144095603027381 7517
1786508187750 0.0144595971214585 7518
1786508190330 0.014734852709807456 7519
1786508192910 0.014808202569838613 7520
1786508195494 0.014602352865040302 7521
1786508198074 0.014443413296248764 7522
1786508200654 0.014798238291405141 7523
1786508203235 0.014735533972270787 7524
1786508205815 0.014764399849809706 7525
1786508208396 0.01425248570740223 7526
1786508210977 0.014533472596667707 7527
1786508213560 0.01448564970633015 7528
1786508216141 0.014408667979296297 7529
1786508218722 0.014596059452742338 7530
1786508221301 0.014281709678471088 7531
1786508223881 0.01420403184602037 7532
1786508226461 0.014454569201916456 7533
1786508229042 0.014574829197954386 7534
1786508231622 0.01444989931769669 7535
1786508234203 0.014487285108771175 7536
1786508236783 0.014189272304065526 7537
1786508239363 0.01445433817571029 7538
1786508241942 0.014561681484337896 7539
1786508244523 0.014515838061925024 7540
1786508247104 0.014515404589474201 7541
1786508249684 0.014639073924627155 7542
1786508252263 0.01428078388562426 7543
1786508254843 0.014451150374952704 7544
1786508257424 0.014658975647762418 7545
1786508260003 0.014482595899607986 7546
1786508262583 0.014592811174225062 7547
1786508265158 0.014262618322391063 7548
1786508267733 0.014546940801665187 7549
1786508270309 0.014650406839791685 7550
1786508272884 0.014631852973252535 7551
1786508275459 0.014490799570921808 7552
1786508278034 0.014351200719829649 7553
1786508280610 0.0143175334087573 7554
1786508283185 0.014441022532992065 7555
1786508285759 0.014418050646781921 7556
1786508288334 0.014534635585732758 7557
1786508290909 0.014500509947538376 7558
1786508293484 0.014338012493681163 7559
1786508296059 0.014365557522978634 7560
1786508298638 0.014287435507867485 7561
1786508301217 0.014802403980866075 7562
1786508303796 0.01454473880585283 7563
1786508306376 0.014432365423999727 7564
1786508308955 0.014546177932061255 7565
1786508311539 0.014470429043285549 7566
1786508314118 0.014816376147791743 7567
1786508316696 0.014497454336378723 7568
1786508319275 0.01434576092287898 7569
1786508321857 0.014189067529514432 7570
1786508324437 0.014370455464813858 7571
1786508327018 0.014539054885972291 7572
1786508329599 0.014493706403300166 7573
1786508332181 0.014609278528951108 7574
1786508334762 0.01442022219998762 7575
1786508337343 0.014730139926541597 7576
1786508339925 0.014625928772147745 7577
1786508342507 0.014425960020162165 7578
1786508345095 0.014402175787836313 7579
1786508347676 0.014540533360559493 7580
1786508350256 0.014638788474258035 7581
1786508352837 0.014741819177288562 7582
1786508355417 0.01435493811732158 7583
1786508357997 0.014434643962886184 7584
1786508360577 0.014742472383659333 7585
1786508363157 0.014453329495154321 7586
1786508365739 0.014605480246245861 7587
1786508368323 0.014461849466897547 7588
1786508370902 0.014308813493698835 7589
1786508373485 0.014400180196389556 7590
1786508376072 0.014495576499029994 7591
1786508378660 0.01432853878941387 7592
1786508381266 0.014825496182311326 7593
1786508383853 0.014434791810344905 7594
1786508386438 0.014372614794410765 7595
1786508389025 0.014707586436998099 7596
1786508391610 0.0144266861025244 7597
1786508394197 0.01409088377840817 7598
1786508396781 0.014343033719342202 7599
1786508399366 0.014615509833674878 7600
1786508401952 0.014445060456637293 7601
1786508404536 0.01431267784209922 7602
1786508407124 0.014287100406363606 7603
1786508409710 0.014075673359911889 7604
1786508412298 0.014214352529961616 7605
1786508414892 0.014660974324215204 7606
1786508417477 0.014331958198454231 7607
1786508420066 0.014367872616276145 7608
1786508422650 0.014477262448053807 7609
1786508425238 0.01450054021552205 7610
1786508427821 0.014761222177185118 7611
1786508430402 0.014315721578896046 7612
1786508432982 0.014398180413991213 7613
1786508435562 0.014571633888408542 7614
1786508438138 0.01451021310640499 7615
1786508440713 0.014569041202776134 7616
1786508443289 0.014468428504187614 7617
1786508445868 0.014619022840633988 7618
1786508448443 0.01429786253720522 7619
1786508451019 0.014589546830393374 7620
1786508453594 0.01440135738812387 7621
1786508456171 0.014350485755130649 7622
1786508458747 0.014448896574322134 7623
1786508461322 0.014584501564968377 7624
1786508463898 0.014439532125834376 7625
1786508466475 0.014352851023431867 7626
1786508469050 0.014224194223061204 7627
1786508471626 0.014386123104486614 7628
1786508474201 0.014721646381076425 7629
1786508476779 0.014319693087600172 7630
1786508479355 0.01435109443264082 7631
1786508481930 0.01433434837963432 7632
1786508484507 0.014593971252907068 7633
1786508487088 0.014410437317565084 7634
1786508489668 0.014302352268714458 7635
1786508492248 0.014436150784604251 7636
1786508494826 0.014521331817377359 7637
1786508497405 0.014376761100720614 7638
1786508499988 0.01442922675050795 7639
1786508502578 0.014505293220281601 7640
1786508505172 0.014574911794625223 7641
1786508507763 0.01461615989683196 7642
1786508510357 0.014507694053463638 7643
1786508512945 0.014454471063800156 7644
1786508515532 0.014408054354134947 7645
1786508518122 0.014454819727689028 7646
1786508520711 0.014427328540477902 7647
1786508523295 0.014673183031845838 7648
1786508525883 0.014180791098624468 7649
1786508528470 0.014498226752039045 7650
1786508531058 0.014319070091005415 7651
1786508533637 0.014532696979586035 7652
1786508536226 0.014477388642262667 7653
1786508538820 0.01412826223531738 7654
1786508541410 0.0146159777068533 7655
1786508543999 0.014479981502518058 7656
1786508546586 0.014465605549048632 7657
1786508549171 0.014494857110548764 7658
1786508551759 0.01459672668715939 7659
1786508554350 0.01462339359568432 7660
1786508556937 0.014772928145248443 7661
1786508559525 0.014613355742767453 7662
1786508562104 0.01428525528172031 7663
1786508564683 0.014234430040232837 7664
1786508567261 0.014428883441723883 7665
1786508569838 0.014590108476113528 7666
1786508572415 0.014481374295428395 7667
1786508574993 0.014506046427413821 7668
1786508577571 0.014348115015309304 7669
1786508580148 0.014556322479620576 7670
1786508582724 0.014345890143886209 7671
1786508585302 0.014266681158915162 7672
1786508587883 0.014451374358031899 7673
1786508590463 0.01458852575160563 7674
1786508593043 0.014358648448251188 7675
1786508595624 0.01447013468714431 7676
1786508598204 0.014439400576520711 7677
1786508600783 0.01457850617589429 7678
1786508603362 0.014312695886474103 7679
1786508605941 0.014459021505899727 7680
1786508608524 0.014319897221866995 7681
1786508611105 0.014352274651173502 7682
1786508613686 0.014433307747822255 7683
1786508616267 0.0144132153945975 7684
1786508618849 0.014497447526082397 7685
1786508621428 0.014415359997656196 7686
1786508624007 0.01426400849595666 7687
1786508626587 0.014330427860841155 7688
1786508629167 0.014518417068757117 7689
1786508631750 0.014515102782752365 7690
1786508634332 0.014551783096976578 7691
1786508636915 0.014206604682840407 7692
1786508639495 0.014448307920247316 7693
1786508642079 0.01430766802513972 7694
1786508644661 0.014317284047137946 7695
1786508647240 0.01441911602159962 7696
1786508649819 0.014474073657765985 7697
1786508652403 0.014566914935130626 7698
1786508654982 0.014469362795352936 7699
1786508657561 0.014329641999211162 7700
1786508660140 0.014443311665672809 7701
1786508662720 0.01451218145666644 7702
1786508665299 0.014536930713802576 7703
1786508667878 0.014188485511112958 7704
1786508670458 0.01432583830319345 7705
1786508673039 0.01448772131698206 7706
1786508675619 0.014703841356094927 7707
1786508678198 0.01447933737654239 7708
1786508680777 0.014036327658686787 7709
1786508683357 0.014235874579753727 7710
1786508685937 0.01436678838217631 7711
1786508688516 0.01454098807880655 7712
1786508691104 0.014655172592028975 7713
1786508693686 0.014642159803770483 7714
1786508696266 0.014383227156940848 7715
1786508698845 0.014164523163344711 7716
1786508701425 0.014175706019159406 7717
1786508704006 0.014753012335859239 7718
1786508706588 0.014522758196108043 7719
1786508709168 0.014330338861327618 7720
1786508711747 0.014320586284156889 7721
1786508714328 0.014244103920646012 7722
1786508716908 0.014350272307638079 7723
1786508719488 0.014535785478074104 7724
1786508722070 0.01434921647887677 7725
1786508724652 0.01436480856500566 7726
1786508727232 0.014491547655779868 7727
1786508729812 0.014350516896229237 7728
1786508732393 0.014518427196890116 7729
1786508734974 0.014432986208703369 7730
1786508737554 0.014583921467419714 7731
1786508740135 0.014273391745518893 7732
1786508742716 0.014255674264859408 7733
1786508745297 0.014230753178708255 7734
1786508747878 0.014344022201839834 7735
1786508750461 0.014390075986739248 7736
1786508753042 0.01455433841329068 7737
1786508755623 0.014347006159368902 7738
1786508758204 0.014365352166350931 7739
1786508760785 0.014392005046829581 7740
1786508763366 0.014347392367199063 7741
1786508765947 0.01442273223074153 7742
1786508768523 0.014277490263339132 7743
1786508771102 0.014526523067615926 7744
1786508773681 0.014723870437592268 7745
1786508776262 0.014515721646603197 7746
1786508778842 0.01427704025991261 7747
1786508781421 0.01415626792004332 7748
1786508784002 0.014267920516431332 7749
1786508786582 0.014533670851960778 7750
1786508789163 0.014634166029281914 7751
1786508791746 0.01473475102102384 7752
1786508794326 0.014365069044288248 7753
1786508796907 0.014455276250373572 7754
1786508799488 0.014620473957620561 7755
1786508802070 0.014259356306865811 7756
1786508804650 0.014337144733872265 7757
1786508807229 0.014458779827691615 7758
1786508809809 0.014523320540320128 7759
1786508812393 0.014310167112853378 7760
1786508814973 0.01395872374996543 7761
1786508817552 0.014313869527541101 7762
1786508820131 0.014312784420326352 7763
1786508822710 0.014650566561613232 7764
1786508825288 0.014232452725991607 7765
1786508827868 0.014314090716652572 7766
1786508830447 0.014611796999815851 7767
1786508833025 0.014652361802291125 7768
1786508835604 0.014820517739281058 7769
1786508838185 0.014309454069007188 7770
1786508840763 0.014579199254512787 7771
1786508843342 0.014526934479363263 7772
1786508845921 0.014678736974019557 7773
1786508848500 0.01436595810810104 7774
1786508851081 0.014278241083957255 7775
1786508853660 0.014244859688915312 7776
1786508856240 0.01436020334949717 7777
1786508858819 0.014343748218379915 7778
1786508861399 0.014457400015089661 7779
1786508863978 0.014475756324827671 7780
1786508866557 0.01408434344921261 7781
1786508869137 0.014542306831572205 7782
1786508871717 0.014255204878281802 7783
1786508874296 0.0143940249690786 7784
1786508876876 0.01466653257375583 7785
1786508879454 0.014323495386634022 7786
1786508882033 0.014384278270881623 7787
1786508884612 0.014504736813250929 7788
1786508887191 0.014445010398048908 7789
1786508889769 0.014344276976771653 7790
1786508892348 0.014653975842520595 7791
1786508894927 0.014325518510304391 7792
1786508897505 0.014118259132374078 7793
1786508900084 0.014140858897008002 7794
1786508902664 0.014078276231884956 7795
1786508905243 0.014372607285622507 7796
1786508907823 0.014317974564619362 7797
1786508910402 0.014502600126434118 7798
1786508912981 0.014336034946609288 7799
1786508915560 0.014397818420547992 7800
1786508918139 0.014285008073784411 7801
1786508920718 0.014121265441644937 7802
1786508923297 0.014489016612060368 7803
1786508925875 0.0143553726375103 7804
1786508928454 0.014509987318888307 7805
1786508931034 0.014199881814420223 7806
1786508933613 0.014399584324564785 7807
1786508936194 0.014588661200832576 7808
1786508938774 0.014361658424604684 7809
1786508941353 0.01421519776340574 7810
1786508943932 0.014385557675268501 7811
1786508946512 0.014474144554696977 7812
1786508949094 0.014480961370281875 7813
1786508951674 0.014278768096119165 7814
1786508954253 0.014278034213930368 7815
1786508956831 0.014476722106337547 7816
1786508959410 0.014475894626230001 7817
1786508961989 0.014417834929190576 7818
1786508964568 0.014422258012928069 7819
1786508967147 0.014366985531523824 7820
1786508969728 0.014396238257177174 7821
1786508972308 0.014653232705313712 7822
1786508974887 0.014176929544191808 7823
1786508977467 0.014296804030891508 7824
1786508980046 0.014160703809466213 7825
1786508982625 0.01399405294796452 7826
1786508985205 0.014299748872872442 7827
1786508987784 0.014530522166751325 7828
1786508990364 0.01430993271060288 7829
1786508992944 0.014677759900223464 7830
1786508995524 0.014775394345633686 7831
1786508998103 0.01460096926894039 7832
1786509000685 0.01422354468377307 7833
1786509003266 0.014163728919811547 7834
1786509005853 0.014269898878410459 7835
1786509008433 0.014221563877072185 7836
1786509011013 0.014696015859954059 7837
1786509013593 0.014442271436564624 7838
1786509016173 0.014520602708216757 7839
1786509018753 0.014459977857768536 7840
1786509021333 0.014368395262863487 7841
1786509023913 0.01413727062754333 7842
1786509026493 0.014299749047495425 7843
1786509029073 0.014375181111972779 7844
1786509031653 0.01450880552874878 7845
1786509034235 0.014454899122938514 7846
1786509036816 0.014453302777837962 7847
1786509039396 0.014306374883744866 7848
1786509041976 0.014377133513335139 7849
1786509044557 0.014327318000141531 7850
1786509047138 0.01450384600320831 7851
1786509049719 0.014392968325410038 7852
1786509052303 0.014529136067721993 7853
1786509054884 0.014353147242218256 7854
1786509057464 0.014285056735388935 7855
1786509060045 0.01425525511149317 7856
1786509062625 0.014224773505702615 7857
1786509065205 0.014265865029301494 7858
1786509067786 0.014216335490345955 7859
1786509070367 0.014317239867523313 7860
1786509072947 0.014372768579050899 7861
1786509075527 0.014444845844991505 7862
1786509078108 0.014563414093572646 7863
1786509080688 0.014399617619346827 7864
1786509083268 0.014564369281288236 7865
1786509085848 0.014452083560172468 7866
1786509088429 0.014516402618028224 7867
1786509091012 0.014372409088537097 7868
1786509093592 0.014122291351668537 7869
1786509096172 0.014435624179895967 7870
1786509098754 0.014515564311295748 7871
1786509101335 0.014487154316157103 7872
1786509103916 0.014484378625638783 7873
1786509106496 0.014442067593336105 7874
1786509109076 0.014293506043031812 7875
1786509111658 0.014341036905534565 7876
1786509114240 0.014006899727974087 7877
1786509116822 0.014435271616093814 7878
1786509119405 0.014556644367985427 7879
1786509121986 0.014554102148395032 7880
1786509124565 0.014454838470555842 7881
1786509127147 0.014373259211424738 7882
1786509129728 0.014287801983300596 7883
1786509132311 0.01436642644694075 7884
1786509134891 0.014432828116696328 7885
1786509137472 0.014585355878807604 7886
1786509140052 0.014239679672755301 7887
1786509142631 0.014471387723460793 7888
1786509145211 0.014274524990469217 7889
1786509147792 0.014121487503871322 7890
1786509150372 0.014292203530203551 7891
1786509152954 0.013925753883086145 7892
1786509155540 0.014595396933145821 7893
1786509158120 0.014525228703860193 7894
1786509160703 0.01438555377535522 7895
1786509163283 0.01438243838492781 7896
1786509165866 0.014469065645243973 7897
1786509168446 0.014194869727361947 7898
1786509171026 0.014365810377057642 7899
1786509173607 0.014422310108784586 7900
1786509176189 0.014317011984530836 7901
1786509178770 0.01410054398002103 7902
1786509181349 0.01435958908405155 7903
1786509183930 0.014212227193638682 7904
1786509186510 0.014439485385082662 7905
1786509189090 0.01439790113363415 7906
1786509191670 0.014084721740800887 7907
1786509194250 0.014243323355913162 7908
1786509196831 0.014399175182916224 7909
1786509199413 0.014588053920306265 7910
1786509201992 0.014315104286652058 7911
1786509204573 0.014139823848381639 7912
1786509207154 0.014276749745476991 7913
1786509209733 0.014542087621521205 7914
1786509212313 0.014422580949030817 7915
1786509214893 0.014368880889378488 7916
1786509217473 0.014101409120485187 7917
1786509220052 0.014415616111364216 7918
1786509222633 0.014458025805652142 7919
1786509225213 0.014718450256623328 7920
1786509227792 0.01427737734047696 7921
1786509230378 0.014303695352282375 7922
1786509232972 0.014116729493252933 7923
1786509235556 0.014173601404763758 7924
1786509238138 0.014320788264740258 7925
1786509240719 0.014147258596494794 7926
1786509243300 0.014319881738629192 7927
1786509245885 0.014592604711651802 7928
1786509248466 0.014227247331291437 7929
1786509251045 0.014300255686976016 7930
1786509253627 0.014173271076288074 7931
1786509256208 0.014520232914946973 7932
1786509258789 0.014083887508604676 7933
1786509261368 0.014373599900864065 7934
1786509263949 0.014309492486063391 7935
1786509266529 0.01436255598673597 7936
1786509269108 0.014265654317568988 7937
1786509271689 0.014522053941618651 7938
1786509274269 0.014486243482679129 7939
1786509276849 0.014332904538605362 7940
1786509279430 0.014190573245286942 7941
1786509282010 0.014225277991499752 7942
1786509284590 0.014081736444495618 7943
1786509287169 0.014374322607181966 7944
1786509289750 0.014471192378550768 7945
1786509292333 0.014475246716756374 7946
1786509294916 0.014361185720190406 7947
1786509297497 0.014316854125354439 7948
1786509300075 0.014144843735266477 7949
1786509302654 0.014426766196265817 7950
1786509305246 0.014360929431859404 7951
1786509307835 0.014139073784463108 7952
1786509310422 0.01406108948867768 7953
1786509313012 0.0140868840389885 7954
1786509315604 0.014255494403187186 7955
1786509318196 0.014150243834592402 7956
1786509320793 0.014340775494929403 7957
1786509323386 0.01436542224837467 7958
1786509325983 0.014373283134773374 7959
1786509328598 0.014410788135137409 7960
1786509331183 0.014535553636960685 7961
1786509333775 0.014110450516454875 7962
1786509336366 0.01410126726841554 7963
1786509338961 0.01414139528060332 7964
1786509341553 0.01454955484950915 7965
1786509344139 0.014341847447212785 7966
1786509346730 0.014205626328475773 7967
1786509349315 0.01390856469515711 7968
1786509351900 0.01425167010165751 7969
1786509354493 0.014474325813353062 7970
1786509357083 0.014381750544998795 7971
1786509359679 0.014556944544892758 7972
1786509362271 0.014341265603434294 7973
1786509364863 0.014496560615953058 7974
1786509367451 0.014434298558626324 7975
1786509370043 0.014107959344983101 7976
1786509372629 0.014276211615651846 7977
1786509375227 0.014312454557511955 7978
1786509377811 0.014088352036196738 7979
1786509380408 0.014433524163905531 7980
1786509382996 0.014175780350342393 7981
1786509385584 0.014392401499208063 7982
1786509388169 0.014083704445511103 7983
1786509390759 0.014194717514328659 7984
1786509393342 0.01423448312561959 7985
1786509395929 0.014428760041482747 7986
1786509398512 0.014226179046090692 7987
1786509401105 0.014074996171984822 7988
1786509403687 0.014131853124126792 7989
1786509406266 0.014079813554417342 7990
1786509408848 0.01436855795327574 7991
1786509411431 0.014111846219748259 7992
1786509414012 0.01422170054866001 7993
1786509416590 0.014095033810008317 7994
1786509419165 0.014119485509581864 7995
1786509421741 0.014187512046191841 7996
1786509424315 0.014208387117832899 7997
1786509426893 0.014308269252069294 7998
1786509429467 0.01398917508777231 7999
1786509434417 0.014112303033471107 8000
1786509436991 0.014306308177765459 8001
1786509439567 0.01428383548045531 8002
1786509442148 0.014296292152721435 8003
1786509444731 0.014170538051985204 8004
1786509447312 0.014281091862358153 8005
1786509449893 0.014263259072322398 8006
1786509452475 0.014524841331876814 8007
1786509455055 0.014032220060471445 8008
1786509457635 0.014053913473617285 8009
1786509460218 0.014059954090043902 8010
1786509462799 0.014447906927671283 8011
1786509465378 0.014091953344177455 8012
1786509467958 0.01401877379976213 8013
1786509470541 0.014337817905470729 8014
1786509473122 0.014279876893851906 8015
1786509475703 0.014454699179623276 8016
1786509478284 0.014562121825292706 8017
1786509480865 0.014349962177220732 8018
1786509483445 0.014197685464750975 8019
1786509486021 0.01416052196873352 8020
1786509488597 0.01424873195355758 8021
1786509491173 0.014169128786306828 8022
1786509493752 0.014369302603881806 8023
1786509496328 0.014301373856142163 8024
1786509498904 0.014555895060766488 8025
1786509501479 0.014116096601355821 8026
1786509504056 0.014375578553881496 8027
1786509506632 0.01445931219495833 8028
1786509509209 0.014171665476169437 8029
1786509511785 0.013858574791811407 8030
1786509514362 0.01436467980965972 8031
1786509516938 0.014241172699257731 8032
1786509519515 0.014193170994985849 8033
1786509522091 0.014382692927028984 8034
1786509524667 0.01423248986247927 8035
1786509527244 0.014336079999338835 8036
1786509529821 0.013947795843705535 8037
1786509532397 0.01409702148521319 8038
1786509534973 0.013981409836560488 8039
1786509537549 0.014201768150087446 8040
1786509540126 0.014392757962923497 8041
1786509542701 0.014214460097718984 8042
1786509545278 0.014258116891141981 8043
1786509547854 0.014099065505433828 8044
1786509550433 0.014288465725257993 8045
1786509553015 0.014163729967549443 8046
1786509555597 0.013676573056727648 8047
1786509558179 0.014061223424505442 8048
1786509560761 0.014169953763484955 8049
1786509563343 0.014243430341593921 8050
1786509565924 0.014139865699689835 8051
1786509568505 0.01425779121927917 8052
1786509571087 0.014193086011800915 8053
1786509573669 0.014370838704053313 8054
1786509576251 0.014447212684899569 8055
1786509578832 0.014406207483261824 8056
1786509581413 0.014431008836254478 8057
1786509583993 0.014046068128664047 8058
1786509586574 0.014050951402168721 8059
1786509589155 0.014256076188758016 8060
1786509591737 0.01433350273873657 8061
1786509594319 0.014182975050061941 8062
1786509596900 0.014328979596029967 8063
1786509599482 0.014322406728751957 8064
1786509602064 0.014261083444580436 8065
1786509604646 0.014248809078708291 8066
1786509607227 0.014339804125484079 8067
1786509609809 0.014113643497694284 8068
1786509612391 0.014358583081047982 8069
1786509614973 0.014358555374201387 8070
1786509617554 0.014288204605691135 8071
1786509620136 0.014098154671955854 8072
1786509622718 0.014062545320484787 8073
1786509625302 0.014077864063438028 8074
1786509627883 0.014089859847445041 8075
1786509630465 0.014040023263078183 8076
1786509633046 0.014375347585882992 8077
1786509635629 0.01425879169255495 8078
1786509638210 0.014486408152151853 8079
1786509640792 0.014022551535163075 8080
1786509643373 0.01415563013870269 8081
1786509645954 0.01447116315830499 8082
1786509648535 0.014353826467413455 8083
1786509651117 0.014128473587334156 8084
1786509653698 0.014129168295767158 8085
1786509656281 0.014323772105854005 8086
1786509658862 0.014257949544116855 8087
1786509661444 0.014255922636948526 8088
1786509664025 0.014240069373045117 8089
1786509666607 0.014237105147913098 8090
1786509669189 0.013964719430077821 8091
1786509671770 0.014149254537187517 8092
1786509674351 0.01420209341449663 8093
1786509676934 0.014059890003409237 8094
1786509679524 0.01453603763366118 8095
1786509682105 0.014416148129384965 8096
1786509684687 0.014106427493970841 8097
1786509687270 0.014171074260957539 8098
1786509689852 0.014345435134600848 8099
1786509692434 0.014232430083211511 8100
1786509695015 0.014135488134343177 8101
1786509697602 0.01402802299708128 8102
1786509700183 0.014076821214985102 8103
1786509702765 0.014209458080586046 8104
1786509705346 0.014235036331228912 8105
1786509707929 0.01406075112754479 8106
1786509710510 0.01420082594268024 8107
1786509713092 0.014388848445378244 8108
1786509715673 0.014132890675682575 8109
1786509718255 0.014036638254765421 8110
1786509720837 0.01408919895766303 8111
1786509723419 0.01423455000622198 8112
1786509726001 0.014467498287558556 8113
1786509728582 0.014299028553068638 8114
1786509731164 0.013830545940436423 8115
1786509733744 0.014085376868024468 8116
1786509736326 0.014183771330863237 8117
1786509738907 0.014246826933231205 8118
1786509741488 0.014079340151511133 8119
1786509744069 0.013910424604546279 8120
1786509746652 0.014042147086001933 8121
1786509749232 0.013912744412664324 8122
1786509751812 0.014294778753537685 8123
1786509754393 0.014180070604197681 8124
1786509756974 0.014127264323178679 8125
1786509759555 0.014293847139924765 8126
1786509762137 0.014382565335836262 8127
1786509764718 0.014227028703317046 8128
1786509767299 0.01421809266321361 8129
1786509769879 0.014108009985648096 8130
1786509772461 0.014495704381261021 8131
1786509775044 0.014181501872371882 8132
1786509777625 0.014228774700313807 8133
1786509780207 0.014327913522720337 8134
1786509782787 0.013951534871011972 8135
1786509785368 0.014240268035791814 8136
1786509787949 0.013931797235272825 8137
1786509790530 0.014000721042975783 8138
1786509793110 0.014223061152733862 8139
1786509795690 0.014248824561946094 8140
1786509798270 0.01415091403760016 8141
1786509800852 0.01417172624496743 8142
1786509803432 0.01427419827086851 8143
1786509806013 0.014150060131214559 8144
1786509808594 0.013916897645685822 8145
1786509811175 0.013674110465217382 8146
1786509813755 0.01387830200837925 8147
1786509816335 0.014240778400562704 8148
1786509818917 0.014558233262505382 8149
1786509821500 0.01419251348124817 8150
1786509824083 0.014262600510846823 8151
1786509826664 0.014208787819370627 8152
1786509829245 0.014129997056443244 8153
1786509831828 0.014114855963271111 8154
1786509834411 0.014023897761944681 8155
1786509836991 0.014279753377195448 8156
1786509839571 0.01434469094965607 8157
1786509842151 0.0140279796323739 8158
1786509844731 0.014275197347160429 8159
1786509847312 0.014008632162585855 8160
1786509849891 0.014294188003987074 8161
1786509852470 0.014216725481674075 8162
1786509855051 0.014276312023866922 8163
1786509857630 0.014125156041700393 8164
1786509860210 0.014490337111055851 8165
1786509862791 0.014335728948935866 8166
1786509865372 0.014077577507123351 8167
1786509867954 0.014220522542018443 8168
1786509870535 0.014242075674701482 8169
1786509873117 0.013971789565403014 8170
1786509875699 0.014313626568764448 8171
1786509878280 0.014049491146579385 8172
1786509880861 0.013904143997933716 8173
1786509883442 0.014141029096208513 8174
1786509886024 0.014110531483311206 8175
1786509888605 0.014200653648003936 8176
1786509891187 0.014198443212080747 8177
1786509893769 0.014156231307424605 8178
1786509896350 0.014122343622148037 8179
1786509898931 0.0138410291983746 8180
1786509901513 0.013918866985477507 8181
1786509904093 0.014423181652091444 8182
1786509906684 0.014306213706731796 8183
1786509909264 0.01419699442340061 8184
1786509911844 0.013919029559474438 8185
1786509914426 0.01407489157281816 8186
1786509917007 0.014250221429392695 8187
1786509919589 0.014446916582528502 8188
1786509922171 0.01392509345896542 8189
1786509924753 0.014107054681517184 8190
1786509927334 0.013934959832113236 8191
1786509929916 0.014205219165887684 8192
1786509932498 0.014032001083251089 8193
1786509935080 0.014103378634899855 8194
1786509937662 0.014262645796407014 8195
1786509940244 0.014453253708779812 8196
1786509942824 0.014129063056316227 8197
1786509945406 0.013953863875940442 8198
1786509947987 0.01401865400839597 8199
1786509950568 0.01409891463117674 8200
1786509953151 0.01396264909999445 8201
1786509955733 0.014131065458059311 8202
1786509958314 0.014204261940903962 8203
1786509960896 0.014048552024178207 8204
1786509963478 0.013893527269829065 8205
1786509966059 0.014113573532085866 8206
1786509968641 0.013976696762256324 8207
1786509971224 0.014240849006455392 8208
1786509973805 0.01402005017735064 8209
1786509976387 0.014050314261112362 8210
1786509978969 0.014363686903379858 8211
1786509981551 0.014249388303142041 8212
1786509984135 0.01369552657706663 8213
1786509986716 0.014150704897474498 8214
1786509989298 0.014375301194377244 8215
1786509991879 0.014189278823323548 8216
1786509994461 0.014228243206162006 8217
1786509997044 0.01419637625804171 8218
1786509999628 0.014207490952685475 8219
1786510002211 0.014196503499988467 8220
1786510004793 0.01428005681373179 8221
1786510007376 0.013965042366180569 8222
1786510009959 0.013769563287496567 8223
1786510012542 0.014033257844857872 8224
1786510015126 0.014084071211982518 8225
1786510017714 0.014304620795883238 8226
1786510020296 0.014003797026816756 8227
1786510022877 0.014132678392343223 8228
1786510025461 0.0140514089143835 8229
1786510028043 0.014046640077140182 8230
1786510030625 0.014070095960050821 8231
1786510033205 0.014199936878867447 8232
1786510035785 0.014117480721324682 8233
1786510038365 0.014002812735270709 8234
1786510040946 0.013718976464588195 8235
1786510043527 0.013789046613965183 8236
1786510046109 0.014215008879546076 8237
1786510048691 0.014006903045810759 8238
1786510051273 0.013996778288856149 8239
1786510053855 0.014264653087593615 8240
1786510056437 0.01416495069861412 8241
1786510059019 0.014266034064348787 8242
1786510061601 0.014048225653823465 8243
1786510064182 0.014021144539583474 8244
1786510066763 0.014400859246961772 8245
1786510069347 0.014398409111890942 8246
1786510071930 0.01406090339878574 8247
1786510074513 0.013889578462112695 8248
1786510077098 0.014050038007553667 8249
1786510079682 0.014070707489736378 8250
1786510082264 0.014239315234590322 8251
1786510084843 0.014154141652397811 8252
1786510087429 0.01393494667718187 8253
1786510090013 0.0142502574599348 8254
1786510092593 0.014007867721375078 8255
1786510095174 0.013974994071759284 8256
1786510097756 0.0141584905795753 8257
1786510100336 0.01427322014933452 8258
1786510102918 0.014056469139177352 8259
1786510105497 0.01396556687541306 8260
1786510108077 0.014178948244079947 8261
1786510110657 0.013827830902300775 8262
1786510113237 0.014015938388183713 8263
1786510115818 0.013941999059170485 8264
1786510118398 0.014092900732066482 8265
1786510120979 0.013974144821986556 8266
1786510123560 0.014108091709204018 8267
1786510126141 0.013987819605972618 8268
1786510128723 0.014453375595621765 8269
1786510131304 0.014073020196519792 8270
1786510133885 0.013967652164865285 8271
1786510136467 0.01399009075248614 8272
1786510139048 0.014193585608154535 8273
1786510141629 0.014215314586181194 8274
1786510144209 0.014335049083456397 8275
1786510146790 0.014038766967132688 8276
1786510149372 0.014077779080253094 8277
1786510151953 0.014041826652828604 8278
1786510154534 0.014003479096572846 8279
1786510157115 0.014193579612765461 8280
1786510159697 0.014033825136721134 8281
1786510162278 0.01421828445745632 8282
1786510164860 0.014324708608910441 8283
1786510167441 0.014195963914971799 8284
1786510170024 0.014212469104677439 8285
1786510172605 0.014010876708198339 8286
1786510175186 0.013963624136522412 8287
1786510177767 0.014100284548476338 8288
1786510180348 0.014429179718717933 8289
1786510182930 0.014045567950233817 8290
1786510185512 0.014029175392352045 8291
1786510188093 0.013910053006839007 8292
1786510190674 0.01399772334843874 8293
1786510193255 0.014267038146499544 8294
1786510195836 0.014300964016001672 8295
1786510198416 0.014183697872795165 8296
1786510200998 0.014026598073542118 8297
1786510203579 0.013954079360701144 8298
1786510206160 0.013769667712040246 8299
1786510208741 0.01403053879039362 8300
1786510211321 0.013792583253234625 8301
1786510213903 0.01402516762027517 8302
1786510216484 0.013797736668493599 8303
1786510219064 0.014208700391463935 8304
1786510221646 0.01383069233270362 8305
1786510224228 0.014001137751620263 8306
1786510226808 0.01418945868499577 8307
1786510229389 0.013929875567555428 8308
1786510231970 0.014285753946751356 8309
1786510234552 0.013947402709163725 8310
1786510237134 0.013968329003546387 8311
1786510239714 0.014085889852140099 8312
1786510242296 0.014264917001128197 8313
1786510244877 0.014192491478752345 8314
1786510247459 0.013985715806484222 8315
1786510250040 0.01403994212159887 8316
1786510252621 0.01419507630635053 8317
1786510255201 0.0142483712406829 8318
1786510257782 0.014012218278367072 8319
1786510260363 0.014089017524383962 8320
1786510262943 0.014241532888263464 8321
1786510265522 0.013871638395357877 8322
1786510268101 0.014083586807828397 8323
1786510270682 0.014056775311473757 8324
1786510273272 0.013999042857903987 8325
1786510275852 0.01429273869143799 8326
1786510278433 0.014205997111275792 8327
1786510281020 0.014040949754416943 8328
1786510283609 0.014189501816872507 8329
1786510286198 0.014353318721987307 8330
1786510288787 0.014497525990009308 8331
1786510291376 0.014029568817932159 8332
1786510293967 0.013899216544814408 8333
1786510296558 0.013577635283581913 8334
1786510299147 0.013726808363571763 8335
1786510301736 0.014179750345647335 8336
1786510304328 0.014447658963035792 8337
1786510306916 0.01429178932448849 8338
1786510309504 0.014295952976681292 8339
1786510312096 0.014059040055144578 8340
1786510314683 0.013889643363654613 8341
1786510317272 0.014013812353368849 8342
1786510319864 0.014001963194459677 8343
1786510322451 0.014251597982365638 8344
1786510325036 0.013794385420624167 8345
1786510327623 0.01409461151342839 8346
1786510330211 0.014236485119909048 8347
1786510332799 0.013921878417022526 8348
1786510335386 0.014039066096302122 8349
1786510337975 0.01371737476438284 8350
1786510340561 0.014059440465644002 8351
1786510343150 0.014065027178730816 8352
1786510345741 0.014265086210798472 8353
1786510348327 0.014091104734688997 8354
1786510350915 0.014041037706192583 8355
1786510353503 0.01386762916808948 8356
1786510356097 0.01405342115322128 8357
1786510358683 0.014387458970304579 8358
1786510361269 0.014148932532407343 8359
1786510363860 0.014302791620139033 8360
1786510366469 0.013948394742328674 8361
1786510369069 0.014330975129269063 8362
1786510371658 0.014099571271799505 8363
1786510374243 0.014209870714694262 8364
1786510376829 0.014021147624589503 8365
1786510379415 0.014050328521989286 8366
1786510381999 0.014085689908824861 8367
1786510384577 0.014211419213097543 8368
1786510387158 0.014145415974780917 8369
1786510389738 0.014348464086651802 8370
1786510392318 0.0140042930142954 8371
1786510394899 0.014093077159486711 8372
1786510397482 0.01414370903512463 8373
1786510400062 0.014389051706530154 8374
1786510402641 0.014121891930699348 8375
1786510405223 0.014195521245710552 8376
1786510407804 0.01428095408482477 8377
1786510410386 0.013919437013100833 8378
1786510412965 0.013964331592433155 8379
1786510415545 0.013807716430164874 8380
1786510418125 0.013894475065171719 8381
1786510420706 0.014118870138190687 8382
1786510423287 0.014074373350013047 8383
1786510425867 0.014084742229897529 8384
1786510428447 0.014031220227479935 8385
1786510431027 0.014248149353079498 8386
1786510433609 0.014145252178423107 8387
1786510436190 0.013839493680279702 8388
1786510438771 0.01396356022451073 8389
1786510441351 0.014255521004088223 8390
1786510443932 0.01421203592326492 8391
1786510446513 0.014208814885932952 8392
1786510449093 0.013869875576347113 8393
1786510451671 0.013896933349315077 8394
1786510454251 0.013867070083506405 8395
1786510456835 0.013910882582422346 8396
1786510459415 0.013918366224970669 8397
1786510461995 0.013855275406967849 8398
1786510464575 0.013937700598035008 8399
1786510467157 0.014283092110417783 8400
1786510469739 0.013837836566381156 8401
1786510472318 0.013716772140469402 8402
1786510474898 0.013568413676694036 8403
1786510477480 0.014116234029643238 8404
1786510480059 0.014112139993812889 8405
1786510482639 0.014295807108283043 8406
1786510485219 0.014067069219890982 8407
1786510487799 0.013910254288930446 8408
1786510490381 0.014149088528938591 8409
1786510492961 0.013782801979687065 8410
1786510495543 0.013962254975922406 8411
1786510498123 0.014036821958143264 8412
1786510500704 0.014190651418175548 8413
1786510503284 0.013974203902762383 8414
1786510505866 0.013938656717073172 8415
1786510508450 0.013958412630017847 8416
1786510511027 0.014281984709668905 8417
1786510513603 0.01399227895308286 8418
1786510516181 0.01417857053456828 8419
1786510518757 0.01385036070132628 8420
1786510521335 0.014144153275992721 8421
1786510523911 0.013959982490632683 8422
1786510526494 0.013904873630963266 8423
1786510529079 0.013795131701044738 8424
1786510531657 0.01382383331656456 8425
1786510534236 0.013961727323476225 8426
1786510536818 0.013927046849858016 8427
1786510539403 0.013942201330792159 8428
1786510541986 0.014214494673069566 8429
1786510544567 0.013993730652146041 8430
1786510547147 0.014127013739198446 8431
1786510549727 0.014031568949576467 8432
1786510552312 0.014017163135576993 8433
1786510554892 0.013983386452309787 8434
1786510557470 0.013604138162918389 8435
1786510560046 0.013947715342510492 8436
1786510562623 0.014116936188656837 8437
1786510565200 0.014020660310052335 8438
1786510567778 0.013982622243929654 8439
1786510570356 0.014027891622390598 8440
1786510572937 0.013853335462044924 8441
1786510575522 0.014017501845955849 8442
1786510578109 0.0139629096374847 8443
1786510580695 0.013967950944788754 8444
1786510583277 0.013835124380420893 8445
1786510585858 0.01406884309835732 8446
1786510588441 0.013957754999864846 8447
1786510591022 0.014201350568328053 8448
1786510593608 0.014372433302924037 8449
1786510596196 0.01389239268610254 8450
1786510598778 0.013889493828173727 8451
1786510601359 0.013926418730989099 8452
1786510603940 0.014362322923261672 8453
1786510606522 0.013904229504987597 8454
1786510609105 0.01398870866978541 8455
1786510611686 0.014014546119142324 8456
1786510614271 0.014144309447146952 8457
1786510616861 0.013817402825225145 8458
1786510619441 0.014146093977615237 8459
1786510622021 0.01377974491333589 8460
1786510624600 0.01394866593182087 8461
1786510627181 0.014084521040786058 8462
1786510629761 0.014128695358522236 8463
1786510632340 0.014097612409386784 8464
1786510634920 0.013926226063631475 8465
1786510637501 0.01420411723665893 8466
1786510640084 0.013961765565909445 8467
1786510642664 0.013744722527917475 8468
1786510645245 0.014069700497202575 8469
1786510647827 0.014166596112772822 8470
1786510650410 0.014019275433383882 8471
1786510652993 0.014244185644201934 8472
1786510655573 0.013989046798087656 8473
1786510658153 0.013919262797571719 8474
1786510660733 0.014025533630046993 8475
1786510663312 0.014030601596459746 8476
1786510665892 0.01406013616360724 8477
1786510668471 0.014161634724587202 8478
1786510671052 0.01404169574379921 8479
1786510673633 0.013958561641629785 8480
1786510676213 0.013767732016276568 8481
1786510678792 0.01405379077186808 8482
1786510681372 0.014248482533730567 8483
1786510683951 0.014051374979317188 8484
1786510686531 0.014238260278943926 8485
1786510689110 0.013867073343135417 8486
1786510691690 0.013762596005108207 8487
1786510694270 0.013944598904345185 8488
1786510696849 0.013694322609808296 8489
1786510699429 0.013985585363116115 8490
1786510702006 0.013901062309741974 8491
1786510704581 0.01391630177386105 8492
1786510707156 0.013907549495343119 8493
1786510709732 0.014081020199228078 8494
1786510712310 0.014099869935307652 8495
1786510714886 0.01417934859637171 8496
1786510717462 0.013840028666891158 8497
1786510720039 0.014076938445214182 8498
1786510722615 0.014043992559891194 8499
1786510726587 0.014046993164811283 8500
1786510729163 0.013757910463027656 8501
1786510731740 0.013932547648437321 8502
1786510734318 0.013828428636770695 8503
1786510736895 0.013873383053578436 8504
1786510739472 0.01381706475513056 8505
1786510742048 0.014073041966184974 8506
1786510744624 0.014018768386449665 8507
1786510747200 0.014158764213789254 8508
1786510749776 0.014211325848009437 8509
1786510752352 0.01402452279580757 8510
1786510754927 0.014035866595804691 8511
1786510757503 0.013980981661006808 8512
1786510760078 0.014232360757887363 8513
1786510762654 0.013905011757742614 8514
1786510765234 0.013925438048318028 8515
1786510767816 0.013853952346835285 8516
1786510770398 0.014028598961886019 8517
1786510772979 0.014008860511239618 8518
1786510775559 0.0140451526385732 8519
1786510778140 0.014153592812363058 8520
1786510780721 0.014132944925222546 8521
1786510783302 0.013802387053146958 8522
1786510785882 0.013670244021341205 8523
1786510788465 0.01385464466875419 8524
1786510791054 0.014033535029739141 8525
1786510793636 0.013942579098511487 8526
1786510796217 0.013698451512027532 8527
1786510798797 0.013867331086657941 8528
1786510801372 0.013868217880371958 8529
1786510803954 0.013616419688332826 8530
1786510806541 0.01375461817951873 8531
1786510809117 0.013693116838112473 8532
1786510811698 0.013975010020658374 8533
1786510814281 0.013784949202090502 8534
1786510816864 0.013847490714397281 8535
1786510819443 0.013857812329661101 8536
1786510822018 0.013756781292613596 8537
1786510824594 0.014102124376222491 8538
1786510827169 0.013856525183655322 8539
1786510829743 0.013788122159894556 8540
1786510832317 0.013902191421948373 8541
1786510834892 0.014102188812103122 8542
1786510837470 0.013967926090117544 8543
1786510840045 0.013772059115581214 8544
1786510842620 0.013627259526401758 8545
1786510845194 0.013890056463424116 8546
1786510847768 0.014188268803991377 8547
1786510850345 0.013949391432106495 8548
1786510852921 0.013758497778326273 8549
1786510855499 0.013832023076247424 8550
1786510858075 0.01397028926294297 8551
1786510860651 0.013969076331704855 8552
1786510863227 0.013862689025700092 8553
1786510865802 0.014194876595865935 8554
1786510868378 0.014228987391106784 8555
1786510870955 0.013703614531550556 8556
1786510873531 0.013862816209439188 8557
1786510876107 0.013526251947041601 8558
1786510878682 0.013743518269620836 8559
1786510881258 0.014160901424475014 8560
1786510883834 0.014171252259984612 8561
1786510886411 0.013841592124663293 8562
1786510888987 0.013958555995486677 8563
1786510891563 0.013726575183682144 8564
1786510894139 0.013960682845208794 8565
1786510896716 0.014097589068114758 8566
1786510899292 0.013869198272004724 8567
1786510901868 0.014066322357393801 8568
1786510904443 0.013781678047962487 8569
1786510907019 0.013962515396997333 8570
1786510909595 0.014074760489165783 8571
1786510912170 0.014172215072903782 8572
1786510914746 0.014133175602182746 8573
1786510917322 0.013956549286376685 8574
1786510919898 0.014158483420033008 8575
1786510922474 0.013628770771902055 8576
1786510925050 0.013784614449832588 8577
1786510927626 0.013789111166261137 8578
1786510930201 0.013593030802439898 8579
1786510932777 0.013608585868496448 8580
1786510935356 0.013811435259412974 8581
1786510937932 0.013883284875191748 8582
1786510940507 0.013759474910330027 8583
1786510943083 0.013986211502924562 8584
1786510945659 0.01388639211654663 8585
1786510948236 0.013966442900709808 8586
1786510950811 0.013856409175787121 8587
1786510953388 0.01422422390896827 8588
1786510955964 0.013954934489447623 8589
1786510958540 0.01391553384019062 8590
1786510961116 0.013926683110184968 8591
1786510963692 0.013706128695048392 8592
1786510966269 0.013542623200919479 8593
1786510968846 0.013893425348214805 8594
1786510971422 0.013961805554572493 8595
1786510973999 0.013949520303867757 8596
1786510976575 0.013851323688868433 8597
1786510979151 0.013666269544046372 8598
1786510981727 0.013807462994009256 8599
1786510984302 0.013977637747302651 8600
1786510986879 0.013696719601284713 8601
1786510989455 0.013885832333471626 8602
1786510992030 0.013945297920145094 8603
1786510994606 0.013848274538759142 8604
1786510997182 0.014000717957969755 8605
1786510999760 0.01377929374575615 8606
1786511002340 0.013708203274291009 8607
1786511004920 0.013781995105091482 8608
1786511007500 0.014117933518718928 8609
1786511010080 0.014065927651245147 8610
1786511012660 0.014153987634927034 8611
1786511015240 0.013978069764561951 8612
1786511017819 0.013745310716331005 8613
1786511020399 0.013853479700628668 8614
1786511022978 0.013972240791190416 8615
1786511025556 0.013718340080231428 8616
1786511028135 0.013803903537336737 8617
1786511030713 0.01383827137760818 8618
1786511033294 0.013965889811515808 8619
1786511035874 0.013813551922794431 8620
1786511038454 0.013812664954457432 8621
1786511041035 0.013845060660969466 8622
1786511043613 0.01375355018535629 8623
1786511046192 0.013780895387753844 8624
1786511048770 0.014112430217210203 8625
1786511051349 0.013877126795705408 8626
1786511053927 0.014033523795660585 8627
1786511056506 0.014002203999552876 8628
1786511059086 0.01402237854199484 8629
1786511061665 0.014177362201735377 8630
1786511064245 0.013952487497590482 8631
1786511066825 0.014011015300638974 8632
1786511069407 0.013895515992771834 8633
1786511071986 0.014024453237652779 8634
1786511074566 0.013978075876366347 8635
1786511077147 0.014105263981036842 8636
1786511079730 0.013838139595463872 8637
1786511082309 0.013939569122157991 8638
1786511084888 0.014176898868754506 8639
1786511087467 0.014012292958796024 8640
1786511090049 0.014071617159061134 8641
1786511092629 0.01394131570123136 8642
1786511095209 0.013783855363726616 8643
1786511097790 0.013907398155424744 8644
1786511100372 0.0140360570512712 8645
1786511102951 0.013950309483334422 8646
1786511105530 0.013914616487454623 8647
1786511108109 0.013613663613796234 8648
1786511110688 0.013712860934901983 8649
1786511113267 0.013849962560925633 8650
1786511115846 0.013989336090162396 8651
1786511118426 0.013524500012863427 8652
1786511121008 0.013861970801372081 8653
1786511123589 0.013861793209798634 8654
1786511126168 0.01402136025717482 8655
1786511128748 0.013905289699323475 8656
1786511131330 0.01348162314388901 8657
1786511133909 0.013655753224156797 8658
1786511136489 0.013924099912401289 8659
1786511139069 0.014099614170845598 8660
1786511141649 0.014123851200565696 8661
1786511144229 0.01403924310579896 8662
1786511146808 0.01382761652348563 8663
1786511149388 0.01385606115218252 8664
1786511151967 0.013964387937448919 8665
1786511154547 0.013957143644802272 8666
1786511157130 0.013554222881793976 8667
1786511159709 0.01397325546713546 8668
1786511162290 0.013964403013233095 8669
1786511164871 0.01385215565096587 8670
1786511167451 0.013798370666336268 8671
1786511170029 0.013864825130440295 8672
1786511172611 0.01388435676926747 8673
1786511175197 0.014058347907848656 8674
1786511177778 0.01399994920939207 8675
1786511180358 0.013940048811491579 8676
1786511182932 0.013945425278507173 8677
1786511185514 0.013944603211712092 8678
1786511188094 0.014076839026529342 8679
1786511190675 0.013829313626047224 8680
1786511193258 0.014022400486283004 8681
1786511195840 0.013860123930498958 8682
1786511198423 0.014115269295871258 8683
1786511201004 0.014134484808892012 8684
1786511203584 0.013874132244382054 8685
1786511206163 0.013681815238669515 8686
1786511208743 0.013679697178304195 8687
1786511211325 0.01371229998767376 8688
1786511213909 0.013724710908718407 8689
1786511216488 0.013787470990791917 8690
1786511219065 0.013966073223855346 8691
1786511221640 0.013806107803247869 8692
1786511224214 0.013847905909642577 8693
1786511226789 0.01365668443031609 8694
1786511229365 0.01389310008380562 8695
1786511231940 0.013584021653514355 8696
1786511234516 0.013587627734523267 8697
1786511237092 0.01386200828710571 8698
1786511239667 0.013920248136855662 8699
1786511242243 0.013892519054934382 8700
1786511244821 0.013901205558795482 8701
1786511247396 0.013670951884705573 8702
1786511249972 0.013694642519112676 8703
1786511252547 0.013686551130376756 8704
1786511255123 0.013908690656535327 8705
1786511257699 0.013610422320198268 8706
1786511260274 0.01371363498037681 8707
1786511262850 0.013624593091662973 8708
1786511265424 0.013871863717213273 8709
1786511267998 0.01405419607181102 8710
1786511270573 0.013851400930434465 8711
1786511273149 0.013823702814988792 8712
1786511275725 0.013722832838539034 8713
1786511278300 0.013780398585367948 8714
1786511280876 0.013949859363492578 8715
1786511283451 0.01391327241435647 8716
1786511286026 0.013682248711120337 8717
1786511288600 0.013650618493556976 8718
1786511291174 0.013906134758144617 8719
1786511293748 0.01400466269114986 8720
1786511296325 0.01419450988760218 8721
1786511298901 0.013907794491387904 8722
1786511301476 0.014101092063356191 8723
1786511304052 0.013834013778250664 8724
1786511306627 0.013725486118346453 8725
1786511309202 0.013636964315082878 8726
1786511311778 0.013544757617637515 8727
1786511314354 0.01388744980795309 8728
1786511316931 0.01407104340614751 8729
1786511319507 0.014022371731698513 8730
1786511322082 0.013910389505326748 8731
1786511324658 0.013859687955118716 8732
1786511327235 0.0137457296368666 8733
1786511329812 0.013799970271065831 8734
1786511332387 0.013905720552429557 8735
1786511334963 0.013687639846466482 8736
1786511337541 0.014018388814292848 8737
1786511340117 0.013798140338622034 8738
1786511342692 0.013769775163382292 8739
1786511345268 0.013853012002073228 8740
1786511347844 0.013994314824230969 8741
1786511350419 0.013704609940759838 8742
1786511352994 0.013615031843073666 8743
1786511355570 0.014044676383491606 8744
1786511358146 0.014088662981521338 8745
1786511360723 0.013917925185523927 8746
1786511363299 0.013611782109364867 8747
1786511365874 0.013735211221501231 8748
1786511368449 0.01408256235299632 8749
1786511371023 0.013604612438939512 8750
1786511373597 0.013668229163158685 8751
1786511376171 0.013887360051739961 8752
1786511378747 0.01386171142803505 8753
1786511381323 0.013797492894809693 8754
1786511383898 0.013804125366732478 8755
1786511386474 0.013636273273732513 8756
1786511389049 0.013975306879729033 8757
1786511391625 0.0137400864623487 8758
1786511394201 0.013987371290568262 8759
1786511396776 0.013994681707117707 8760
1786511399353 0.013813117111567408 8761
1786511401928 0.013705086952541023 8762
1786511404504 0.013593905663583428 8763
1786511407080 0.0136820551706478 8764
1786511409656 0.013726980716455728 8765
1786511412232 0.01386839454062283 8766
1786511414807 0.013808192510623485 8767
1786511417383 0.013947308121714741 8768
1786511419959 0.01398018270265311 8769
1786511422534 0.013723613286856562 8770
1786511425110 0.013809606316499412 8771
1786511427687 0.013749846897553653 8772
1786511430264 0.0138567850808613 8773
1786511432839 0.013737065659370273 8774
1786511435415 0.013843165419530123 8775
1786511437991 0.014009041129611433 8776
1786511440568 0.013990504492539912 8777
1786511443144 0.013742857205215842 8778
1786511445719 0.013971819367725402 8779
1786511448294 0.013816117076203227 8780
1786511450871 0.014062577567528933 8781
1786511453448 0.013881207094527781 8782
1786511456024 0.01390451128827408 8783
1786511458605 0.014039174478966743 8784
1786511461185 0.013912261987570673 8785
1786511463762 0.013587821333203465 8786
1786511466340 0.013491595804225653 8787
1786511468918 0.013988229213282466 8788
1786511471493 0.014125564601272345 8789
1786511474070 0.013972513668704778 8790
1786511476646 0.013707499369047582 8791
1786511479221 0.014094816404394805 8792
1786511481797 0.01388150075217709 8793
1786511484373 0.013943384226877242 8794
1786511486947 0.013843448658008128 8795
1786511489523 0.01379166217520833 8796
1786511492101 0.013715982611756772 8797
1786511494677 0.014105968177318573 8798
1786511497256 0.013881768099963665 8799
1786511499833 0.013737373694311827 8800
1786511502412 0.013735925022047013 8801
1786511504993 0.013900949154049158 8802
1786511507574 0.013937524985522032 8803
1786511510155 0.013660869270097464 8804
1786511512736 0.013777221494819969 8805
1786511515322 0.014034708554390818 8806
1786511517903 0.014176231750752777 8807
1786511520484 0.014145802473649383 8808
1786511523065 0.013635335897561163 8809
1786511525648 0.013700881216209382 8810
1786511528228 0.013816406892146915 8811
1786511530809 0.013724555261433125 8812
1786511533389 0.01376352139050141 8813
1786511535968 0.01361784862820059 8814
1786511538548 0.013838257233146578 8815
1786511541128 0.013628912041895092 8816
1786511543710 0.013776048610452563 8817
1786511546289 0.013720448361709714 8818
1786511548869 0.013722994015552104 8819
1786511551447 0.013821415952406824 8820
1786511554024 0.013656529190484434 8821
1786511556600 0.013694095949176699 8822
1786511559178 0.013868453213945031 8823
1786511561755 0.013613770308438689 8824
1786511564331 0.013833987526595592 8825
1786511566907 0.013536774320527911 8826
1786511569483 0.01360702799865976 8827
1786511572061 0.01409890252398327 8828
1786511574643 0.013734476349782199 8829
1786511577228 0.013763244729489088 8830
1786511579809 0.014095837599597871 8831
1786511582390 0.014123615634161979 8832
1786511584971 0.013532315962947905 8833
1786511587552 0.013543509063310921 8834
1786511590134 0.014015838271006942 8835
1786511592715 0.014247597137000412 8836
1786511595301 0.013812119839712977 8837
1786511597881 0.013560358085669577 8838
1786511600461 0.013456469576340169 8839
1786511603043 0.013988824852276593 8840
1786511605628 0.01388776081148535 8841
1786511608212 0.01369080477161333 8842
1786511610792 0.013638107804581523 8843
1786511613374 0.013981893658638 8844
1786511615954 0.013813358440529555 8845
1786511618534 0.013600689475424588 8846
1786511621115 0.013419058464933187 8847
1786511623695 0.01397505373461172 8848
1786511626278 0.013621452322695404 8849
1786511628858 0.013668249070178717 8850
1786511631439 0.013742639392148703 8851
1786511634022 0.013650455686729401 8852
1786511636609 0.013683802157174796 8853
1786511639191 0.013763104798272252 8854
1786511641771 0.013699179165996611 8855
1786511644351 0.013860333012416959 8856
1786511646933 0.013455124688334763 8857
1786511649514 0.013688496546819806 8858
1786511652095 0.01395861676428467 8859
1786511654675 0.01371907239081338 8860
1786511657257 0.013575932825915515 8861
1786511659836 0.013597405049949884 8862
1786511662416 0.013923501537647098 8863
1786511664998 0.013747308403253555 8864
1786511667579 0.0137410449096933 8865
1786511670160 0.013762688846327364 8866
1786511672741 0.013793395133689046 8867
1786511675322 0.013763865281362087 8868
1786511677906 0.013698469963856041 8869
1786511680490 0.01364546874538064 8870
1786511683070 0.0137601601309143 8871
1786511685655 0.013802529079839587 8872
1786511688237 0.01349878590553999 8873
1786511690822 0.01380084059201181 8874
1786511693408 0.013636952789966017 8875
1786511695994 0.01383635523961857 8876
1786511698575 0.013679418712854385 8877
1786511701156 0.013886394037399441 8878
1786511703736 0.013883968233130872 8879
1786511706327 0.013929881737567484 8880
1786511708908 0.013725964701734483 8881
1786511711488 0.013626611151266843 8882
1786511714068 0.013583680090960115 8883
1786511716650 0.013650657783728093 8884
1786511719231 0.013837621838320047 8885
1786511721821 0.013556147401686758 8886
1786511724402 0.013659906981047243 8887
1786511726984 0.013688932347577065 8888
1786511729565 0.013672392815351486 8889
1786511732146 0.013969032792374492 8890
1786511734727 0.013993186934385449 8891
1786511737307 0.013907742162700742 8892
1786511739887 0.014055150211788714 8893
1786511742470 0.013691616244614124 8894
1786511745055 0.013631051115226 8895
1786511747640 0.013846933783497661 8896
1786511750221 0.013707335747312754 8897
1786511752802 0.013665728736668825 8898
1786511755378 0.013758562447037548 8899
1786511757953 0.013739886810071766 8900
1786511760527 0.013599108555354178 8901
1786511763101 0.013502298679668456 8902
1786511765676 0.013640057353768498 8903
1786511768254 0.01394825818715617 8904
1786511770836 0.014066805422771722 8905
1786511773418 0.013957619434222579 8906
1786511776001 0.01377975515788421 8907
1786511778585 0.013944289414212108 8908
1786511781166 0.013811020529828966 8909
1786511783749 0.013833318604156375 8910
1786511786331 0.01361470075789839 8911
1786511788912 0.013593806768767536 8912
1786511791493 0.013499947730451822 8913
1786511794074 0.01346924202516675 8914
1786511796653 0.0135658243088983 8915
1786511799229 0.013636270014103502 8916
1786511801809 0.013818823266774416 8917
1786511804390 0.013644796272274107 8918
1786511806970 0.01350520976120606 8919
1786511809551 0.013520814827643335 8920
1786511812132 0.01381679467158392 8921
1786511814715 0.013807830400764942 8922
1786511817299 0.013756562722846866 8923
1786511819883 0.013895325537305325 8924
1786511822462 0.014028951001819223 8925
1786511825044 0.014010029786732048 8926
1786511827624 0.013481510686688125 8927
1786511830204 0.01345699222292751 8928
1786511832785 0.013726831472013146 8929
1786511835366 0.01395685866009444 8930
1786511837946 0.013694631983526051 8931
1786511840526 0.013678606250323355 8932
1786511843106 0.013601650716736913 8933
1786511845686 0.013983816024847329 8934
1786511848265 0.01372246805112809 8935
1786511850849 0.013771519181318581 8936
1786511853436 0.013787028612568974 8937
1786511856016 0.013631435693241656 8938
1786511858598 0.013801876280922443 8939
1786511861180 0.013790318800602108 8940
1786511863760 0.01393453701166436 8941
1786511866340 0.013761445239651948 8942
1786511868920 0.013799456297419965 8943
1786511871504 0.013627348060254008 8944
1786511874084 0.013751761056482792 8945
1786511876664 0.01362061471445486 8946
1786511879245 0.013559284270741045 8947
1786511881827 0.01377180271083489 8948
1786511884409 0.013943209836725146 8949
1786511886990 0.01376415666891262 8950
1786511889571 0.01380186906317249 8951
1786511892162 0.013935011578723788 8952
1786511894748 0.013930689601693302 8953
1786511897335 0.013828286726493388 8954
1786511899917 0.013682920602150261 8955
1786511902498 0.013671711029019207 8956
1786511905078 0.013649503409396857 8957
1786511907659 0.01354779297253117 8958
1786511910240 0.013533480232581496 8959
1786511912822 0.01377555646467954 8960
1786511915401 0.013589918205980211 8961
1786511917983 0.013724245480261743 8962
1786511920563 0.013669267296791077 8963
1786511923145 0.013942663616035134 8964
1786511925726 0.01352374191628769 8965
1786511928307 0.013487231219187379 8966
1786511930887 0.013600534002762288 8967
1786511933469 0.01333247369620949 8968
1786511936052 0.013850215065758675 8969
1786511938633 0.01375829498283565 8970
1786511941212 0.013868375273887068 8971
1786511943792 0.013375589391216636 8972
1786511946373 0.013794688798952848 8973
1786511948953 0.01386243716115132 8974
1786511951533 0.013698594702873379 8975
1786511954115 0.013611828500870615 8976
1786511956695 0.013388690131250769 8977
1786511959275 0.013607756525743753 8978
1786511961855 0.013779811619315296 8979
1786511964436 0.013658561336342245 8980
1786511967018 0.01366250216960907 8981
1786511969600 0.013673489564098418 8982
1786511972183 0.01383635267848149 8983
1786511974767 0.013609423069283366 8984
1786511977347 0.013611563830636442 8985
1786511979928 0.013774228049442172 8986
1786511982510 0.014018639281857759 8987
1786511985092 0.013906608568504453 8988
1786511987673 0.013463721959851682 8989
1786511990255 0.013421456795185804 8990
1786511992835 0.013396577327512205 8991
1786511995412 0.013649112544953823 8992
1786511997993 0.013476909720338881 8993
1786512000574 0.013833395147230476 8994
1786512003156 0.013678229413926601 8995
1786512005738 0.013525894784834236 8996
1786512008319 0.013913352799136192 8997
1786512010896 0.013797778869047761 8998
1786512013473 0.013661624980159104 8999
1786512017443 0.0139920087531209 9000
1786512020019 0.013747240416705608 9001
1786512022594 0.013626782805658877 9002
1786512025171 0.01379800500581041 9003
1786512027750 0.013947758765425533 9004
1786512030331 0.013450225815176964 9005
1786512032912 0.013702551077585667 9006
1786512035496 0.013504654925782233 9007
1786512038077 0.013652338180691004 9008
1786512040657 0.013775721774436533 9009
1786512043237 0.013672286237124354 9010
1786512045819 0.013613548595458269 9011
1786512048400 0.013573366915807128 9012
1786512050982 0.013669174048118293 9013
1786512053563 0.0140219732420519 9014
1786512056146 0.013829008094035089 9015
1786512058727 0.013795601029414684 9016
1786512061306 0.01368938374798745 9017
1786512063885 0.01340591732878238 9018
1786512066460 0.013473971630446613 9019
1786512069035 0.013621404650621116 9020
1786512071610 0.013529222982469946 9021
1786512074189 0.013492637721356004 9022
1786512076768 0.013588641944807023 9023
1786512079348 0.013475411396939307 9024
1786512081928 0.013848584436345845 9025
1786512084508 0.013946887571364641 9026
1786512087088 0.013795658713206649 9027
1786512089668 0.013620275887660682 9028
1786512092248 0.013775706815067679 9029
1786512094826 0.013640118530020118 9030
1786512097406 0.013573087810073048 9031
1786512099984 0.013662996119819582 9032
1786512102562 0.013739884190727025 9033
1786512105140 0.013722728472203016 9034
1786512107720 0.013440623413771391 9035
1786512110299 0.013577432604506612 9036
1786512112878 0.013821894419379532 9037
1786512115464 0.013975903682876378 9038
1786512118048 0.013761088659521192 9039
1786512120630 0.013519038097001612 9040
1786512123211 0.013438281370326877 9041
1786512125792 0.013865143351722509 9042
1786512128374 0.013951171888038516 9043
1786512130955 0.013791808392852545 9044
1786512133535 0.013469703029841185 9045
1786512136111 0.01357725536217913 9046
1786512138687 0.01351134036667645 9047
1786512141263 0.013835515768732876 9048
1786512143840 0.013853272481355816 9049
1786512146420 0.013593769748695195 9050
1786512149003 0.013898871489800513 9051
1786512151584 0.013755471853073686 9052
1786512154166 0.013904272054787725 9053
1786512156748 0.013808147457893938 9054
1786512159330 0.013709746883250773 9055
1786512161911 0.013555664976593107 9056
1786512164494 0.013740314345341176 9057
1786512167075 0.01356725610094145 9058
1786512169658 0.0135656330967322 9059
1786512172240 0.013659082120284438 9060
1786512174827 0.013548774586524814 9061
1786512177408 0.013821052445564419 9062
1786512179989 0.013821121596265584 9063
1786512182571 0.013847564405295998 9064
1786512185154 0.013767061696853489 9065
1786512187737 0.013776338309980929 9066
1786512190320 0.013461190508678555 9067
1786512192899 0.013408201455604285 9068
1786512195479 0.013737361936364323 9069
1786512198059 0.0136524947010912 9070
1786512200641 0.01407669234322384 9071
1786512203220 0.01374279597075656 9072
1786512205803 0.013386059494223446 9073
1786512208384 0.013454405416268855 9074
1786512210965 0.013836694648489356 9075
1786512213546 0.013935787603259087 9076
1786512216126 0.01391556637827307 9077
1786512218708 0.013726742123253644 9078
1786512221288 0.01369111577514559 9079
1786512223867 0.013898033474106342 9080
1786512226446 0.01382085692603141 9081
1786512229026 0.013602255552541465 9082
1786512231609 0.013475349347572774 9083
1786512234190 0.01305532269179821 9084
1786512236770 0.013350542925763875 9085
1786512239346 0.01364720962010324 9086
1786512241921 0.013702366384677589 9087
1786512244498 0.013519252592232078 9088
1786512247076 0.013600633712485433 9089
1786512249652 0.013587662717327476 9090
1786512252229 0.013532835873775184 9091
1786512254808 0.013661823875736445 9092
1786512257387 0.013466770062223077 9093
1786512259972 0.013904017745517194 9094
1786512262555 0.01388081768527627 9095
1786512265136 0.013799604086671025 9096
1786512267719 0.01345256099011749 9097
1786512270307 0.013578530109953135 9098
1786512272887 0.01383021118817851 9099
1786512275470 0.013911633286625147 9100
1786512278057 0.0136396802845411 9101
1786512280642 0.013405294681433588 9102
1786512283223 0.013529000978451222 9103
1786512285804 0.013401987787801772 9104
1786512288384 0.013798625150229782 9105
1786512290967 0.013683151453733444 9106
1786512293547 0.013545772002544254 9107
1786512296128 0.013857884448952973 9108
1786512298710 0.013301394181326032 9109
1786512301294 0.013416314614005387 9110
1786512303876 0.01338957715779543 9111
1786512306457 0.013538881670683622 9112
1786512309039 0.013663055549841374 9113
1786512311622 0.01360582304187119 9114
1786512314203 0.013880980433896184 9115
1786512316779 0.013670537911821157 9116
1786512319355 0.013770752644632012 9117
1786512321930 0.013612763199489564 9118
1786512324507 0.01331201964057982 9119
1786512327082 0.013440874696243554 9120
1786512329658 0.013889024616219103 9121
1786512332234 0.01373858453007415 9122
1786512334811 0.013631203910335898 9123
1786512337387 0.013675286085344851 9124
1786512339963 0.01374978426611051 9125
1786512342539 0.013820998021401465 9126
1786512345115 0.013574989570770413 9127
1786512347690 0.013415920315310359 9128
1786512350266 0.013365087972488254 9129
1786512352841 0.013768200413323939 9130
1786512355416 0.01381606119684875 9131
1786512357992 0.013782052206806839 9132
1786512360568 0.013568821479566395 9133
1786512363144 0.013468471413943917 9134
1786512365719 0.013620973157230765 9135
1786512368293 0.013589880371000618 9136
1786512370867 0.013447727134916931 9137
1786512373441 0.013619748235214502 9138
1786512376018 0.013610416790470481 9139
1786512378593 0.013496636121999472 9140
1786512381169 0.01376342395087704 9141
1786512383744 0.013834245735779405 9142
1786512386320 0.013439612230286002 9143
1786512388895 0.013829604198690504 9144
1786512391471 0.013712117972318083 9145
1786512394046 0.013554143602959812 9146
1786512396621 0.013528333976864815 9147
1786512399196 0.013447345059830695 9148
1786512401771 0.013366524479351938 9149
1786512404347 0.01345757395029068 9150
1786512406924 0.013885567139368504 9151
1786512409504 0.01389372447738424 9152
1786512412083 0.01363326032878831 9153
1786512414664 0.013844122237060219 9154
1786512417243 0.013968284241855145 9155
1786512419822 0.013682259945198894 9156
1786512422401 0.013885004096664488 9157
1786512424979 0.01370216760551557 9158
1786512427558 0.013414495741017163 9159
1786512430137 0.013909315573982894 9160
1786512432716 0.013486618176102638 9161
1786512435295 0.013472603226546198 9162
1786512437875 0.013540976564399898 9163
1786512440456 0.013514487945940346 9164
1786512443038 0.013845572946593165 9165
1786512445618 0.013823070155922323 9166
1786512448199 0.013650714128743857 9167
1786512450780 0.013493651349563152 9168
1786512453362 0.013879443111363798 9169
1786512455944 0.013931722845882177 9170
1786512458527 0.01371682423632592 9171
1786512461109 0.013661307923030108 9172
1786512463690 0.013561169849708676 9173
1786512466269 0.013504541595466435 9174
1786512468847 0.013733045954722911 9175
1786512471426 0.013579695776570588 9176
1786512474009 0.013427660567685962 9177
1786512476598 0.013464504503645003 9178
1786512479179 0.013574681710451841 9179
1786512481759 0.013798489235341549 9180
1786512484338 0.013769629935268313 9181
1786512486919 0.01357904018368572 9182
1786512489500 0.013409171428065747 9183
1786512492081 0.013427133671939373 9184
1786512494663 0.013495553226675838 9185
1786512497244 0.013757383625488728 9186
1786512499824 0.013694920227862895 9187
1786512502405 0.013852134230546653 9188
1786512504988 0.013595843280199915 9189
1786512507570 0.013675803667865694 9190
1786512510149 0.013525283604394644 9191
1786512512731 0.013507522991858423 9192
1786512515312 0.013614655996207148 9193
1786512517894 0.01370765216415748 9194
1786512520475 0.013337063079234213 9195
1786512523055 0.0133485397673212 9196
1786512525636 0.013762100134044886 9197
1786512528217 0.013714748085476458 9198
1786512530797 0.013655216374900192 9199
1786512533381 0.013361192832235247 9200
1786512535965 0.013302519626449794 9201
1786512538546 0.013862417719792575 9202
1786512541129 0.013841795676853508 9203
1786512543713 0.013689051964320242 9204
1786512546296 0.013492880505509675 9205
1786512548877 0.013595955271739513 9206
1786512551458 0.013870198221411556 9207
1786512554039 0.013516581617295742 9208
1786512556620 0.01347597106359899 9209
1786512559201 0.013343855855055153 9210
1786512561782 0.013409738603513688 9211
1786512564362 0.01337228826014325 9212
1786512566943 0.013489847537130117 9213
1786512569524 0.013705710007343441 9214
1786512572104 0.013612944749183953 9215
1786512574686 0.013828420429490507 9216
1786512577267 0.013489919889252633 9217
1786512579847 0.013769544253591448 9218
1786512582427 0.013329876645002514 9219
1786512585009 0.013847322552464902 9220
1786512587591 0.013604199513792992 9221
1786512590172 0.013610874186269939 9222
1786512592754 0.013529788760934025 9223
1786512595333 0.013852846517693251 9224
1786512597913 0.013395693968050182 9225
1786512600493 0.013347182015422732 9226
1786512603074 0.01384518959093839 9227
1786512605668 0.013652651221491396 9228
1786512608248 0.013424862991087139 9229
1786512610828 0.013568808324635029 9230
1786512613409 0.013468347140587866 9231
1786512615985 0.013296640769112855 9232
1786512618562 0.013473563070874661 9233
1786512621138 0.013547941285651177 9234
1786512623714 0.013195036794058979 9235
1786512626289 0.013658237410709262 9236
1786512628865 0.013879885547794402 9237
1786512631441 0.013999032089486718 9238
1786512634016 0.013296242337673903 9239
1786512636592 0.013372307468671352 9240
1786512639169 0.013600046338979155 9241
1786512641745 0.013350330467801541 9242
1786512644320 0.01339573465520516 9243
1786512646902 0.013633182272315025 9244
1786512649484 0.013484621362295002 9245
1786512652065 0.0132459084270522 9246
1786512654651 0.013584937492851168 9247
1786512657236 0.013646970386616886 9248
1786512659816 0.01357016054680571 9249
1786512662396 0.013381627504713833 9250
1786512664977 0.013533144956454635 9251
1786512667557 0.0136217235121876 9252
1786512670138 0.013591379392892122 9253
1786512672721 0.013560941792093217 9254
1786512675303 0.013658248470164835 9255
1786512677883 0.013433175976388156 9256
1786512680464 0.013599813217297196 9257
1786512683046 0.013646111241541803 9258
1786512685627 0.013673968962393701 9259
1786512688207 0.013620310055557638 9260
1786512690796 0.013630889065098017 9261
1786512693377 0.013332465779967606 9262
1786512695958 0.013783705653622746 9263
1786512698542 0.013734387408476323 9264
1786512701126 0.013316676253452897 9265
1786512703712 0.013309496454894543 9266
1786512706293 0.013391209009569138 9267
1786512708874 0.013496903062332422 9268
1786512711455 0.013336034084204584 9269
1786512714035 0.01345766574377194 9270
1786512716616 0.013517077430151403 9271
1786512719196 0.013545074209105223 9272
1786512721776 0.013555490993894637 9273
1786512724356 0.013935828057583421 9274
1786512726937 0.013488643453456461 9275
1786512729518 0.01334392320131883 9276
1786512732098 0.013285977707710117 9277
1786512734678 0.013452364888507873 9278
1786512737263 0.013570537732448429 9279
1786512739844 0.013617236516438425 9280
1786512742425 0.013538060477003455 9281
1786512745005 0.013376109127420932 9282
1786512747584 0.01346492231823504 9283
1786512750165 0.01346948038553819 9284
1786512752744 0.013346722989808768 9285
1786512755323 0.013429282524157315 9286
1786512757904 0.013473583268932998 9287
1786512760483 0.0134229093673639 9288
1786512763062 0.013481406786013395 9289
1786512765641 0.01342597306938842 9290
1786512768220 0.013772829552181065 9291
1786512770803 0.01359634893015027 9292
1786512773381 0.013651021232362837 9293
1786512775963 0.013629978813696653 9294
1786512778543 0.013353954418562353 9295
1786512781124 0.013460522750392556 9296
1786512783706 0.013572373718488961 9297
1786512786287 0.013364370912313461 9298
1786512788868 0.013184863899368793 9299
1786512791451 0.013536662911064923 9300
1786512794033 0.013542630651500076 9301
1786512796615 0.013355863105971366 9302
1786512799196 0.013176447828300297 9303
1786512801779 0.013663209858350456 9304
1786512804361 0.013677794544491917 9305
1786512806942 0.013649384200107306 9306
1786512809524 0.013717046007514 9307
1786512812106 0.013804714370053262 9308
1786512814687 0.013285849418025464 9309
1786512817271 0.013862297695595771 9310
1786512819852 0.01343422190984711 9311
1786512822432 0.013583449355792254 9312
1786512825013 0.01324251462938264 9313
1786512827593 0.013510318589396775 9314
1786512830174 0.013503663067240268 9315
1786512832754 0.013434110791422427 9316
1786512835335 0.013403182732872665 9317
1786512837917 0.013618002994917333 9318
1786512840498 0.0135991902789101 9319
1786512843079 0.01359090319601819 9320
1786512845660 0.01357131014810875 9321
1786512848242 0.013736614724621177 9322
1786512850822 0.013814964273478836 9323
1786512853408 0.013276448531541973 9324
1786512855988 0.013703127449844033 9325
1786512858568 0.013560411869548261 9326
1786512861148 0.013638804201036692 9327
1786512863728 0.013356544019188732 9328
1786512866308 0.013197243155445904 9329
1786512868888 0.01339593919692561 9330
1786512871469 0.013518215680960566 9331
1786512874049 0.013656549563165754 9332
1786512876631 0.013348077656701207 9333
1786512879209 0.013476037827786058 9334
1786512881788 0.013422610820271075 9335
1786512884367 0.01324533682782203 9336
1786512886946 0.013252714124973863 9337
1786512889524 0.013412134256213903 9338
1786512892105 0.01353139808634296 9339
1786512894685 0.01348099298775196 9340
1786512897261 0.013258251477964222 9341
1786512899835 0.013291399809531868 9342
1786512902413 0.013555966026615351 9343
1786512904989 0.013418618706054986 9344
1786512907565 0.013496055616997182 9345
1786512910139 0.013398944574873894 9346
1786512912714 0.013142630807124078 9347
1786512915290 0.013261113490443677 9348
1786512917864 0.013778663997072726 9349
1786512920439 0.01352992479223758 9350
1786512923013 0.013499619322828948 9351
1786512925589 0.013552454591263086 9352
1786512928163 0.013603796251118183 9353
1786512930738 0.013645953731611371 9354
1786512933317 0.013536913902498782 9355
1786512935891 0.0137977049453184 9356
1786512938466 0.01355689304182306 9357
1786512941041 0.01346775161800906 9358
1786512943615 0.013732497754972428 9359
1786512946191 0.013463762763421983 9360
1786512948765 0.01345749176107347 9361
1786512951341 0.013462373055517673 9362
1786512953917 0.013265671441331506 9363
1786512956492 0.013641145662404597 9364
1786512959067 0.013529407151509076 9365
1786512961641 0.013269863615278155 9366
1786512964216 0.01362798735499382 9367
1786512966794 0.013684366655070335 9368
1786512969370 0.013460850284900516 9369
1786512971947 0.013550767151173204 9370
1786512974528 0.013503443042282015 9371
1786512977109 0.013276397658046335 9372
1786512979689 0.013313515693880618 9373
1786512982270 0.013415681314654648 9374
1786512984852 0.013215371873229742 9375
1786512987434 0.013651209301315248 9376
1786512990017 0.013567862682975829 9377
1786512992598 0.013445220014546067 9378
1786512995179 0.013691929576452821 9379
1786512997761 0.013459466048516333 9380
1786513000348 0.013510006305295974 9381
1786513002930 0.013595133495982736 9382
1786513005512 0.013944008795078844 9383
1786513008096 0.013305058586411178 9384
1786513010678 0.013506163784768432 9385
1786513013261 0.013566891138907522 9386
1786513015842 0.013603699917439371 9387
1786513018425 0.013761847221758217 9388
1786513021008 0.013454385043587536 9389
1786513023589 0.013282316736876965 9390
1786513026173 0.013126001693308353 9391
1786513028754 0.013372125977184623 9392
1786513031336 0.013658254232723266 9393
1786513033918 0.013438710186164826 9394
1786513036500 0.013542173488531262 9395
1786513039083 0.013490562268998474 9396
1786513041664 0.013307524204719812 9397
1786513044246 0.013416272005997598 9398
1786513046828 0.0136478531640023 9399
1786513049413 0.01360542536713183 9400
1786513051995 0.013625141291413456 9401
1786513054576 0.013664226979017258 9402
1786513057166 0.013440688140690327 9403
1786513059755 0.013480854802764952 9404
1786513062344 0.013386208738666028 9405
1786513064939 0.01340811961563304 9406
1786513067523 0.013239164254628122 9407
1786513070112 0.013417564216069877 9408
1786513072701 0.013752647384535521 9409
1786513075287 0.013475621002726257 9410
1786513077875 0.013371768582146615 9411
1786513080463 0.013437454414088279 9412
1786513083051 0.013659971649758518 9413
1786513085639 0.013468310586176813 9414
1786513088224 0.013649271335452795 9415
1786513090806 0.013373395893722773 9416
1786513093387 0.013362807163503021 9417
1786513095967 0.013202933710999787 9418
1786513098554 0.013530607044231147 9419
1786513101137 0.013637907279189676 9420
1786513103718 0.013746055134106427 9421
1786513106299 0.01357351173646748 9422
1786513108877 0.013394243200309575 9423
1786513111457 0.01339048461522907 9424
1786513114035 0.01333773520309478 9425
1786513116616 0.013500960543751717 9426
1786513119198 0.01347921515116468 9427
1786513121779 0.013426119869109243 9428
1786513124359 0.013100165466312319 9429
1786513126939 0.013400405354332179 9430
1786513129521 0.013508245698176324 9431
1786513132103 0.013353241782169789 9432
1786513134692 0.013410358515102416 9433
1786513137276 0.013603221392259002 9434
1786513139859 0.013652302790433168 9435
1786513142441 0.013354987720958889 9436
1786513145023 0.013424372125882655 9437
1786513147605 0.013586901186499745 9438
1786513150187 0.013600101985502988 9439
1786513152772 0.013345385086722672 9440
1786513155356 0.013416492147371173 9441
1786513157940 0.013477286789566278 9442
1786513160521 0.013435714179649949 9443
1786513163109 0.013306392007507384 9444
1786513165691 0.013417705078609288 9445
1786513168271 0.013322585611604154 9446
1786513170854 0.013559940096456558 9447
1786513173434 0.013543837063480169 9448
1786513176015 0.013601585873402655 9449
1786513178596 0.013449740887153894 9450
1786513181178 0.013461852446198463 9451
1786513183758 0.013282766682095826 9452
1786513186337 0.013315312506165355 9453
1786513188923 0.01356237247819081 9454
1786513191506 0.013519694504793733 9455
1786513194088 0.013161692477297038 9456
1786513196679 0.01350420608650893 9457
1786513199259 0.013414729037322104 9458
1786513201844 0.013796906685456634 9459
1786513204429 0.013373122084885836 9460
1786513207014 0.013712384272366762 9461
1786513209599 0.013460346963256598 9462
1786513212184 0.013202815724071115 9463
1786513214769 0.013608694076538086 9464
1786513217355 0.013370942615438253 9465
1786513219940 0.013364819926209748 9466
1786513222528 0.013499171589501202 9467
1786513225113 0.013544596906285733 9468
1786513227698 0.013247242837678641 9469
1786513230286 0.013405089441221207 9470
1786513232871 0.013428766513243318 9471
1786513235457 0.013396079826634377 9472
1786513238043 0.013663772377185524 9473
1786513240629 0.013358503521885723 9474
1786513243214 0.013303015031851828 9475
1786513245800 0.013535872858483344 9476
1786513248385 0.013364411483053118 9477
1786513250970 0.013406011916231364 9478
1786513253561 0.01332777296192944 9479
1786513256149 0.01378862897399813 9480
1786513258733 0.013360993936657906 9481
1786513261321 0.013390219770371914 9482
1786513263902 0.013521157496143132 9483
1786513266479 0.013631099369376898 9484
1786513269056 0.013657094852533191 9485
1786513271632 0.013596961973235011 9486
1786513274208 0.01331609085900709 9487
1786513276785 0.013416293426416814 9488
1786513279364 0.013318970566615462 9489
1786513281946 0.013449065270833671 9490
1786513284527 0.013564250722993165 9491
1786513287108 0.01341178483562544 9492
1786513289689 0.013365702528972179 9493
1786513292272 0.013382582052145153 9494
1786513294856 0.013588535017333925 9495
1786513297438 0.013559554819948971 9496
1786513300020 0.013522738765459508 9497
1786513302602 0.013380477437749505 9498
1786513305184 0.013527461385820061 9499
1786513308831 0.013485206291079521 9500
1786513311413 0.013239345920737833 9501
1786513313994 0.013436044158879668 9502
1786513316579 0.013406598765868694 9503
1786513319162 0.013602499617263675 9504
1786513321740 0.013312480296008289 9505
1786513324324 0.013461083173751831 9506
1786513326906 0.01352974766632542 9507
1786513329490 0.01346228807233274 9508
1786513332072 0.013204063521698117 9509
1786513334656 0.01355042471550405 9510
1786513337243 0.013507246621884406 9511
1786513339826 0.013435886125080287 9512
1786513342414 0.013839027029462159 9513
1786513344996 0.013799448439385742 9514
1786513347577 0.013323481427505612 9515
1786513350158 0.013331470836419612 9516
1786513352739 0.013570771086961031 9517
1786513355326 0.013499037828296423 9518
1786513357908 0.013563090469688177 9519
1786513360493 0.013378335279412568 9520
1786513363074 0.013316781143657863 9521
1786513365662 0.0134138009743765 9522
1786513368243 0.013245162728708237 9523
1786513370824 0.013690459891222417 9524
1786513373405 0.013311501767020673 9525
1786513375985 0.013090110500343144 9526
1786513378565 0.013366127561312169 9527
1786513381146 0.013374369940720499 9528
1786513383725 0.01351901242742315 9529
1786513386308 0.01348406623583287 9530
1786513388890 0.013505646027624607 9531
1786513391475 0.013513505575247109 9532
1786513394063 0.013325098610948771 9533
1786513396648 0.013595768250524998 9534
1786513399230 0.013198597822338343 9535
1786513401812 0.013303268875461072 9536
1786513404393 0.013093602261506021 9537
1786513406974 0.013360682409256697 9538
1786513409558 0.013369939930271357 9539
1786513412144 0.013081881974358112 9540
1786513414727 0.013616193609777838 9541
1786513417310 0.0135364371817559 9542
1786513419892 0.013452932646032423 9543
1786513422473 0.013417521899100393 9544
1786513425056 0.013401530624832958 9545
1786513427638 0.01350562967127189 9546
1786513430219 0.01350937521783635 9547
1786513432801 0.013194295053835958 9548
1786513435383 0.013626492873299867 9549
1786513437963 0.013480388151947409 9550
1786513440544 0.013161989860236645 9551
1786513443131 0.01321040210314095 9552
1786513445719 0.01307279767934233 9553
1786513448302 0.0132397644338198 9554
1786513450883 0.01346821861807257 9555
1786513453463 0.013559195795096457 9556
1786513456053 0.013328507076948881 9557
1786513458636 0.013174129300750792 9558
1786513461217 0.013138210168108344 9559
1786513463792 0.013414438988547772 9560
1786513466368 0.013532688142731786 9561
1786513468944 0.01343394018476829 9562
1786513471519 0.013823283486999571 9563
1786513474095 0.013752602506428957 9564
1786513476671 0.013523880683351308 9565
1786513479253 0.013507470779586583 9566
1786513481839 0.013620009645819664 9567
1786513484433 0.013442884141113609 9568
1786513487023 0.013222027628216892 9569
1786513489607 0.013525667076464742 9570
1786513492191 0.013725905097089708 9571
1786513494768 0.013510074757505208 9572
1786513497350 0.013530520256608725 9573
1786513499928 0.013395684713032097 9574
1786513502504 0.013363506528548896 9575
1786513505096 0.013275536592118442 9576
1786513507679 0.013022998115047812 9577
1786513510262 0.013487367832567543 9578
1786513512844 0.013599454541690648 9579
1786513515424 0.013347462227102369 9580
1786513518006 0.013072547793854028 9581
1786513520588 0.013529615534935147 9582
1786513523170 0.013428165868390352 9583
1786513525752 0.013663112185895443 9584
1786513528337 0.013360028737224638 9585
1786513530919 0.01323063246672973 9586
1786513533501 0.013407557678874582 9587
1786513536083 0.013554330565966666 9588
1786513538667 0.013704486773349345 9589
1786513541249 0.013352377340197563 9590
1786513543830 0.01333726936718449 9591
1786513546412 0.013344938051886857 9592
1786513548993 0.013627282110974193 9593
1786513551577 0.01341068820329383 9594
1786513554167 0.013352675130590796 9595
1786513556748 0.013209404365625232 9596
1786513559327 0.013415440800599754 9597
1786513561906 0.013548217248171568 9598
1786513564485 0.013481714646331966 9599
1786513567065 0.013259885308798403 9600
1786513569645 0.013269200688228011 9601
1786513572224 0.013435138098429888 9602
1786513574803 0.013378982490394264 9603
1786513577382 0.013327846361789852 9604
1786513579961 0.013398613256867975 9605
1786513582541 0.013419324241112918 9606
1786513585120 0.01320543116889894 9607
1786513587699 0.01351387263275683 9608
1786513590279 0.013339770550373942 9609
1786513592858 0.01330795546527952 9610
1786513595438 0.013367533800192177 9611
1786513598018 0.013516736158635467 9612
1786513600598 0.013302365667186677 9613
1786513603177 0.013241042790468782 9614
1786513605757 0.013229853240773082 9615
1786513608336 0.01335701928474009 9616
1786513610917 0.01341789570869878 9617
1786513613497 0.013124110933858901 9618
1786513616077 0.013251318247057498 9619
1786513618659 0.013354471419006586 9620
1786513621240 0.013567096728365868 9621
1786513623820 0.013426413876004517 9622
1786513626400 0.0135454933042638 9623
1786513628980 0.013244891306385398 9624
1786513631559 0.013301046390552074 9625
1786513634139 0.013321947248186916 9626
1786513636718 0.013454950938466936 9627
1786513639298 0.013600389240309596 9628
1786513641878 0.013462704024277627 9629
1786513644457 0.01334225491154939 9630
1786513647038 0.01333477342268452 9631
1786513649618 0.01360723580000922 9632
1786513652198 0.013505513954441994 9633
1786513654777 0.01337388961110264 9634
1786513657357 0.013036380696576089 9635
1786513659938 0.01318960718344897 9636
1786513662517 0.01334199431585148 9637
1786513665095 0.013665384030900896 9638
1786513667670 0.013170856167562306 9639
1786513670245 0.013023049163166434 9640
1786513672820 0.01297925051767379 9641
1786513675395 0.013271894538775086 9642
1786513677970 0.01330904703354463 9643
1786513680547 0.01337115396745503 9644
1786513683123 0.013200825429521501 9645
1786513685699 0.01334631978534162 9646
1786513688274 0.013269652612507343 9647
1786513690849 0.013550251838751137 9648
1786513693424 0.01343863975489512 9649
1786513696000 0.013233343721367419 9650
1786513698575 0.013587267429102212 9651
1786513701150 0.013386243721470237 9652
1786513703725 0.013400461408309639 9653
1786513706301 0.012994950404390693 9654
1786513708876 0.013391645101364702 9655
1786513711451 0.01338020758703351 9656
1786513714026 0.013230023556388915 9657
1786513716602 0.013416428468190134 9658
1786513719180 0.013543735083658248 9659
1786513721756 0.013381970173213631 9660
1786513724331 0.013501505192834884 9661
1786513726907 0.013479085464496166 9662
1786513729482 0.013114873203448951 9663
1786513732059 0.01320308813592419 9664
1786513734635 0.01321938808541745 9665
1786513737211 0.01325671246740967 9666
1786513739786 0.013377149822190404 9667
1786513742362 0.013499461638275534 9668
1786513744937 0.013601457641925663 9669
1786513747513 0.013195924693718553 9670
1786513750089 0.013533063291106373 9671
1786513752664 0.013164111296646297 9672
1786513755239 0.013000381586607546 9673
1786513757815 0.013312993396539241 9674
1786513760390 0.013351016852539033 9675
1786513762966 0.013231388758867979 9676
1786513765542 0.01292141410522163 9677
1786513768118 0.013233958801720291 9678
1786513770694 0.013538604718632996 9679
1786513773270 0.013229952019173652 9680
1786513775845 0.013032063725404441 9681
1786513778421 0.013342141697648913 9682
1786513780996 0.013566250156145543 9683
1786513783573 0.013556224701460451 9684
1786513786149 0.013535516161937267 9685
1786513788724 0.013311620336025953 9686
1786513791300 0.013099343108478934 9687
1786513793877 0.013273003918584436 9688
1786513796453 0.013373568130191416 9689
1786513799028 0.013141178758814931 9690
1786513801603 0.013280910963658243 9691
1786513804179 0.013487425923813134 9692
1786513806755 0.013551029493100941 9693
1786513809330 0.013523248606361449 9694
1786513811905 0.0132880131714046 9695
1786513814481 0.013113344961311668 9696
1786513817058 0.013536601909436285 9697
1786513819633 0.013201626774389297 9698
1786513822208 0.013253601093310863 9699
1786513824783 0.013436525594443083 9700
1786513827359 0.013353884976822883 9701
1786513829934 0.013172158563975245 9702
1786513832509 0.013164043833967298 9703
1786513835084 0.013167500495910645 9704
1786513837660 0.013178393652196974 9705
1786513840236 0.013434842054266483 9706
1786513842812 0.013073882786557078 9707
1786513845389 0.012991271330974996 9708
1786513847966 0.013549276161938906 9709
1786513850542 0.013270623981952667 9710
1786513853118 0.01331272633979097 9711
1786513855694 0.012722155486699194 9712
1786513858270 0.012884043564554304 9713
1786513860845 0.013384655234403908 9714
1786513863420 0.0132349050254561 9715
1786513865996 0.013593494892120361 9716
1786513868571 0.012950520205777138 9717
1786513871146 0.013126418401952833 9718
1786513873721 0.013388230290729553 9719
1786513876298 0.01337203022558242 9720
1786513878873 0.013005381042603403 9721
1786513881450 0.013257893151603639 9722
1786513884025 0.013550495845265687 9723
1786513886600 0.013269610004499555 9724
1786513889175 0.013191731530241668 9725
1786513891750 0.01324048888636753 9726
1786513894326 0.013265422137919813 9727
1786513896901 0.013390691427048296 9728
1786513899477 0.01363380893599242 9729
1786513902052 0.013378050352912396 9730
1786513904627 0.013316403143107891 9731
1786513907202 0.013047245796769857 9732
1786513909778 0.01308746775612235 9733
1786513912354 0.013279784878250211 9734
1786513914931 0.013286041852552444 9735
1786513917508 0.01332938321866095 9736
1786513920083 0.013386195874772966 9737
1786513922659 0.013302029110491276 9738
1786513925235 0.013241966313216835 9739
1786513927811 0.013176606502383947 9740
1786513930387 0.013165351178031415 9741
1786513932962 0.013143834949005395 9742
1786513935537 0.013350455206818879 9743
1786513938112 0.013243139197584242 9744
1786513940687 0.013394852343481034 9745
1786513943262 0.013244260742794722 9746
1786513945837 0.013622422586195171 9747
1786513948416 0.013232659839559346 9748
1786513950997 0.01306879345793277 9749
1786513953578 0.013238113024272025 9750
1786513956159 0.013221915811300278 9751
1786513958740 0.013039633282460272 9752
1786513961320 0.013319110963493586 9753
1786513963900 0.013195287203416228 9754
1786513966482 0.013218655134551227 9755
1786513969064 0.013182326685637236 9756
1786513971648 0.013298375008162111 9757
1786513974230 0.01298782485537231 9758
1786513976812 0.012987727590370923 9759
1786513979397 0.013193714839871973 9760
1786513981977 0.013370567001402378 9761
1786513984560 0.013597478799056262 9762
1786513987142 0.013668497675098479 9763
1786513989727 0.013310933776665479 9764
1786513992310 0.01320497423876077 9765
1786513994896 0.013305397005751729 9766
1786513997477 0.013077587413135916 9767
1786514000058 0.013342418882530183 9768
1786514002638 0.013167081691790372 9769
1786514005218 0.012974327430129051 9770
1786514007798 0.01284400385338813 9771
1786514010378 0.013035247917287052 9772
1786514012956 0.013470284582581371 9773
1786514015532 0.013422425545286387 9774
1786514018107 0.013448910729493946 9775
1786514020683 0.013567693706136197 9776
1786514023259 0.013320490252226591 9777
1786514025834 0.0132710364414379 9778
1786514028410 0.013059744844213128 9779
1786514030986 0.012959590647369623 9780
1786514033562 0.013232181081548333 9781
1786514036139 0.013072403380647302 9782
1786514038720 0.013169082056265324 9783
1786514041302 0.013251737866085023 9784
1786514043882 0.013227441697381437 9785
1786514046464 0.013237767096143216 9786
1786514049044 0.01340489462018013 9787
1786514051626 0.013490777055267245 9788
1786514054208 0.013381900731474161 9789
1786514056795 0.013090998283587396 9790
1786514059377 0.013282170286402106 9791
1786514061957 0.013177320826798677 9792
1786514064536 0.013032662682235241 9793
1786514067112 0.01294176117517054 9794
1786514069688 0.013210733537562191 9795
1786514072266 0.013321410457137972 9796
1786514074846 0.01355773489922285 9797
1786514077428 0.013396941998507828 9798
1786514080008 0.013507300522178411 9799
1786514082590 0.013346836611162871 9800
1786514085173 0.013470384932588786 9801
1786514087751 0.013416621601209044 9802
1786514090328 0.013359080359805375 9803
1786514092903 0.01325098710367456 9804
1786514095485 0.01310731959529221 9805
1786514098068 0.013236269180197269 9806
1786514100649 0.013317199074663222 9807
1786514103231 0.012968557770363986 9808
1786514105812 0.013176184089388698 9809
1786514108393 0.013290167786180973 9810
1786514110975 0.013350086170248687 9811
1786514113557 0.01320864271838218 9812
1786514116138 0.012936854211147875 9813
1786514118718 0.013233423640485853 9814
1786514121300 0.013265402056276798 9815
1786514123881 0.013540595478843898 9816
1786514126461 0.013503075519111007 9817
1786514129040 0.013376442831940949 9818
1786514131621 0.013404597470071167 9819
1786514134202 0.01316188764758408 9820
1786514136779 0.013350816909223795 9821
1786514139356 0.01326712779700756 9822
1786514141932 0.01334051403682679 9823
1786514144510 0.013364372425712645 9824
1786514147085 0.01313634478719905 9825
1786514149661 0.013178616936784238 9826
1786514152238 0.013412852014880627 9827
1786514154813 0.013169470359571278 9828
1786514157389 0.013048712280578911 9829
1786514159965 0.013542182510718703 9830
1786514162541 0.013139697490260005 9831
1786514165116 0.013064680621027946 9832
1786514167692 0.013211927667725831 9833
1786514170267 0.013333676557522267 9834
1786514172843 0.01327656873036176 9835
1786514175420 0.013473378145135939 9836
1786514177996 0.013427082041744143 9837
1786514180571 0.01333419734146446 9838
1786514183147 0.013352334615774453 9839
1786514185722 0.013380687916651368 9840
1786514188298 0.013263448199722916 9841
1786514190873 0.013245243695564568 9842
1786514193448 0.013048989814706147 9843
1786514196024 0.013203980633988976 9844
1786514198601 0.013009932299610227 9845
1786514201176 0.013262028340250254 9846
1786514203752 0.013351192639674991 9847
1786514206328 0.013346537307370454 9848
1786514208905 0.013092924957163632 9849
1786514211481 0.013096935814246535 9850
1786514214059 0.013272546231746674 9851
1786514216635 0.0131580107845366 9852
1786514219211 0.013172843726351857 9853
1786514221786 0.01342951599508524 9854
1786514224362 0.012837384012527764 9855
1786514226937 0.013049878121819347 9856
1786514229512 0.013088197156321257 9857
1786514232088 0.013136615219991654 9858
1786514234664 0.013186288648284972 9859
1786514237240 0.013253182172775269 9860
1786514239816 0.013245529728010297 9861
1786514242393 0.013459947658702731 9862
1786514244968 0.013173078594263643 9863
1786514247544 0.01329049188643694 9864
1786514250119 0.013273336284328252 9865
1786514252694 0.013273860735353082 9866
1786514255270 0.01302939309971407 9867
1786514257845 0.01317647605901584 9868
1786514260421 0.013364063343033195 9869
1786514262997 0.013159351423382759 9870
1786514265577 0.013065008155535907 9871
1786514268158 0.012868162477388978 9872
1786514270738 0.01313586498145014 9873
1786514273323 0.013355521892663091 9874
1786514275905 0.0133501481031999 9875
1786514278493 0.013233721838332713 9876
1786514281079 0.01311991480179131 9877
1786514283662 0.012949587136972696 9878
1786514286244 0.01300013589207083 9879
1786514288828 0.013192553713452071 9880
1786514291408 0.013238186948001385 9881
1786514293989 0.013464312592986971 9882
1786514296570 0.01325851579895243 9883
1786514299150 0.01293309626635164 9884
1786514301730 0.013053982111159712 9885
1786514304309 0.013157856476027519 9886
1786514306890 0.01330306235468015 9887
1786514309469 0.013140457100234926 9888
1786514312049 0.013412723841611296 9889
1786514314628 0.013265954155940562 9890
1786514317208 0.013237074483186007 9891
1786514319789 0.01330105820670724 9892
1786514322371 0.013173810439184308 9893
1786514324952 0.012959906016476452 9894
1786514327532 0.012916490202769637 9895
1786514330108 0.013024260406382382 9896
1786514332684 0.013552360178437084 9897
1786514335260 0.013304405729286373 9898
1786514337839 0.01344011735636741 9899
1786514340417 0.0130620650597848 9900
1786514342993 0.012934153026435524 9901
1786514345572 0.013064930913969874 9902
1786514348159 0.01335983444005251 9903
1786514350740 0.013046785374172032 9904
1786514353321 0.01324952399590984 9905
1786514355901 0.013084860285744071 9906
1786514358622 0.013227771094534546 9907
1786514361221 0.013039315585047007 9908
1786514364031 0.0129463822231628 9909
1786514367114 0.013153610285371542 9910
1786514369696 0.012980630213860422 9911
1786514372276 0.013193307910114527 9912
1786514374856 0.01313795114401728 9913
1786514377437 0.01308991143014282 9914
1786514380019 0.013063474500086159 9915
1786514382599 0.01329144136980176 9916
1786514385179 0.013217068160884082 9917
1786514387759 0.013088140869513154 9918
1786514390342 0.01334434060845524 9919
1786514392923 0.013176040374673903 9920
1786514395505 0.013191303005442023 9921
1786514398085 0.013440024456940591 9922
1786514400662 0.013189273420721292 9923
1786514403236 0.013291839451994747 9924
1786514405827 0.013615539530292153 9925
1786514408409 0.01320059405406937 9926
1786514410991 0.013131144805811346 9927
1786514413571 0.013328844972420484 9928
1786514416154 0.013007075060158968 9929
1786514418740 0.01329603762133047 9930
1786514421327 0.013037615804933012 9931
1786514423908 0.013145638513378799 9932
1786514426489 0.013275501842144877 9933
1786514429066 0.013336694508325309 9934
1786514431642 0.013105591351632029 9935
1786514434218 0.013063589576631784 9936
1786514436794 0.01333187782438472 9937
1786514439373 0.013417545065749437 9938
1786514441950 0.013416825793683529 9939
1786514444526 0.013182394730392843 9940
1786514447101 0.013104412821121514 9941
1786514449678 0.013034040865022689 9942
1786514452257 0.013484989409334958 9943
1786514454839 0.01304164296016097 9944
1786514457419 0.012861198047176003 9945
1786514460013 0.013030672911554575 9946
1786514462606 0.013220652937889099 9947
1786514465197 0.013371757697314024 9948
1786514467789 0.013178828114178032 9949
1786514470386 0.013130557315889746 9950
1786514472974 0.012809248408302665 9951
1786514475555 0.013145232165697962 9952
1786514478137 0.013231728225946426 9953
1786514480718 0.01296033919788897 9954
1786514483299 0.013068433327134699 9955
1786514485885 0.013116805057507008 9956
1786514488464 0.013399876130279154 9957
1786514491042 0.013125191151630133 9958
1786514493622 0.013012937910389155 9959
1786514496199 0.013063182937912643 9960
1786514498775 0.013036132499109954 9961
1786514501350 0.013292786839883775 9962
1786514503927 0.013300076825544238 9963
1786514506503 0.013285888417158276 9964
1786514509078 0.013206363772042096 9965
1786514511655 0.013052358001004905 9966
1786514514232 0.013268427341245115 9967
1786514516809 0.013413279957603663 9968
1786514519388 0.013042856473475695 9969
1786514521965 0.013015441538300365 9970
1786514524541 0.012946613947860897 9971
1786514527119 0.013087671715766191 9972
1786514529699 0.013140032708179206 9973
1786514532280 0.013271177478600293 9974
1786514534860 0.012998881749808788 9975
1786514537441 0.01301733183208853 9976
1786514540021 0.013041873869951814 9977
1786514542601 0.013173561950679868 9978
1786514545182 0.013016942131798714 9979
1786514547762 0.01325946458382532 9980
1786514550342 0.013114143686834723 9981
1786514552921 0.013072811823803931 9982
1786514555502 0.013170652615372092 9983
1786514558082 0.012893008126411587 9984
1786514560660 0.01357426302274689 9985
1786514563235 0.01345349196344614 9986
1786514565812 0.01326117740245536 9987
1786514568387 0.013130873325280845 9988
1786514570964 0.012890438316389918 9989
1786514573547 0.013517035346012563 9990
1786514576128 0.01324465312063694 9991
1786514578709 0.01332190097309649 9992
1786514581289 0.013076959119644016 9993
1786514583870 0.013035421434324235 9994
1786514586451 0.01326723420061171 9995
1786514589032 0.012999126221984625 9996
1786514591616 0.012959974934346974 9997
1786514594196 0.013108483457472175 9998
1786514596780 0.013010260474402457 9999
1786514601400 0.013043973303865641 10000
1786514603983 0.013207456038799137 10001
1786514606568 0.013072455185465515 10002
1786514609150 0.012932777928654104 10003
1786514611731 0.013211879704613239 10004
1786514614313 0.013379231502767652 10005
1786514616894 0.013208145392127335 10006
1786514619477 0.013137271744199097 10007
1786514622058 0.013159867317881435 10008
1786514624639 0.013347583764698356 10009
1786514627219 0.01339115755399689 10010
1786514629804 0.013319580117240548 10011
1786514632386 0.013016869721468538 10012
1786514634974 0.013035379408393055 10013
1786514637565 0.013290075643453747 10014
1786514640146 0.013226996758021414 10015
1786514642730 0.013080136035569012 10016
1786514645313 0.013076263945549726 10017
1786514647896 0.013000445149373263 10018
1786514650481 0.013181082671508193 10019
1786514653063 0.013162823102902621 10020
1786514655657 0.0130161676206626 10021
1786514658249 0.012767446576617658 10022
1786514660835 0.013101204764097929 10023
1786514663419 0.012935228238347918 10024
1786514666002 0.01314992445986718 10025
1786514668585 0.013305068074259907 10026
1786514671167 0.013391868793405592 10027
1786514673753 0.012976799451280385 10028
1786514676341 0.012953991303220391 10029
1786514678924 0.013405718840658665 10030
1786514681507 0.013264172652270645 10031
1786514684088 0.01342053507687524 10032
1786514686672 0.01328966987784952 10033
1786514689258 0.013096277310978621 10034
1786514691847 0.01334216952091083 10035
1786514694437 0.013287477719131857 10036
1786514697027 0.013190587924327701 10037
1786514699618 0.013387373357545584 10038
1786514702201 0.01329039124539122 10039
1786514704791 0.013229049392975867 10040
1786514707376 0.01344274339498952 10041
1786514709961 0.013386200938839465 10042
1786514712551 0.013225794944446534 10043
1786514715137 0.012999257072806358 10044
1786514717728 0.013218966836575419 10045
1786514720318 0.013116160640493035 10046
1786514722903 0.013087945408187807 10047
1786514725486 0.013376811752095819 10048
1786514728069 0.012977849633898586 10049
1786514730664 0.013341744313947856 10050
1786514733251 0.013102560595143586 10051
1786514735841 0.013065292034298182 10052
1786514738426 0.012800570344552398 10053
1786514741008 0.012743110943119973 10054
1786514743591 0.013126646168529987 10055
1786514746176 0.013156733533833176 10056
1786514748762 0.012803850520867854 10057
1786514751353 0.01273084623971954 10058
1786514753944 0.013243497116491199 10059
1786514756535 0.013283898355439305 10060
1786514759121 0.013189232035074383 10061
1786514761708 0.012948708434123546 10062
1786514764299 0.013181043963413686 10063
1786514766880 0.012974238721653819 10064
1786514769464 0.013202935457229614 10065
1786514772045 0.013154186308383942 10066
1786514774630 0.013400418683886528 10067
1786514777211 0.013027208158746362 10068
1786514779797 0.013171321654226631 10069
1786514782382 0.01321956783067435 10070
1786514784969 0.012965320609509945 10071
1786514787553 0.013035111827775836 10072
1786514790135 0.013015963661018759 10073
1786514792716 0.012918062042444944 10074
1786514795298 0.013041715486906469 10075
1786514797880 0.013216272345744073 10076
1786514800461 0.01322484202682972 10077
1786514803044 0.012931378209032118 10078
1786514805627 0.012794566689990461 10079
1786514808212 0.013064040278550237 10080
1786514810797 0.013420212373603135 10081
1786514813391 0.01304758305195719 10082
1786514815984 0.012766253494191915 10083
1786514818566 0.012959625804796815 10084
1786514821149 0.013094138354063034 10085
1786514823732 0.013004047272261232 10086
1786514826319 0.012825510581023991 10087
1786514828904 0.013033643073868006 10088
1786514831487 0.013224913913290948 10089
1786514834070 0.012998194666579366 10090
1786514836656 0.01318743999581784 10091
1786514839243 0.01316245732596144 10092
1786514841829 0.01311773870838806 10093
1786514844414 0.013140830851625651 10094
1786514846996 0.012928077718243003 10095
1786514849575 0.013098512892611325 10096
1786514852154 0.013060954224783927 10097
1786514854731 0.013187748962081969 10098
1786514857307 0.013038358942139894 10099
1786514859884 0.012934088299516588 10100
1786514862462 0.013078481599222869 10101
1786514865045 0.013061576464679092 10102
1786514867635 0.01321875664871186 10103
1786514870218 0.012989906186703593 10104
1786514872807 0.013169522921089083 10105
1786514875400 0.013117550581227988 10106
1786514877988 0.01304282562341541 10107
1786514880571 0.0133499646326527 10108
1786514883153 0.013398614071775228 10109
1786514885737 0.01300501957302913 10110
1786514888325 0.013011466013267636 10111
1786514890914 0.013014932163059711 10112
1786514893503 0.01303825224749744 10113
1786514896088 0.013187071133870631 10114
